/*******************************************************************************
 * Size: 32 px
 * Bpp: 4
 * Opts: --font C:\Q\jobs\AI\AIWatch\Esp32Watch\assets\font\ttf\RobotoRegular.ttf --size 32 --bpp 4 --format lvgl --output C:\Q\jobs\AI\AIWatch\Esp32Watch\assets\font\c_font\RobotoRegular_32.c --range 0x20-0x7E --range 0xA0-0x17F --range 0x18F --range 0x192 --range 0x1A0-0x1A1 --range 0x1AF-0x1B0 --range 0x1F0 --range 0x1FA-0x1FF --range 0x218-0x21B --range 0x237 --range 0x259 --range 0x2BC --range 0x2C6-0x2C7 --range 0x2C9 --range 0x2D8-0x2DD --range 0x2F3 --range 0x300-0x301 --range 0x303 --range 0x309 --range 0x30F --range 0x323 --range 0x384-0x38A --range 0x38C --range 0x38E-0x3A1 --range 0x3A3-0x3CE --range 0x3D1-0x3D2 --range 0x3D6 --range 0x400-0x486 --range 0x488-0x513 --range 0x1E00-0x1E01 --range 0x1E3E-0x1E3F --range 0x1E80-0x1E85 --range 0x1E9E --range 0x1EA0-0x1EF9 --range 0x1F4D --range 0x2000-0x200B --range 0x2010-0x2011 --range 0x2013-0x2015 --range 0x2017-0x201E --range 0x2020-0x2022 --range 0x2025-0x2027 --range 0x2030 --range 0x2032-0x2033 --range 0x2039-0x203A --range 0x203C --range 0x2044 --range 0x2070 --range 0x2074-0x208E --range 0x20A3-0x20A4 --range 0x20A6-0x20AC --range 0x20B1 --range 0x20B9-0x20BA --range 0x20BC-0x20BD --range 0x20C1 --range 0x2105 --range 0x2113 --range 0x2116 --range 0x2122 --range 0x2126 --range 0x212E --range 0x215B-0x215E --range 0x2202 --range 0x2206 --range 0x220F --range 0x2211-0x2212 --range 0x221A --range 0x221E --range 0x222B --range 0x2248 --range 0x2260 --range 0x2264-0x2265 --range 0x25A0 --range 0x25CA-0x25CB --range 0x25CF --range 0xEE01-0xEE02 --range 0xF6C3 --range 0xFB01-0xFB04 --range 0xFEFF --range 0xFFFC-0xFFFD
 ******************************************************************************/

#ifdef LV_LVGL_H_INCLUDE_SIMPLE
#include "lvgl.h"
#else
#include "lvgl.h"
#endif

#ifndef ROBOTOREGULAR_32
#define ROBOTOREGULAR_32 1
#endif

#if ROBOTOREGULAR_32

/*-----------------
 *    BITMAPS
 *----------------*/

/*Store the image of the glyphs*/
static LV_ATTRIBUTE_LARGE_CONST const uint8_t glyph_bitmap[] = {
    /* U+0020 " " */

    /* U+0021 "!" */
    0x6f, 0xf5, 0x18, 0x0, 0xc0, 0x3f, 0xf8, 0x82,
    0x0, 0x10, 0xf, 0xfe, 0x23, 0x80, 0x3c, 0x3,
    0xff, 0x80, 0x20, 0x11, 0x77, 0x1c, 0x4, 0x40,
    0x2, 0x30, 0x3d, 0xca, 0x40, 0x2, 0x29, 0x4,
    0x80,

    /* U+0022 "\"" */
    0xdf, 0x50, 0xaf, 0x90, 0xf, 0xe1, 0x0, 0x84,
    0x0, 0xe0, 0x17, 0x80, 0x4, 0x2, 0x20, 0x1,
    0x0, 0x42, 0x1, 0xe7, 0x57, 0x0, 0x63, 0x10,

    /* U+0023 "#" */
    0x0, 0xf9, 0x7f, 0x80, 0x37, 0xf9, 0x0, 0x3f,
    0xb4, 0x14, 0x2, 0x20, 0x2, 0x80, 0x7f, 0x18,
    0x18, 0x4, 0xe0, 0x22, 0x0, 0xfe, 0x50, 0xd0,
    0xb, 0x41, 0x0, 0x3f, 0x88, 0x41, 0xc0, 0x24,
    0xd, 0x0, 0xfe, 0x70, 0x12, 0x0, 0x8c, 0xc,
    0x3, 0xbf, 0xf5, 0x0, 0xff, 0xe0, 0x5, 0xff,
    0x90, 0x3, 0xff, 0x93, 0xbb, 0x80, 0x13, 0xbb,
    0x28, 0x26, 0xec, 0x80, 0x2, 0x28, 0x2, 0x72,
    0x29, 0x83, 0x8, 0xa0, 0xf, 0x38, 0x8, 0x80,
    0x23, 0x3, 0x0, 0xfe, 0xd0, 0x50, 0x8, 0x80,
    0xa, 0x1, 0xfc, 0x60, 0x60, 0x13, 0x81, 0x8,
    0x7, 0x11, 0x65, 0xe, 0x22, 0xbc, 0x18, 0x8a,
    0x0, 0x16, 0xee, 0x10, 0x9d, 0xd9, 0x41, 0x37,
    0x62, 0x0, 0xff, 0xe4, 0x17, 0xfc, 0xe0, 0x9f,
    0xf6, 0x80, 0x3b, 0xfe, 0x20, 0xe, 0x30, 0x30,
    0x9, 0x0, 0x84, 0x3, 0xf9, 0x43, 0x0, 0x2f,
    0x7, 0x0, 0xfe, 0x21, 0x5, 0x0, 0x94, 0x34,
    0x3, 0xf9, 0xc0, 0x44, 0x1, 0x18, 0x18, 0x7,
    0xf6, 0x82, 0x80, 0x44, 0x0, 0x40, 0xf, 0x0,

    /* U+0024 "$" */
    0x0, 0xf9, 0xa1, 0x0, 0x3f, 0xf8, 0x36, 0xf8,
    0x1, 0xff, 0xee, 0x29, 0xd2, 0x7, 0xb6, 0x0,
    0xf9, 0xf5, 0x88, 0x2, 0x49, 0xd2, 0x0, 0xcd,
    0x0, 0x3, 0x77, 0x28, 0x0, 0xbc, 0x3, 0x40,
    0x2, 0x72, 0x21, 0x5a, 0x20, 0x4c, 0x0, 0x41,
    0x3, 0x60, 0xc, 0x56, 0x0, 0xa0, 0x1, 0x0,
    0x10, 0x3, 0xca, 0x0, 0x30, 0x1, 0x80, 0x4,
    0x3, 0xe3, 0x11, 0x0, 0x1c, 0x0, 0xe0, 0x1f,
    0x67, 0x70, 0x0, 0x46, 0x3, 0x84, 0x1, 0xff,
    0x70, 0x81, 0xed, 0x20, 0x7, 0xf1, 0x7a, 0x0,
    0x16, 0xfa, 0x48, 0x3, 0xe1, 0xbb, 0x28, 0x0,
    0x5b, 0x68, 0x40, 0x3e, 0x4a, 0xfa, 0x40, 0x2,
    0xe0, 0x80, 0x7f, 0x2d, 0xd8, 0x40, 0xac, 0x3,
    0xfe, 0x4c, 0x0, 0x28, 0x95, 0x51, 0x80, 0x3e,
    0x24, 0x0, 0x10, 0xaa, 0xb4, 0x3, 0xf0, 0x80,
    0x1c, 0xc0, 0x8, 0x20, 0x1f, 0x20, 0x1, 0x81,
    0x40, 0x1a, 0x20, 0x1d, 0x42, 0x4, 0x40, 0xb1,
    0x3, 0xea, 0x77, 0x4f, 0x28, 0x2, 0x40, 0x3,
    0x84, 0x0, 0x58, 0x83, 0x8, 0xd, 0xa0, 0x4,
    0x5b, 0x4a, 0x20, 0x1, 0x48, 0xf4, 0x0, 0xf2,
    0xd7, 0x80, 0x2a, 0xdc, 0x40, 0x3f, 0xfa, 0xe0,

    /* U+0025 "%" */
    0x0, 0x25, 0xff, 0xba, 0x44, 0x3, 0xff, 0x84,
    0xd6, 0x80, 0x42, 0xde, 0x20, 0x1f, 0xfc, 0x1,
    0x90, 0x7f, 0xde, 0x31, 0xb0, 0xe, 0x61, 0x0,
    0xe4, 0x1, 0x80, 0x0, 0xc0, 0x20, 0x6, 0x49,
    0xc0, 0xf, 0x8c, 0x3, 0x38, 0x8, 0x4, 0x34,
    0x10, 0x1, 0xf1, 0x80, 0x67, 0x1, 0x0, 0xac,
    0x55, 0x40, 0x1c, 0x80, 0x30, 0x0, 0x18, 0x4,
    0x0, 0x2a, 0x86, 0xc0, 0x3c, 0x32, 0xf, 0xfb,
    0xc6, 0x36, 0x3, 0x61, 0x62, 0x1, 0xf3, 0x5a,
    0x1, 0xb, 0x78, 0x85, 0x8a, 0xa8, 0x3, 0xf9,
    0x2f, 0xfd, 0xd2, 0x20, 0xaa, 0x1b, 0x0, 0xff,
    0xe2, 0x8d, 0x85, 0x8, 0x7, 0xff, 0x16, 0xc5,
    0x50, 0x1f, 0x36, 0xd8, 0x3, 0xfe, 0x55, 0xd,
    0x8e, 0xc1, 0x92, 0x4d, 0x80, 0x7f, 0xd, 0x85,
    0xd, 0x91, 0x37, 0xec, 0x51, 0xc0, 0x3f, 0x50,
    0xaa, 0xa, 0x87, 0x90, 0x24, 0x5, 0x0, 0x7c,
    0xc8, 0x36, 0xa, 0x2, 0x40, 0x12, 0x1, 0x0,
    0x78, 0x64, 0x28, 0x40, 0x3f, 0x18, 0x7, 0xea,
    0x6, 0x40, 0xf, 0xe3, 0x0, 0xf9, 0x90, 0x64,
    0x2, 0x50, 0x12, 0x0, 0x9c, 0x4, 0x3, 0x9d,
    0xa8, 0x3, 0xa, 0x4, 0x88, 0x14, 0x3, 0x0,
    0x70, 0xca, 0x0, 0x74, 0x8a, 0x77, 0x34, 0x8e,
    0x0, 0x3f, 0xf8, 0x25, 0xea, 0x23, 0x3e, 0x0,
    0x0,

    /* U+0026 "&" */
    0x0, 0xc3, 0x1b, 0xfe, 0xd9, 0x20, 0xf, 0xf1,
    0xfb, 0x90, 0x0, 0x9b, 0x50, 0x3, 0xfb, 0x84,
    0xe, 0x69, 0x40, 0x14, 0x20, 0x1f, 0x29, 0x1,
    0x63, 0x2d, 0x38, 0xb, 0x80, 0x7d, 0xa0, 0xa,
    0x0, 0xd4, 0x0, 0xe0, 0xf, 0xf0, 0x80, 0x66,
    0x0, 0x70, 0x7, 0xdc, 0x0, 0xc0, 0xd, 0x0,
    0x7, 0x0, 0xf9, 0x84, 0x14, 0xc0, 0xf4, 0xc2,
    0x84, 0x3, 0xf5, 0x80, 0x36, 0x30, 0x82, 0xd4,
    0x3, 0xf9, 0x58, 0x5, 0xc0, 0xf5, 0x0, 0x3f,
    0xe1, 0x0, 0x87, 0x8, 0x3, 0xfc, 0x38, 0xe0,
    0x10, 0xc8, 0x7, 0x2a, 0x88, 0x0, 0x38, 0x60,
    0xda, 0x20, 0xce, 0x1, 0x15, 0x51, 0x40, 0x14,
    0x40, 0xf2, 0x58, 0x0, 0x85, 0x0, 0x30, 0x0,
    0x80, 0x90, 0xa, 0x0, 0x5, 0x60, 0xa, 0x30,
    0xd0, 0x3, 0x82, 0x0, 0x14, 0x3, 0x25, 0x0,
    0x34, 0xdc, 0x8, 0x80, 0x60, 0x1f, 0x96, 0x0,
    0x70, 0x42, 0x80, 0xc, 0x0, 0x50, 0xf, 0x3b,
    0x0, 0x44, 0xe0, 0x3, 0x20, 0x29, 0x0, 0xf0,
    0x80, 0x4c, 0x1, 0xb8, 0x0, 0xdb, 0xa, 0xd3,
    0xce, 0x1, 0x24, 0x80, 0x47, 0x82, 0x4, 0xf5,
    0x2c, 0x20, 0x54, 0x20, 0xce, 0x1, 0x1f, 0x4a,
    0x8, 0x0, 0x96, 0xb5, 0x70, 0x1, 0xa,

    /* U+0027 "'" */
    0x5f, 0xf0, 0x7, 0x8, 0x0, 0xc0, 0x2, 0x60,
    0xe0, 0x12, 0x54, 0x0,

    /* U+0028 "(" */
    0x0, 0xf8, 0x40, 0x3e, 0x7e, 0x0, 0xf4, 0xc0,
    0x18, 0x6, 0x76, 0xa, 0x30, 0x8, 0xe0, 0x21,
    0x40, 0x37, 0x1, 0xb8, 0x6, 0x72, 0xf, 0x0,
    0xe9, 0x4, 0x30, 0xc, 0xa2, 0x1c, 0x1, 0xdc,
    0x0, 0x50, 0xc, 0x28, 0x8, 0x1, 0xc8, 0x0,
    0xc0, 0xe, 0xd0, 0x1, 0x80, 0x71, 0x0, 0x18,
    0x3, 0x98, 0x0, 0x60, 0x1c, 0x20, 0x1, 0x0,
    0xe3, 0x0, 0xff, 0xe2, 0x98, 0x7, 0xe1, 0x0,
    0x8, 0x7, 0x30, 0x0, 0x80, 0x38, 0x80, 0xc,
    0x1, 0xd8, 0x0, 0xd0, 0xe, 0x40, 0x1, 0x80,
    0x79, 0x1, 0x0, 0x3d, 0xc0, 0x5, 0x0, 0xe5,
    0x10, 0x90, 0xf, 0x40, 0x19, 0x80, 0x39, 0x88,
    0x3c, 0x3, 0xdc, 0x6, 0xe0, 0x1c, 0x72, 0x10,
    0x80, 0x1c, 0xd0, 0x16, 0x40, 0x1c, 0xf2, 0x24,
    0x1, 0xe6, 0xf0,

    /* U+0029 ")" */
    0x1, 0x0, 0xf8, 0x79, 0xc0, 0x3c, 0x41, 0x10,
    0x0, 0xe3, 0xb0, 0x76, 0x0, 0xe4, 0x70, 0x93,
    0x0, 0xe8, 0x20, 0xe0, 0xf, 0x40, 0x13, 0x0,
    0x72, 0x90, 0x40, 0x7, 0xac, 0x5, 0x40, 0x39,
    0xc0, 0x1c, 0x1, 0xc2, 0x60, 0x80, 0x1e, 0x50,
    0x2, 0x0, 0x76, 0x0, 0xc, 0x3, 0x98, 0x1,
    0xa0, 0x1c, 0x20, 0x1, 0x0, 0xe3, 0x0, 0x30,
    0x7, 0x8, 0x7, 0xff, 0x14, 0x40, 0x3f, 0x18,
    0x1, 0x80, 0x38, 0x40, 0x4, 0x1, 0xcc, 0x0,
    0xe0, 0xe, 0xd0, 0x2, 0x0, 0x72, 0x0, 0xc,
    0x3, 0x9, 0x82, 0x80, 0x73, 0x80, 0x38, 0x3,
    0xa8, 0x9, 0x0, 0x32, 0x18, 0x40, 0x7, 0x40,
    0x1a, 0x80, 0x67, 0x30, 0xe0, 0xc, 0xb0, 0x14,
    0x40, 0x11, 0xd0, 0x42, 0x80, 0x62, 0x1a, 0x70,
    0xe, 0x1f, 0x50, 0xf, 0x0,

    /* U+002A "*" */
    0x0, 0xe3, 0xff, 0x8, 0x7, 0xff, 0x30, 0x40,
    0x2, 0x1, 0xe3, 0x0, 0xff, 0x10, 0xe, 0x74,
    0x98, 0x6, 0x28, 0xec, 0x7, 0x1, 0x6c, 0xc0,
    0x3, 0x35, 0xc4, 0x44, 0xd8, 0xe4, 0x2, 0x0,
    0x30, 0x26, 0xb2, 0x3, 0x8d, 0xc0, 0x8, 0xb7,
    0x52, 0x80, 0x1d, 0x0, 0x20, 0x4e, 0x1, 0xf3,
    0xa0, 0x6a, 0x85, 0x90, 0x7, 0x1c, 0x3, 0x1d,
    0x88, 0xb8, 0x3, 0xa0, 0xa, 0x40, 0x6c, 0xd,
    0x80, 0x35, 0xb4, 0x80, 0x4a, 0xa8, 0x60, 0xe,
    0x94, 0x0, 0xd4, 0xe0, 0x10,

    /* U+002B "+" */
    0x0, 0xf1, 0xc4, 0xc, 0x3, 0xff, 0x80, 0xae,
    0xe4, 0x0, 0xff, 0xff, 0x80, 0x7f, 0xd1, 0x77,
    0xe0, 0x5, 0x5d, 0xf4, 0x22, 0x78, 0x80, 0x4,
    0x89, 0xca, 0x1, 0xff, 0xc4, 0xcf, 0xfe, 0x90,
    0x4, 0x7f, 0xf6, 0x80, 0x7f, 0xff, 0xc0, 0x3f,
    0xf9, 0x20,

    /* U+002C "," */
    0x0, 0x7f, 0xb4, 0x3, 0xfe, 0x10, 0x3, 0x2,
    0x0, 0x34, 0x24, 0x5, 0x94, 0xc2, 0x1, 0x62,
    0xc, 0x0,

    /* U+002D "-" */
    0x25, 0x5f, 0x85, 0x2a, 0xbe, 0x20, 0xf, 0xe0,

    /* U+002E "." */
    0x5, 0x50, 0x45, 0x54, 0x60, 0x6, 0xf1, 0x14,
    0x80,

    /* U+002F "/" */
    0x0, 0xfe, 0x6f, 0xf0, 0x80, 0x7f, 0x50, 0x20,
    0x80, 0x7e, 0x23, 0xf, 0x0, 0xfe, 0xb0, 0x14,
    0x0, 0xfe, 0x70, 0x60, 0xf, 0xe5, 0x10, 0xa0,
    0xf, 0xee, 0x3, 0x20, 0xf, 0xc2, 0x81, 0x20,
    0x1f, 0xd2, 0x0, 0x50, 0xf, 0xe6, 0x6, 0x0,
    0xfe, 0x41, 0xa, 0x0, 0xfe, 0xe0, 0x23, 0x0,
    0xfc, 0x2a, 0x16, 0x1, 0xfc, 0xc0, 0x7, 0x0,
    0xfe, 0xa0, 0x51, 0x0, 0xfc, 0x64, 0x1c, 0x1,
    0xfd, 0x40, 0x48, 0x1, 0xfc, 0xc1, 0x40, 0x1f,
    0xcc, 0x0, 0x60, 0xf, 0xea, 0x4, 0x10, 0xf,
    0xc4, 0x61, 0xc0, 0x1f, 0xd4, 0x2, 0xa0, 0x1f,
    0xcc, 0xc, 0x1, 0xfc, 0xa2, 0x14, 0x1, 0xfc,
    0x2f, 0x4, 0x1, 0xfc,

    /* U+0030 "0" */
    0x0, 0xc9, 0x5d, 0xfe, 0xea, 0x40, 0xf, 0xaa,
    0xd4, 0x40, 0x2, 0xb7, 0x40, 0x1d, 0x2a, 0x0,
    0x6a, 0xa3, 0x0, 0x16, 0x40, 0x22, 0x60, 0x1d,
    0x95, 0x54, 0xe8, 0x1, 0x88, 0x1, 0x60, 0x8,
    0x20, 0xc, 0x50, 0x0, 0xa0, 0x2, 0x0, 0x1c,
    0x3, 0xcc, 0x0, 0x40, 0x1, 0x1, 0x8, 0x7,
    0x84, 0x40, 0x60, 0x40, 0x1, 0x0, 0xfc, 0x40,
    0x1, 0x0, 0x9c, 0x3, 0xf3, 0x80, 0xc, 0x40,
    0x3f, 0xfe, 0x62, 0x1, 0xff, 0xc3, 0x30, 0x3,
    0x80, 0x7e, 0x70, 0x1, 0x88, 0x0, 0x80, 0x3f,
    0x10, 0x0, 0x40, 0xc0, 0x44, 0x1, 0xe2, 0x10,
    0x30, 0x2, 0x0, 0x24, 0x3, 0xca, 0x0, 0x40,
    0x5, 0x0, 0x1c, 0xc0, 0x31, 0xc0, 0x2, 0x80,
    0x4, 0xe0, 0xc, 0x96, 0x64, 0xe0, 0x1, 0xc8,
    0x2, 0x86, 0x0, 0x34, 0xc9, 0x80, 0xd, 0x0,
    0x1d, 0x36, 0xa2, 0x0, 0x15, 0xb9, 0x0, 0x80,

    /* U+0031 "1" */
    0x0, 0xf0, 0xbe, 0xb0, 0x6, 0x6c, 0xe8, 0x20,
    0x2, 0x57, 0xc9, 0x80, 0x65, 0xb5, 0x0, 0x11,
    0x80, 0x71, 0x3e, 0xe9, 0x0, 0x27, 0xcd, 0x82,
    0x0, 0xe2, 0x30, 0xf, 0xff, 0xf8, 0x7, 0xff,
    0xfc, 0x3, 0xf0,

    /* U+0032 "2" */
    0x0, 0xcd, 0x7d, 0xfe, 0xda, 0x40, 0xf, 0x1e,
    0xca, 0x8, 0x0, 0x96, 0xec, 0x1, 0x8b, 0x8,
    0x9, 0xea, 0x54, 0x0, 0x96, 0x1, 0x70, 0x1,
    0xb6, 0x15, 0xab, 0x0, 0x8, 0x80, 0x23, 0x2,
    0x90, 0xe, 0x38, 0x0, 0x68, 0x20, 0x1, 0x40,
    0x3e, 0x40, 0x1, 0x1, 0xa2, 0x30, 0x3, 0xe1,
    0x0, 0xcb, 0x76, 0x40, 0xf, 0x9c, 0x1, 0x80,
    0x1f, 0xfc, 0x9, 0x0, 0x30, 0x7, 0xfc, 0xc6,
    0xe, 0x20, 0x1f, 0xe3, 0x90, 0x28, 0x0, 0xff,
    0x16, 0x80, 0x38, 0x3, 0xfc, 0x58, 0x21, 0x66,
    0x1, 0xfc, 0x3e, 0x21, 0x48, 0x1, 0xfc, 0x38,
    0x41, 0x2a, 0x1, 0xfc, 0x3a, 0x41, 0x2c, 0x1,
    0xfe, 0xd3, 0x8, 0x60, 0xf, 0xf5, 0x98, 0x43,
    0x80, 0x7f, 0xad, 0x1, 0xdc, 0x1, 0xfe, 0xa4,
    0x3, 0xd5, 0x5f, 0xe4, 0x15, 0x0, 0x1d, 0x57,
    0xfa, 0x0, 0x3f, 0xf8, 0x80,

    /* U+0033 "3" */
    0x0, 0xcd, 0x7d, 0xfe, 0xd9, 0x30, 0xe, 0x3e,
    0x94, 0x10, 0x1, 0x36, 0x48, 0x4, 0x78, 0x20,
    0x71, 0x52, 0xc0, 0x6, 0x90, 0x7, 0x80, 0x1f,
    0x1d, 0x5a, 0x74, 0x0, 0xc4, 0x43, 0x2, 0x80,
    0xe, 0x26, 0x0, 0x23, 0x11, 0x28, 0x3, 0xec,
    0x0, 0x72, 0x6e, 0x9c, 0x3, 0xe3, 0x0, 0xff,
    0xe1, 0x68, 0x2, 0xc0, 0x3f, 0xd2, 0x80, 0xa6,
    0x1, 0xd1, 0x32, 0xbf, 0x60, 0x4a, 0x0, 0xf3,
    0xb3, 0x10, 0x0, 0xb6, 0x1, 0xf2, 0xa2, 0x8,
    0x0, 0xba, 0x40, 0x1e, 0xab, 0xb6, 0xf3, 0x1,
    0x60, 0x80, 0x7f, 0xc, 0xb0, 0xb, 0x0, 0x7f,
    0xd6, 0x0, 0xb0, 0x11, 0x0, 0x7e, 0x20, 0x1,
    0x3f, 0x71, 0x80, 0x3e, 0x10, 0x1, 0x98, 0x1,
    0xa0, 0x1f, 0x20, 0x1, 0xd0, 0x41, 0x1c, 0x3,
    0x8a, 0xc0, 0x1c, 0x14, 0x0, 0x8c, 0x75, 0x69,
    0xd1, 0x5, 0x40, 0x4b, 0x10, 0x38, 0xa9, 0x60,
    0x3, 0x50, 0x4, 0x9d, 0x28, 0x20, 0x2, 0x6c,
    0x90, 0x0,

    /* U+0034 "4" */
    0x0, 0xff, 0x2f, 0xfc, 0x20, 0x1f, 0xfc, 0x1,
    0xb0, 0xf, 0xfe, 0x25, 0x88, 0x7, 0xff, 0xd,
    0x54, 0x1, 0xff, 0xc3, 0x1b, 0x3, 0x30, 0x7,
    0xff, 0x6, 0xc4, 0x38, 0x3, 0xff, 0x82, 0xaa,
    0x8, 0x20, 0xf, 0xfe, 0x0, 0xd8, 0x1b, 0x80,
    0x7f, 0xf0, 0x6c, 0x43, 0x80, 0x3f, 0xf8, 0x2a,
    0xa0, 0x72, 0x0, 0xff, 0xe0, 0xd, 0x81, 0x40,
    0x7, 0xff, 0x6, 0xc4, 0x38, 0x3, 0xff, 0x82,
    0x8a, 0xe, 0x60, 0x1f, 0xfc, 0x1, 0xa0, 0x28,
    0x0, 0xff, 0xe0, 0xd8, 0x82, 0xaf, 0xc2, 0x0,
    0x75, 0x50, 0x92, 0x80, 0x1e, 0xab, 0xc4, 0x0,
    0x9a, 0xa2, 0x80, 0x7f, 0xf1, 0x8b, 0xff, 0xfc,
    0x60, 0xe, 0xff, 0x20, 0x7, 0xff, 0xf0,

    /* U+0035 "5" */
    0x0, 0x57, 0xff, 0xfc, 0x1, 0x30, 0x7, 0xff,
    0x8, 0x80, 0x55, 0x7f, 0x80, 0x21, 0x5, 0xaa,
    0xfe, 0x0, 0x8, 0x0, 0x80, 0x3f, 0xe2, 0x0,
    0x70, 0x7, 0xfc, 0xc0, 0x2, 0x0, 0xff, 0x88,
    0x0, 0x73, 0xbf, 0xed, 0x92, 0x0, 0xde, 0x0,
    0x96, 0x20, 0x1, 0x36, 0xa8, 0x4, 0x40, 0x11,
    0xb3, 0x10, 0x2, 0xa4, 0x0, 0x62, 0xd, 0xe4,
    0xca, 0xf4, 0xc0, 0x12, 0x0, 0x6b, 0xe4, 0x0,
    0xc5, 0xa2, 0x4, 0x80, 0x1f, 0xe1, 0x60, 0x6,
    0x0, 0x7f, 0xd8, 0x0, 0x20, 0xf, 0xf9, 0xc0,
    0x2, 0x46, 0x60, 0xf, 0xf8, 0x57, 0x30, 0xa0,
    0x1f, 0x20, 0x0, 0x90, 0x1, 0xc0, 0x1f, 0x50,
    0x3, 0xc, 0x81, 0x18, 0x3, 0xa0, 0x80, 0x90,
    0x38, 0x1, 0x38, 0xea, 0xf8, 0xe0, 0xe, 0x0,
    0x1d, 0x88, 0x1c, 0x54, 0x18, 0x2, 0x8c, 0x2,
    0x4f, 0x83, 0x0, 0x8d, 0xf9, 0x40, 0x0,

    /* U+0036 "6" */
    0x0, 0xf2, 0xd6, 0xff, 0x8c, 0x3, 0xe4, 0xea,
    0x52, 0x0, 0xfe, 0x8b, 0x10, 0x2, 0x3c, 0x10,
    0x7, 0x3b, 0x80, 0x11, 0xf7, 0xe, 0x20, 0x18,
    0xa0, 0x1, 0x8e, 0x1, 0xfd, 0x0, 0xa, 0x30,
    0xf, 0xe1, 0x50, 0x35, 0x0, 0xff, 0x20, 0x2,
    0x8a, 0x77, 0xfd, 0xb0, 0x20, 0x16, 0x80, 0x33,
    0x58, 0x80, 0x4, 0xfe, 0x60, 0x3, 0x0, 0x28,
    0x1c, 0x54, 0x8, 0xe, 0x88, 0x30, 0x5, 0x18,
    0xea, 0xfc, 0x60, 0x30, 0x6, 0x0, 0x87, 0x0,
    0xed, 0x0, 0x30, 0x6, 0x70, 0xf, 0xa, 0x0,
    0x10, 0x3, 0xfe, 0xc0, 0x1, 0x0, 0x7f, 0xc2,
    0x0, 0x15, 0x0, 0x10, 0x7, 0xc2, 0x0, 0x13,
    0x0, 0x20, 0x7, 0xda, 0x0, 0x5a, 0x0, 0x58,
    0x7, 0x85, 0x40, 0x4c, 0x94, 0xa, 0xc0, 0x3b,
    0x40, 0xc, 0x0, 0xb1, 0x4, 0xd7, 0x68, 0xe3,
    0x2, 0x80, 0x0, 0xe1, 0x1, 0x44, 0xb8, 0x81,
    0xe0, 0x6, 0x2d, 0x93, 0x0, 0xa, 0x56, 0x8,
    0x0,

    /* U+0037 "7" */
    0xcf, 0xff, 0xfe, 0x14, 0x80, 0x7f, 0xf0, 0xc6,
    0x2a, 0xbf, 0xe3, 0x0, 0x5a, 0x2a, 0xff, 0x90,
    0xc1, 0xc, 0x3, 0xfe, 0x90, 0x7, 0x80, 0x7f,
    0xf0, 0x18, 0xd, 0x0, 0x3f, 0xe7, 0x10, 0x90,
    0xf, 0xfe, 0x4, 0x81, 0x28, 0x7, 0xfc, 0xc2,
    0x16, 0x1, 0xff, 0xc0, 0x80, 0x16, 0x0, 0xff,
    0x94, 0x42, 0x40, 0x3f, 0xf8, 0x10, 0x0, 0x60,
    0xf, 0xf9, 0x48, 0x18, 0x40, 0x3f, 0xe9, 0x0,
    0x40, 0x7, 0xfc, 0x86, 0xa, 0x20, 0x1f, 0xf4,
    0x0, 0x20, 0x3, 0xfe, 0x33, 0x2, 0x10, 0x7,
    0xfd, 0x0, 0xf, 0x0, 0xff, 0x8d, 0x0, 0xd0,
    0x3, 0xfe, 0x90, 0x4, 0x80, 0x7f, 0xc4, 0xa0,
    0x4a, 0x1, 0xff, 0x40, 0x2, 0xc0, 0x3f, 0x80,

    /* U+0038 "8" */
    0x0, 0xc9, 0x5d, 0xfe, 0xda, 0x40, 0xf, 0xae,
    0xca, 0x20, 0x2, 0x5b, 0xb0, 0x7, 0x5a, 0x0,
    0x1a, 0x64, 0xc0, 0x4, 0xb0, 0x9, 0x10, 0x3,
    0xb2, 0xcc, 0x9c, 0x0, 0x22, 0x0, 0x1a, 0x0,
    0x92, 0x0, 0xc7, 0x0, 0xd, 0x0, 0x10, 0x1,
    0x0, 0x3c, 0x80, 0x3, 0x0, 0x8, 0x7, 0xf3,
    0x80, 0x76, 0x0, 0x2c, 0x3, 0xd8, 0x0, 0xc0,
    0x3, 0x10, 0x3a, 0x80, 0x65, 0x70, 0x26, 0x0,
    0xbc, 0x42, 0xb6, 0x65, 0xb4, 0x5, 0xe0, 0x18,
    0xbc, 0x40, 0x99, 0x84, 0x5, 0x84, 0x1, 0x8f,
    0xc4, 0x4, 0xcc, 0x0, 0x2c, 0x20, 0x8, 0xb0,
    0x42, 0xbb, 0x31, 0xf2, 0x5, 0x84, 0x0, 0x90,
    0x5, 0xa8, 0x6, 0x6a, 0x1, 0x90, 0x14, 0x2,
    0x40, 0xf, 0x29, 0x2, 0x9, 0x0, 0x1c, 0x3,
    0xf3, 0x0, 0x8, 0x2, 0x10, 0xf, 0xfe, 0x1,
    0x80, 0x10, 0x40, 0x3c, 0x28, 0x0, 0x30, 0x50,
    0x5, 0x0, 0x7a, 0x80, 0xa, 0x0, 0xb1, 0x4,
    0xe8, 0x55, 0x47, 0x20, 0xd, 0x80, 0x7, 0x8,
    0x5, 0xea, 0x8e, 0x20, 0x58, 0x20, 0x11, 0x6d,
    0x28, 0x80, 0x5, 0x6b, 0x48, 0x0,

    /* U+0039 "9" */
    0x0, 0xcd, 0x7d, 0xfe, 0xc7, 0x0, 0xf0, 0xec,
    0xa0, 0x80, 0xe, 0x34, 0x80, 0x36, 0x10, 0xb,
    0xcc, 0x10, 0x16, 0x8, 0x2, 0x8, 0x13, 0xa1,
    0x9f, 0x50, 0x6, 0xc0, 0xe, 0x0, 0xa0, 0xe,
    0xb1, 0x5, 0x24, 0x0, 0x28, 0x80, 0x7a, 0x40,
    0xa, 0x40, 0xd, 0x0, 0xf9, 0x40, 0x1a, 0x1,
    0x8, 0x7, 0xc4, 0x0, 0x63, 0x0, 0x78, 0x7,
    0xf8, 0x5c, 0x0, 0x80, 0x1f, 0x10, 0x0, 0xc8,
    0x80, 0x4e, 0x1, 0xc3, 0xe0, 0x3, 0x9, 0x0,
    0x44, 0x8, 0x5, 0xbc, 0x80, 0x2, 0x8, 0xe0,
    0x7, 0xdf, 0xe9, 0x16, 0x0, 0x38, 0x2, 0x24,
    0x40, 0x31, 0x55, 0x80, 0x8, 0x2, 0x6e, 0xca,
    0xa6, 0x6a, 0xb0, 0x3, 0xc0, 0x38, 0xd5, 0x46,
    0x0, 0xd0, 0x2, 0x0, 0x7f, 0x85, 0x80, 0xc8,
    0x3, 0xfd, 0xa0, 0x8, 0x0, 0xfe, 0x4d, 0x30,
    0x54, 0x0, 0xc2, 0xee, 0xad, 0xb2, 0x4, 0xa0,
    0xe, 0x28, 0x82, 0x90, 0xc, 0x58, 0x7, 0xf1,
    0x2d, 0x73, 0x80, 0x60,

    /* U+003A ":" */
    0x6f, 0xe3, 0xb0, 0x19, 0x60, 0x6, 0xdd, 0x51,
    0xc1, 0x54, 0x1, 0xff, 0xd6, 0x54, 0xb, 0xab,
    0x75, 0x0, 0x6c, 0x0, 0xc8,

    /* U+003B ";" */
    0x0, 0x5f, 0xd8, 0x0, 0xd0, 0x11, 0x0, 0x40,
    0x13, 0x0, 0xec, 0xe9, 0x0, 0x9, 0x88, 0x3,
    0xff, 0xce, 0xf3, 0x20, 0xa, 0x99, 0x80, 0x1f,
    0xfc, 0x21, 0x20, 0x40, 0x3, 0x80, 0x38, 0x1,
    0x0, 0x4a, 0x2, 0x43, 0xe0, 0x1, 0xcf, 0x20,
    0x0,

    /* U+003C "<" */
    0x0, 0xff, 0x92, 0x80, 0x3f, 0x9b, 0x6d, 0x0,
    0x3c, 0x2f, 0xd2, 0x40, 0x1e, 0x18, 0xe8, 0x10,
    0x2, 0xe8, 0x0, 0xeb, 0x9c, 0x0, 0x51, 0xd4,
    0x69, 0x78, 0xa0, 0x4, 0xbd, 0x71, 0x0, 0x5a,
    0x0, 0xbf, 0x5a, 0x0, 0x7e, 0x3e, 0x10, 0xf,
    0xac, 0xc0, 0xa7, 0xe4, 0xc0, 0x39, 0x33, 0xa,
    0x0, 0x6c, 0xc3, 0x0, 0x71, 0xd6, 0xb0, 0x0,
    0xe7, 0xe4, 0xc0, 0x31, 0x4f, 0x40, 0x80, 0x1b,
    0x40, 0x3c, 0x2f, 0xd2, 0x40, 0x1f, 0xf3, 0x6d,
    0x28,

    /* U+003D "=" */
    0xaf, 0xff, 0xfe, 0x3, 0x0, 0x7f, 0xf0, 0xba,
    0x23, 0xff, 0x80, 0xa8, 0xef, 0xff, 0xc0, 0x30,
    0xf, 0xfe, 0x82, 0x3b, 0xff, 0xf0, 0xf, 0xa2,
    0x3f, 0xf8, 0xa, 0x1, 0xff, 0xc2,

    /* U+003E ">" */
    0xb5, 0x0, 0xff, 0xe0, 0x2d, 0x73, 0x88, 0x7,
    0xfc, 0x31, 0xd2, 0x40, 0x1f, 0x63, 0x88, 0x1,
    0xb6, 0xd0, 0x3, 0x8a, 0x3a, 0xd4, 0x0, 0x97,
    0xac, 0x1, 0xe4, 0xae, 0x82, 0x2, 0x9f, 0x81,
    0x0, 0xe1, 0x7d, 0xc6, 0x0, 0x3b, 0x0, 0x7e,
    0x73, 0x0, 0xfe, 0x17, 0xdb, 0x50, 0x17, 0x60,
    0x9, 0x6f, 0xa0, 0x80, 0xa7, 0xa0, 0x4a, 0x3a,
    0x90, 0x0, 0x97, 0xac, 0x1, 0x63, 0x88, 0x1,
    0xb6, 0xd0, 0x3, 0xe1, 0x8e, 0x92, 0x0, 0xf9,
    0x6b, 0x9c, 0x40, 0x3f, 0x80,

    /* U+003F "?" */
    0x0, 0x9a, 0xfb, 0xfd, 0x90, 0x20, 0x11, 0x6c,
    0xa0, 0x80, 0xd, 0xfd, 0x0, 0x1e, 0x40, 0x2a,
    0xec, 0x20, 0x36, 0x2e, 0x40, 0x7f, 0x51, 0x3c,
    0x60, 0x9, 0xc0, 0x7, 0x88, 0x6, 0x80, 0x2,
    0x74, 0xc8, 0xc0, 0x39, 0x40, 0x2, 0xac, 0xc0,
    0xf, 0x18, 0x0, 0x40, 0x3f, 0x94, 0x0, 0x80,
    0x1f, 0x8e, 0x0, 0x64, 0x3, 0xe3, 0xc0, 0x5,
    0x88, 0x7, 0x8f, 0x0, 0x10, 0xa0, 0x1e, 0x2c,
    0x0, 0x4b, 0x80, 0x7d, 0xc0, 0x9, 0x60, 0xf,
    0x88, 0xc0, 0x98, 0x3, 0xf3, 0x80, 0x10, 0x3,
    0xf8, 0x55, 0x58, 0x1, 0xfc, 0x95, 0x45, 0x0,
    0xff, 0xe5, 0x91, 0x80, 0x7f, 0x93, 0x72, 0x40,
    0x3f, 0xb0, 0x0, 0x80, 0x1f, 0xd4, 0x41, 0x60,
    0x1c,

    /* U+0040 "@" */
    0x0, 0xfe, 0x38, 0xce, 0xff, 0xb6, 0x94, 0x3,
    0xff, 0x86, 0x99, 0x87, 0x31, 0x0, 0x89, 0x6b,
    0x9c, 0x3, 0xff, 0x81, 0x36, 0x60, 0xd5, 0xbf,
    0xee, 0xc8, 0x31, 0x8d, 0x10, 0xf, 0xeb, 0x60,
    0x7f, 0x95, 0x20, 0x0, 0x9b, 0xe6, 0xc, 0xbc,
    0x40, 0x3e, 0xb4, 0x1c, 0x80, 0xf, 0xf1, 0xe2,
    0xe, 0x80, 0x79, 0xd0, 0x34, 0xc0, 0x3f, 0xf8,
    0x36, 0x46, 0xc0, 0x18, 0xa0, 0x24, 0xc0, 0x30,
    0xcf, 0x7f, 0x59, 0x80, 0x6e, 0x8, 0x0, 0xd6,
    0x6, 0xc0, 0x18, 0xfd, 0x84, 0x5, 0x32, 0x40,
    0x23, 0x30, 0xa0, 0x0, 0x58, 0x20, 0x3, 0x16,
    0x9, 0xe7, 0xf2, 0x2, 0x80, 0x6a, 0xd, 0x0,
    0x38, 0xa, 0x0, 0x6e, 0x2, 0xc3, 0x1, 0x20,
    0x70, 0xc, 0x80, 0x80, 0xc, 0x4, 0x0, 0xc8,
    0x61, 0xc0, 0x18, 0x80, 0x80, 0x31, 0x1, 0x0,
    0x10, 0x30, 0x3, 0x70, 0x11, 0x80, 0x67, 0x1,
    0x0, 0xe1, 0x1, 0x1, 0x5, 0x0, 0xca, 0xa,
    0x1, 0xc4, 0x1c, 0x1, 0xf1, 0x90, 0x0, 0x40,
    0x23, 0x0, 0x60, 0x7, 0x8, 0x18, 0x7, 0xe1,
    0x0, 0x18, 0x4, 0xc0, 0x6, 0x0, 0xc2, 0x0,
    0x60, 0xe, 0x10, 0x30, 0xf, 0x8c, 0x0, 0x40,
    0x18, 0xc0, 0x2, 0x1, 0xf0, 0x88, 0x3, 0xc2,
    0x1, 0xf3, 0x0, 0x8, 0x3, 0x20, 0x18, 0x10,
    0x0, 0x80, 0x21, 0x0, 0x10, 0x6, 0xe0, 0xf,
    0xb4, 0x2c, 0x0, 0x20, 0xa0, 0x12, 0x80, 0x28,
    0x2, 0x45, 0x0, 0x10, 0x4, 0x4c, 0xc, 0x0,
    0x40, 0xc0, 0x8, 0xc8, 0x1d, 0xc6, 0xf6, 0x42,
    0x10, 0x0, 0x3f, 0x8, 0x10, 0x7, 0x82, 0x80,
    0x69, 0x0, 0x46, 0x40, 0xfc, 0x2, 0xf7, 0x30,
    0x95, 0xc0, 0x25, 0x10, 0x70, 0x9, 0x2c, 0xc0,
    0x5b, 0xc9, 0xa4, 0x84, 0x47, 0x54, 0x0, 0xe9,
    0x8, 0x20, 0x9, 0x33, 0xfa, 0x44, 0x0, 0xdb,
    0xfe, 0xc5, 0x0, 0xf3, 0x90, 0x78, 0x80, 0x7f,
    0xf2, 0xfc, 0x4b, 0xd4, 0x3, 0xff, 0x94, 0x58,
    0x63, 0x58, 0xc4, 0x1, 0x89, 0x69, 0x40, 0x3f,
    0xf8, 0x5, 0x90, 0x27, 0x3b, 0xff, 0xb6, 0x97,
    0x0, 0x3f, 0xf8, 0x4f, 0xd4, 0xc6, 0x20, 0x1,
    0x37, 0xc9, 0x0, 0xfc,

    /* U+0041 "A" */
    0x0, 0xfc, 0x3f, 0xee, 0x0, 0xff, 0xe2, 0xb0,
    0x0, 0x54, 0x3, 0xff, 0x89, 0x40, 0x14, 0x80,
    0x7f, 0xf0, 0xd0, 0x80, 0x40, 0xc8, 0x3, 0xff,
    0x85, 0xc0, 0xa, 0x0, 0x50, 0x7, 0xff, 0x4,
    0x54, 0x11, 0x4, 0xc, 0x1, 0xff, 0xc1, 0x60,
    0x7, 0x5, 0x0, 0xa8, 0x7, 0xff, 0x2, 0x80,
    0xa, 0xc, 0x0, 0xe0, 0xf, 0xf8, 0xc8, 0x18,
    0x0, 0x28, 0x8, 0x40, 0x1f, 0xea, 0x0, 0x50,
    0x5, 0xc0, 0xa, 0x0, 0xff, 0x30, 0x11, 0x80,
    0x4a, 0x20, 0xc0, 0x1f, 0xcc, 0x0, 0xa0, 0xe,
    0x70, 0x15, 0x0, 0xfd, 0x40, 0x6, 0x0, 0xea,
    0x0, 0x70, 0x7, 0xc6, 0x60, 0x16, 0x77, 0xe4,
    0x0, 0x20, 0x80, 0x7a, 0x80, 0x3, 0x11, 0xf0,
    0x5, 0x20, 0x1e, 0x60, 0xf, 0xfe, 0xb, 0x0,
    0x73, 0x0, 0x1b, 0xff, 0xf9, 0x0, 0x50, 0x3,
    0x50, 0x2, 0x80, 0x3f, 0xb8, 0x1, 0xe0, 0x11,
    0x18, 0x11, 0x80, 0x7f, 0x28, 0x82, 0x8, 0x2,
    0xc0, 0x14, 0x1, 0xff, 0x38, 0x1, 0x80, 0xe,
    0x0, 0x60, 0xf, 0xfa, 0x80, 0x14, 0xa, 0x20,
    0x82, 0x1, 0xff, 0x19, 0x1, 0x20,

    /* U+0042 "B" */
    0x5f, 0xff, 0xec, 0x93, 0x0, 0xff, 0xe1, 0x1b,
    0x65, 0x0, 0x78, 0xe6, 0x74, 0x39, 0x80, 0x16,
    0x80, 0x39, 0x9b, 0x9e, 0x32, 0xc0, 0xa, 0x40,
    0x1f, 0xfc, 0x4, 0x50, 0x2, 0x0, 0x7f, 0xf0,
    0x48, 0x1, 0xc0, 0x1f, 0xfc, 0x11, 0x0, 0x70,
    0x7, 0xff, 0x0, 0x98, 0x0, 0x80, 0x1f, 0xe2,
    0x7c, 0x0, 0x41, 0x0, 0x65, 0xff, 0xed, 0x81,
    0x14, 0xb8, 0x7, 0xff, 0x8, 0xcc, 0x1, 0xe3,
    0x87, 0x7a, 0x20, 0xc0, 0x55, 0x20, 0x1c, 0xcf,
    0x11, 0x3b, 0xa7, 0x88, 0x19, 0x40, 0x3f, 0xf8,
    0x3, 0x20, 0x9, 0x0, 0xff, 0xe0, 0xa0, 0x0,
    0xc0, 0x3f, 0xf8, 0x42, 0x0, 0x10, 0xf, 0xfe,
    0x8, 0x80, 0x4, 0x3, 0xff, 0x80, 0xa0, 0x2,
    0x0, 0xff, 0xe0, 0x1d, 0x80, 0x28, 0x3, 0x33,
    0x79, 0xef, 0x4, 0xd, 0xc0, 0x31, 0xcc, 0xf4,
    0x20, 0x1, 0x34, 0x3, 0xff, 0x80, 0x4d, 0x76,
    0x10, 0x0,

    /* U+0043 "C" */
    0x0, 0xf3, 0x5f, 0x7f, 0xba, 0xdc, 0x40, 0x3f,
    0x27, 0x4a, 0x8, 0x0, 0x52, 0x3d, 0x40, 0x3c,
    0xd6, 0x20, 0x2d, 0x10, 0x62, 0x1, 0xa6, 0x0,
    0xc9, 0x20, 0x8, 0xe9, 0x77, 0x4e, 0xc0, 0x2,
    0x48, 0x2, 0x90, 0x4, 0x38, 0x7, 0x9d, 0xc0,
    0x8, 0x0, 0x29, 0x1, 0xb8, 0x7, 0xe9, 0x0,
    0x28, 0x3, 0xc0, 0x14, 0x1, 0xfc, 0x26, 0x0,
    0x40, 0x40, 0x3, 0x80, 0x7f, 0xbb, 0x30, 0xa0,
    0x20, 0x1, 0x0, 0xff, 0x11, 0x98, 0x44, 0x0,
    0x10, 0xf, 0xfe, 0x19, 0x80, 0x7f, 0xf6, 0x4c,
    0x3, 0xff, 0x8c, 0x20, 0x1, 0x0, 0xff, 0xe2,
    0x8, 0x0, 0x40, 0x3f, 0xc2, 0x44, 0x0, 0x20,
    0x1, 0xc0, 0x3f, 0xdb, 0xb2, 0x7, 0x80, 0x28,
    0x3, 0xf8, 0x4c, 0x0, 0x80, 0xa2, 0x6, 0xc0,
    0x1f, 0xa4, 0x0, 0xa0, 0x15, 0x0, 0x25, 0x80,
    0x3c, 0xee, 0x0, 0x40, 0x4, 0x90, 0x0, 0x9d,
    0x86, 0x79, 0xd8, 0x0, 0x51, 0x0, 0x67, 0xa1,
    0x2, 0x79, 0x86, 0x20, 0x1b, 0x50, 0xf, 0x2f,
    0x4a, 0x8, 0x0, 0x52, 0x79, 0x0, 0x20,

    /* U+0044 "D" */
    0x5f, 0xff, 0xbb, 0x20, 0x80, 0x3f, 0xf8, 0x42,
    0x6f, 0xb4, 0x20, 0x1f, 0x1c, 0xcd, 0xe, 0x60,
    0x5, 0xf2, 0x0, 0xf3, 0x36, 0x78, 0xcd, 0x30,
    0x1c, 0x10, 0xf, 0xfe, 0x1, 0x62, 0x0, 0xd8,
    0x7, 0xff, 0xa, 0x84, 0x14, 0x80, 0x3f, 0xf8,
    0x22, 0xc0, 0xa, 0x0, 0xff, 0xe1, 0x58, 0x1,
    0x0, 0x3f, 0xf8, 0x46, 0x0, 0x30, 0xf, 0xfe,
    0x18, 0x80, 0x4, 0x3, 0xff, 0xf0, 0x20, 0x1,
    0x0, 0xff, 0xe0, 0x98, 0x0, 0xc0, 0x3f, 0xf8,
    0x54, 0x0, 0x40, 0xf, 0xfe, 0x8, 0xb0, 0x2,
    0x80, 0x3f, 0xf8, 0x3a, 0x0, 0x52, 0x0, 0xff,
    0x8f, 0x4c, 0xa, 0xc0, 0x39, 0x9b, 0x3c, 0xee,
    0x10, 0x17, 0x88, 0x7, 0x1c, 0xcd, 0xc, 0x40,
    0x6, 0xd2, 0x0, 0xff, 0x85, 0x23, 0xa4, 0x3,
    0x80,

    /* U+0045 "E" */
    0x5f, 0xff, 0xfe, 0x10, 0x7, 0xff, 0x20, 0xe6,
    0x7f, 0xe0, 0xc, 0xcd, 0xff, 0xc0, 0x0, 0xff,
    0xff, 0x80, 0x7f, 0x2f, 0xff, 0xf4, 0x0, 0x7f,
    0xf2, 0x4e, 0x67, 0xfa, 0xc0, 0x39, 0x9b, 0xfc,
    0x60, 0x1f, 0xff, 0xf0, 0xf, 0xfe, 0x73, 0x37,
    0xff, 0x0, 0x3, 0x1c, 0xcf, 0xfc, 0x20, 0x1f,
    0xfc, 0x40,

    /* U+0046 "F" */
    0x5f, 0xff, 0xfe, 0xd, 0x80, 0x7f, 0xf1, 0x8e,
    0x67, 0xfd, 0xe0, 0x13, 0x37, 0xfc, 0x80, 0x1f,
    0xff, 0xf0, 0x9, 0xdf, 0xfc, 0x20, 0x18, 0xa2,
    0x3f, 0x88, 0x3, 0xff, 0x8e, 0xbf, 0xff, 0xc6,
    0x1, 0xff, 0xff, 0x0, 0xff, 0xf8, 0x80,

    /* U+0047 "G" */
    0x0, 0xe1, 0x6b, 0xef, 0xf7, 0x64, 0x10, 0x7,
    0xe6, 0xf9, 0x41, 0x0, 0x9, 0xbe, 0xc0, 0x7,
    0xa2, 0x44, 0x5, 0xa2, 0xe, 0x40, 0x7, 0xa0,
    0xc, 0xae, 0x0, 0x8e, 0x97, 0x74, 0x6d, 0x0,
    0x15, 0x80, 0x2b, 0x0, 0x43, 0x80, 0x79, 0x68,
    0x1, 0x0, 0x5, 0x10, 0x27, 0x0, 0xfc, 0xa4,
    0x2, 0x81, 0xe0, 0xa, 0x0, 0xff, 0x74, 0xc9,
    0x81, 0xc0, 0xa, 0x1, 0xfe, 0x36, 0x61, 0x1,
    0x0, 0x8, 0x3, 0xff, 0x84, 0x20, 0x1f, 0xfd,
    0x5, 0x66, 0xf8, 0x80, 0x3f, 0xd1, 0x33, 0xf2,
    0x80, 0x7f, 0xf1, 0xc4, 0x3, 0xfb, 0x7f, 0xf3,
    0x80, 0x62, 0x0, 0x18, 0x7, 0xff, 0xd, 0x0,
    0x14, 0x1, 0xff, 0xc3, 0xa0, 0x3, 0x8, 0x7,
    0xff, 0x8, 0xcc, 0x0, 0xa0, 0xf, 0xfe, 0x1f,
    0x0, 0x12, 0xc4, 0x3, 0xc8, 0xc0, 0x1, 0x0,
    0x15, 0x80, 0x13, 0xad, 0xd9, 0xe7, 0x6c, 0x41,
    0x18, 0x2, 0x4d, 0x30, 0x2, 0x44, 0xc3, 0x10,
    0x1, 0xec, 0x3, 0x8b, 0x2d, 0x88, 0x2, 0x14,
    0x8e, 0x80, 0x0,

    /* U+0048 "H" */
    0x5f, 0xf5, 0x0, 0x7f, 0xdd, 0xfe, 0x20, 0xf,
    0xff, 0xf8, 0x7, 0xff, 0xfc, 0x3, 0x97, 0xff,
    0xfe, 0x10, 0xf, 0xfe, 0x69, 0xcc, 0xff, 0xc0,
    0x1f, 0x33, 0x7f, 0xf0, 0x4, 0x3, 0xff, 0xfe,
    0x1, 0xff, 0xff, 0x0, 0xff, 0xe6, 0x0,

    /* U+0049 "I" */
    0x2f, 0xf7, 0x0, 0x7f, 0xff, 0xc0, 0x3f, 0x80,

    /* U+004A "J" */
    0x0, 0xff, 0xe0, 0x6f, 0xf8, 0xc0, 0x3f, 0xff,
    0xe0, 0x1f, 0xff, 0xf0, 0xf, 0xff, 0xfb, 0x31,
    0x40, 0x3f, 0xe1, 0x14, 0xca, 0xc0, 0x3f, 0x10,
    0x0, 0xc4, 0x0, 0x26, 0x1, 0xe4, 0x0, 0x8,
    0x81, 0x80, 0x1c, 0x20, 0x18, 0xa8, 0x0, 0xc0,
    0x8, 0x10, 0x2e, 0xa7, 0x75, 0x68, 0x81, 0x40,
    0x0, 0x70, 0x80, 0xb, 0x10, 0x50, 0x1, 0xe0,
    0x6, 0x2d, 0xa4, 0x10, 0x0, 0xad, 0x60, 0x80,
    0x0,

    /* U+004B "K" */
    0x5f, 0xf5, 0x0, 0x7f, 0x57, 0xfb, 0x44, 0x3,
    0xff, 0x83, 0x4a, 0x3, 0x82, 0x1, 0xff, 0xc0,
    0x85, 0x1, 0xc1, 0x0, 0xff, 0xe0, 0x3b, 0x80,
    0x1a, 0x40, 0x1f, 0xfc, 0x6, 0x80, 0x5, 0x98,
    0x7, 0xff, 0x1, 0x64, 0x1, 0x48, 0x1, 0xff,
    0xc0, 0x4a, 0x0, 0x4a, 0x80, 0x7f, 0xf0, 0xe,
    0xc0, 0x10, 0xc0, 0x1f, 0xfc, 0x3, 0xc0, 0x3,
    0x38, 0x7, 0xff, 0x0, 0xb4, 0x0, 0x92, 0x1,
    0xff, 0xc0, 0x6c, 0x10, 0x2, 0x90, 0x7, 0xff,
    0x0, 0xc4, 0x2, 0x1f, 0x0, 0xff, 0xe1, 0x27,
    0x8, 0x15, 0x0, 0x7f, 0xf0, 0x12, 0xc7, 0x40,
    0xa, 0xc0, 0x1f, 0xe2, 0xb0, 0x1, 0xc8, 0x2,
    0x4c, 0x3, 0xf9, 0xc0, 0x33, 0x30, 0x1, 0xa2,
    0x1, 0xff, 0xc2, 0x93, 0x1, 0xd0, 0xf, 0xfe,
    0x1e, 0x88, 0x1c, 0x0, 0x7f, 0xf0, 0x86, 0x80,
    0xe, 0xa0, 0x1f, 0xfc, 0x24, 0x80, 0x5, 0x10,
    0x7, 0xff, 0x9, 0xd0, 0x1, 0xe0, 0x1f, 0xfc,
    0x3b, 0x20, 0x2a, 0x0,

    /* U+004C "L" */
    0x5f, 0xf5, 0x0, 0x7f, 0xff, 0xc0, 0x3f, 0xff,
    0xe0, 0x1f, 0xff, 0xf0, 0xf, 0xff, 0x7b, 0x37,
    0xfc, 0x40, 0x11, 0xcc, 0xff, 0x94, 0x3, 0xff,
    0x86,

    /* U+004D "M" */
    0x5f, 0xfa, 0xc0, 0x3f, 0xf8, 0x59, 0xff, 0x20,
    0x6, 0x42, 0x0, 0xff, 0xe0, 0x19, 0x80, 0x3f,
    0xa8, 0x3, 0xff, 0x81, 0x20, 0x1f, 0xe6, 0x0,
    0xff, 0x85, 0x40, 0x3f, 0x8, 0xb, 0x0, 0x7f,
    0x98, 0x0, 0x20, 0x1e, 0x60, 0x5, 0x0, 0x7f,
    0xa8, 0x0, 0xc0, 0x1e, 0xe5, 0x3, 0x30, 0x7,
    0xe4, 0x20, 0x60, 0xf, 0x87, 0x80, 0x12, 0x1,
    0xfb, 0xc0, 0x14, 0x1, 0xf9, 0x8, 0x14, 0x40,
    0x3c, 0x48, 0x6, 0x61, 0x0, 0xf7, 0x85, 0x80,
    0x18, 0x3, 0xd4, 0x0, 0x90, 0xf, 0xf3, 0x0,
    0x28, 0x3, 0xcc, 0x2, 0xa0, 0x60, 0x1e, 0x10,
    0x3, 0x1, 0x20, 0x6, 0x51, 0x6, 0x0, 0xff,
    0xe0, 0x58, 0x3, 0xc0, 0x34, 0x80, 0x24, 0x0,
    0x20, 0x1e, 0x30, 0x1, 0x18, 0x21, 0x0, 0xc,
    0xc0, 0xa2, 0x1, 0xff, 0xc1, 0x90, 0x5, 0x0,
    0x28, 0x1, 0x20, 0x1f, 0xfc, 0x25, 0x10, 0x60,
    0x16, 0x2, 0x30, 0xf, 0xfe, 0x1c, 0x80, 0xab,
    0x0, 0x2c, 0x3, 0xff, 0x88, 0xc0, 0x9, 0xa0,
    0x3, 0x0, 0x7f, 0xf1, 0x5, 0x40, 0xc8, 0x18,
    0x3, 0xff, 0x8d, 0x20, 0x1a, 0xc0, 0x3f, 0xf8,
    0xc6, 0x40, 0x4, 0x20, 0xf, 0xfe, 0x3d, 0x80,
    0x3c, 0x3, 0xfc,

    /* U+004E "N" */
    0x5f, 0xf7, 0x8, 0x7, 0xfb, 0x7f, 0xc4, 0x1,
    0xd, 0x80, 0x7f, 0xf1, 0x95, 0x40, 0x1f, 0xfc,
    0x6b, 0x10, 0xf, 0xfe, 0x28, 0xd0, 0x7, 0xff,
    0xc, 0xc4, 0x11, 0x80, 0x3f, 0xf8, 0x4d, 0x60,
    0x9, 0x10, 0xf, 0xfe, 0x12, 0xa8, 0x1, 0x40,
    0x1f, 0xfc, 0x3b, 0x10, 0x46, 0x0, 0xff, 0xe1,
    0xd, 0x80, 0x24, 0x80, 0x3f, 0xf8, 0x4a, 0xa0,
    0x7, 0x0, 0x7f, 0xf0, 0xec, 0x40, 0xd8, 0x3,
    0xff, 0x84, 0x34, 0x0, 0x92, 0x0, 0xff, 0xe1,
    0x22, 0x80, 0x38, 0x3, 0xff, 0x87, 0x62, 0x6,
    0xe0, 0x1f, 0xfc, 0x21, 0xa0, 0x4, 0x10, 0x7,
    0xff, 0x9, 0x18, 0x1, 0xc0, 0x1f, 0xfc, 0x39,
    0x10, 0x32, 0x0, 0xff, 0xe1, 0xd0, 0x7, 0xff,
    0x19, 0x18, 0x3, 0xff, 0x8d, 0x24, 0x1, 0xff,
    0xc6, 0xe0, 0xc,

    /* U+004F "O" */
    0x0, 0xf2, 0xd7, 0x7f, 0xba, 0xd8, 0x3, 0xfc,
    0x7b, 0x4a, 0x20, 0x1, 0x49, 0xe4, 0x0, 0xf9,
    0x70, 0x80, 0x8, 0xee, 0x40, 0x0, 0xdb, 0x0,
    0x71, 0xd0, 0x1, 0xba, 0xe2, 0x17, 0xec, 0x0,
    0x93, 0x0, 0xde, 0x0, 0x69, 0x10, 0xe, 0x97,
    0x0, 0x70, 0x4, 0x86, 0x5, 0x20, 0x1f, 0xa0,
    0x80, 0x90, 0x1, 0xc0, 0xa, 0x0, 0xff, 0x58,
    0x3, 0x80, 0xe, 0x0, 0x50, 0xf, 0xf3, 0x80,
    0x10, 0x0, 0x40, 0x2, 0x0, 0xff, 0x8, 0x0,
    0x40, 0x40, 0x4, 0x1, 0xff, 0xc0, 0x20, 0x1,
    0x18, 0x7, 0xff, 0x6c, 0xc0, 0x3f, 0xf8, 0xe2,
    0x0, 0x20, 0xf, 0xfe, 0x1, 0x0, 0x8, 0x8,
    0x0, 0x40, 0x1f, 0xe1, 0x0, 0x8, 0x1, 0x0,
    0xa, 0x1, 0xfe, 0x70, 0x2, 0x0, 0x34, 0x1,
    0x20, 0x1f, 0xeb, 0x0, 0x78, 0x1, 0xc, 0x6,
    0x40, 0x3f, 0x39, 0x1, 0x28, 0x5, 0xe0, 0x6,
    0xa1, 0x0, 0xe8, 0x80, 0x2, 0x40, 0x31, 0xd0,
    0x1, 0x7a, 0xe2, 0x15, 0xee, 0x0, 0x94, 0x0,
    0xe5, 0xc2, 0x0, 0x23, 0xb9, 0x40, 0x3, 0x6c,
    0x1, 0xf1, 0xed, 0x28, 0x80, 0x5, 0x27, 0x90,
    0x3, 0x0,

    /* U+0050 "P" */
    0x5f, 0xff, 0xee, 0xc7, 0x10, 0xf, 0xfe, 0x10,
    0x9c, 0x74, 0x0, 0x78, 0xe6, 0x7a, 0x1c, 0x80,
    0xf, 0x20, 0x1c, 0xcd, 0xe7, 0x8d, 0x90, 0x3,
    0x20, 0x7, 0xff, 0x5, 0x9c, 0x1, 0xe0, 0x1f,
    0xfc, 0x2a, 0x0, 0x28, 0x7, 0xff, 0x8, 0x80,
    0x2, 0x1, 0xff, 0xc2, 0x10, 0xf, 0xfe, 0x2b,
    0x0, 0x10, 0x3, 0xff, 0x82, 0xb0, 0x0, 0xe0,
    0xc, 0xcd, 0xe7, 0x8c, 0xa0, 0x2, 0x28, 0x6,
    0x39, 0x9e, 0x87, 0x30, 0x2, 0xd8, 0x7, 0xff,
    0x0, 0x4d, 0xf2, 0x80, 0x3c, 0xbf, 0xfe, 0xec,
    0x83, 0x0, 0xff, 0xff, 0x80, 0x7f, 0xff, 0x40,

    /* U+0051 "Q" */
    0x0, 0xf3, 0x5f, 0x7f, 0xb6, 0x94, 0x3, 0xfc,
    0xbd, 0x28, 0x20, 0x2, 0x5a, 0xd3, 0x0, 0xf9,
    0xe8, 0x40, 0xa, 0xec, 0x80, 0x2, 0xc4, 0x0,
    0xe5, 0x80, 0x3, 0xfd, 0x44, 0xdf, 0x28, 0x2,
    0xc8, 0x3, 0x58, 0x2, 0x20, 0x1, 0xc3, 0x4a,
    0x0, 0x90, 0x9, 0x84, 0xd, 0xc0, 0x3f, 0x50,
    0x82, 0x10, 0x2, 0x80, 0x10, 0x1, 0xfe, 0x60,
    0x5, 0x0, 0xc, 0x0, 0x80, 0x1f, 0xec, 0x0,
    0x20, 0x10, 0x0, 0x80, 0x3f, 0xe5, 0x0, 0x10,
    0x30, 0x1, 0x80, 0x3f, 0xe1, 0x0, 0x8, 0x7,
    0xff, 0xc5, 0x80, 0xc, 0x1, 0xff, 0x8, 0x0,
    0x40, 0x80, 0x4, 0x1, 0xff, 0x28, 0x0, 0x80,
    0x6, 0x0, 0x50, 0xf, 0xf6, 0x0, 0x10, 0x1,
    0x40, 0x9, 0x0, 0xff, 0x30, 0x2, 0x80, 0xc,
    0x20, 0x6e, 0x1, 0xfa, 0x44, 0x10, 0x80, 0x2a,
    0x0, 0x44, 0x0, 0x38, 0x69, 0x80, 0x12, 0x1,
    0x92, 0x0, 0xf, 0xf5, 0x10, 0xbe, 0x50, 0x5,
    0x90, 0x7, 0x3d, 0x8, 0x1, 0x5d, 0xc8, 0x1,
    0x4a, 0x0, 0x7c, 0xbd, 0x28, 0x20, 0x2, 0x10,
    0x4, 0xb0, 0x7, 0xf3, 0x5f, 0x7f, 0xb7, 0x90,
    0x1, 0x32, 0x0, 0xff, 0xe1, 0xdc, 0x0, 0x1b,
    0x0, 0x3f, 0xf8, 0x6f, 0x62, 0x2f, 0x0, 0xff,
    0xe2, 0x27, 0xe1, 0x80,

    /* U+0052 "R" */
    0x5f, 0xff, 0xdd, 0x92, 0x60, 0x1f, 0xfc, 0x21,
    0x36, 0xcb, 0x10, 0xf, 0x1c, 0xce, 0x87, 0x30,
    0x2, 0x60, 0x7, 0x99, 0xb9, 0xe3, 0x30, 0x20,
    0x4e, 0x1, 0xff, 0xc1, 0x3b, 0x0, 0x50, 0x7,
    0xff, 0x9, 0x40, 0x4, 0x20, 0x1f, 0xfc, 0x21,
    0x0, 0x18, 0x7, 0xff, 0x8, 0x40, 0x6, 0x1,
    0xff, 0xc1, 0x60, 0x1, 0x8, 0x7, 0xff, 0x1,
    0x24, 0x1, 0x60, 0x1c, 0xcd, 0xe8, 0xcb, 0x0,
    0x2b, 0x0, 0x71, 0xcc, 0xf3, 0x98, 0x1, 0xe8,
    0x3, 0xff, 0x87, 0xb0, 0x1, 0xf2, 0xff, 0xf2,
    0x0, 0x10, 0x3, 0xff, 0x85, 0x0, 0x8, 0x0,
    0xff, 0xe1, 0x1a, 0x80, 0xc0, 0x7, 0xff, 0xa,
    0xc0, 0xe, 0x40, 0x1f, 0xfc, 0x11, 0x70, 0x4,
    0x0, 0x7f, 0xf0, 0xa0, 0x41, 0x4c, 0x3, 0xff,
    0x85, 0x0, 0xf, 0x0, 0xff, 0xe1, 0x31, 0x1,
    0xa8, 0x7, 0xff, 0xa, 0x0, 0x10, 0x0,

    /* U+0053 "S" */
    0x0, 0xc5, 0x19, 0xdf, 0xed, 0xa5, 0x0, 0xfa,
    0x75, 0xcc, 0x40, 0x4, 0xb5, 0x84, 0x1, 0xb1,
    0x80, 0x6, 0xf1, 0x5, 0x10, 0x3d, 0x30, 0x3,
    0x98, 0xe, 0x62, 0x1d, 0xd5, 0xca, 0x0, 0xe0,
    0x5, 0x0, 0x2c, 0xc0, 0x3d, 0x46, 0x4, 0xa0,
    0x40, 0x5, 0x0, 0xfd, 0x40, 0xf, 0x0, 0xc2,
    0x1, 0xf9, 0x1d, 0xd8, 0x8, 0x0, 0x80, 0xf,
    0xc5, 0x10, 0x60, 0x80, 0x3, 0x59, 0x80, 0x7f,
    0xc7, 0x60, 0x4, 0xcc, 0x39, 0x80, 0x7f, 0x27,
    0x28, 0x0, 0xe3, 0x3a, 0x4c, 0x3, 0xe1, 0xae,
    0x82, 0x0, 0xb, 0x65, 0x90, 0x7, 0xc2, 0xfb,
    0xd2, 0x80, 0x4, 0xd4, 0x0, 0xfe, 0x16, 0xbd,
    0x40, 0x5, 0x8, 0x7, 0xfc, 0x56, 0x80, 0x32,
    0xd3, 0x22, 0x0, 0xfe, 0xe0, 0x1, 0xe3, 0x31,
    0x0, 0x3f, 0x84, 0x0, 0xfe, 0x0, 0xb0, 0xf,
    0xec, 0x0, 0x32, 0x90, 0x16, 0x10, 0x7, 0x95,
    0xc0, 0x1c, 0x1e, 0x20, 0x7b, 0x70, 0xee, 0x9d,
    0xa0, 0x2, 0xa0, 0x17, 0xa8, 0x1, 0x1e, 0x20,
    0xc4, 0x0, 0x7a, 0x0, 0x86, 0xb6, 0xc, 0x40,
    0x2, 0x91, 0xd0, 0x0,

    /* U+0054 "T" */
    0x3f, 0xff, 0xfe, 0x2a, 0x80, 0x7f, 0xf1, 0xca,
    0x67, 0xe0, 0xa, 0x26, 0x7c, 0xe2, 0xcd, 0xf0,
    0x80, 0x1d, 0x9b, 0xc4, 0x1, 0xff, 0xff, 0x0,
    0xff, 0xff, 0x80, 0x7f, 0xff, 0xc0, 0x3f, 0xff,
    0xe0, 0x1f, 0xfd, 0xe0,

    /* U+0055 "U" */
    0xdf, 0xf1, 0x0, 0x7f, 0x2f, 0xfa, 0x80, 0x3f,
    0xff, 0xe0, 0x1f, 0xff, 0xf0, 0xf, 0xff, 0xf8,
    0x7, 0xff, 0x4, 0x40, 0x2, 0x1, 0xfc, 0x60,
    0x3, 0x60, 0x2, 0x0, 0x7f, 0x60, 0x3, 0xbc,
    0x1, 0x40, 0x1f, 0x89, 0x40, 0xa, 0xa2, 0x2,
    0xb1, 0x0, 0xe2, 0xf0, 0x2, 0x90, 0x78, 0x82,
    0x75, 0x3b, 0x45, 0xe9, 0x1, 0x58, 0x0, 0xb0,
    0xc0, 0xb, 0x12, 0xe8, 0x0, 0x5c, 0x10, 0x8,
    0xb2, 0xd8, 0x80, 0x23, 0x7d, 0xa1, 0x0, 0x0,

    /* U+0056 "V" */
    0x5f, 0xf7, 0x0, 0x7f, 0xf0, 0x1f, 0xfd, 0x8a,
    0x0, 0x14, 0x0, 0xff, 0xa8, 0x1, 0x40, 0xc0,
    0xd, 0x0, 0xff, 0x19, 0x0, 0x18, 0x28, 0x0,
    0xc0, 0x1f, 0xea, 0x0, 0x30, 0x0, 0xc8, 0x0,
    0xa0, 0x1f, 0xce, 0x0, 0xa0, 0xa, 0x80, 0x1e,
    0x1, 0xf9, 0x4, 0x8, 0xc0, 0x26, 0x0, 0x28,
    0x80, 0x7d, 0xc0, 0xa, 0x0, 0xc2, 0xa0, 0x7,
    0x0, 0xf9, 0x40, 0xc, 0x1, 0xdc, 0x0, 0xd0,
    0xf, 0x28, 0x1, 0x4, 0x3, 0x90, 0x41, 0x4,
    0x3, 0xb8, 0x1, 0xc0, 0x1f, 0x30, 0x1, 0x80,
    0x30, 0xa0, 0xa, 0x80, 0x7d, 0x40, 0xb, 0x0,
    0xcc, 0x0, 0x60, 0xf, 0xc4, 0x60, 0x64, 0x1,
    0x58, 0x2, 0x80, 0x3f, 0xa8, 0x1, 0x40, 0x2,
    0x30, 0x32, 0x0, 0xfe, 0x60, 0x3, 0x0, 0x28,
    0x1, 0x40, 0x1f, 0xf2, 0x80, 0x98, 0x30, 0x1,
    0x80, 0x3f, 0xe9, 0x0, 0x51, 0x88, 0x28, 0x7,
    0xff, 0x0, 0xc8, 0x1e, 0x80, 0x1c, 0x1, 0xff,
    0xc1, 0xa0, 0x16, 0x2, 0x40, 0xf, 0xfe, 0xb,
    0x0, 0x6a, 0x0, 0xff, 0xe1, 0xa, 0x0, 0x4c,
    0x1, 0xff, 0xc3, 0xe0, 0x2, 0x8, 0x7, 0xc0,

    /* U+0057 "W" */
    0xe, 0xff, 0x8, 0x7, 0xef, 0xf6, 0x0, 0x7e,
    0x6f, 0xf4, 0x82, 0x0, 0x10, 0x3, 0xe4, 0x0,
    0x18, 0x80, 0x7d, 0x80, 0xc, 0xc, 0x0, 0x68,
    0x7, 0xda, 0x1, 0x20, 0x7, 0xc8, 0x0, 0x40,
    0x40, 0x2, 0x0, 0x7c, 0xe0, 0x17, 0x80, 0x78,
    0x84, 0x8, 0x40, 0x84, 0xc, 0x3, 0xc4, 0x20,
    0x20, 0x80, 0x1e, 0x70, 0x2, 0x0, 0x48, 0x0,
    0x40, 0xe, 0x50, 0x4, 0x80, 0x98, 0x7, 0x60,
    0x3, 0x0, 0x2c, 0x0, 0x60, 0x7, 0x58, 0xb,
    0x0, 0x2c, 0x3, 0x90, 0x0, 0x80, 0x12, 0x0,
    0xc, 0x3, 0x9, 0x83, 0x89, 0x82, 0x0, 0x61,
    0x20, 0x21, 0x0, 0x88, 0x41, 0x0, 0x32, 0x0,
    0x34, 0x2c, 0xc, 0x40, 0x25, 0x0, 0x20, 0x7,
    0x20, 0x0, 0xc0, 0x2f, 0x0, 0x20, 0x28, 0x1,
    0x0, 0x2c, 0x0, 0x60, 0x7, 0x60, 0x1, 0x0,
    0x24, 0x5, 0x0, 0x10, 0x87, 0x80, 0x48, 0x0,
    0x40, 0xe, 0x40, 0x6, 0x0, 0xc, 0x43, 0x0,
    0x27, 0x4, 0x0, 0x8c, 0x8, 0x40, 0x38, 0x84,
    0x14, 0x1, 0x60, 0x7, 0x0, 0xb4, 0x4, 0xc0,
    0xc0, 0x8, 0x1, 0xf2, 0x0, 0x90, 0x28, 0x18,
    0x80, 0x48, 0x0, 0xb0, 0x40, 0x6, 0x0, 0x7d,
    0x80, 0x4, 0x22, 0x5, 0x80, 0x72, 0x2, 0x6,
    0x0, 0x10, 0x3, 0xe4, 0x0, 0x7a, 0x0, 0x14,
    0x3, 0xb4, 0xc, 0x54, 0x8, 0x40, 0x3e, 0x21,
    0x5, 0xc0, 0x22, 0x0, 0x72, 0x0, 0x1c, 0x41,
    0x0, 0x3f, 0x90, 0x9, 0x1, 0x0, 0x3c, 0x44,
    0xa, 0x0, 0x60, 0x7, 0xf6, 0x0, 0x88, 0x34,
    0x3, 0xe5, 0x3, 0x0, 0x20, 0x7, 0xf2, 0x0,
    0x64, 0x0, 0xfb, 0x0, 0x22, 0x10, 0xf, 0xe2,
    0x10, 0x2, 0x80, 0x7e, 0x40, 0x9, 0x0, 0x3f,
    0xe4, 0x0, 0x78, 0x7, 0xf2, 0x80, 0x30, 0x3,
    0x80,

    /* U+0058 "X" */
    0x9, 0xff, 0x70, 0x7, 0xfb, 0x3f, 0xd6, 0x0,
    0x91, 0x1, 0x90, 0xf, 0xce, 0x60, 0xa, 0x0,
    0xa8, 0x0, 0xc6, 0x1, 0xe2, 0x80, 0x4, 0x88,
    0x4, 0x8c, 0x0, 0xe0, 0xf, 0x48, 0x1, 0x18,
    0x3, 0xa0, 0x40, 0xa0, 0x3, 0x32, 0x0, 0x24,
    0x3, 0xc3, 0x40, 0x7, 0x20, 0x0, 0xc8, 0x2,
    0x48, 0x3, 0xe4, 0x50, 0x7, 0x0, 0x2c, 0x0,
    0x6c, 0x1, 0xfd, 0x62, 0x6, 0xea, 0xa0, 0x7,
    0x0, 0x7f, 0x86, 0xc0, 0x11, 0x60, 0x8, 0x20,
    0xf, 0xf9, 0x54, 0x0, 0x10, 0x37, 0x0, 0xff,
    0xe0, 0xd8, 0x80, 0x5c, 0x1, 0xff, 0xc2, 0x31,
    0x0, 0x98, 0x3, 0xff, 0x85, 0xc0, 0x1a, 0x80,
    0x3f, 0xf8, 0x2e, 0x60, 0x24, 0x3, 0x20, 0x1f,
    0xf1, 0x40, 0x2, 0xf8, 0x0, 0xc8, 0x1, 0xfe,
    0xe0, 0x2, 0x29, 0xb0, 0x2, 0x40, 0x3f, 0x9c,
    0xc0, 0x14, 0x0, 0x91, 0x2, 0x90, 0xf, 0x8a,
    0x0, 0x12, 0x20, 0x15, 0x0, 0x18, 0xc0, 0x3d,
    0xc0, 0x4, 0x60, 0xc, 0x8c, 0x0, 0xe0, 0xe,
    0x73, 0x0, 0x48, 0x7, 0xa0, 0x40, 0xa4, 0x2,
    0x28, 0x0, 0x49, 0x0, 0x78, 0x6c, 0x0, 0xc6,
    0x0, 0xe0, 0x1, 0xb0, 0x7, 0xe5, 0x50, 0x3,
    0x80,

    /* U+0059 "Y" */
    0x7f, 0xf7, 0x0, 0x7f, 0xd9, 0xfe, 0xa7, 0x10,
    0x17, 0x0, 0xfe, 0x43, 0x0, 0x58, 0x58, 0x2,
    0x4, 0x3, 0xf4, 0x80, 0x1c, 0x41, 0x4c, 0x1,
    0x20, 0x1f, 0x29, 0x0, 0xc0, 0x5, 0xe0, 0x7,
    0x10, 0xf, 0x40, 0x2, 0x0, 0x31, 0xa8, 0x2,
    0xc0, 0x39, 0x88, 0xd, 0x80, 0x3a, 0xc0, 0xa,
    0x40, 0x1a, 0x0, 0x1e, 0x1, 0xe1, 0x80, 0x4,
    0x80, 0x50, 0x20, 0xa6, 0x1, 0xf3, 0x88, 0x21,
    0x80, 0xb8, 0x2, 0x0, 0x3f, 0xac, 0x1, 0xe1,
    0x0, 0x7, 0x20, 0xf, 0xe5, 0x30, 0x37, 0x60,
    0x18, 0x0, 0xff, 0xbc, 0x1, 0x0, 0x8, 0x0,
    0xff, 0xe0, 0x1a, 0x80, 0x44, 0xc0, 0x1f, 0xfc,
    0x1b, 0x0, 0xa4, 0x3, 0xff, 0x84, 0x22, 0x0,
    0x28, 0x7, 0xff, 0xfc, 0x3, 0xff, 0xea,

    /* U+005A "Z" */
    0x7f, 0xff, 0xfe, 0x1b, 0x0, 0x7f, 0xf1, 0x56,
    0x67, 0xfe, 0x50, 0x9, 0x9, 0x9b, 0xfc, 0xe8,
    0x0, 0x92, 0x0, 0xff, 0xa8, 0x41, 0x18, 0x3,
    0xfe, 0x64, 0x1, 0xa0, 0xf, 0xf8, 0xa4, 0x1,
    0x42, 0x1, 0xff, 0x78, 0x1, 0x90, 0x3, 0xfe,
    0x92, 0x2, 0x90, 0xf, 0xf9, 0x18, 0x1, 0xe0,
    0x1f, 0xf0, 0xd0, 0x2, 0x48, 0x3, 0xfe, 0xa1,
    0x4, 0x60, 0xf, 0xf9, 0x90, 0x6, 0x80, 0x3f,
    0xe2, 0x90, 0x5, 0x8, 0x7, 0xfd, 0xe0, 0x6,
    0x40, 0xf, 0xfa, 0x48, 0xa, 0x40, 0x3f, 0xe4,
    0x60, 0x7, 0x80, 0x7f, 0xc3, 0x40, 0x9, 0x20,
    0xf, 0xfa, 0x84, 0x11, 0x80, 0x3f, 0xe6, 0x40,
    0x1, 0xb3, 0x7f, 0xf0, 0x30, 0x2, 0x79, 0x9f,
    0xfa, 0x0, 0x3f, 0xf8, 0xa0,

    /* U+005B "[" */
    0x35, 0x5e, 0x8, 0xaa, 0xe2, 0x0, 0xff, 0x67,
    0xf8, 0x80, 0x3f, 0xff, 0xe0, 0x1f, 0xff, 0xf0,
    0xf, 0xfe, 0x4a, 0x2a, 0x80, 0x34, 0x55, 0x8,
    0x3, 0xe0,

    /* U+005C "\\" */
    0x2f, 0xf4, 0x80, 0x7f, 0x11, 0x83, 0x0, 0x7f,
    0xa8, 0x0, 0xa0, 0x1f, 0xcc, 0x0, 0x90, 0xf,
    0xf3, 0x1, 0x90, 0x7, 0xf5, 0x0, 0x28, 0x3,
    0xf8, 0xc8, 0x18, 0x3, 0xfd, 0x40, 0x28, 0x1,
    0xfc, 0xc0, 0xf, 0x0, 0xfe, 0x15, 0x4, 0x10,
    0xf, 0xee, 0x0, 0x30, 0x7, 0xf2, 0x8, 0x50,
    0x7, 0xf9, 0x80, 0x8c, 0x3, 0xfa, 0x80, 0x12,
    0x1, 0xfc, 0x48, 0xa, 0x1, 0xfe, 0xe0, 0x3,
    0x0, 0x7f, 0x28, 0x85, 0x0, 0x7f, 0x9c, 0xc,
    0x80, 0x3f, 0xa8, 0x1, 0x60, 0x1f, 0xc6, 0x60,
    0x70, 0xf, 0xf5, 0x0, 0xa8, 0x7, 0xf3, 0x80,
    0x38, 0x3, 0xf8, 0x54, 0x10, 0x40, 0x3f, 0xb8,
    0x1, 0x20, 0x1f, 0xc9, 0xf, 0xc0,

    /* U+005D "]" */
    0x45, 0x5e, 0x9, 0xaa, 0xe1, 0x0, 0xfb, 0x7f,
    0xc4, 0x1, 0xff, 0xff, 0x0, 0xff, 0xff, 0x80,
    0x7f, 0xf2, 0x51, 0x54, 0x60, 0x14, 0xd5, 0x4,
    0x3, 0xfc,

    /* U+005E "^" */
    0x0, 0xd1, 0xfa, 0x1, 0xfc, 0xc0, 0x48, 0x1,
    0xf3, 0x8, 0x3, 0xc0, 0x3e, 0xb0, 0x9, 0x8,
    0x3, 0x8c, 0x82, 0x40, 0x16, 0x1, 0xd2, 0x2,
    0xcc, 0x6, 0x0, 0xc2, 0xa0, 0xc1, 0x40, 0x6,
    0x0, 0xa4, 0x1, 0x40, 0x66, 0xb, 0x0, 0x98,
    0x10, 0x80, 0x14, 0x4, 0x80, 0xa2, 0x1e, 0x1,
    0x30, 0x87, 0x84, 0x80, 0xa0, 0x6, 0x70, 0x42,

    /* U+005F "_" */
    0x55, 0xff, 0xe1, 0x15, 0x57, 0xff, 0x9, 0x0,
    0x3f, 0xf8, 0x60,

    /* U+0060 "`" */
    0x7, 0x88, 0x20, 0x6, 0x47, 0x75, 0x88, 0x4,
    0x74, 0x0, 0xa0, 0xc, 0xb2, 0x8, 0xc0, 0x19,
    0x9c, 0x24, 0x80,

    /* U+0061 "a" */
    0x0, 0xcb, 0x7d, 0xfe, 0xd9, 0x20, 0xe, 0x2d,
    0xa4, 0x10, 0x1, 0x36, 0xb0, 0x4, 0x38, 0x40,
    0x73, 0x52, 0xa0, 0x9, 0x40, 0x4, 0x8, 0x36,
    0x32, 0xb5, 0x40, 0x2, 0x0, 0xe, 0x0, 0x90,
    0xe, 0x70, 0x1, 0x80, 0x3b, 0xfc, 0x1, 0xf1,
    0x0, 0x7f, 0xf1, 0x44, 0x2, 0x17, 0xbe, 0xff,
    0xc4, 0x1, 0xcf, 0xd0, 0x82, 0x1, 0xfc, 0xf0,
    0x3, 0x19, 0xff, 0x88, 0x3, 0x40, 0x3, 0x1c,
    0xc0, 0x3f, 0x18, 0x1, 0x48, 0x3, 0xfc, 0xe0,
    0x1, 0x0, 0xf0, 0x90, 0x4, 0xa0, 0x4, 0x40,
    0x6, 0x3c, 0x0, 0xc2, 0xa0, 0xb, 0xb4, 0x43,
    0x30, 0x40, 0x11, 0x85, 0x18, 0x1, 0x1d, 0xc6,
    0xa, 0x80, 0x7, 0x0, 0x64, 0x98, 0x80, 0xad,
    0xd7, 0x22, 0xc,

    /* U+0062 "b" */
    0xdf, 0xf0, 0x80, 0x7f, 0xff, 0xc0, 0x3f, 0xf8,
    0x65, 0x3b, 0xfe, 0xd7, 0x0, 0xf9, 0xb5, 0x88,
    0x0, 0x51, 0xa4, 0x1, 0xd0, 0x9, 0x12, 0xc0,
    0x2, 0xf0, 0xf, 0x5d, 0x9d, 0xa7, 0x88, 0xa,
    0x0, 0x34, 0xa0, 0x6, 0x1e, 0x0, 0x30, 0x6,
    0x70, 0xf, 0x19, 0x80, 0x4c, 0x3, 0xfe, 0x40,
    0x2, 0x80, 0x7f, 0xdc, 0x0, 0x10, 0xf, 0xfe,
    0x17, 0x80, 0x7f, 0xf0, 0xbc, 0x3, 0xfe, 0xf0,
    0x0, 0x80, 0x7f, 0xca, 0x0, 0x50, 0x9, 0xc0,
    0x3c, 0x66, 0x1, 0x30, 0xa, 0x50, 0x3, 0xf,
    0x0, 0x24, 0x3, 0xae, 0xce, 0xe9, 0xe2, 0x2,
    0x70, 0xd, 0x40, 0x91, 0x6, 0x0, 0x17, 0x80,
    0x61, 0x5d, 0x62, 0x0, 0x1c, 0x69, 0x0, 0x0,

    /* U+0063 "c" */
    0x0, 0xc9, 0x5d, 0xfe, 0xd9, 0x20, 0xf, 0x55,
    0xa8, 0x80, 0x9, 0xb5, 0xc0, 0x35, 0xa8, 0xb,
    0xd4, 0xb0, 0x2, 0x1c, 0x0, 0xc8, 0x5, 0xf0,
    0xad, 0x38, 0x0, 0x81, 0x8, 0x0, 0x78, 0x80,
    0x63, 0x80, 0x3, 0x18, 0x82, 0x10, 0x7, 0x98,
    0x1, 0xca, 0x0, 0x30, 0xf, 0x87, 0xfd, 0x3c,
    0x0, 0xe0, 0xf, 0xfe, 0x11, 0x80, 0x7f, 0xf0,
    0x8c, 0x3, 0xfe, 0xe0, 0x0, 0x80, 0x7f, 0xca,
    0x0, 0xc0, 0xf, 0xd1, 0x5, 0x31, 0x4, 0x20,
    0xf, 0x2b, 0xbb, 0x42, 0x0, 0x1c, 0x20, 0x18,
    0xac, 0x1, 0x40, 0xc8, 0x7, 0xf0, 0xad, 0x3a,
    0x21, 0x4, 0x0, 0xb5, 0x1, 0x7a, 0x96, 0x0,
    0x4b, 0x80, 0x6a, 0xb5, 0x10, 0x1, 0x3f, 0x30,
    0x0,

    /* U+0064 "d" */
    0x0, 0xff, 0x8b, 0xfd, 0x80, 0x1f, 0xff, 0xf0,
    0xc, 0xd9, 0xfe, 0xea, 0x20, 0xf, 0xe, 0x49,
    0x80, 0x5, 0x76, 0x80, 0x3b, 0x4c, 0x0, 0xd3,
    0xa, 0xe, 0x1, 0x98, 0xc0, 0x76, 0x59, 0xeb,
    0x4, 0x3, 0x40, 0x2, 0x88, 0x3, 0x1d, 0x80,
    0x46, 0x20, 0x48, 0x1, 0xe7, 0x0, 0x94, 0x0,
    0x80, 0x1f, 0xf0, 0x80, 0x3c, 0x3, 0xfe, 0xf0,
    0xf, 0xfe, 0x17, 0x80, 0x7f, 0xf0, 0x88, 0x1,
    0xc0, 0x1f, 0xf3, 0x80, 0x10, 0x3, 0xfe, 0x22,
    0x1, 0xa0, 0x7, 0x90, 0x3, 0x58, 0x2, 0x88,
    0x3, 0x1c, 0x80, 0x66, 0x30, 0x1d, 0xa7, 0x75,
    0xe0, 0x7, 0xb4, 0xc0, 0xb, 0x10, 0x40, 0x90,
    0xe, 0x1c, 0x93, 0x0, 0xb, 0x6b, 0x8, 0x0,

    /* U+0065 "e" */
    0x0, 0xc5, 0x3b, 0xfe, 0xd9, 0x20, 0xf, 0x3e,
    0xb1, 0x0, 0x9, 0xb5, 0x80, 0x34, 0x40, 0x0,
    0xd5, 0x2a, 0x0, 0x95, 0x0, 0x23, 0x80, 0xec,
    0xab, 0x55, 0x80, 0x2c, 0x1, 0x0, 0xa, 0x20,
    0xc, 0x8c, 0x2, 0xa4, 0x60, 0x68, 0x1, 0xed,
    0x0, 0x62, 0x0, 0x1d, 0x57, 0xe2, 0x0, 0x17,
    0x0, 0x12, 0xab, 0xe9, 0x0, 0x38, 0x7, 0xff,
    0x1a, 0x7f, 0xff, 0xd9, 0xc0, 0xe, 0x0, 0xff,
    0x94, 0x0, 0x80, 0x1f, 0xf1, 0x88, 0x1a, 0x0,
    0x7c, 0x84, 0x0, 0x80, 0x5, 0xa0, 0x7, 0x2d,
    0xea, 0x3, 0x28, 0x2, 0xe9, 0x95, 0xee, 0x80,
    0x54, 0x1, 0x4e, 0x0, 0x59, 0xa8, 0x40, 0x2c,
    0x10, 0xa, 0x35, 0x88, 0x0, 0x29, 0x3a, 0x40,

    /* U+0066 "f" */
    0x0, 0xf3, 0xe7, 0xfb, 0x84, 0x3, 0xe, 0xc1,
    0x80, 0x4, 0x3, 0xac, 0x80, 0xd, 0xe, 0x20,
    0x10, 0xa8, 0x3, 0x65, 0xe0, 0x3, 0x28, 0x1,
    0x48, 0x3, 0xe1, 0x0, 0x10, 0x7, 0xe3, 0x0,
    0xfe, 0xff, 0x48, 0x1, 0xff, 0xe1, 0x0, 0xff,
    0xe1, 0x66, 0x1c, 0x0, 0xd9, 0x90, 0x80, 0xc,
    0xdc, 0x0, 0x13, 0x38, 0x3, 0xff, 0xfe, 0x1,
    0xff, 0xff, 0x0, 0xfc,

    /* U+0067 "g" */
    0x0, 0xcd, 0x9f, 0xee, 0xa3, 0xe, 0xfc, 0x0,
    0xe, 0xc9, 0x80, 0x5, 0x71, 0x84, 0x3, 0x69,
    0x0, 0x1a, 0x61, 0x42, 0x40, 0x33, 0x98, 0xe,
    0xcb, 0x3d, 0x60, 0x80, 0x6a, 0x0, 0x51, 0x0,
    0x63, 0xb0, 0x8, 0x88, 0x4, 0x80, 0x1e, 0x40,
    0x9, 0xc0, 0x8, 0x1, 0xff, 0x10, 0x3, 0x80,
    0x3f, 0xf8, 0x42, 0x1, 0xff, 0xc2, 0x10, 0xf,
    0xf8, 0x80, 0x1c, 0x1, 0xff, 0x38, 0x1, 0x0,
    0x3f, 0xe2, 0x20, 0x12, 0x0, 0x79, 0x0, 0x35,
    0x80, 0x28, 0x80, 0x31, 0xd8, 0x6, 0x63, 0x1,
    0xda, 0x77, 0x5e, 0x8, 0x7, 0x69, 0x80, 0x16,
    0x20, 0x80, 0xe0, 0x1c, 0x39, 0x26, 0x0, 0x15,
    0xd9, 0x0, 0xf9, 0xb3, 0xfd, 0xd4, 0x44, 0x0,
    0x30, 0x0, 0x80, 0x3f, 0x50, 0x3, 0x40, 0xb3,
    0x4, 0x1, 0xca, 0xc0, 0x6, 0x7, 0x13, 0xda,
    0x65, 0x7b, 0xa0, 0x4, 0x88, 0x2d, 0x8, 0x2c,
    0xd4, 0x20, 0x2, 0x58, 0x2, 0x5e, 0x94, 0x10,
    0x1, 0xbe, 0xb0, 0x0,

    /* U+0068 "h" */
    0xcf, 0xf0, 0x80, 0x7f, 0xff, 0xc0, 0x3f, 0xcf,
    0x9f, 0xed, 0x91, 0x0, 0xe2, 0xd8, 0x30, 0x1,
    0x37, 0x90, 0x6, 0xd2, 0x38, 0x96, 0x0, 0xf,
    0x0, 0x61, 0x8c, 0x76, 0x9d, 0x0, 0x19, 0x0,
    0x4c, 0xe0, 0x18, 0x98, 0x0, 0x80, 0x15, 0x80,
    0x7b, 0xc0, 0x2, 0x1, 0x18, 0x7, 0xf7, 0x80,
    0x7f, 0xff, 0xc0, 0x3f, 0xfe, 0xa0,

    /* U+0069 "i" */
    0x5f, 0xe3, 0x90, 0x1a, 0x40, 0x6, 0x46, 0x6a,
    0x81, 0x90, 0x4f, 0xf9, 0x40, 0x3f, 0xfe, 0x80,

    /* U+006A "j" */
    0x0, 0xd1, 0xf8, 0x20, 0x19, 0xc0, 0xdc, 0x3,
    0x20, 0x1, 0x0, 0x35, 0xe7, 0x10, 0x7, 0x18,
    0x80, 0x75, 0xff, 0x8c, 0x3, 0xff, 0xfe, 0x1,
    0xff, 0xf8, 0x10, 0xc, 0xa0, 0x3, 0x7, 0x75,
    0x88, 0x10, 0x84, 0x41, 0x0, 0x12, 0x0, 0x20,
    0x1, 0xda, 0x0,

    /* U+006B "k" */
    0xcf, 0xf0, 0x80, 0x7f, 0xff, 0xc0, 0x3f, 0xf9,
    0x13, 0xfe, 0xd1, 0x0, 0xfe, 0x86, 0x1, 0xf1,
    0x0, 0xfc, 0xee, 0x1, 0xc2, 0x0, 0xfc, 0xd0,
    0x0, 0xd2, 0x0, 0xfc, 0xb2, 0x0, 0xb3, 0x0,
    0xfc, 0x94, 0x0, 0xa4, 0x0, 0xfc, 0xb6, 0x0,
    0x95, 0x0, 0xfe, 0xa0, 0x9, 0x40, 0x3f, 0xc2,
    0x1, 0x70, 0x7, 0xfc, 0xc6, 0x5, 0x40, 0x1f,
    0xcd, 0x3a, 0x20, 0xac, 0x1, 0xfa, 0x0, 0x68,
    0x1, 0x24, 0x1, 0xfe, 0x47, 0x0, 0x78, 0x7,
    0xfd, 0x6, 0x5, 0x20, 0x1f, 0xf7, 0x8, 0x32,
    0x80, 0x7f, 0x8a, 0xc0, 0x14, 0x40, 0x1f, 0xe5,
    0x60, 0x7, 0x0,

    /* U+006C "l" */
    0x9f, 0xf2, 0x80, 0x7f, 0xff, 0xc0, 0x3f, 0xf8,
    0x20,

    /* U+006D "m" */
    0xdf, 0xf0, 0x14, 0xef, 0xfb, 0x60, 0x40, 0x2,
    0xf9, 0xfe, 0xea, 0x40, 0xe, 0x6d, 0x62, 0x0,
    0x13, 0xf9, 0x1f, 0xc1, 0x80, 0x5, 0x6d, 0xc0,
    0x34, 0x83, 0x4c, 0x28, 0x0, 0x7f, 0x4, 0xa2,
    0x5c, 0x80, 0x10, 0x40, 0x11, 0x74, 0xb3, 0xd6,
    0x0, 0x8, 0x1f, 0x5d, 0xa3, 0x50, 0x1, 0x40,
    0x17, 0x8, 0x6, 0x35, 0x0, 0x14, 0x0, 0x74,
    0x0, 0x10, 0x2, 0x20, 0xf, 0x68, 0x1, 0x40,
    0x3c, 0x60, 0x2, 0x0, 0xff, 0x8, 0x3, 0xc0,
    0x3f, 0xff, 0xe0, 0x1f, 0xff, 0xf0, 0xf, 0xff,
    0xf8, 0x7, 0xff, 0x34,

    /* U+006E "n" */
    0xcf, 0xf0, 0xc, 0x6f, 0xfb, 0x64, 0x40, 0x38,
    0xfd, 0xc8, 0x0, 0x4d, 0xe4, 0x1, 0xb0, 0x52,
    0x25, 0x80, 0x3, 0xc0, 0x1d, 0x76, 0x76, 0x9d,
    0x0, 0x19, 0x0, 0x52, 0x80, 0x18, 0x98, 0x0,
    0x80, 0x13, 0x80, 0x7b, 0xc0, 0x2, 0x1, 0xff,
    0xc1, 0xf0, 0xf, 0xff, 0xf8, 0x7, 0xff, 0xd4,

    /* U+006F "o" */
    0x0, 0xc5, 0x3b, 0xfe, 0xea, 0x40, 0xf, 0xa3,
    0x58, 0x80, 0x2, 0xb7, 0x61, 0x0, 0xd2, 0xe0,
    0x5, 0x9a, 0x71, 0x4, 0xd0, 0x9, 0x18, 0x7,
    0x29, 0x96, 0x3c, 0xc0, 0xe0, 0x1, 0x0, 0xa,
    0x30, 0xc, 0x3a, 0x0, 0x71, 0x23, 0x2, 0x40,
    0xf, 0xb, 0x0, 0x1d, 0x0, 0xa, 0x1, 0xfb,
    0x40, 0x19, 0xc0, 0xd, 0x0, 0xfc, 0xc0, 0x6,
    0x10, 0xf, 0xf8, 0xc0, 0x2, 0x20, 0xf, 0xfe,
    0x10, 0xf0, 0x3, 0x40, 0x3f, 0x28, 0x1, 0x90,
    0x0, 0x80, 0x1f, 0xb4, 0x1, 0xa4, 0x40, 0x34,
    0x0, 0xf0, 0xb0, 0x1, 0x82, 0x40, 0x14, 0x60,
    0x18, 0x74, 0x0, 0xc2, 0x8, 0xc0, 0x39, 0x4c,
    0xb1, 0xe6, 0x7, 0x20, 0x14, 0xb8, 0x1, 0x66,
    0x9c, 0x41, 0x34, 0x3, 0xa3, 0x58, 0x80, 0x2,
    0xb7, 0x61, 0x0, 0x0,

    /* U+0070 "p" */
    0xdf, 0xe0, 0x29, 0xef, 0xf6, 0x38, 0x7, 0x85,
    0xb5, 0x84, 0x0, 0x71, 0xa4, 0x1, 0xd2, 0xb,
    0x10, 0x50, 0x1, 0x78, 0x7, 0xe, 0xd3, 0xba,
    0xb0, 0x40, 0x9c, 0x3, 0x51, 0x0, 0x63, 0xb0,
    0x4, 0x80, 0x65, 0x0, 0xf2, 0x90, 0x9, 0x0,
    0x7f, 0xc8, 0x0, 0x70, 0xf, 0xfb, 0x80, 0x4,
    0x1, 0xff, 0x8, 0x7, 0xff, 0x8, 0x40, 0x3f,
    0xf8, 0x5c, 0x0, 0x20, 0xf, 0xf9, 0x0, 0xe,
    0x1, 0x10, 0x7, 0x90, 0x80, 0x48, 0x2, 0xe1,
    0x0, 0xc5, 0x40, 0x9, 0x0, 0xc5, 0xd2, 0xcc,
    0x9d, 0x10, 0x27, 0x0, 0xcc, 0xd, 0x32, 0x60,
    0x1, 0x60, 0x7, 0x46, 0x28, 0x80, 0xe, 0x34,
    0x40, 0x3c, 0x75, 0xdf, 0xec, 0x70, 0xf, 0xff,
    0xf8, 0x6,

    /* U+0071 "q" */
    0x0, 0xcd, 0x9f, 0xee, 0xa3, 0xf, 0xf6, 0x0,
    0x7, 0x64, 0xc0, 0x2, 0xb9, 0x0, 0x1d, 0x84,
    0x0, 0x69, 0x93, 0x3, 0x80, 0x67, 0x20, 0x1d,
    0x96, 0x64, 0xe9, 0x0, 0x69, 0x0, 0x51, 0x0,
    0x62, 0x90, 0x8, 0xc4, 0x9, 0x0, 0x3c, 0xc0,
    0x12, 0x80, 0x10, 0x3, 0xfe, 0x10, 0x7, 0x80,
    0x7f, 0xde, 0x1, 0xff, 0xc2, 0xf0, 0xf, 0xfe,
    0x10, 0x80, 0x38, 0x3, 0xfe, 0x40, 0x2, 0x80,
    0x7f, 0xc4, 0x40, 0x24, 0x0, 0xf3, 0x0, 0x6b,
    0x0, 0x51, 0x0, 0x62, 0xa0, 0xc, 0xc6, 0x3,
    0xb2, 0xad, 0x3a, 0x20, 0x1d, 0xa6, 0x0, 0x6a,
    0x96, 0x5, 0x0, 0xe1, 0xc9, 0x30, 0x0, 0xae,
    0x40, 0x7, 0xcd, 0x9f, 0xee, 0xa3, 0x0, 0xff,
    0xff, 0x80, 0x60,

    /* U+0072 "r" */
    0xcf, 0xf0, 0x25, 0xff, 0x94, 0x2, 0x7b, 0x40,
    0xf, 0x40, 0x0, 0xcc, 0x20, 0x1a, 0x3f, 0x30,
    0x80, 0x14, 0x38, 0x7, 0xca, 0x1, 0xf8, 0xc0,
    0x3f, 0xff, 0xe0, 0x1f, 0xfc, 0x80,

    /* U+0073 "s" */
    0x0, 0x86, 0x37, 0xfd, 0xd6, 0xc0, 0x1c, 0xbc,
    0xe4, 0x0, 0x14, 0x9d, 0x20, 0x1, 0xd0, 0x1,
    0x66, 0xa0, 0x40, 0xb0, 0x1, 0x0, 0x9, 0xa6,
    0x57, 0xe3, 0x1, 0x70, 0x50, 0x3, 0x0, 0x77,
    0x80, 0x30, 0xc, 0x0, 0x40, 0x1c, 0x7b, 0xaa,
    0x5, 0x0, 0x63, 0x8, 0x6, 0x22, 0x8, 0x42,
    0x0, 0xcf, 0x6c, 0xa0, 0x7, 0xae, 0x8c, 0x0,
    0x4d, 0x7d, 0x0, 0x1c, 0xb9, 0xd4, 0xc6, 0x2,
    0xfa, 0x20, 0x1c, 0x2b, 0x39, 0xa6, 0x5, 0x6,
    0xcc, 0x20, 0xe, 0x2d, 0x0, 0x3a, 0xcc, 0xac,
    0x3, 0xc2, 0x1, 0x38, 0x1, 0x8c, 0x3, 0x98,
    0x0, 0xa3, 0x0, 0xc, 0xa6, 0x56, 0xb9, 0x0,
    0x40, 0x3c, 0x0, 0x16, 0x6a, 0x50, 0x1, 0x46,
    0x0, 0x7d, 0x72, 0x0, 0x8e, 0x39, 0x40,

    /* U+0074 "t" */
    0x0, 0xb3, 0xfc, 0x40, 0x1f, 0xfd, 0x5d, 0xff,
    0x18, 0x3, 0x7f, 0xc8, 0x1, 0xfe, 0xfc, 0xc1,
    0x0, 0x2f, 0x30, 0x84, 0x66, 0x10, 0x3, 0x19,
    0x80, 0x3f, 0xff, 0xe0, 0x1f, 0xfc, 0x77, 0x0,
    0x30, 0x7, 0x8c, 0x1, 0x50, 0xe6, 0x1, 0x48,
    0x80, 0xbc, 0x30, 0x4, 0x38, 0x80, 0x1, 0x10,

    /* U+0075 "u" */
    0xdf, 0xf0, 0x7, 0xcf, 0xfe, 0x70, 0xf, 0xff,
    0xf8, 0x7, 0xff, 0xe0, 0x40, 0x3f, 0xcc, 0x0,
    0x50, 0xf, 0x70, 0x5, 0x80, 0xf, 0x0, 0xe6,
    0x60, 0x4, 0xc0, 0x4, 0xd7, 0x74, 0x6c, 0x80,
    0x61, 0xa0, 0x1, 0x44, 0x1c, 0x81, 0x40, 0x32,
    0xe2, 0x88, 0x0, 0x9f, 0xbc, 0x2,

    /* U+0076 "v" */
    0x4f, 0xf5, 0x0, 0x7c, 0x7f, 0xeb, 0x41, 0x5,
    0x0, 0xfa, 0xc0, 0x1a, 0xe, 0x0, 0x40, 0xf,
    0x28, 0x1, 0x82, 0x80, 0x1c, 0x1, 0xc4, 0x40,
    0x50, 0x1, 0x90, 0x28, 0x7, 0x28, 0x3, 0xc0,
    0x25, 0x0, 0x20, 0x6, 0xb0, 0x15, 0x0, 0xa8,
    0x1, 0xc0, 0x10, 0x98, 0x38, 0x6, 0x23, 0x4,
    0x0, 0x98, 0x1, 0x40, 0x1d, 0x40, 0x28, 0x0,
    0xb0, 0x13, 0x0, 0xe7, 0x0, 0x68, 0x9, 0x83,
    0x0, 0x78, 0x50, 0x1c, 0x1c, 0x1, 0x40, 0x1f,
    0x70, 0xa, 0x68, 0x19, 0x0, 0x7c, 0xa0, 0xe,
    0x40, 0xb0, 0xf, 0xe6, 0x5, 0x0, 0x30, 0x7,
    0xf6, 0x80, 0x48, 0x20, 0x1f, 0xc8, 0x20, 0xd,
    0x0, 0xff, 0x98, 0x0, 0xc0, 0x1c,

    /* U+0077 "w" */
    0x3f, 0xf5, 0x80, 0x79, 0x7f, 0xc8, 0x1, 0xeb,
    0xff, 0x11, 0x88, 0x20, 0x7, 0xbc, 0x1, 0xa0,
    0x1e, 0x40, 0x22, 0x3, 0x80, 0xc, 0x3, 0x90,
    0x0, 0xe0, 0x1c, 0x60, 0x4, 0x0, 0x60, 0x1,
    0x0, 0x32, 0x8, 0x0, 0x4c, 0x3, 0x20, 0x3,
    0x40, 0xa, 0x0, 0xc0, 0xd, 0xa0, 0x42, 0x16,
    0x1, 0xb0, 0x0, 0x80, 0x12, 0x2, 0x0, 0x67,
    0x5, 0x70, 0x50, 0xc, 0x80, 0x80, 0x1b, 0x0,
    0x8, 0x0, 0x31, 0xb, 0xd0, 0x22, 0x0, 0xc,
    0x1, 0xa0, 0x19, 0x40, 0x18, 0x0, 0xb0, 0x13,
    0x40, 0x2, 0x80, 0x10, 0x0, 0x80, 0x18, 0x84,
    0x10, 0x0, 0xa0, 0xe0, 0x5, 0xb, 0x0, 0x60,
    0x11, 0x0, 0x39, 0xc0, 0xc0, 0x88, 0x1a, 0x0,
    0xf0, 0x31, 0x4, 0x5, 0x0, 0xf6, 0x80, 0x15,
    0x40, 0x4, 0x0, 0x28, 0x1, 0xcc, 0x1, 0x80,
    0x1e, 0x40, 0x6, 0x60, 0x14, 0x3, 0x20, 0x6a,
    0x0, 0x10, 0x3, 0xe4, 0x7, 0x40, 0xf0, 0xd,
    0xa0, 0x96, 0x8, 0x1, 0xfb, 0x40, 0x40, 0xa,
    0x1, 0x9c, 0x0, 0x61, 0xa0, 0x1f, 0x90, 0x2,
    0x40, 0xe, 0x13, 0x0, 0x9c, 0x3, 0xf1, 0x10,
    0x1, 0xa0, 0x1e, 0xa0, 0x1, 0x8, 0x7, 0xf2,
    0x0, 0x1c, 0x3, 0xce, 0x0, 0x50, 0xe,

    /* U+0078 "x" */
    0xd, 0xff, 0x38, 0x7, 0xaf, 0xfd, 0x40, 0xe,
    0x0, 0x40, 0x80, 0x64, 0x40, 0xd, 0x80, 0xd,
    0xc0, 0x16, 0x1, 0xa4, 0x1, 0x62, 0x1, 0x41,
    0x2, 0xa0, 0x2, 0x8, 0x11, 0x40, 0x3b, 0x80,
    0x12, 0x4, 0xe0, 0xa, 0x0, 0xf1, 0xb0, 0x13,
    0xc8, 0x2, 0x44, 0x3, 0xe9, 0x20, 0x84, 0x4,
    0x60, 0xf, 0xee, 0x0, 0xd4, 0x1, 0xfe, 0x32,
    0x0, 0x28, 0x80, 0x7f, 0x98, 0x80, 0xa, 0x60,
    0x1f, 0xc3, 0x20, 0x20, 0xe, 0x0, 0xfe, 0xa0,
    0x4, 0x38, 0x14, 0x0, 0x7c, 0xc8, 0x6, 0xd0,
    0x20, 0xe6, 0x1, 0xc3, 0x20, 0xe, 0x0, 0x58,
    0x3, 0x80, 0x3a, 0x80, 0xe, 0x40, 0x5, 0x40,
    0x28, 0x0, 0x95, 0x0, 0x60, 0x3, 0x48, 0x1,
    0xcc, 0x6, 0xc0, 0x16, 0x1, 0xc5, 0x0, 0xe,
    0x0,

    /* U+0079 "y" */
    0x7f, 0xf5, 0x0, 0x7d, 0x1f, 0xe9, 0x60, 0x2,
    0x80, 0x7c, 0xa0, 0xa, 0x14, 0x0, 0x28, 0x7,
    0x11, 0x0, 0x8c, 0x38, 0x1, 0xc0, 0x1c, 0xa0,
    0xa, 0x0, 0x28, 0x1, 0x4, 0x3, 0x58, 0x1,
    0x40, 0x26, 0x0, 0x38, 0x4, 0x26, 0x6, 0x40,
    0x15, 0x0, 0x28, 0x2, 0x70, 0x5, 0x0, 0x63,
    0x20, 0x31, 0x0, 0x50, 0x1, 0xc0, 0x3a, 0x80,
    0xc, 0x2, 0x60, 0x82, 0x1, 0xcc, 0x0, 0xb0,
    0x70, 0x7, 0x0, 0x78, 0x50, 0xc, 0xb4, 0x0,
    0xa0, 0x1f, 0x70, 0x2, 0x90, 0x14, 0x3, 0xf2,
    0x80, 0x1c, 0x1, 0xc0, 0x1f, 0xca, 0x1, 0xa,
    0x0, 0x7f, 0x70, 0x4, 0xc0, 0x1f, 0xe4, 0x10,
    0x5, 0x80, 0x7f, 0xc4, 0x4, 0x60, 0x1f, 0xe2,
    0x30, 0xa0, 0xf, 0xfa, 0x80, 0xa, 0x1, 0xfe,
    0x37, 0x4, 0x20, 0xf, 0x96, 0x2b, 0x0, 0x10,
    0x1, 0xfb, 0xdd, 0x40, 0x12, 0x60, 0x1f, 0x8c,
    0x0, 0x76, 0xc0, 0x1f, 0x80,

    /* U+007A "z" */
    0x7f, 0xff, 0xfe, 0x2, 0x80, 0x7f, 0xf0, 0x96,
    0xab, 0xf2, 0x80, 0x5, 0x9, 0x57, 0xe7, 0x50,
    0x6, 0x88, 0x7, 0xef, 0x0, 0x41, 0x80, 0x7e,
    0x92, 0x4, 0x70, 0xf, 0xca, 0xc0, 0x34, 0x1,
    0xf8, 0xa8, 0x1, 0x42, 0x1, 0xfb, 0x80, 0xe,
    0x80, 0x1f, 0xa4, 0xc1, 0x20, 0x3, 0xf2, 0xb0,
    0xd, 0x0, 0x7e, 0x2a, 0x0, 0x50, 0x80, 0x7e,
    0xe0, 0x3, 0xa0, 0x7, 0xe9, 0x30, 0x38, 0x0,
    0xfc, 0x8c, 0x0, 0xb5, 0x5f, 0xc9, 0xa0, 0x14,
    0x55, 0x7e, 0x80, 0xf, 0xfe, 0x10,

    /* U+007B "{" */
    0x0, 0xf9, 0xb0, 0x3, 0xc7, 0xd2, 0x6a, 0x1,
    0x8f, 0x4, 0x56, 0xa0, 0x1b, 0x80, 0x18, 0x80,
    0x19, 0x8, 0x14, 0x80, 0x3b, 0x0, 0x18, 0x1,
    0xe2, 0x0, 0x10, 0x7, 0x84, 0x0, 0xe0, 0x1f,
    0xfd, 0x87, 0x0, 0x8, 0x7, 0x9, 0x80, 0x90,
    0x6, 0x2d, 0x0, 0x40, 0x6, 0xed, 0x30, 0x66,
    0x0, 0x61, 0x0, 0xd, 0x80, 0x73, 0x98, 0xe,
    0x90, 0x6, 0x8c, 0x70, 0x4, 0x80, 0x7a, 0x4,
    0x10, 0x3, 0xe5, 0x0, 0x10, 0x7, 0xf0, 0x80,
    0x7f, 0xf3, 0x84, 0x3, 0xf8, 0xc0, 0xe, 0x1,
    0xef, 0x0, 0x18, 0x7, 0x90, 0x1, 0x40, 0x1e,
    0x26, 0x2, 0x80, 0xf, 0x49, 0x83, 0xd9, 0x0,
    0x76, 0x38, 0x20, 0x80, 0x7a, 0x3a, 0x4c,

    /* U+007C "|" */
    0x4f, 0xf0, 0x80, 0x7f, 0xff, 0xc0, 0x3f, 0xf9,
    0xac, 0xee, 0x10,

    /* U+007D "}" */
    0x16, 0x0, 0xfc, 0xd3, 0xee, 0x1, 0xe4, 0x30,
    0x8a, 0x0, 0xe3, 0xc5, 0x5, 0x70, 0xf, 0x58,
    0x2, 0x40, 0x3c, 0x2a, 0x2, 0x60, 0x1e, 0xd0,
    0x2, 0x80, 0x78, 0x40, 0x2, 0x1, 0xff, 0xdb,
    0xf0, 0xf, 0x28, 0x1, 0x0, 0x3c, 0x66, 0x3,
    0x50, 0xf, 0x70, 0x85, 0x5b, 0x80, 0x62, 0xc1,
    0x4, 0xa0, 0xc, 0x3e, 0x20, 0x28, 0x1, 0xa8,
    0x81, 0xfa, 0x40, 0x22, 0x40, 0x28, 0x0, 0xe7,
    0x0, 0x20, 0x7, 0x8c, 0x1, 0xc0, 0x1f, 0xfd,
    0x81, 0x0, 0x8, 0x7, 0xb4, 0x0, 0x40, 0x1e,
    0x40, 0x2, 0x0, 0x74, 0x8, 0x38, 0x6, 0x29,
    0x70, 0x38, 0x0, 0xd4, 0xc0, 0xd8, 0x1, 0xd4,
    0xfb, 0x20, 0x1e,

    /* U+007E "~" */
    0x0, 0x25, 0xff, 0xb5, 0xc0, 0x3e, 0x69, 0x60,
    0x7b, 0x40, 0x1, 0x46, 0x98, 0x7, 0x53, 0x61,
    0xc0, 0x1, 0x9c, 0x80, 0xb1, 0x40, 0x24, 0x30,
    0xc9, 0x0, 0x6c, 0xc6, 0xb8, 0x2, 0xb2, 0x2a,
    0xc0, 0x59, 0xc1, 0x48, 0x2, 0x8a, 0x0, 0x1b,
    0xa8, 0x3, 0x42, 0xa3, 0x80, 0x39, 0x79, 0x84,
    0x5, 0x74, 0xc0,

    /* U+00A0 " " */

    /* U+00A1 "¡" */
    0x5f, 0xe3, 0x90, 0x1a, 0x40, 0x6, 0x46, 0x6a,
    0x81, 0x90, 0x7, 0x2f, 0xf9, 0x0, 0x3e, 0x13,
    0x0, 0xff, 0xe3, 0x18, 0x80, 0x7f, 0xf0, 0x87,
    0xc0, 0x3f, 0xf8, 0x71, 0xdc, 0x70,

    /* U+00A2 "¢" */
    0x0, 0xf1, 0xc4, 0xc, 0x3, 0xfe, 0x47, 0x72,
    0x0, 0x7f, 0xf6, 0xca, 0x64, 0x0, 0x9a, 0x40,
    0xf, 0x46, 0xb0, 0x80, 0x5, 0x6e, 0x80, 0x34,
    0x38, 0x1, 0xa6, 0x9c, 0x41, 0x68, 0x0, 0x6e,
    0x3, 0x92, 0xcb, 0x1e, 0x40, 0xa8, 0x10, 0x0,
    0xb3, 0x0, 0xc3, 0xc0, 0xe, 0x4, 0x1, 0x50,
    0xf, 0x19, 0x3, 0x18, 0x1, 0x40, 0x3f, 0x6f,
    0xe3, 0x0, 0x8, 0x3, 0xff, 0x84, 0x20, 0x1f,
    0xfc, 0x21, 0x0, 0xff, 0x98, 0x0, 0x40, 0x1f,
    0xf1, 0x80, 0x14, 0x3, 0xf3, 0xc3, 0x82, 0x0,
    0xa8, 0x7, 0x8a, 0x1f, 0x2, 0x0, 0x16, 0x40,
    0x18, 0x78, 0x1, 0xc0, 0x6e, 0x3, 0xb2, 0xaa,
    0x8f, 0x30, 0x55, 0x0, 0x21, 0xc0, 0xd, 0x54,
    0x71, 0x6, 0xa0, 0xd, 0x1a, 0xc2, 0x0, 0x15,
    0xc9, 0x0, 0xf1, 0x4c, 0x80, 0x13, 0x46, 0x1,
    0xff, 0xdb, 0x47, 0x72, 0x0, 0x70,

    /* U+00A3 "£" */
    0x0, 0xf2, 0xdf, 0x7f, 0xb6, 0x48, 0x3, 0xe2,
    0xda, 0x41, 0x0, 0x13, 0x6b, 0x0, 0x70, 0xf9,
    0x0, 0xbc, 0xb9, 0x0, 0x25, 0x0, 0x34, 0x90,
    0x17, 0xc3, 0x46, 0xb0, 0x2, 0x0, 0x33, 0x0,
    0x38, 0x40, 0x34, 0x80, 0xc, 0x40, 0x4, 0x20,
    0x26, 0x1, 0xe6, 0x44, 0x0, 0x42, 0x0, 0x20,
    0xf, 0xa6, 0xec, 0x20, 0x1, 0x0, 0x8, 0x7,
    0xff, 0x48, 0xc0, 0x6, 0x1, 0xff, 0x4f, 0xf0,
    0x0, 0x7f, 0xf7, 0x0, 0x7f, 0xf2, 0xea, 0x64,
    0x1, 0x44, 0xcd, 0x0, 0x1e, 0x36, 0x60, 0x4,
    0xec, 0xd8, 0x3, 0xf8, 0x40, 0x2, 0x1, 0xff,
    0xc4, 0x30, 0xf, 0xfe, 0x21, 0x80, 0x7f, 0xf0,
    0x44, 0x0, 0x20, 0x1f, 0xfc, 0x5, 0x0, 0x20,
    0x7, 0xfc, 0x6f, 0x60, 0x1, 0x66, 0xff, 0x25,
    0xc0, 0x80, 0x16, 0x67, 0xfd, 0xc0, 0x1f, 0xfc,
    0x50,

    /* U+00A4 "¤" */
    0x0, 0xff, 0xe5, 0xe, 0x20, 0x4, 0x4d, 0x35,
    0x2c, 0x40, 0x12, 0x68, 0x80, 0xe1, 0xda, 0x15,
    0xec, 0xb2, 0xb4, 0xed, 0x92, 0x59, 0x60, 0x8c,
    0x0, 0xbd, 0x40, 0xf, 0x93, 0x6c, 0x3, 0xb0,
    0xc0, 0x31, 0xd7, 0x7f, 0x51, 0x80, 0x62, 0xc1,
    0x0, 0x78, 0x5, 0x18, 0xa2, 0x2, 0xb9, 0x0,
    0x14, 0x88, 0x5, 0x0, 0x8, 0x70, 0xf, 0x9d,
    0xc0, 0xf, 0x0, 0x89, 0x0, 0xdc, 0x3, 0xfa,
    0x8, 0x10, 0x80, 0xa, 0x0, 0x90, 0xf, 0xfa,
    0xc0, 0xa, 0x0, 0xd0, 0x2, 0x0, 0x7f, 0xce,
    0x0, 0xd0, 0x3, 0x0, 0x88, 0x3, 0xfe, 0x10,
    0x3, 0x0, 0x7f, 0xf2, 0xdc, 0x4, 0x3, 0xff,
    0x86, 0xe0, 0x3, 0x0, 0x18, 0x7, 0xfc, 0x80,
    0x3, 0x0, 0x60, 0x2, 0x40, 0x3f, 0xee, 0x0,
    0x58, 0x1, 0x8, 0x14, 0xc0, 0x3f, 0x91, 0x40,
    0x8c, 0x2, 0xb0, 0x6, 0x90, 0x7, 0xc7, 0x40,
    0xb, 0x0, 0x86, 0xc0, 0x3, 0xae, 0x1, 0xcf,
    0x82, 0x0, 0xb1, 0x1, 0xd2, 0x0, 0xd1, 0xf7,
    0x57, 0xf0, 0x1, 0x8b, 0x4, 0x3, 0x5c, 0x0,
    0x48, 0xa8, 0x1, 0x45, 0x80, 0x61, 0xd3, 0xb4,
    0x7e, 0x83, 0x10, 0x13, 0x8e, 0x74, 0xb2, 0xc1,
    0x1, 0xc4, 0x0, 0xb, 0xe7, 0x7f, 0x63, 0x88,
    0x1, 0x34, 0x40,

    /* U+00A5 "¥" */
    0x8f, 0xf6, 0x80, 0x7e, 0x1f, 0xf9, 0x20, 0x40,
    0x94, 0x3, 0xe6, 0x0, 0x1a, 0x4, 0x80, 0x20,
    0x3, 0xe9, 0x0, 0x40, 0x1, 0xc4, 0x9, 0x0,
    0x39, 0xc4, 0x11, 0x0, 0x14, 0x0, 0x20, 0x3,
    0xa4, 0x1, 0x0, 0x19, 0x88, 0xc, 0xc0, 0x13,
    0x8, 0x21, 0x80, 0x74, 0x0, 0x20, 0x2, 0xb0,
    0x4, 0x80, 0x79, 0x48, 0x10, 0xc1, 0x48, 0x14,
    0x80, 0x3e, 0x90, 0x4, 0x84, 0x0, 0x20, 0x3,
    0xf2, 0x18, 0x2b, 0x90, 0x31, 0x0, 0x7f, 0x40,
    0x2, 0x0, 0x10, 0x1, 0xe2, 0xff, 0xac, 0x3,
    0xbb, 0xfd, 0xc0, 0x11, 0x80, 0x7f, 0xf0, 0xc,
    0x2, 0x1f, 0xfd, 0xa0, 0x2, 0xff, 0xda, 0x1,
    0xff, 0xc8, 0x1e, 0xed, 0x80, 0x2, 0xee, 0xda,
    0x1, 0x18, 0x8f, 0x0, 0x42, 0x38, 0xc0, 0x22,
    0xff, 0xda, 0x0, 0x2f, 0xfd, 0xc0, 0x1f, 0xff,
    0xa0,

    /* U+00A6 "¦" */
    0xbf, 0xf1, 0x80, 0x7f, 0xf7, 0x31, 0x10, 0x2f,
    0x76, 0x20, 0xc, 0x46, 0x60, 0x9c, 0xc1, 0x80,
    0x7f, 0xf8, 0x0,

    /* U+00A7 "§" */
    0x0, 0xc5, 0x19, 0xdf, 0xee, 0xb6, 0x0, 0xfa,
    0x75, 0xcc, 0x40, 0x2, 0x93, 0xc8, 0x1, 0xad,
    0x80, 0xb, 0x15, 0x2e, 0x20, 0x36, 0x80, 0x5,
    0x40, 0x1d, 0xa7, 0x56, 0x8e, 0x50, 0x4, 0x80,
    0x3c, 0x1, 0x64, 0x1, 0xea, 0x20, 0x24, 0x6,
    0x0, 0x38, 0x7, 0xea, 0x0, 0x18, 0x38, 0x0,
    0x40, 0x3f, 0x23, 0xb8, 0xc0, 0xc0, 0x10, 0x1,
    0xf8, 0xe2, 0x8, 0x12, 0x0, 0x4e, 0x61, 0x0,
    0xff, 0xd, 0x80, 0x6, 0x7b, 0x1c, 0x80, 0x3f,
    0x68, 0x7, 0x1c, 0x6e, 0x9c, 0x40, 0x35, 0x30,
    0x1d, 0xc1, 0x80, 0x45, 0x1c, 0xe0, 0x3, 0x50,
    0x2c, 0x47, 0xce, 0x94, 0x0, 0xa2, 0x81, 0x40,
    0x14, 0x1, 0x85, 0xaf, 0x54, 0x0, 0xaa, 0x10,
    0xf, 0xf1, 0x53, 0x80, 0x38, 0x80, 0x18, 0x1,
    0xfd, 0x20, 0x6, 0x40, 0x2, 0x48, 0x7, 0xe1,
    0x0, 0x86, 0x40, 0xd, 0xf2, 0x80, 0x1c, 0xc0,
    0x7, 0x6, 0x90, 0x9, 0xaf, 0xe9, 0x45, 0xa4,
    0x1, 0x20, 0x6, 0xd6, 0x0, 0xcb, 0x5d, 0x20,
    0x36, 0x60, 0x11, 0x4f, 0xd2, 0x88, 0x7, 0x42,
    0x0, 0x7c, 0xb5, 0xd6, 0xa0, 0x14, 0xa0, 0x7,
    0xf9, 0x2b, 0x8c, 0x1, 0x20, 0x6a, 0xa1, 0x0,
    0xf8, 0x70, 0x40, 0x86, 0xea, 0x8e, 0x1, 0xfc,
    0xa0, 0x3, 0xd0, 0x6, 0x80, 0x7f, 0x30, 0x0,
    0xd0, 0x0, 0x8c, 0x1, 0xf3, 0x10, 0x10, 0x8a,
    0x0, 0x13, 0x68, 0x20, 0x3, 0x99, 0x0, 0x2c,
    0x0, 0xf0, 0x0, 0x4b, 0xef, 0xf6, 0x30, 0x1,
    0xd8, 0x2, 0x7d, 0x50, 0xf, 0x93, 0x20, 0x3,
    0x8a, 0xbf, 0x6e, 0xaf, 0x3e, 0xcc, 0x2,

    /* U+00A8 "¨" */
    0x1, 0x30, 0xe, 0x22, 0x1, 0x76, 0x58, 0x4,
    0xdb, 0xa7, 0x40, 0x2, 0x0, 0x58, 0x0, 0xc7,
    0x20, 0x70, 0xb, 0x84, 0x5e,

    /* U+00A9 "©" */
    0x0, 0xf8, 0xe7, 0x3f, 0xed, 0x94, 0x0, 0xff,
    0xe0, 0x1e, 0x61, 0x8c, 0x48, 0x49, 0xaf, 0xc,
    0x3, 0xf9, 0xb0, 0xcd, 0x5d, 0xcd, 0xef, 0xa3,
    0x36, 0x38, 0x7, 0xcf, 0x21, 0x58, 0xa2, 0x1,
    0x97, 0x28, 0x62, 0x0, 0x1c, 0xb0, 0x3a, 0xa0,
    0x1f, 0xcb, 0x82, 0xea, 0x1, 0xac, 0x34, 0x80,
    0x9, 0x7f, 0xee, 0xb4, 0x0, 0x16, 0x85, 0x8,
    0x1, 0xc5, 0xcc, 0x1, 0x16, 0x80, 0x1, 0x4b,
    0x70, 0x1, 0xb8, 0x48, 0x2, 0x42, 0x40, 0x8,
    0xe0, 0xfd, 0xfc, 0xa1, 0x4, 0x0, 0x80, 0x60,
    0x31, 0x51, 0x0, 0x40, 0x2c, 0x8, 0xd, 0x8,
    0x20, 0x4, 0xa2, 0x6a, 0x18, 0x1, 0x18, 0x70,
    0x7, 0x4b, 0x10, 0x5, 0x80, 0x9c, 0x4, 0x0,
    0x10, 0x3, 0x0, 0x73, 0xca, 0x0, 0x44, 0x1c,
    0x0, 0x70, 0xf, 0xfe, 0x2b, 0x80, 0x67, 0x0,
    0xff, 0xe2, 0xb8, 0xf, 0x1, 0x80, 0x4, 0x0,
    0xc0, 0x1d, 0x14, 0xa0, 0x11, 0x7, 0x28, 0x60,
    0x4, 0x61, 0xc0, 0x1c, 0xea, 0x60, 0x16, 0x2,
    0x98, 0xa0, 0x80, 0x20, 0x16, 0x4, 0xa, 0x80,
    0xe, 0x0, 0x15, 0x13, 0x9, 0x9, 0x0, 0x23,
    0x83, 0xf7, 0xea, 0x84, 0x88, 0x2, 0x41, 0x80,
    0xe, 0x2e, 0x60, 0x8, 0xb4, 0x0, 0xa, 0x63,
    0x0, 0xd, 0xc6, 0x40, 0x2a, 0xd, 0x30, 0x2,
    0x5f, 0xfb, 0xac, 0xc0, 0x5, 0xa1, 0x62, 0x1,
    0x24, 0xe, 0x30, 0x7, 0xf2, 0xe8, 0xba, 0x80,
    0x73, 0xc8, 0x4e, 0x28, 0x80, 0x42, 0xb9, 0x41,
    0x10, 0x0, 0xf9, 0xb4, 0xcd, 0x5d, 0xcd, 0xee,
    0x51, 0x9b, 0x1c, 0x3, 0xf8, 0xb3, 0xc, 0x62,
    0x42, 0x4d, 0x98, 0x30, 0xe,

    /* U+00AA "ª" */
    0x0, 0x2e, 0x7f, 0xba, 0x44, 0x2, 0xaa, 0x18,
    0x0, 0x5b, 0xc4, 0x11, 0x40, 0xef, 0x1c, 0x6,
    0x40, 0xa, 0x9a, 0x87, 0x4, 0x8, 0x9, 0x56,
    0x20, 0x13, 0x0, 0x80, 0x6, 0x33, 0xfe, 0x40,
    0x8, 0x7d, 0xcc, 0x91, 0x2, 0x1, 0x48, 0x85,
    0x6d, 0xd9, 0x40, 0x22, 0x1, 0x50, 0xf, 0x8c,
    0x5, 0x0, 0xc, 0x80, 0x15, 0x80, 0x2f, 0xfd,
    0x20, 0x3, 0x2, 0xc4, 0x0, 0x14, 0x40, 0x4,
    0x40,

    /* U+00AB "«" */
    0x0, 0xe2, 0x31, 0x0, 0x11, 0x88, 0x6, 0x5d,
    0xd0, 0x81, 0xee, 0x18, 0x4, 0x54, 0x14, 0x3,
    0xa1, 0x4, 0x1, 0x78, 0x2a, 0x5, 0x9, 0xb8,
    0x5, 0x44, 0x36, 0xe, 0x81, 0xc0, 0x13, 0x28,
    0x58, 0xa4, 0x4, 0x10, 0x0, 0xe4, 0x15, 0x43,
    0x40, 0x4e, 0x1, 0x8, 0x1, 0x80, 0x4c, 0xc,
    0x3, 0x15, 0x1, 0xb0, 0x78, 0xc, 0x80, 0x65,
    0x70, 0x92, 0x25, 0x3, 0x20, 0x6, 0x84, 0x9,
    0x5, 0x60, 0x90, 0xe, 0xa1, 0x46, 0x9, 0x32,
    0x90, 0xc, 0x3a, 0x12, 0x41, 0xa2, 0xc6,

    /* U+00AC "¬" */
    0x8, 0x8f, 0xfe, 0x3, 0x83, 0xbf, 0xff, 0x2,
    0x0, 0x3f, 0xf8, 0x7f, 0xff, 0xe1, 0x0, 0xff,
    0xf0, 0x0,

    /* U+00AD "­" */
    0x25, 0x5f, 0x85, 0x2a, 0xbe, 0x20, 0xf, 0xe0,

    /* U+00AE "®" */
    0x0, 0xf8, 0xe7, 0x3f, 0xed, 0x94, 0x0, 0xff,
    0xe0, 0x1e, 0x61, 0x8c, 0x48, 0x49, 0xaf, 0xc,
    0x3, 0xf9, 0xf0, 0xcd, 0x5d, 0xcd, 0xef, 0xa3,
    0x36, 0x38, 0x7, 0xd1, 0x1, 0xac, 0x51, 0x0,
    0xcb, 0x94, 0x31, 0x0, 0xe, 0x57, 0x1c, 0x50,
    0xf, 0xe5, 0xc1, 0x75, 0x0, 0x86, 0xc3, 0x48,
    0x3f, 0xfb, 0xad, 0x40, 0x5, 0xa1, 0x62, 0x0,
    0x91, 0x73, 0x0, 0xf8, 0x52, 0xa4, 0x0, 0x6e,
    0x32, 0x0, 0x60, 0x90, 0xe, 0xcf, 0xfa, 0x41,
    0x88, 0x1, 0x20, 0xc0, 0x62, 0xa2, 0x1, 0xfc,
    0xc2, 0xe, 0x0, 0x15, 0x13, 0x50, 0xc0, 0xf,
    0xf1, 0x88, 0x38, 0x5, 0x80, 0xbc, 0x4, 0x1,
    0xef, 0xbb, 0x66, 0x1, 0xc8, 0x2, 0x20, 0xe1,
    0x7, 0x0, 0xf1, 0xa2, 0xc, 0xa, 0x40, 0x33,
    0x80, 0x88, 0x1c, 0x3, 0xd3, 0x76, 0xa3, 0x2a,
    0x0, 0xce, 0x3, 0xc0, 0x40, 0x1e, 0x54, 0x42,
    0xe8, 0x21, 0x0, 0x44, 0x1c, 0xa1, 0x80, 0x1f,
    0xe1, 0x0, 0x30, 0x5, 0x80, 0xa6, 0x2a, 0x20,
    0x1f, 0xfc, 0x31, 0x51, 0x30, 0x90, 0x90, 0xf,
    0xf0, 0x80, 0x80, 0x24, 0x18, 0x0, 0xe2, 0xe6,
    0x0, 0x55, 0x8, 0x6, 0x65, 0x0, 0x1b, 0x8c,
    0x80, 0x54, 0x1a, 0x41, 0x54, 0x20, 0xd, 0x14,
    0xa5, 0xa1, 0x62, 0x1, 0x24, 0xe, 0xa8, 0x7,
    0xf2, 0xe8, 0xc2, 0x80, 0x73, 0xc8, 0x56, 0x28,
    0x80, 0x42, 0xb9, 0x41, 0x2e, 0x1, 0xf3, 0x61,
    0x9a, 0xbb, 0x9b, 0xdc, 0xa3, 0x36, 0x30, 0x7,
    0xf1, 0xe6, 0x18, 0xc4, 0x84, 0xdb, 0x30, 0x60,
    0x1c,

    /* U+00AF "¯" */
    0x23, 0x3f, 0xe2, 0xec, 0xcf, 0xe9, 0x0, 0xff,
    0x80,

    /* U+00B0 "°" */
    0x1, 0xae, 0xe5, 0x8, 0xf, 0xa8, 0x89, 0x7c,
    0x6c, 0x53, 0xb8, 0xa3, 0x68, 0x14, 0x22, 0xb0,
    0x40, 0xf, 0xc8, 0x16, 0x21, 0x60, 0x90, 0x2b,
    0xde, 0xa3, 0x5, 0x8a, 0x0, 0x4c, 0x20,

    /* U+00B1 "±" */
    0x0, 0xf1, 0xc4, 0x4, 0x3, 0xfe, 0x47, 0x71,
    0x80, 0x7f, 0xff, 0xc0, 0x39, 0xff, 0xfa, 0x0,
    0x1b, 0xff, 0xb4, 0x3, 0xff, 0x86, 0xb5, 0x5c,
    0xa0, 0x8, 0xaa, 0xd2, 0x4a, 0xbd, 0xa0, 0x5,
    0x5e, 0x40, 0xf, 0xff, 0xb1, 0xb3, 0xc, 0x3,
    0xfe, 0x49, 0x90, 0x80, 0x79, 0x15, 0x7f, 0xf8,
    0x0, 0xa, 0xaf, 0xfe, 0x9, 0x0, 0x7f, 0xf0,
    0xc0,

    /* U+00B2 "²" */
    0x1, 0x8d, 0xff, 0x62, 0x0, 0x7, 0x1c, 0x80,
    0x7, 0x6c, 0x10, 0x41, 0x5f, 0xa6, 0x10, 0xe,
    0xc, 0xa0, 0x52, 0x2, 0x5b, 0x90, 0x1, 0x10,
    0x0, 0xce, 0x10, 0x0, 0xc8, 0x18, 0x80, 0x76,
    0x88, 0x78, 0x7, 0x61, 0x85, 0x18, 0x6, 0xc3,
    0xa, 0x50, 0xd, 0x86, 0x38, 0xa0, 0x1b, 0xc,
    0xb0, 0xc0, 0x35, 0x18, 0x16, 0xff, 0xea, 0x0,
    0xff, 0x0,

    /* U+00B3 "³" */
    0x0, 0xc, 0xf7, 0xfb, 0x14, 0x2, 0x2f, 0x61,
    0x0, 0x1d, 0x38, 0x2, 0x4, 0x2f, 0xf4, 0xc2,
    0x0, 0x1a, 0xd2, 0x80, 0x50, 0x0, 0x30, 0x79,
    0x60, 0x8, 0x80, 0x4, 0x1, 0x95, 0xa2, 0x42,
    0x4, 0x3, 0x5c, 0xb8, 0x2b, 0x80, 0x75, 0xcb,
    0x8a, 0xe0, 0x7, 0x2b, 0x46, 0x81, 0xa0, 0x55,
    0xa8, 0x4, 0x40, 0x2, 0x7, 0x4b, 0x40, 0x1b,
    0x0, 0x28, 0x48, 0xd, 0xff, 0x28, 0x29, 0x82,
    0x6a, 0x88, 0x0, 0xe6, 0x80,

    /* U+00B4 "´" */
    0x0, 0x86, 0x22, 0x10, 0xa, 0x9d, 0xc0, 0x20,
    0x6, 0x40, 0x68, 0x0, 0x14, 0x82, 0xc8, 0x5,
    0x20, 0x94, 0x1, 0x0,

    /* U+00B5 "µ" */
    0x9f, 0xf2, 0x0, 0x78, 0xbf, 0xd6, 0x1, 0xff,
    0xff, 0x0, 0xff, 0xee, 0x8, 0x7, 0xff, 0x4,
    0xc0, 0x3f, 0xf8, 0x22, 0x1, 0xff, 0xc1, 0xd0,
    0xf, 0x30, 0x7, 0x94, 0xc0, 0x30, 0xc8, 0x7,
    0xd9, 0xa, 0xd3, 0xe4, 0x1, 0xf9, 0xea, 0x58,
    0x5c, 0x3, 0xd2, 0xc2, 0x0, 0x3a, 0x81, 0x0,
    0xe2, 0x9e, 0xff, 0x62, 0x87, 0x7d, 0x80, 0x7f,
    0xfe, 0x80,

    /* U+00B6 "¶" */
    0x0, 0x85, 0xf3, 0xbf, 0xf8, 0x2, 0x5e, 0x83,
    0x10, 0xf, 0x96, 0x80, 0x3f, 0xc3, 0x40, 0x1f,
    0xf3, 0x0, 0x7f, 0xf0, 0x2c, 0x3, 0xff, 0x80,
    0x40, 0x1f, 0xfc, 0xd3, 0x0, 0xff, 0xe0, 0x20,
    0x7, 0xff, 0x3, 0x40, 0x3f, 0xf8, 0x8, 0xa0,
    0x1f, 0xfc, 0xa, 0x30, 0xf, 0xfe, 0x6, 0x40,
    0x80, 0x7f, 0xcf, 0xd9, 0x53, 0x0, 0x1f, 0xc6,
    0xac, 0xe2, 0x1, 0xff, 0xff, 0x0, 0xf0,

    /* U+00B7 "·" */
    0x4, 0x50, 0x7b, 0xaa, 0x68, 0x1, 0xe4, 0x42,
    0xc0,

    /* U+00B8 "¸" */
    0x5, 0x83, 0x0, 0xa1, 0xe1, 0x0, 0x8, 0x69,
    0x68, 0x13, 0x88, 0x1a, 0x1, 0x38, 0x0, 0x6f,
    0x8c, 0x2c, 0x10, 0xdb, 0x48,

    /* U+00B9 "¹" */
    0x0, 0xf1, 0x80, 0x4b, 0x5f, 0x1, 0x7f, 0x4a,
    0x0, 0x14, 0x2, 0x10, 0x0, 0xd7, 0x6a, 0x80,
    0x4a, 0x20, 0x1f, 0xfe, 0x90,

    /* U+00BA "º" */
    0x0, 0x92, 0xff, 0xdb, 0x2, 0x1, 0x9e, 0xd0,
    0x0, 0x4f, 0xe4, 0x0, 0x38, 0x2, 0xac, 0x70,
    0x1e, 0x0, 0x40, 0x3, 0x14, 0xe2, 0x0, 0x66,
    0x4, 0x5, 0x10, 0x9, 0x80, 0x8, 0x20, 0xd,
    0x0, 0xc2, 0x0, 0xe0, 0xf, 0xe1, 0x0, 0xff,
    0x84, 0x0, 0x20, 0xe, 0x0, 0xc2, 0x0, 0xe0,
    0x40, 0x71, 0x0, 0x98, 0x0, 0x81, 0x0, 0x3a,
    0x86, 0xf0, 0x6, 0x60, 0x38, 0x3, 0xbc, 0x80,
    0x1e, 0x0, 0x9e, 0xd0, 0x0, 0x2d, 0xe4, 0x0,

    /* U+00BB "»" */
    0x14, 0x40, 0x4, 0x68, 0x20, 0x18, 0x66, 0xd8,
    0x0, 0xb7, 0x80, 0x1d, 0xc1, 0x26, 0xc, 0x65,
    0x40, 0x18, 0xd8, 0x34, 0x43, 0x81, 0x58, 0x3,
    0x49, 0xd, 0x1, 0x40, 0x49, 0x80, 0x69, 0x4,
    0x80, 0x73, 0xd, 0x10, 0x9, 0x18, 0x1d, 0x3,
    0x80, 0x68, 0x3, 0x28, 0xb, 0x3, 0x80, 0xc,
    0x2, 0x63, 0xa, 0x21, 0xb0, 0x48, 0x0, 0x14,
    0x83, 0xa0, 0x58, 0x8a, 0x80, 0x29, 0x4, 0x80,
    0x45, 0xd, 0x10, 0x3, 0x20, 0xd0, 0x2, 0x82,
    0xc, 0x0, 0x32, 0x1a, 0x21, 0x22, 0xae, 0x1,
    0x0,

    /* U+00BC "¼" */
    0x0, 0xc9, 0x42, 0x1, 0xff, 0xc4, 0x5a, 0xfb,
    0x53, 0x0, 0xff, 0xe1, 0xd5, 0x14, 0x3, 0xff,
    0x80, 0xe2, 0x1, 0xe4, 0x88, 0x0, 0x7f, 0x96,
    0x30, 0x3, 0xaa, 0xdc, 0xc0, 0x3f, 0x86, 0xc2,
    0x40, 0x3f, 0xf8, 0xd6, 0x2a, 0x80, 0x1f, 0xfc,
    0x54, 0x51, 0xb0, 0xf, 0xfe, 0x34, 0x85, 0x88,
    0x7, 0xff, 0x16, 0x9, 0x14, 0x3, 0xff, 0x8a,
    0x6e, 0x12, 0x1, 0xff, 0xc6, 0xf0, 0x82, 0x0,
    0xa2, 0x8, 0x1, 0xff, 0x39, 0x99, 0xc0, 0x2a,
    0x77, 0x68, 0x7, 0x33, 0xb8, 0xc0, 0x60, 0x3c,
    0x2, 0x65, 0x0, 0xfc, 0x51, 0x1, 0xa, 0x7,
    0x30, 0x1, 0x48, 0x7, 0xff, 0x5, 0x50, 0xa0,
    0x2, 0xf0, 0x82, 0x0, 0xff, 0xd, 0x84, 0x80,
    0x54, 0x4a, 0xe0, 0x1f, 0xf4, 0xa, 0xa0, 0x1,
    0x94, 0xa8, 0x3, 0xfe, 0x46, 0x1b, 0x0, 0x14,
    0x8f, 0x80, 0x7f, 0xf0, 0x24, 0x2c, 0x40, 0x12,
    0x3, 0xbf, 0xe2, 0x6, 0xf4, 0x0, 0xce, 0x48,
    0xa0, 0x1f, 0xfc, 0x67, 0x89, 0x0, 0xd7, 0xff,
    0xc4, 0xd, 0xe8, 0x1, 0xce, 0x40, 0x1f, 0xfd,
    0x4b, 0x7d, 0x0, 0x0,

    /* U+00BD "½" */
    0x0, 0xe1, 0x0, 0xff, 0xe3, 0x8b, 0x67, 0x8,
    0x7, 0xff, 0x11, 0xb3, 0xa4, 0xc0, 0x3f, 0xf8,
    0xd4, 0x60, 0x20, 0x1f, 0xea, 0xb1, 0x0, 0xf5,
    0x5f, 0xc0, 0x7, 0xf2, 0xac, 0x20, 0x1e, 0x64,
    0x0, 0xff, 0xd, 0x85, 0x0, 0x7f, 0xf1, 0xe0,
    0x55, 0x0, 0x3f, 0xf8, 0xc8, 0xc3, 0x60, 0x1f,
    0xfc, 0x79, 0x8, 0x10, 0xf, 0xfe, 0x34, 0x12,
    0x30, 0x7, 0xff, 0x18, 0xdc, 0x24, 0x3, 0x8,
    0x7, 0xff, 0xb, 0xc2, 0x8, 0x1f, 0x7f, 0xbe,
    0x88, 0x3, 0xfc, 0xe6, 0x67, 0xa, 0x82, 0x0,
    0x97, 0x4, 0x3, 0x37, 0xf8, 0x4a, 0x3, 0xc0,
    0xd4, 0x1b, 0xbe, 0x40, 0x64, 0x3, 0xf4, 0x83,
    0x98, 0x28, 0x94, 0x88, 0x31, 0x1, 0x0, 0x7c,
    0xc8, 0x50, 0x0, 0x6e, 0xd0, 0x8, 0x88, 0x1a,
    0x1, 0xe1, 0x80, 0x90, 0xf, 0xee, 0x1, 0x70,
    0xf, 0x58, 0xb2, 0x0, 0x7c, 0x38, 0x63, 0x80,
    0x1e, 0x45, 0x18, 0x0, 0xf8, 0xb0, 0xcb, 0x8,
    0x3, 0xd4, 0x16, 0x20, 0x1e, 0x3c, 0x24, 0xc2,
    0x0, 0xf0, 0xaa, 0xc0, 0x1e, 0x4c, 0x16, 0xb1,
    0x0, 0xf8, 0x6e, 0x80, 0x3c, 0x56, 0x0, 0x6f,
    0xfe, 0x20, 0xf, 0xfe, 0x0, 0x80, 0x7f, 0x80,

    /* U+00BE "¾" */
    0x0, 0x1d, 0xf7, 0xf5, 0x18, 0x7, 0xff, 0xd,
    0x71, 0x4, 0x5, 0x71, 0x0, 0x3f, 0xf8, 0x56,
    0x7, 0xbf, 0xa2, 0x10, 0x1, 0xf4, 0x8, 0x7,
    0x3b, 0x79, 0x1, 0x30, 0x18, 0x7, 0x99, 0xf4,
    0x3, 0xa6, 0x46, 0x1, 0x10, 0x18, 0x7, 0xc,
    0x4, 0x0, 0x7e, 0x66, 0x52, 0x87, 0x80, 0x75,
    0x8b, 0x20, 0x7, 0xc5, 0x32, 0x50, 0x73, 0x0,
    0xc8, 0xa3, 0x0, 0x1f, 0x8a, 0xed, 0x24, 0xf6,
    0x1, 0xa8, 0x2c, 0x40, 0x3c, 0x88, 0x4, 0x43,
    0x40, 0x21, 0x0, 0x24, 0x51, 0x40, 0x3c, 0x57,
    0x6a, 0x10, 0x2e, 0x0, 0x18, 0x1b, 0x5, 0x0,
    0x7c, 0x4a, 0xb, 0xdf, 0xa8, 0xc, 0x21, 0xc1,
    0x22, 0x0, 0xcf, 0xf0, 0x5, 0x52, 0x60, 0x11,
    0xcc, 0x81, 0xc8, 0xd8, 0x1, 0x6, 0x1, 0xe6,
    0xcf, 0xfb, 0x18, 0xa, 0x3, 0x80, 0x6, 0xe0,
    0x1f, 0xfc, 0x39, 0x7, 0x20, 0x7, 0x1, 0x0,
    0x7f, 0xf0, 0x55, 0xa, 0x0, 0x12, 0x49, 0x60,
    0x1f, 0xfc, 0x1, 0xb0, 0x90, 0x2, 0xb0, 0xd0,
    0x7, 0xff, 0x6, 0xc5, 0x50, 0x6, 0xc3, 0x44,
    0x3, 0xff, 0x80, 0x8a, 0x36, 0x0, 0xa1, 0x83,
    0x0, 0xff, 0xe0, 0xc8, 0x58, 0x82, 0x20, 0x23,
    0xfd, 0x20, 0xf, 0xb0, 0xf, 0x39, 0x22, 0x80,
    0x7f, 0xf1, 0xde, 0x28, 0x2, 0x4f, 0xfe, 0x90,
    0x7, 0xd8, 0x7, 0xce, 0x20, 0x1f, 0xfd, 0x45,
    0x77, 0x0, 0x0,

    /* U+00BF "¿" */
    0x0, 0xe9, 0xfc, 0x0, 0xfe, 0x16, 0x3, 0x40,
    0xf, 0xc2, 0x60, 0x5, 0x0, 0xfe, 0xcc, 0x70,
    0x80, 0x7f, 0x8c, 0x40, 0x3f, 0xf9, 0x6a, 0xee,
    0x10, 0xf, 0xe9, 0x88, 0x18, 0x7, 0xf1, 0x80,
    0x8, 0x3, 0xf3, 0x0, 0x10, 0x3, 0xf2, 0x48,
    0x2, 0x0, 0x3e, 0x3b, 0x0, 0x49, 0x80, 0x78,
    0xb0, 0x1, 0xc, 0x1, 0xf7, 0x0, 0x19, 0xc0,
    0x3e, 0x53, 0x3, 0x90, 0xf, 0xdc, 0x0, 0xf0,
    0xf, 0xe5, 0x0, 0x18, 0x7, 0xff, 0x1e, 0xa9,
    0x24, 0x0, 0x30, 0xe, 0x35, 0x59, 0x0, 0x1e,
    0x1, 0x87, 0xc0, 0x17, 0x22, 0x7, 0xd3, 0x15,
    0xc6, 0x4, 0xe3, 0xa2, 0x2, 0xce, 0xa0, 0x2,
    0xf0, 0x1, 0xfb, 0x98, 0x0, 0x52, 0x74, 0x80,

    /* U+00C0 "À" */
    0x0, 0xe1, 0x78, 0x81, 0x0, 0x7f, 0xf1, 0x4,
    0x1d, 0xdc, 0x1, 0xff, 0xc5, 0x76, 0x3, 0x70,
    0xf, 0xfe, 0x2c, 0xa8, 0x41, 0x0, 0x7f, 0xf1,
    0x68, 0xc3, 0x80, 0x3f, 0xf8, 0xd9, 0xf8, 0x1,
    0xff, 0xda, 0x1f, 0xf7, 0x0, 0x7f, 0xf1, 0x58,
    0x0, 0x2a, 0x1, 0xff, 0xc4, 0xa0, 0xa, 0x40,
    0x3f, 0xf8, 0x68, 0x40, 0x20, 0x64, 0x1, 0xff,
    0xc2, 0xe0, 0x5, 0x0, 0x28, 0x3, 0xff, 0x82,
    0x2a, 0x8, 0x82, 0x6, 0x0, 0xff, 0xe0, 0xb0,
    0x3, 0x82, 0x80, 0x54, 0x3, 0xff, 0x81, 0x40,
    0x5, 0x6, 0x0, 0x70, 0x7, 0xfc, 0x64, 0xc,
    0x0, 0x14, 0x4, 0x20, 0xf, 0xf5, 0x0, 0x28,
    0x2, 0xe0, 0x5, 0x0, 0x7f, 0x98, 0x8, 0xc0,
    0x25, 0x10, 0x60, 0xf, 0xe6, 0x0, 0x50, 0x7,
    0x38, 0xa, 0x80, 0x7e, 0xa0, 0x3, 0x0, 0x75,
    0x0, 0x38, 0x3, 0xe3, 0x30, 0xb, 0x3b, 0xf2,
    0x0, 0x10, 0x40, 0x3d, 0x40, 0x1, 0x88, 0xf8,
    0x2, 0x90, 0xf, 0x30, 0x7, 0xff, 0x5, 0x80,
    0x39, 0x80, 0xd, 0xff, 0xfc, 0x80, 0x28, 0x1,
    0xa8, 0x1, 0x40, 0x1f, 0xdc, 0x0, 0xf0, 0x8,
    0x8c, 0x8, 0xc0, 0x3f, 0x94, 0x41, 0x4, 0x1,
    0x60, 0xa, 0x0, 0xff, 0x9c, 0x0, 0xc0, 0x7,
    0x0, 0x30, 0x7, 0xfd, 0x40, 0xa, 0x5, 0x10,
    0x41, 0x0, 0xff, 0x8c, 0x80, 0x90,

    /* U+00C1 "Á" */
    0x0, 0xff, 0x86, 0x22, 0x10, 0xf, 0xfe, 0x25,
    0x3b, 0xbc, 0x40, 0x3f, 0xf8, 0x6c, 0x80, 0xce,
    0x1, 0xff, 0xc3, 0x29, 0x5, 0x90, 0xf, 0xfe,
    0x27, 0x2, 0xd0, 0x7, 0xff, 0x17, 0x3e, 0x80,
    0x3f, 0xfb, 0x43, 0xfe, 0xe0, 0xf, 0xfe, 0x2b,
    0x0, 0x5, 0x40, 0x3f, 0xf8, 0x94, 0x1, 0x48,
    0x7, 0xff, 0xd, 0x8, 0x4, 0xc, 0x80, 0x3f,
    0xf8, 0x5c, 0x0, 0xa0, 0x5, 0x0, 0x7f, 0xf0,
    0x45, 0x41, 0x10, 0x40, 0xc0, 0x1f, 0xfc, 0x16,
    0x0, 0x70, 0x50, 0xa, 0x80, 0x7f, 0xf0, 0x28,
    0x0, 0xa0, 0xc0, 0xe, 0x0, 0xff, 0x8c, 0x81,
    0x80, 0x2, 0x80, 0x84, 0x1, 0xfe, 0xa0, 0x5,
    0x0, 0x5c, 0x0, 0xa0, 0xf, 0xf3, 0x1, 0x18,
    0x4, 0xa2, 0xc, 0x1, 0xfc, 0xc0, 0xa, 0x0,
    0xe7, 0x1, 0x50, 0xf, 0xd4, 0x0, 0x60, 0xe,
    0xa0, 0x7, 0x0, 0x7c, 0x66, 0x1, 0x67, 0x7e,
    0x40, 0x2, 0x8, 0x7, 0xa8, 0x0, 0x31, 0x1f,
    0x0, 0x52, 0x1, 0xe6, 0x0, 0xff, 0xe0, 0xb0,
    0x7, 0x30, 0x1, 0xbf, 0xff, 0x90, 0x5, 0x0,
    0x35, 0x0, 0x28, 0x3, 0xfb, 0x80, 0x1e, 0x1,
    0x11, 0x81, 0x18, 0x7, 0xf2, 0x88, 0x20, 0x80,
    0x2c, 0x1, 0x40, 0x1f, 0xf3, 0x80, 0x18, 0x0,
    0xe0, 0x6, 0x0, 0xff, 0xa8, 0x1, 0x40, 0xa2,
    0x8, 0x20, 0x1f, 0xf1, 0x90, 0x12, 0x0,

    /* U+00C2 "Â" */
    0x0, 0xfe, 0x48, 0x40, 0xf, 0xfe, 0x2a, 0x5b,
    0xda, 0x0, 0x7f, 0xf0, 0xce, 0xc1, 0x42, 0xc8,
    0x3, 0xff, 0x82, 0x5a, 0x11, 0x50, 0x1e, 0x20,
    0x1f, 0xfc, 0xf, 0x16, 0x70, 0x76, 0x2d, 0x0,
    0xff, 0xe0, 0x6f, 0xc8, 0x5, 0x3f, 0x80, 0x1f,
    0xfd, 0x71, 0xff, 0x70, 0x7, 0xff, 0x15, 0x80,
    0x2, 0xa0, 0x1f, 0xfc, 0x4a, 0x0, 0xa4, 0x3,
    0xff, 0x86, 0x84, 0x2, 0x6, 0x40, 0x1f, 0xfc,
    0x2e, 0x0, 0x50, 0x2, 0x80, 0x3f, 0xf8, 0x22,
    0xa0, 0x88, 0x20, 0x60, 0xf, 0xfe, 0xb, 0x0,
    0x38, 0x28, 0x5, 0x40, 0x3f, 0xf8, 0x14, 0x0,
    0x50, 0x60, 0x7, 0x0, 0x7f, 0xc6, 0x40, 0xc0,
    0x1, 0x40, 0x42, 0x0, 0xff, 0x50, 0x2, 0x80,
    0x2e, 0x0, 0x50, 0x7, 0xf9, 0x80, 0x8c, 0x2,
    0x51, 0x6, 0x0, 0xfe, 0x60, 0x5, 0x0, 0x73,
    0x80, 0xa8, 0x7, 0xea, 0x0, 0x30, 0x7, 0x50,
    0x3, 0x80, 0x3e, 0x33, 0x0, 0xb3, 0xbf, 0x20,
    0x1, 0x4, 0x3, 0xd4, 0x0, 0x18, 0x8f, 0x80,
    0x29, 0x0, 0xf3, 0x0, 0x7f, 0xf0, 0x58, 0x3,
    0x98, 0x0, 0xdf, 0xff, 0xc8, 0x2, 0x80, 0x1a,
    0x80, 0x14, 0x1, 0xfd, 0xc0, 0xf, 0x0, 0x88,
    0xc0, 0x8c, 0x3, 0xf9, 0x44, 0x10, 0x40, 0x16,
    0x0, 0xa0, 0xf, 0xf9, 0xc0, 0xc, 0x0, 0x70,
    0x3, 0x0, 0x7f, 0xd4, 0x0, 0xa0, 0x51, 0x4,
    0x10, 0xf, 0xf8, 0xc8, 0x9, 0x0,

    /* U+00C3 "Ã" */
    0x0, 0xff, 0xe1, 0x19, 0x0, 0x7f, 0xcb, 0xbf,
    0x64, 0x1, 0x66, 0x80, 0x7f, 0x96, 0x88, 0x13,
    0x5c, 0xe8, 0xc, 0x3, 0xfd, 0x20, 0xb9, 0x1,
    0x18, 0xa1, 0x20, 0x1f, 0xe3, 0xa, 0x37, 0xd3,
    0x1, 0x95, 0x0, 0xff, 0x7f, 0x80, 0x22, 0xcf,
    0xe6, 0x0, 0xff, 0xeb, 0x8f, 0xfb, 0x80, 0x3f,
    0xf8, 0xac, 0x0, 0x15, 0x0, 0xff, 0xe2, 0x50,
    0x5, 0x20, 0x1f, 0xfc, 0x34, 0x20, 0x10, 0x32,
    0x0, 0xff, 0xe1, 0x70, 0x2, 0x80, 0x14, 0x1,
    0xff, 0xc1, 0x15, 0x4, 0x41, 0x3, 0x0, 0x7f,
    0xf0, 0x58, 0x1, 0xc1, 0x40, 0x2a, 0x1, 0xff,
    0xc0, 0xa0, 0x2, 0x83, 0x0, 0x38, 0x3, 0xfe,
    0x32, 0x6, 0x0, 0xa, 0x2, 0x10, 0x7, 0xfa,
    0x80, 0x14, 0x1, 0x70, 0x2, 0x80, 0x3f, 0xcc,
    0x4, 0x60, 0x12, 0x88, 0x30, 0x7, 0xf3, 0x0,
    0x28, 0x3, 0x9c, 0x5, 0x40, 0x3f, 0x50, 0x1,
    0x80, 0x3a, 0x80, 0x1c, 0x1, 0xf1, 0x98, 0x5,
    0x9d, 0xf9, 0x0, 0x8, 0x20, 0x1e, 0xa0, 0x0,
    0xc4, 0x7c, 0x1, 0x48, 0x7, 0x98, 0x3, 0xff,
    0x82, 0xc0, 0x1c, 0xc0, 0x6, 0xff, 0xfe, 0x40,
    0x14, 0x0, 0xd4, 0x0, 0xa0, 0xf, 0xee, 0x0,
    0x78, 0x4, 0x46, 0x4, 0x60, 0x1f, 0xca, 0x20,
    0x82, 0x0, 0xb0, 0x5, 0x0, 0x7f, 0xce, 0x0,
    0x60, 0x3, 0x80, 0x18, 0x3, 0xfe, 0xa0, 0x5,
    0x2, 0x88, 0x20, 0x80, 0x7f, 0xc6, 0x40, 0x48,

    /* U+00C4 "Ä" */
    0x0, 0xf0, 0x98, 0x7, 0x19, 0x0, 0x7f, 0xc9,
    0xd9, 0x20, 0x14, 0x66, 0xa8, 0x7, 0xfb, 0x0,
    0x8, 0x1, 0x20, 0x3, 0x0, 0x3f, 0xd4, 0x41,
    0x60, 0x14, 0x80, 0xd0, 0x7, 0xf8, 0xb7, 0xd8,
    0x2, 0x5f, 0xe3, 0x0, 0xff, 0xeb, 0xf, 0xfb,
    0x80, 0x3f, 0xf8, 0xac, 0x0, 0x15, 0x0, 0xff,
    0xe2, 0x50, 0x5, 0x20, 0x1f, 0xfc, 0x34, 0x20,
    0x10, 0x32, 0x0, 0xff, 0xe1, 0x70, 0x2, 0x80,
    0x14, 0x1, 0xff, 0xc1, 0x15, 0x4, 0x41, 0x3,
    0x0, 0x7f, 0xf0, 0x58, 0x1, 0xc1, 0x40, 0x2a,
    0x1, 0xff, 0xc0, 0xa0, 0x2, 0x83, 0x0, 0x38,
    0x3, 0xfe, 0x32, 0x6, 0x0, 0xa, 0x2, 0x10,
    0x7, 0xfa, 0x80, 0x14, 0x1, 0x70, 0x2, 0x80,
    0x3f, 0xcc, 0x4, 0x60, 0x12, 0x88, 0x30, 0x7,
    0xf3, 0x0, 0x28, 0x3, 0x9c, 0x5, 0x40, 0x3f,
    0x50, 0x1, 0x80, 0x3a, 0x80, 0x1c, 0x1, 0xf1,
    0x98, 0x5, 0x9d, 0xf9, 0x0, 0x8, 0x20, 0x1e,
    0xa0, 0x0, 0xc4, 0x7c, 0x1, 0x48, 0x7, 0x98,
    0x3, 0xff, 0x82, 0xc0, 0x1c, 0xc0, 0x6, 0xff,
    0xfe, 0x40, 0x14, 0x0, 0xd4, 0x0, 0xa0, 0xf,
    0xee, 0x0, 0x78, 0x4, 0x46, 0x4, 0x60, 0x1f,
    0xca, 0x20, 0x82, 0x0, 0xb0, 0x5, 0x0, 0x7f,
    0xce, 0x0, 0x60, 0x3, 0x80, 0x18, 0x3, 0xfe,
    0xa0, 0x5, 0x2, 0x88, 0x20, 0x80, 0x7f, 0xc6,
    0x40, 0x48,

    /* U+00C5 "Å" */
    0x0, 0xff, 0x8, 0x7, 0xff, 0x19, 0xfb, 0xa7,
    0x0, 0xff, 0xe1, 0xb4, 0x3d, 0x3c, 0x30, 0x7,
    0xff, 0xa, 0x8a, 0x56, 0x4a, 0x80, 0x3f, 0xf8,
    0x42, 0x20, 0x8, 0x44, 0x1, 0xff, 0xc2, 0x53,
    0x61, 0x63, 0x50, 0xf, 0xfe, 0x14, 0x2c, 0xf4,
    0xac, 0x0, 0x7f, 0xf0, 0xeb, 0xaf, 0x68, 0x3,
    0xff, 0x8a, 0x28, 0x40, 0x1f, 0xfc, 0x51, 0xff,
    0x70, 0x7, 0xff, 0x15, 0x80, 0x2, 0xa0, 0x1f,
    0xfc, 0x4a, 0x0, 0xa4, 0x3, 0xff, 0x86, 0x84,
    0x2, 0x6, 0x40, 0x1f, 0xfc, 0x2e, 0x0, 0x50,
    0x2, 0x80, 0x3f, 0xf8, 0x22, 0xa0, 0x88, 0x20,
    0x60, 0xf, 0xfe, 0xb, 0x0, 0x38, 0x28, 0x5,
    0x40, 0x3f, 0xf8, 0x14, 0x0, 0x50, 0x60, 0x7,
    0x0, 0x7f, 0xc6, 0x40, 0xc0, 0x1, 0x40, 0x42,
    0x0, 0xff, 0x50, 0x2, 0x80, 0x2e, 0x0, 0x50,
    0x7, 0xf9, 0x80, 0x8c, 0x2, 0x51, 0x6, 0x0,
    0xfe, 0x60, 0x5, 0x0, 0x73, 0x80, 0xa8, 0x7,
    0xea, 0x0, 0x30, 0x7, 0x50, 0x3, 0x80, 0x3e,
    0x33, 0x0, 0xb3, 0xbf, 0x20, 0x1, 0x4, 0x3,
    0xd4, 0x0, 0x18, 0x8f, 0x80, 0x29, 0x0, 0xf3,
    0x0, 0x7f, 0xf0, 0x58, 0x3, 0x98, 0x0, 0xdf,
    0xff, 0xc8, 0x2, 0x80, 0x1a, 0x80, 0x14, 0x1,
    0xfd, 0xc0, 0xf, 0x0, 0x88, 0xc0, 0x8c, 0x3,
    0xf9, 0x44, 0x10, 0x40, 0x16, 0x0, 0xa0, 0xf,
    0xf9, 0xc0, 0xc, 0x0, 0x70, 0x3, 0x0, 0x7f,
    0xd4, 0x0, 0xa0, 0x51, 0x4, 0x10, 0xf, 0xf8,
    0xc8, 0x9, 0x0,

    /* U+00C6 "Æ" */
    0x0, 0xff, 0xe1, 0x67, 0xff, 0xff, 0x9, 0x80,
    0x3f, 0xf8, 0x4c, 0x60, 0x1f, 0xfd, 0x1, 0x90,
    0xc, 0x75, 0x5f, 0xe4, 0x0, 0xff, 0xe0, 0xd8,
    0x1, 0x40, 0xc, 0xab, 0xfe, 0x20, 0xf, 0xfe,
    0x2, 0x28, 0x1c, 0x80, 0x4, 0x3, 0xff, 0x97,
    0x20, 0xf, 0x10, 0x3, 0x80, 0x7f, 0xf2, 0xa0,
    0x81, 0x8c, 0xc0, 0x1f, 0xfc, 0xc2, 0x70, 0x18,
    0x0, 0xc2, 0x1, 0xff, 0xc9, 0xe0, 0x4, 0x8,
    0x8, 0x0, 0xc0, 0x3f, 0xf9, 0xc, 0x60, 0x6c,
    0x1, 0xc3, 0xff, 0xfc, 0x40, 0x1f, 0xc3, 0x20,
    0xf, 0x0, 0xff, 0xe7, 0x58, 0x1, 0x8c, 0x3,
    0x8, 0x2, 0xab, 0xf8, 0x80, 0x3f, 0x22, 0x80,
    0xc0, 0x7, 0x18, 0x1, 0x57, 0xf8, 0x3, 0xfa,
    0x80, 0x10, 0x20, 0x1c, 0x20, 0x1, 0x0, 0xff,
    0xe2, 0x40, 0x80, 0x27, 0xff, 0xc6, 0x0, 0x30,
    0xf, 0xfe, 0x19, 0xb8, 0x7, 0xff, 0x4, 0x40,
    0x3f, 0xf8, 0x7e, 0x0, 0x24, 0x4f, 0xc2, 0x1,
    0xff, 0xc5, 0x63, 0x1, 0xcb, 0xbf, 0xc8, 0x0,
    0x70, 0xf, 0xfe, 0x8, 0xc8, 0x2, 0x4, 0x3,
    0xf1, 0x80, 0x4, 0x3, 0xff, 0x83, 0x60, 0x3,
    0x60, 0xf, 0xe1, 0x0, 0x62, 0xaf, 0xf8, 0x81,
    0x14, 0x1, 0xe0, 0x1f, 0xfc, 0x16, 0xaa, 0xff,
    0x20, 0x50, 0x1, 0x8c, 0x3, 0xfd, 0xe0, 0x1f,
    0xfc, 0x20,

    /* U+00C7 "Ç" */
    0x0, 0xf3, 0x5f, 0x7f, 0xba, 0xdc, 0x40, 0x3f,
    0x27, 0x4a, 0x8, 0x0, 0x52, 0x3d, 0x40, 0x3c,
    0xd6, 0x20, 0x2d, 0x10, 0x62, 0x1, 0xa6, 0x0,
    0xc9, 0x20, 0x8, 0xe9, 0x77, 0x4e, 0xc0, 0x2,
    0x48, 0x2, 0x90, 0x4, 0x38, 0x7, 0x9d, 0xc0,
    0x8, 0x0, 0x29, 0x1, 0xb8, 0x7, 0xe9, 0x0,
    0x28, 0x3, 0xc0, 0x14, 0x1, 0xfc, 0x26, 0x0,
    0x40, 0x40, 0x3, 0x80, 0x7f, 0xbb, 0x30, 0xa0,
    0x20, 0x1, 0x0, 0xff, 0x11, 0x98, 0x44, 0x0,
    0x10, 0xf, 0xfe, 0x19, 0x80, 0x7f, 0xf6, 0x4c,
    0x3, 0xff, 0x8c, 0x20, 0x1, 0x0, 0xff, 0xe2,
    0x8, 0x0, 0x40, 0x3f, 0xc2, 0x44, 0x0, 0x20,
    0x1, 0xc0, 0x3f, 0xdb, 0xb2, 0x7, 0x80, 0x28,
    0x3, 0xf8, 0x4c, 0x0, 0x80, 0xa2, 0x6, 0xc0,
    0x1f, 0xa4, 0x0, 0xa0, 0x15, 0x0, 0x25, 0x80,
    0x3c, 0xee, 0x0, 0x40, 0x4, 0x90, 0x0, 0x9d,
    0x86, 0x79, 0xd8, 0x0, 0x51, 0x0, 0x67, 0xa1,
    0x2, 0x79, 0x86, 0x20, 0x1b, 0x50, 0xf, 0x2f,
    0x4a, 0x0, 0x42, 0x93, 0xc8, 0x1, 0xfc, 0xd6,
    0xe0, 0x79, 0x6c, 0x1, 0xff, 0xc2, 0x13, 0xd6,
    0x0, 0xff, 0xe1, 0x47, 0x40, 0x40, 0x7, 0xff,
    0x13, 0xc0, 0x3f, 0xf8, 0x93, 0xae, 0x12, 0x1,
    0xff, 0xc2, 0x43, 0x4a, 0x70, 0xf, 0x0,

    /* U+00C8 "È" */
    0x0, 0x9e, 0x20, 0x60, 0x1f, 0xfc, 0x2, 0x77,
    0x68, 0x80, 0x7f, 0xcb, 0x20, 0x36, 0x1, 0xff,
    0xc0, 0x67, 0x5, 0x50, 0x7, 0xff, 0x2, 0x18,
    0x2c, 0x40, 0x3f, 0xf8, 0x13, 0xfc, 0x20, 0x1f,
    0xfc, 0xa5, 0xff, 0xff, 0xe1, 0x0, 0x7f, 0xf2,
    0xe, 0x67, 0xfe, 0x0, 0xcc, 0xdf, 0xfc, 0x0,
    0xf, 0xff, 0xf8, 0x7, 0xf2, 0xff, 0xff, 0x40,
    0x7, 0xff, 0x24, 0xe6, 0x7f, 0xac, 0x3, 0x99,
    0xbf, 0xc6, 0x1, 0xff, 0xff, 0x0, 0xff, 0xe7,
    0x33, 0x7f, 0xf0, 0x0, 0x31, 0xcc, 0xff, 0xc2,
    0x1, 0xff, 0xc4,

    /* U+00C9 "É" */
    0x0, 0xfe, 0x78, 0x81, 0x0, 0x7f, 0xd3, 0xe,
    0x44, 0x0, 0xff, 0x1b, 0x2, 0x50, 0x7, 0xfd,
    0xc0, 0x76, 0x1, 0xff, 0x49, 0x13, 0x0, 0x3f,
    0xf8, 0x13, 0xfa, 0x1, 0xff, 0xcb, 0x5f, 0xff,
    0xfe, 0x10, 0x7, 0xff, 0x20, 0xe6, 0x7f, 0xe0,
    0xc, 0xcd, 0xff, 0xc0, 0x0, 0xff, 0xff, 0x80,
    0x7f, 0x2f, 0xff, 0xf4, 0x0, 0x7f, 0xf2, 0x4e,
    0x67, 0xfa, 0xc0, 0x39, 0x9b, 0xfc, 0x60, 0x1f,
    0xff, 0xf0, 0xf, 0xfe, 0x73, 0x37, 0xff, 0x0,
    0x3, 0x1c, 0xcf, 0xfc, 0x20, 0x1f, 0xfc, 0x40,

    /* U+00CA "Ê" */
    0x0, 0xf1, 0xc3, 0x0, 0x7f, 0xf0, 0xf, 0x1e,
    0x60, 0x3, 0xfc, 0x78, 0x12, 0x4e, 0xe0, 0xf,
    0xc7, 0x81, 0x4d, 0x85, 0xe, 0x1, 0xf2, 0x3d,
    0xa8, 0xe, 0x38, 0x8, 0x7, 0x9e, 0x10, 0x2,
    0x18, 0x71, 0x0, 0xff, 0xe3, 0xaf, 0xff, 0xff,
    0x8, 0x3, 0xff, 0x90, 0x73, 0x3f, 0xf0, 0x6,
    0x66, 0xff, 0xe0, 0x0, 0x7f, 0xff, 0xc0, 0x3f,
    0x97, 0xff, 0xfa, 0x0, 0x3f, 0xf9, 0x27, 0x33,
    0xfd, 0x60, 0x1c, 0xcd, 0xfe, 0x30, 0xf, 0xff,
    0xf8, 0x7, 0xff, 0x39, 0x9b, 0xff, 0x80, 0x1,
    0x8e, 0x67, 0xfe, 0x10, 0xf, 0xfe, 0x20,

    /* U+00CB "Ë" */
    0x0, 0xb3, 0xe4, 0x2, 0x3e, 0xe2, 0x80, 0x72,
    0x98, 0x30, 0x5, 0x42, 0x29, 0x0, 0xe7, 0x0,
    0x18, 0x5, 0x80, 0x4, 0x0, 0xe2, 0xec, 0xc0,
    0x4, 0xbb, 0x90, 0x1, 0xe1, 0x30, 0xe, 0x23,
    0x0, 0xff, 0xe4, 0x2f, 0xff, 0xff, 0x8, 0x3,
    0xff, 0x90, 0x73, 0x3f, 0xf0, 0x6, 0x66, 0xff,
    0xe0, 0x0, 0x7f, 0xff, 0xc0, 0x3f, 0x97, 0xff,
    0xfa, 0x0, 0x3f, 0xf9, 0x27, 0x33, 0xfd, 0x60,
    0x1c, 0xcd, 0xfe, 0x30, 0xf, 0xff, 0xf8, 0x7,
    0xff, 0x39, 0x9b, 0xff, 0x80, 0x1, 0x8e, 0x67,
    0xfe, 0x10, 0xf, 0xfe, 0x20,

    /* U+00CC "Ì" */
    0x28, 0x88, 0x40, 0x4, 0x2e, 0xeb, 0x0, 0xa5,
    0x1, 0x54, 0x1, 0x59, 0x85, 0x88, 0x5, 0xa4,
    0x36, 0x1, 0xe, 0xfd, 0x0, 0x7f, 0x8b, 0xfd,
    0xc0, 0x1f, 0xff, 0xf0, 0xf, 0xff, 0xe0,

    /* U+00CD "Í" */
    0x0, 0x8e, 0x20, 0xe0, 0x1b, 0x9d, 0xc4, 0x1,
    0x41, 0x4, 0xa8, 0x0, 0xdc, 0x21, 0x80, 0x2e,
    0x7, 0x70, 0x6, 0xdf, 0x80, 0xf, 0xfe, 0x1,
    0x7f, 0xb8, 0x3, 0xff, 0xfe, 0x1, 0xff, 0xff,
    0x0, 0xff, 0xe5, 0x0,

    /* U+00CE "Î" */
    0x0, 0xcd, 0x6, 0x1, 0xf4, 0x4b, 0xe1, 0x80,
    0x74, 0x38, 0xc8, 0x61, 0x80, 0x50, 0xe3, 0x8d,
    0x61, 0x86, 0x2, 0xf, 0x84, 0x9, 0x6e, 0xa0,
    0x31, 0x2, 0x0, 0x92, 0x18, 0x3, 0xff, 0x86,
    0x5f, 0xee, 0x0, 0xff, 0xff, 0x80, 0x7f, 0xff,
    0xc0, 0x3f, 0xff, 0xe0, 0x1f, 0xe0,

    /* U+00CF "Ï" */
    0x3e, 0xe2, 0x0, 0x4f, 0xfa, 0x32, 0x22, 0xf0,
    0xa, 0x40, 0x9b, 0x0, 0x18, 0x1, 0x20, 0x1,
    0x1b, 0x74, 0xe0, 0x15, 0x67, 0x18, 0x11, 0x0,
    0x38, 0xc4, 0x3, 0xff, 0x86, 0x5f, 0xee, 0x0,
    0xff, 0xff, 0x80, 0x7f, 0xff, 0xc0, 0x3f, 0xff,
    0xe0, 0x1f, 0xe0,

    /* U+00D0 "Ð" */
    0x0, 0xbb, 0xff, 0xed, 0xa5, 0x0, 0xff, 0xe2,
    0x92, 0xd6, 0xa0, 0x7, 0xf9, 0xe6, 0x68, 0x51,
    0x2, 0xb7, 0x0, 0xfe, 0xa6, 0x69, 0xeb, 0xa0,
    0x1, 0xc, 0x1, 0xff, 0xc3, 0x7b, 0x0, 0x49,
    0x0, 0x7f, 0xf0, 0xd1, 0xc0, 0x16, 0x1, 0xff,
    0xc4, 0x90, 0x3, 0x0, 0x7f, 0xf1, 0x5, 0x0,
    0x8, 0x1, 0xff, 0xc4, 0x30, 0x1, 0x92, 0xa8,
    0x40, 0xa, 0xb8, 0x80, 0x3b, 0xc0, 0x1e, 0x95,
    0x40, 0xa, 0x2a, 0xb0, 0x7, 0x8, 0x0, 0x40,
    0x3f, 0xf9, 0xd, 0xfe, 0x10, 0x6, 0xff, 0xd0,
    0x1, 0xc2, 0x0, 0x10, 0xf, 0xfe, 0x27, 0x80,
    0x3c, 0x3, 0xff, 0x88, 0x80, 0x3, 0x0, 0xff,
    0xe1, 0x89, 0x80, 0x10, 0x3, 0xff, 0x87, 0x0,
    0x6, 0x0, 0xff, 0xe1, 0xab, 0x0, 0x2c, 0x3,
    0xff, 0x82, 0x31, 0x40, 0x9, 0x20, 0xf, 0xa9,
    0x9a, 0x8a, 0xe7, 0x0, 0x43, 0x0, 0x7e, 0x79,
    0x99, 0xd4, 0x0, 0x56, 0xe0, 0x1f, 0xfc, 0x22,
    0x6b, 0xd4, 0x0, 0xc0,

    /* U+00D1 "Ñ" */
    0x0, 0xff, 0xe0, 0x98, 0x80, 0x7f, 0x3f, 0x7c,
    0x88, 0x0, 0xf3, 0x0, 0x1f, 0x9e, 0x4, 0x1b,
    0xd8, 0xfc, 0x1c, 0x3, 0xf4, 0x83, 0xe3, 0x8c,
    0xe1, 0x84, 0x80, 0x7c, 0x42, 0x50, 0x71, 0x64,
    0x5, 0x66, 0x1, 0xf1, 0x7e, 0x80, 0x49, 0xbf,
    0xa8, 0x1, 0xff, 0xcc, 0x5f, 0xf7, 0x8, 0x7,
    0xfb, 0x7f, 0xc4, 0x1, 0xd, 0x80, 0x7f, 0xf1,
    0x95, 0x40, 0x1f, 0xfc, 0x6b, 0x10, 0xf, 0xfe,
    0x28, 0xd0, 0x7, 0xff, 0xc, 0xc4, 0x11, 0x80,
    0x3f, 0xf8, 0x4d, 0x60, 0x9, 0x10, 0xf, 0xfe,
    0x12, 0xa8, 0x1, 0x40, 0x1f, 0xfc, 0x3b, 0x10,
    0x46, 0x0, 0xff, 0xe1, 0xd, 0x80, 0x24, 0x80,
    0x3f, 0xf8, 0x4a, 0xa0, 0x7, 0x0, 0x7f, 0xf0,
    0xec, 0x40, 0xd8, 0x3, 0xff, 0x84, 0x34, 0x0,
    0x92, 0x0, 0xff, 0xe1, 0x22, 0x80, 0x38, 0x3,
    0xff, 0x87, 0x62, 0x6, 0xe0, 0x1f, 0xfc, 0x21,
    0xa0, 0x4, 0x10, 0x7, 0xff, 0x9, 0x18, 0x1,
    0xc0, 0x1f, 0xfc, 0x39, 0x10, 0x32, 0x0, 0xff,
    0xe1, 0xd0, 0x7, 0xff, 0x19, 0x18, 0x3, 0xff,
    0x8d, 0x24, 0x1, 0xff, 0xc6, 0xe0, 0xc,

    /* U+00D2 "Ò" */
    0x0, 0xe6, 0xff, 0x70, 0x80, 0x7f, 0xf0, 0xda,
    0x0, 0x6c, 0x3, 0xff, 0x88, 0xec, 0xa, 0xa0,
    0xf, 0xfe, 0x24, 0xa8, 0x58, 0x80, 0x7f, 0xf1,
    0x2a, 0x19, 0x40, 0x3f, 0xf8, 0xaf, 0x8, 0x1,
    0xff, 0xd6, 0x5a, 0xef, 0xf7, 0x5b, 0x0, 0x7f,
    0x8f, 0x69, 0x44, 0x0, 0x29, 0x3c, 0x80, 0x1f,
    0x2e, 0x10, 0x1, 0x1d, 0xc8, 0x0, 0x1b, 0x60,
    0xe, 0x3a, 0x0, 0x37, 0x5c, 0x42, 0xfd, 0x80,
    0x12, 0x60, 0x1b, 0xc0, 0xd, 0x22, 0x1, 0xd2,
    0xe0, 0xe, 0x0, 0x90, 0xc0, 0xa4, 0x3, 0xf4,
    0x10, 0x12, 0x0, 0x38, 0x1, 0x40, 0x1f, 0xeb,
    0x0, 0x70, 0x1, 0xc0, 0xa, 0x1, 0xfe, 0x70,
    0x2, 0x0, 0x8, 0x0, 0x40, 0x1f, 0xe1, 0x0,
    0x8, 0x8, 0x0, 0x80, 0x3f, 0xf8, 0x4, 0x0,
    0x23, 0x0, 0xff, 0xed, 0x98, 0x7, 0xff, 0x1c,
    0x40, 0x4, 0x1, 0xff, 0xc0, 0x20, 0x1, 0x1,
    0x0, 0x8, 0x3, 0xfc, 0x20, 0x1, 0x0, 0x20,
    0x1, 0x40, 0x3f, 0xce, 0x0, 0x40, 0x6, 0x80,
    0x24, 0x3, 0xfd, 0x60, 0xf, 0x0, 0x21, 0x80,
    0xc8, 0x7, 0xe7, 0x20, 0x25, 0x0, 0xbc, 0x0,
    0xd4, 0x20, 0x1d, 0x10, 0x0, 0x48, 0x6, 0x3a,
    0x0, 0x2f, 0x5c, 0x42, 0xbd, 0xc0, 0x12, 0x80,
    0x1c, 0xb8, 0x40, 0x4, 0x77, 0x28, 0x0, 0x6d,
    0x80, 0x3e, 0x3d, 0xa5, 0x10, 0x0, 0xa4, 0xf2,
    0x0, 0x60,

    /* U+00D3 "Ó" */
    0x0, 0xff, 0xb7, 0xfd, 0x0, 0x1f, 0xfc, 0x38,
    0x20, 0x68, 0x0, 0xff, 0xe1, 0x1b, 0x82, 0xc8,
    0x7, 0xff, 0xf, 0x81, 0x28, 0x3, 0xff, 0x86,
    0x6b, 0x16, 0x1, 0xff, 0xc4, 0x38, 0x70, 0xf,
    0xfe, 0xba, 0xd7, 0x7f, 0xba, 0xd8, 0x3, 0xfc,
    0x7b, 0x4a, 0x20, 0x1, 0x49, 0xe4, 0x0, 0xf9,
    0x70, 0x80, 0x8, 0xee, 0x40, 0x0, 0xdb, 0x0,
    0x71, 0xd0, 0x1, 0xba, 0xe2, 0x17, 0xec, 0x0,
    0x93, 0x0, 0xde, 0x0, 0x69, 0x10, 0xe, 0x97,
    0x0, 0x70, 0x4, 0x86, 0x5, 0x20, 0x1f, 0xa0,
    0x80, 0x90, 0x1, 0xc0, 0xa, 0x0, 0xff, 0x58,
    0x3, 0x80, 0xe, 0x0, 0x50, 0xf, 0xf3, 0x80,
    0x10, 0x0, 0x40, 0x2, 0x0, 0xff, 0x8, 0x0,
    0x40, 0x40, 0x4, 0x1, 0xff, 0xc0, 0x20, 0x1,
    0x18, 0x7, 0xff, 0x6c, 0xc0, 0x3f, 0xf8, 0xe2,
    0x0, 0x20, 0xf, 0xfe, 0x1, 0x0, 0x8, 0x8,
    0x0, 0x40, 0x1f, 0xe1, 0x0, 0x8, 0x1, 0x0,
    0xa, 0x1, 0xfe, 0x70, 0x2, 0x0, 0x34, 0x1,
    0x20, 0x1f, 0xeb, 0x0, 0x78, 0x1, 0xc, 0x6,
    0x40, 0x3f, 0x39, 0x1, 0x28, 0x5, 0xe0, 0x6,
    0xa1, 0x0, 0xe8, 0x80, 0x2, 0x40, 0x31, 0xd0,
    0x1, 0x7a, 0xe2, 0x15, 0xee, 0x0, 0x94, 0x0,
    0xe5, 0xc2, 0x0, 0x23, 0xb9, 0x40, 0x3, 0x6c,
    0x1, 0xf1, 0xed, 0x28, 0x80, 0x5, 0x27, 0x90,
    0x3, 0x0,

    /* U+00D4 "Ô" */
    0x0, 0xfc, 0x9f, 0xe5, 0x0, 0xff, 0xe1, 0x9d,
    0x80, 0x28, 0xc0, 0x3f, 0xf8, 0x25, 0xa1, 0x12,
    0x1a, 0x40, 0x1f, 0xf0, 0xf8, 0xb3, 0xb4, 0xf,
    0x88, 0x7, 0xf9, 0x55, 0x12, 0x0, 0x79, 0x55,
    0x0, 0x7f, 0x92, 0x1c, 0x3, 0x34, 0x20, 0x7,
    0xff, 0x4d, 0x6b, 0xbf, 0xdd, 0x6c, 0x1, 0xfe,
    0x3d, 0xa5, 0x10, 0x0, 0xa4, 0xf2, 0x0, 0x7c,
    0xb8, 0x40, 0x4, 0x77, 0x20, 0x0, 0x6d, 0x80,
    0x38, 0xe8, 0x0, 0xdd, 0x71, 0xb, 0xf6, 0x0,
    0x49, 0x80, 0x6f, 0x0, 0x34, 0x88, 0x7, 0x4b,
    0x80, 0x38, 0x2, 0x43, 0x2, 0x90, 0xf, 0xd0,
    0x40, 0x48, 0x0, 0xe0, 0x5, 0x0, 0x7f, 0xac,
    0x1, 0xc0, 0x7, 0x0, 0x28, 0x7, 0xf9, 0xc0,
    0x8, 0x0, 0x20, 0x1, 0x0, 0x7f, 0x84, 0x0,
    0x20, 0x20, 0x2, 0x0, 0xff, 0xe0, 0x10, 0x0,
    0x8c, 0x3, 0xff, 0xb6, 0x60, 0x1f, 0xfc, 0x71,
    0x0, 0x10, 0x7, 0xff, 0x0, 0x80, 0x4, 0x4,
    0x0, 0x20, 0xf, 0xf0, 0x80, 0x4, 0x0, 0x80,
    0x5, 0x0, 0xff, 0x38, 0x1, 0x0, 0x1a, 0x0,
    0x90, 0xf, 0xf5, 0x80, 0x3c, 0x0, 0x86, 0x3,
    0x20, 0x1f, 0x9c, 0x80, 0x94, 0x2, 0xf0, 0x3,
    0x50, 0x80, 0x74, 0x40, 0x1, 0x20, 0x18, 0xe8,
    0x0, 0xbd, 0x71, 0xa, 0xf7, 0x0, 0x4a, 0x0,
    0x72, 0xe1, 0x0, 0x11, 0xdc, 0xa0, 0x1, 0xb6,
    0x0, 0xf8, 0xf6, 0x94, 0x40, 0x2, 0x93, 0xc8,
    0x1, 0x80,

    /* U+00D5 "Õ" */
    0x0, 0xf8, 0x88, 0x1, 0x89, 0x88, 0x3, 0xf9,
    0x3b, 0x76, 0x61, 0x17, 0x4d, 0x0, 0x7e, 0x1b,
    0x10, 0x1, 0x4f, 0x70, 0xc2, 0x80, 0x3f, 0x38,
    0x1f, 0x7d, 0x10, 0x0, 0x68, 0x80, 0x3f, 0x3e,
    0x68, 0x82, 0xee, 0xdc, 0xa0, 0x1f, 0xc2, 0x62,
    0x1, 0x88, 0x80, 0x1f, 0xfd, 0x55, 0xae, 0xff,
    0x75, 0xb0, 0x7, 0xf8, 0xf6, 0x94, 0x40, 0x2,
    0x93, 0xc8, 0x1, 0xf2, 0xe1, 0x0, 0x11, 0xdc,
    0x80, 0x1, 0xb6, 0x0, 0xe3, 0xa0, 0x3, 0x75,
    0xc4, 0x2f, 0xd8, 0x1, 0x26, 0x1, 0xbc, 0x0,
    0xd2, 0x20, 0x1d, 0x2e, 0x0, 0xe0, 0x9, 0xc,
    0xa, 0x40, 0x3f, 0x41, 0x1, 0x20, 0x3, 0x80,
    0x14, 0x1, 0xfe, 0xb0, 0x7, 0x0, 0x1c, 0x0,
    0xa0, 0x1f, 0xe7, 0x0, 0x20, 0x0, 0x80, 0x4,
    0x1, 0xfe, 0x10, 0x0, 0x80, 0x80, 0x8, 0x3,
    0xff, 0x80, 0x40, 0x2, 0x30, 0xf, 0xfe, 0xd9,
    0x80, 0x7f, 0xf1, 0xc4, 0x0, 0x40, 0x1f, 0xfc,
    0x2, 0x0, 0x10, 0x10, 0x0, 0x80, 0x3f, 0xc2,
    0x0, 0x10, 0x2, 0x0, 0x14, 0x3, 0xfc, 0xe0,
    0x4, 0x0, 0x68, 0x2, 0x40, 0x3f, 0xd6, 0x0,
    0xf0, 0x2, 0x18, 0xc, 0x80, 0x7e, 0x72, 0x2,
    0x50, 0xb, 0xc0, 0xd, 0x42, 0x1, 0xd1, 0x0,
    0x4, 0x80, 0x63, 0xa0, 0x2, 0xf5, 0xc4, 0x2b,
    0xdc, 0x1, 0x28, 0x1, 0xcb, 0x84, 0x0, 0x47,
    0x72, 0x80, 0x6, 0xd8, 0x3, 0xe3, 0xda, 0x51,
    0x0, 0xa, 0x4f, 0x20, 0x6,

    /* U+00D6 "Ö" */
    0x0, 0xe7, 0xfd, 0x10, 0xa, 0xfe, 0x80, 0x3f,
    0xd0, 0x4, 0xe0, 0x3, 0x40, 0x52, 0x0, 0xfe,
    0x40, 0x2, 0x80, 0x8, 0x40, 0x88, 0x1, 0xfd,
    0x79, 0xc6, 0x0, 0x1f, 0xcd, 0x0, 0xff, 0x8c,
    0x40, 0x30, 0x98, 0x7, 0xff, 0x51, 0x6b, 0xbf,
    0xdd, 0x6c, 0x1, 0xfe, 0x3d, 0xa5, 0x10, 0x0,
    0xa4, 0xf2, 0x0, 0x7c, 0xb8, 0x40, 0x4, 0x77,
    0x20, 0x0, 0x6d, 0x80, 0x38, 0xe8, 0x0, 0xdd,
    0x71, 0xb, 0xf6, 0x0, 0x49, 0x80, 0x6f, 0x0,
    0x34, 0x88, 0x7, 0x4b, 0x80, 0x38, 0x2, 0x43,
    0x2, 0x90, 0xf, 0xd0, 0x40, 0x48, 0x0, 0xe0,
    0x5, 0x0, 0x7f, 0xac, 0x1, 0xc0, 0x7, 0x0,
    0x28, 0x7, 0xf9, 0xc0, 0x8, 0x0, 0x20, 0x1,
    0x0, 0x7f, 0x84, 0x0, 0x20, 0x20, 0x2, 0x0,
    0xff, 0xe0, 0x10, 0x0, 0x8c, 0x3, 0xff, 0xb6,
    0x60, 0x1f, 0xfc, 0x71, 0x0, 0x10, 0x7, 0xff,
    0x0, 0x80, 0x4, 0x4, 0x0, 0x20, 0xf, 0xf0,
    0x80, 0x4, 0x0, 0x80, 0x5, 0x0, 0xff, 0x38,
    0x1, 0x0, 0x1a, 0x0, 0x90, 0xf, 0xf5, 0x80,
    0x3c, 0x0, 0x86, 0x3, 0x20, 0x1f, 0x9c, 0x80,
    0x94, 0x2, 0xf0, 0x3, 0x50, 0x80, 0x74, 0x40,
    0x1, 0x20, 0x18, 0xe8, 0x0, 0xbd, 0x71, 0xa,
    0xf7, 0x0, 0x4a, 0x0, 0x72, 0xe1, 0x0, 0x11,
    0xdc, 0xa0, 0x1, 0xb6, 0x0, 0xf8, 0xf6, 0x94,
    0x40, 0x2, 0x93, 0xc8, 0x1, 0x80,

    /* U+00D7 "×" */
    0x0, 0x8, 0x7, 0xf0, 0x80, 0x51, 0xe6, 0x1,
    0xf2, 0x73, 0x2, 0xb8, 0xe9, 0x80, 0x72, 0x58,
    0x49, 0x2a, 0x80, 0x74, 0xc0, 0x24, 0xb0, 0x3,
    0x90, 0x52, 0x80, 0xe9, 0x2, 0x58, 0x1, 0xe0,
    0x2, 0xa5, 0x1, 0xc6, 0xb0, 0x3, 0xc0, 0x7,
    0x52, 0x80, 0xc8, 0x1, 0xe0, 0x3, 0xea, 0x40,
    0x9, 0xa0, 0x3, 0xf2, 0x20, 0x2, 0x72, 0x0,
    0xf9, 0x2c, 0x0, 0x40, 0x38, 0x40, 0x1c, 0x76,
    0x0, 0x7d, 0x50, 0x1c, 0x20, 0x8, 0xf0, 0x0,
    0xf0, 0x14, 0xa0, 0x38, 0x40, 0x78, 0x0, 0x68,
    0x0, 0xa9, 0x40, 0x70, 0x84, 0x40, 0xd2, 0x1,
    0xd4, 0x80, 0x66, 0x2c, 0x79, 0x0, 0xfa, 0xdb,
    0x4,

    /* U+00D8 "Ø" */
    0x0, 0xff, 0xe2, 0xf, 0xf8, 0x80, 0x3c, 0xb5,
    0xdf, 0xee, 0xb6, 0x0, 0x50, 0x41, 0x0, 0x63,
    0xda, 0x51, 0x0, 0xa, 0x4f, 0x4a, 0x1b, 0x80,
    0x65, 0xc2, 0x0, 0x23, 0xb9, 0x0, 0x2, 0xc1,
    0xe0, 0x18, 0xe8, 0x0, 0xdd, 0x71, 0xb, 0xf7,
    0x0, 0xfd, 0xe0, 0x6, 0x91, 0x0, 0xed, 0x0,
    0xb8, 0x2, 0x43, 0x2, 0x90, 0xf, 0xd, 0x80,
    0x81, 0x20, 0x3, 0x80, 0x14, 0x1, 0xf5, 0x8b,
    0x40, 0x3, 0x80, 0xe, 0x0, 0x50, 0xf, 0x22,
    0x94, 0xb8, 0x1, 0x0, 0x4, 0x0, 0x20, 0xf,
    0x50, 0x48, 0x8, 0x0, 0x40, 0x40, 0x4, 0x1,
    0xe9, 0x16, 0x40, 0x1, 0x0, 0x8, 0xc0, 0x3f,
    0x23, 0xc, 0x80, 0x7f, 0xf1, 0x24, 0x28, 0x3,
    0xf1, 0x80, 0x7d, 0x24, 0xa8, 0x1, 0xf8, 0x40,
    0x4, 0x1, 0x1b, 0xd, 0x80, 0x71, 0x0, 0x8,
    0x8, 0x0, 0x40, 0xe, 0xb, 0x10, 0xc, 0x20,
    0x1, 0x0, 0x20, 0x1, 0x42, 0x9, 0x14, 0x3,
    0x9c, 0x0, 0x80, 0xd, 0x0, 0x51, 0xb8, 0x50,
    0x7, 0xac, 0x1, 0xe0, 0x4, 0x30, 0x2c, 0x9,
    0x10, 0xe, 0x72, 0x2, 0x50, 0xb, 0xc0, 0x21,
    0x70, 0xe, 0x88, 0x0, 0x24, 0x3, 0x1c, 0x0,
    0x7, 0xae, 0x21, 0x5e, 0xe0, 0x9, 0x40, 0xe,
    0xb0, 0x10, 0x2, 0x3b, 0x94, 0x0, 0x36, 0xc0,
    0x1c, 0xe6, 0x6e, 0xa5, 0x10, 0x0, 0xa4, 0xf2,
    0x0, 0x71, 0x40, 0x70, 0x2d, 0x77, 0xfb, 0xad,
    0x80, 0x3c,

    /* U+00D9 "Ù" */
    0x0, 0x87, 0xbf, 0xcc, 0x1, 0xff, 0xc0, 0x1c,
    0x0, 0x48, 0x80, 0x7f, 0xf0, 0xb, 0x0, 0x14,
    0x1, 0xff, 0xc1, 0x3a, 0x4, 0x60, 0xf, 0xfe,
    0xa, 0xd3, 0x88, 0x7, 0xff, 0x9, 0x61, 0xc0,
    0x3f, 0xf9, 0x9b, 0xfe, 0x20, 0xf, 0xe5, 0xff,
    0x50, 0x7, 0xff, 0xfc, 0x3, 0xff, 0xfe, 0x1,
    0xff, 0xff, 0x0, 0xff, 0xe0, 0x88, 0x0, 0x40,
    0x3f, 0x8c, 0x0, 0x6c, 0x0, 0x40, 0xf, 0xec,
    0x0, 0x77, 0x80, 0x28, 0x3, 0xf1, 0x28, 0x1,
    0x54, 0x40, 0x56, 0x20, 0x1c, 0x5e, 0x0, 0x52,
    0xf, 0x10, 0x4e, 0xa7, 0x68, 0xbd, 0x20, 0x2b,
    0x0, 0x16, 0x18, 0x1, 0x62, 0x5d, 0x0, 0xb,
    0x82, 0x1, 0x16, 0x5b, 0x10, 0x4, 0x6f, 0xb4,
    0x20, 0x0,

    /* U+00DA "Ú" */
    0x0, 0xfe, 0x7f, 0xf6, 0x88, 0x7, 0xfc, 0x50,
    0x5, 0x82, 0x1, 0xff, 0x70, 0xf, 0x88, 0x7,
    0xfd, 0x6, 0x38, 0x40, 0x1f, 0xfc, 0xf, 0x7d,
    0x20, 0xf, 0xfe, 0xb, 0xc1, 0x80, 0x7f, 0xf3,
    0x37, 0xfc, 0x40, 0x1f, 0xcb, 0xfe, 0xa0, 0xf,
    0xff, 0xf8, 0x7, 0xff, 0xfc, 0x3, 0xff, 0xfe,
    0x1, 0xff, 0xc1, 0x10, 0x0, 0x80, 0x7f, 0x18,
    0x0, 0xd8, 0x0, 0x80, 0x1f, 0xd8, 0x0, 0xef,
    0x0, 0x50, 0x7, 0xe2, 0x50, 0x2, 0xa8, 0x80,
    0xac, 0x40, 0x38, 0xbc, 0x0, 0xa4, 0x1e, 0x20,
    0x9d, 0x4e, 0xd1, 0x7a, 0x40, 0x56, 0x0, 0x2c,
    0x30, 0x2, 0xc4, 0xba, 0x0, 0x17, 0x4, 0x2,
    0x2c, 0xb6, 0x20, 0x8, 0xdf, 0x68, 0x40, 0x0,

    /* U+00DB "Û" */
    0x0, 0xf0, 0xef, 0xd8, 0x7, 0xff, 0x7, 0x48,
    0x12, 0x40, 0x3f, 0xea, 0x33, 0x68, 0xb3, 0x80,
    0x7f, 0x42, 0x8e, 0x96, 0x4, 0x28, 0x7, 0xc2,
    0xf, 0x82, 0x5, 0x8e, 0x40, 0x1f, 0xc, 0x40,
    0x80, 0x23, 0x87, 0x0, 0xff, 0xe4, 0xef, 0xf8,
    0x80, 0x3f, 0x97, 0xfd, 0x40, 0x1f, 0xff, 0xf0,
    0xf, 0xff, 0xf8, 0x7, 0xff, 0xfc, 0x3, 0xff,
    0x82, 0x20, 0x1, 0x0, 0xfe, 0x30, 0x1, 0xb0,
    0x1, 0x0, 0x3f, 0xb0, 0x1, 0xde, 0x0, 0xa0,
    0xf, 0xc4, 0xa0, 0x5, 0x51, 0x1, 0x58, 0x80,
    0x71, 0x78, 0x1, 0x48, 0x3c, 0x41, 0x3a, 0x9d,
    0xa2, 0xf4, 0x80, 0xac, 0x0, 0x58, 0x60, 0x5,
    0x89, 0x74, 0x0, 0x2e, 0x8, 0x4, 0x59, 0x6c,
    0x40, 0x11, 0xbe, 0xd0, 0x80, 0x0,

    /* U+00DC "Ü" */
    0x0, 0x8f, 0xbd, 0x40, 0x26, 0xfd, 0x20, 0xf,
    0x50, 0x84, 0x80, 0x56, 0x5, 0x40, 0x1e, 0xc0,
    0x2, 0x0, 0x48, 0x0, 0xc0, 0xf, 0x2e, 0xe4,
    0x0, 0x53, 0x9a, 0x80, 0x1f, 0x11, 0x80, 0x71,
    0x90, 0x7, 0xff, 0x27, 0x7f, 0xc4, 0x1, 0xfc,
    0xbf, 0xea, 0x0, 0xff, 0xff, 0x80, 0x7f, 0xff,
    0xc0, 0x3f, 0xff, 0xe0, 0x1f, 0xfc, 0x11, 0x0,
    0x8, 0x7, 0xf1, 0x80, 0xd, 0x80, 0x8, 0x1,
    0xfd, 0x80, 0xe, 0xf0, 0x5, 0x0, 0x7e, 0x25,
    0x0, 0x2a, 0x88, 0xa, 0xc4, 0x3, 0x8b, 0xc0,
    0xa, 0x41, 0xe2, 0x9, 0xd4, 0xed, 0x17, 0xa4,
    0x5, 0x60, 0x2, 0xc3, 0x0, 0x2c, 0x4b, 0xa0,
    0x1, 0x70, 0x40, 0x22, 0xcb, 0x62, 0x0, 0x8d,
    0xf6, 0x84, 0x0,

    /* U+00DD "Ý" */
    0x0, 0xff, 0x9e, 0x20, 0x40, 0x1f, 0xfc, 0x29,
    0x87, 0x22, 0x0, 0x7f, 0xf0, 0x51, 0x81, 0x28,
    0x3, 0xff, 0x85, 0x40, 0x76, 0x1, 0xff, 0xc2,
    0x91, 0x3c, 0x0, 0xff, 0xe1, 0xcf, 0xe0, 0x7,
    0xff, 0x3d, 0xff, 0xdc, 0x1, 0xff, 0x67, 0xfa,
    0x9c, 0x40, 0x5c, 0x3, 0xf9, 0xc, 0x1, 0x61,
    0x60, 0x8, 0x10, 0xf, 0xd2, 0x0, 0x71, 0x5,
    0x30, 0x4, 0x80, 0x7c, 0xa4, 0x3, 0x0, 0x17,
    0x80, 0x1c, 0x40, 0x3d, 0x0, 0x8, 0x0, 0xc6,
    0xa0, 0xb, 0x0, 0xe6, 0x20, 0x36, 0x0, 0xeb,
    0x0, 0x29, 0x0, 0x68, 0x0, 0x78, 0x7, 0x86,
    0x0, 0x12, 0x1, 0x40, 0x82, 0x98, 0x7, 0xce,
    0x20, 0x86, 0x2, 0xe0, 0x8, 0x0, 0xfe, 0xb0,
    0x7, 0x84, 0x0, 0x1c, 0x80, 0x3f, 0x94, 0xc0,
    0xdd, 0x80, 0x60, 0x3, 0xfe, 0xf0, 0x4, 0x0,
    0x20, 0x3, 0xff, 0x80, 0x6a, 0x1, 0x13, 0x0,
    0x7f, 0xf0, 0x6c, 0x2, 0x90, 0xf, 0xfe, 0x10,
    0x88, 0x0, 0xa0, 0x1f, 0xff, 0xf0, 0xf, 0xff,
    0xa8,

    /* U+00DE "Þ" */
    0x6f, 0xf4, 0x0, 0x7f, 0xfc, 0xdf, 0xff, 0xba,
    0xd4, 0x3, 0xff, 0x82, 0x29, 0x5a, 0x60, 0x1c,
    0xb5, 0x5c, 0xe2, 0x5, 0x84, 0x1, 0x89, 0x57,
    0xa3, 0x94, 0x1, 0xc0, 0x1f, 0xfc, 0xa, 0x10,
    0x32, 0x0, 0xff, 0xe0, 0x38, 0x1, 0xc0, 0x3f,
    0xf8, 0x1c, 0x0, 0x20, 0xf, 0xfe, 0x7, 0x0,
    0x8, 0x3, 0xff, 0x80, 0xe0, 0x7, 0x0, 0xff,
    0xa8, 0x40, 0xc8, 0x2, 0x25, 0x5e, 0x8e, 0x50,
    0x7, 0x0, 0x65, 0xaa, 0xe7, 0x10, 0x2d, 0x20,
    0xf, 0xf0, 0xa5, 0x69, 0x0, 0x73, 0xff, 0xf7,
    0x5a, 0x80, 0x7f, 0xfe, 0x0,

    /* U+00DF "ß" */
    0x0, 0xc2, 0x8a, 0x82, 0x1, 0xfc, 0x57, 0xd7,
    0x57, 0xd6, 0x40, 0x1e, 0x3d, 0x40, 0xe, 0x4c,
    0x20, 0xe, 0xe0, 0x3, 0x6f, 0xea, 0x0, 0xc8,
    0x6, 0x52, 0x4, 0x92, 0x2, 0xb2, 0x4, 0x0,
    0xd8, 0x0, 0xe0, 0xe, 0x40, 0x1, 0x0, 0x4a,
    0x0, 0x70, 0xe, 0x10, 0xf, 0xe3, 0x0, 0xe4,
    0x0, 0x10, 0x4, 0x20, 0x1f, 0x21, 0x82, 0x80,
    0x7f, 0xf0, 0x28, 0x1, 0x0, 0x1f, 0xf3, 0x8,
    0x31, 0x0, 0x7f, 0xd8, 0x0, 0xd0, 0xf, 0xfe,
    0x86, 0x0, 0x3c, 0x3, 0xff, 0x80, 0xc4, 0x9,
    0x40, 0x1f, 0xfc, 0xf, 0x10, 0x5d, 0x20, 0xf,
    0xf1, 0x79, 0x81, 0x61, 0x80, 0x7f, 0x87, 0x14,
    0x7, 0x40, 0x3f, 0xf8, 0x14, 0x80, 0x2e, 0x1,
    0xff, 0xc0, 0xf0, 0x6, 0x80, 0x7f, 0xf0, 0xcc,
    0x3, 0x88, 0x40, 0x3b, 0xc0, 0x1e, 0x1, 0xd1,
    0xd4, 0xca, 0xf8, 0x80, 0x2e, 0x1, 0xc8, 0xb,
    0x35, 0x6, 0x0, 0xd1, 0x0, 0xea, 0x63, 0x10,
    0x1, 0xbf, 0x18, 0x0,

    /* U+00E0 "à" */
    0x0, 0x93, 0xfe, 0x20, 0xf, 0xf2, 0x58, 0x3,
    0x80, 0x3f, 0xe4, 0xa0, 0x39, 0x0, 0xff, 0x96,
    0x81, 0x94, 0x3, 0xfe, 0x5f, 0xe5, 0x0, 0xff,
    0xe0, 0x88, 0x7, 0xf9, 0x6f, 0xbf, 0xdb, 0x24,
    0x1, 0xc5, 0xb4, 0x82, 0x0, 0x26, 0xd6, 0x0,
    0x87, 0x8, 0xe, 0x6a, 0x54, 0x1, 0x28, 0x0,
    0x81, 0x6, 0xc6, 0x56, 0xa8, 0x0, 0x40, 0x1,
    0xc0, 0x12, 0x1, 0xce, 0x0, 0x30, 0x7, 0x7f,
    0x80, 0x3e, 0x20, 0xf, 0xfe, 0x28, 0x80, 0x42,
    0xf7, 0xdf, 0xf8, 0x80, 0x39, 0xfa, 0x10, 0x40,
    0x3f, 0x9e, 0x0, 0x63, 0x3f, 0xf1, 0x0, 0x68,
    0x0, 0x63, 0x98, 0x7, 0xe3, 0x0, 0x29, 0x0,
    0x7f, 0x9c, 0x0, 0x20, 0x1e, 0x12, 0x0, 0x94,
    0x0, 0x88, 0x0, 0xc7, 0x80, 0x18, 0x54, 0x1,
    0x76, 0x88, 0x66, 0x8, 0x2, 0x30, 0xa3, 0x0,
    0x23, 0xb8, 0xc1, 0x50, 0x0, 0xe0, 0xc, 0x93,
    0x10, 0x15, 0xba, 0xe4, 0x41, 0x80,

    /* U+00E1 "á" */
    0x0, 0xfe, 0xcf, 0xf4, 0x0, 0x7f, 0xa4, 0xc2,
    0x20, 0x1, 0xfc, 0xac, 0x10, 0xe0, 0x1f, 0xc5,
    0x41, 0x2e, 0x1, 0xfe, 0x2e, 0xf6, 0x0, 0xff,
    0xe0, 0x8, 0x7, 0xfc, 0xb7, 0xdf, 0xed, 0x92,
    0x0, 0xe2, 0xda, 0x41, 0x0, 0x13, 0x6b, 0x0,
    0x43, 0x84, 0x7, 0x35, 0x2a, 0x0, 0x94, 0x0,
    0x40, 0x83, 0x63, 0x2b, 0x54, 0x0, 0x20, 0x0,
    0xe0, 0x9, 0x0, 0xe7, 0x0, 0x18, 0x3, 0xbf,
    0xc0, 0x1f, 0x10, 0x7, 0xff, 0x14, 0x40, 0x21,
    0x7b, 0xef, 0xfc, 0x40, 0x1c, 0xfd, 0x8, 0x20,
    0x1f, 0xcf, 0x0, 0x31, 0x9f, 0xf8, 0x80, 0x34,
    0x0, 0x31, 0xcc, 0x3, 0xf1, 0x80, 0x14, 0x80,
    0x3f, 0xce, 0x0, 0x10, 0xf, 0x9, 0x0, 0x4a,
    0x0, 0x44, 0x0, 0x63, 0xc0, 0xc, 0x2a, 0x0,
    0xbb, 0x44, 0x33, 0x4, 0x1, 0x18, 0x51, 0x80,
    0x11, 0xdc, 0x60, 0xa8, 0x0, 0x70, 0x6, 0x49,
    0x88, 0xa, 0xdd, 0x72, 0x20, 0xc0,

    /* U+00E2 "â" */
    0x0, 0xf2, 0xff, 0x9c, 0x3, 0xfc, 0xb4, 0x5,
    0xe, 0x1, 0xf9, 0xa8, 0x73, 0x5, 0xe, 0x1,
    0xe4, 0xb2, 0xd3, 0x1c, 0x3a, 0x50, 0xe, 0x4d,
    0xd1, 0x80, 0x7, 0x35, 0x40, 0x3f, 0xf9, 0x2b,
    0x7d, 0xfe, 0xd9, 0x20, 0xe, 0x2d, 0xa4, 0x10,
    0x1, 0x36, 0xb0, 0x4, 0x38, 0x40, 0x73, 0x52,
    0xa0, 0x9, 0x40, 0x4, 0x8, 0x36, 0x32, 0xb5,
    0x40, 0x2, 0x0, 0xe, 0x0, 0x90, 0xe, 0x70,
    0x1, 0x80, 0x3b, 0xfc, 0x1, 0xf1, 0x0, 0x7f,
    0xf1, 0x44, 0x2, 0x17, 0xbe, 0xff, 0xc4, 0x1,
    0xcf, 0xd0, 0x82, 0x1, 0xfc, 0xf0, 0x3, 0x19,
    0xff, 0x88, 0x3, 0x40, 0x3, 0x1c, 0xc0, 0x3f,
    0x18, 0x1, 0x48, 0x3, 0xfc, 0xe0, 0x1, 0x0,
    0xf0, 0x90, 0x4, 0xa0, 0x4, 0x40, 0x6, 0x3c,
    0x0, 0xc2, 0xa0, 0xb, 0xb4, 0x43, 0x30, 0x40,
    0x11, 0x85, 0x18, 0x1, 0x1d, 0xc6, 0xa, 0x80,
    0x7, 0x0, 0x64, 0x98, 0x80, 0xad, 0xd7, 0x22,
    0xc,

    /* U+00E3 "ã" */
    0x0, 0xff, 0x84, 0xc4, 0x3, 0x15, 0xff, 0xad,
    0x44, 0x2f, 0x20, 0x3, 0x62, 0x0, 0x12, 0xbb,
    0xd4, 0x28, 0x2, 0x51, 0x2b, 0xc8, 0x20, 0xa,
    0x4c, 0x2, 0x4c, 0xc2, 0x1b, 0xee, 0xde, 0xc0,
    0x18, 0x4c, 0x40, 0x31, 0x10, 0x3, 0xff, 0x96,
    0xb7, 0xdf, 0xed, 0x92, 0x0, 0xe2, 0xda, 0x41,
    0x0, 0x13, 0x6b, 0x0, 0x43, 0x84, 0x7, 0x35,
    0x2a, 0x0, 0x94, 0x0, 0x40, 0x83, 0x63, 0x2b,
    0x54, 0x0, 0x20, 0x0, 0xe0, 0x9, 0x0, 0xe7,
    0x0, 0x18, 0x3, 0xbf, 0xc0, 0x1f, 0x10, 0x7,
    0xff, 0x14, 0x40, 0x21, 0x7b, 0xef, 0xfc, 0x40,
    0x1c, 0xfd, 0x8, 0x20, 0x1f, 0xcf, 0x0, 0x31,
    0x9f, 0xf8, 0x80, 0x34, 0x0, 0x31, 0xcc, 0x3,
    0xf1, 0x80, 0x14, 0x80, 0x3f, 0xce, 0x0, 0x10,
    0xf, 0x9, 0x0, 0x4a, 0x0, 0x44, 0x0, 0x63,
    0xc0, 0xc, 0x2a, 0x0, 0xbb, 0x44, 0x33, 0x4,
    0x1, 0x18, 0x51, 0x80, 0x11, 0xdc, 0x60, 0xa8,
    0x0, 0x70, 0x6, 0x49, 0x88, 0xa, 0xdd, 0x72,
    0x20, 0xc0,

    /* U+00E4 "ä" */
    0x0, 0x9f, 0xf4, 0x40, 0x2b, 0xfb, 0x0, 0xe9,
    0x2, 0x60, 0x1, 0x20, 0x21, 0x80, 0x64, 0x0,
    0x20, 0x0, 0x84, 0x4, 0xc0, 0x35, 0x67, 0x18,
    0x5, 0xd9, 0xc0, 0x1e, 0x31, 0x0, 0xe3, 0x0,
    0xf9, 0x6f, 0xbf, 0xdb, 0x24, 0x1, 0xc5, 0xb4,
    0x82, 0x0, 0x26, 0xd6, 0x0, 0x87, 0x8, 0xe,
    0x6a, 0x54, 0x1, 0x28, 0x0, 0x81, 0x6, 0xc6,
    0x56, 0xa8, 0x0, 0x40, 0x1, 0xc0, 0x12, 0x1,
    0xce, 0x0, 0x30, 0x7, 0x7f, 0x80, 0x3e, 0x20,
    0xf, 0xfe, 0x28, 0x80, 0x42, 0xf7, 0xdf, 0xf8,
    0x80, 0x39, 0xfa, 0x10, 0x40, 0x3f, 0x9e, 0x0,
    0x63, 0x3f, 0xf1, 0x0, 0x68, 0x0, 0x63, 0x98,
    0x7, 0xe3, 0x0, 0x29, 0x0, 0x7f, 0x9c, 0x0,
    0x20, 0x1e, 0x12, 0x0, 0x94, 0x0, 0x88, 0x0,
    0xc7, 0x80, 0x18, 0x54, 0x1, 0x76, 0x88, 0x66,
    0x8, 0x2, 0x30, 0xa3, 0x0, 0x23, 0xb8, 0xc1,
    0x50, 0x0, 0xe0, 0xc, 0x93, 0x10, 0x15, 0xba,
    0xe4, 0x41, 0x80,

    /* U+00E5 "å" */
    0x0, 0xff, 0xe4, 0xd, 0xff, 0xb0, 0x80, 0x3f,
    0xb5, 0x26, 0x87, 0x4, 0x3, 0xe3, 0x34, 0xb2,
    0xf0, 0xa0, 0x7, 0xf1, 0x80, 0x4, 0xc, 0x3,
    0xe3, 0x18, 0x32, 0x90, 0x40, 0xf, 0xda, 0x79,
    0xa9, 0x44, 0x1, 0xf8, 0xfb, 0x31, 0xea, 0x1,
    0xff, 0x19, 0x80, 0x3f, 0xcb, 0x7d, 0xfe, 0xd9,
    0x20, 0xe, 0x2d, 0xa4, 0x10, 0x1, 0x36, 0xb0,
    0x4, 0x38, 0x40, 0x73, 0x52, 0xa0, 0x9, 0x40,
    0x4, 0x8, 0x36, 0x32, 0xb5, 0x40, 0x2, 0x0,
    0xe, 0x0, 0x90, 0xe, 0x70, 0x1, 0x80, 0x3b,
    0xfc, 0x1, 0xf1, 0x0, 0x7f, 0xf1, 0x44, 0x2,
    0x17, 0xbe, 0xff, 0xc4, 0x1, 0xcf, 0xd0, 0x82,
    0x1, 0xfc, 0xf0, 0x3, 0x19, 0xff, 0x88, 0x3,
    0x40, 0x3, 0x1c, 0xc0, 0x3f, 0x18, 0x1, 0x48,
    0x3, 0xfc, 0xe0, 0x1, 0x0, 0xf0, 0x90, 0x4,
    0xa0, 0x4, 0x40, 0x6, 0x3c, 0x0, 0xc2, 0xa0,
    0xb, 0xb4, 0x43, 0x30, 0x40, 0x11, 0x85, 0x18,
    0x1, 0x1d, 0xc6, 0xa, 0x80, 0x7, 0x0, 0x64,
    0x98, 0x80, 0xad, 0xd7, 0x22, 0xc,

    /* U+00E6 "æ" */
    0x0, 0x8e, 0x77, 0xfd, 0xd6, 0xa0, 0x10, 0xc6,
    0xff, 0xba, 0x90, 0x3, 0xa7, 0x18, 0x80, 0x2,
    0x95, 0x80, 0xbc, 0xe4, 0x0, 0x15, 0xba, 0x0,
    0xa5, 0x80, 0xb, 0x34, 0xe2, 0x7, 0x94, 0x0,
    0x59, 0xa7, 0x10, 0x59, 0x1, 0x60, 0x5, 0xd3,
    0x2c, 0x78, 0x81, 0x80, 0x2e, 0x99, 0x63, 0xc8,
    0x18, 0xc8, 0x41, 0x50, 0x3, 0xc, 0x80, 0x50,
    0x80, 0x18, 0x64, 0x1, 0x47, 0xdf, 0x40, 0x1e,
    0x20, 0x9, 0xc0, 0x3c, 0x80, 0x5, 0x0, 0xf1,
    0x16, 0x30, 0x1, 0x91, 0x7e, 0x0, 0x10, 0x0,
    0xa7, 0x7f, 0x77, 0x48, 0x0, 0xf7, 0x7f, 0x0,
    0x4, 0x17, 0x58, 0x80, 0x3f, 0xf9, 0x5, 0x40,
    0x4, 0xbf, 0xfd, 0x60, 0x5, 0xff, 0xff, 0xac,
    0x0, 0xb6, 0x80, 0x1f, 0x30, 0x7, 0xfc, 0x40,
    0x9, 0x0, 0xfe, 0x30, 0xf, 0xfe, 0x10, 0x80,
    0x78, 0x40, 0x27, 0x0, 0xff, 0x10, 0x2, 0xc0,
    0x39, 0x68, 0x2, 0x85, 0x0, 0xf2, 0x58, 0x58,
    0x1, 0xad, 0x95, 0xf6, 0x80, 0xe, 0x0, 0xac,
    0x75, 0x54, 0x65, 0xa3, 0x14, 0x0, 0x12, 0x6a,
    0x8, 0xb, 0x22, 0xc4, 0xe, 0x2a, 0x8e, 0x60,
    0x4a, 0xf, 0x8a, 0x20, 0x1, 0x5a, 0xd3, 0x4,
    0xe8, 0x31, 0x0, 0x12, 0xd6, 0x98,

    /* U+00E7 "ç" */
    0x0, 0xc9, 0x5d, 0xfe, 0xd9, 0x20, 0xf, 0x55,
    0xa8, 0x80, 0x9, 0xb5, 0xc0, 0x35, 0xa8, 0xb,
    0xd4, 0xb0, 0x2, 0x1c, 0x0, 0xc8, 0x5, 0xf0,
    0xad, 0x38, 0x0, 0x81, 0x8, 0x0, 0x78, 0x80,
    0x63, 0x80, 0x3, 0x18, 0x82, 0x10, 0x7, 0x98,
    0x1, 0xca, 0x0, 0x30, 0xf, 0x87, 0xfd, 0x3c,
    0x0, 0xe0, 0xf, 0xfe, 0x11, 0x80, 0x7f, 0xf0,
    0x8c, 0x3, 0xfe, 0xe0, 0x0, 0x80, 0x7f, 0xca,
    0x0, 0xc0, 0xf, 0xd1, 0x5, 0x31, 0x4, 0x20,
    0xf, 0x2b, 0xbb, 0x42, 0x0, 0x1c, 0x20, 0x18,
    0xac, 0x1, 0x40, 0xc8, 0x7, 0xf0, 0xad, 0x3a,
    0x21, 0x4, 0x0, 0xb5, 0x1, 0x7a, 0x96, 0x0,
    0x4b, 0x80, 0x6a, 0xb5, 0x0, 0x89, 0xf9, 0x80,
    0x3c, 0x94, 0x60, 0xfb, 0x2, 0x1, 0xff, 0x3f,
    0x10, 0x7, 0xfb, 0x3c, 0xc6, 0xc0, 0x3f, 0xf9,
    0x83, 0x7c, 0x61, 0x40, 0x1f, 0xe4, 0x5, 0xd3,
    0x0, 0xc0,

    /* U+00E8 "è" */
    0x0, 0xa3, 0xfd, 0x80, 0x1f, 0xf4, 0x38, 0x1c,
    0x80, 0x7f, 0xd0, 0xc0, 0xca, 0x1, 0xff, 0x4b,
    0x5, 0x88, 0x7, 0xfd, 0x3d, 0xe2, 0x1, 0xff,
    0xc0, 0x11, 0x0, 0x7f, 0x8a, 0x77, 0xfd, 0xb2,
    0x40, 0x1e, 0x7d, 0x62, 0x0, 0x13, 0x6b, 0x0,
    0x68, 0x80, 0x1, 0xaa, 0x54, 0x1, 0x2a, 0x0,
    0x47, 0x1, 0xd9, 0x56, 0xab, 0x0, 0x58, 0x2,
    0x0, 0x14, 0x40, 0x19, 0x18, 0x5, 0x48, 0xc0,
    0xd0, 0x3, 0xda, 0x0, 0xc4, 0x0, 0x3a, 0xaf,
    0xc4, 0x0, 0x2e, 0x0, 0x25, 0x57, 0xd2, 0x0,
    0x70, 0xf, 0xfe, 0x34, 0xff, 0xff, 0xb3, 0x80,
    0x1c, 0x1, 0xff, 0x28, 0x1, 0x0, 0x3f, 0xe3,
    0x10, 0x34, 0x0, 0xf9, 0x8, 0x1, 0x0, 0xb,
    0x40, 0xe, 0x5b, 0xd4, 0x6, 0x50, 0x5, 0xd3,
    0x2b, 0xdd, 0x0, 0xa8, 0x2, 0x9c, 0x0, 0xb3,
    0x50, 0x80, 0x58, 0x20, 0x14, 0x6b, 0x10, 0x0,
    0x52, 0x74, 0x80,

    /* U+00E9 "é" */
    0x0, 0xfc, 0x5f, 0xf2, 0x0, 0x7f, 0xbc, 0x1,
    0x68, 0x1, 0xfd, 0x24, 0x18, 0x80, 0x1f, 0xca,
    0xc3, 0x86, 0x1, 0xfe, 0x5e, 0xe1, 0x80, 0x7f,
    0xf0, 0x4, 0x3, 0xfe, 0x29, 0xdf, 0xf6, 0xc9,
    0x0, 0x79, 0xf5, 0x88, 0x0, 0x4d, 0xac, 0x1,
    0xa2, 0x0, 0x6, 0xa9, 0x50, 0x4, 0xa8, 0x1,
    0x1c, 0x7, 0x65, 0x5a, 0xac, 0x1, 0x60, 0x8,
    0x0, 0x51, 0x0, 0x64, 0x60, 0x15, 0x23, 0x3,
    0x40, 0xf, 0x68, 0x3, 0x10, 0x0, 0xea, 0xbf,
    0x10, 0x0, 0xb8, 0x0, 0x95, 0x5f, 0x48, 0x1,
    0xc0, 0x3f, 0xf8, 0xd3, 0xff, 0xfe, 0xce, 0x0,
    0x70, 0x7, 0xfc, 0xa0, 0x4, 0x0, 0xff, 0x8c,
    0x40, 0xd0, 0x3, 0xe4, 0x20, 0x4, 0x0, 0x2d,
    0x0, 0x39, 0x6f, 0x50, 0x19, 0x40, 0x17, 0x4c,
    0xaf, 0x74, 0x2, 0xa0, 0xa, 0x70, 0x2, 0xcd,
    0x42, 0x1, 0x60, 0x80, 0x51, 0xac, 0x40, 0x1,
    0x49, 0xd2, 0x0,

    /* U+00EA "ê" */
    0x0, 0xf4, 0xff, 0x90, 0x3, 0xfd, 0x2c, 0x41,
    0x68, 0x1, 0xfa, 0x98, 0xf2, 0xc2, 0xd0, 0x3,
    0xce, 0xe4, 0xd1, 0x4c, 0x28, 0x20, 0xe, 0x7d,
    0xb1, 0x0, 0x1e, 0xe1, 0x0, 0x7f, 0xf2, 0x4a,
    0x77, 0xfd, 0xb2, 0x40, 0x1e, 0x7d, 0x62, 0x0,
    0x13, 0x6b, 0x0, 0x68, 0x80, 0x1, 0xaa, 0x54,
    0x1, 0x2a, 0x0, 0x47, 0x1, 0xd9, 0x56, 0xab,
    0x0, 0x58, 0x2, 0x0, 0x14, 0x40, 0x19, 0x18,
    0x5, 0x48, 0xc0, 0xd0, 0x3, 0xda, 0x0, 0xc4,
    0x0, 0x3a, 0xaf, 0xc4, 0x0, 0x2e, 0x0, 0x25,
    0x57, 0xd2, 0x0, 0x70, 0xf, 0xfe, 0x34, 0xff,
    0xff, 0xb3, 0x80, 0x1c, 0x1, 0xff, 0x28, 0x1,
    0x0, 0x3f, 0xe3, 0x10, 0x34, 0x0, 0xf9, 0x8,
    0x1, 0x0, 0xb, 0x40, 0xe, 0x5b, 0xd4, 0x6,
    0x50, 0x5, 0xd3, 0x2b, 0xdd, 0x0, 0xa8, 0x2,
    0x9c, 0x0, 0xb3, 0x50, 0x80, 0x58, 0x20, 0x14,
    0x6b, 0x10, 0x0, 0x52, 0x74, 0x80,

    /* U+00EB "ë" */
    0x0, 0xab, 0xec, 0x2, 0x1d, 0xf7, 0x0, 0xc4,
    0xa0, 0x86, 0x0, 0x62, 0x9, 0x0, 0xc4, 0x20,
    0x26, 0x0, 0x40, 0x2, 0x0, 0x77, 0x67, 0x0,
    0x47, 0xd9, 0x40, 0x1e, 0x30, 0xe, 0x13, 0x0,
    0xf8, 0xa7, 0x7f, 0xdb, 0x24, 0x1, 0xe7, 0xd6,
    0x20, 0x1, 0x36, 0xb0, 0x6, 0x88, 0x0, 0x1a,
    0xa5, 0x40, 0x12, 0xa0, 0x4, 0x70, 0x1d, 0x95,
    0x6a, 0xb0, 0x5, 0x80, 0x20, 0x1, 0x44, 0x1,
    0x91, 0x80, 0x54, 0x8c, 0xd, 0x0, 0x3d, 0xa0,
    0xc, 0x40, 0x3, 0xaa, 0xfc, 0x40, 0x2, 0xe0,
    0x2, 0x55, 0x7d, 0x20, 0x7, 0x0, 0xff, 0xe3,
    0x4f, 0xff, 0xfb, 0x38, 0x1, 0xc0, 0x1f, 0xf2,
    0x80, 0x10, 0x3, 0xfe, 0x31, 0x3, 0x40, 0xf,
    0x90, 0x80, 0x10, 0x0, 0xb4, 0x0, 0xe5, 0xbd,
    0x40, 0x65, 0x0, 0x5d, 0x32, 0xbd, 0xd0, 0xa,
    0x80, 0x29, 0xc0, 0xb, 0x35, 0x8, 0x5, 0x82,
    0x1, 0x46, 0xb1, 0x0, 0x5, 0x27, 0x48, 0x0,

    /* U+00EC "ì" */
    0x6f, 0xf7, 0x8, 0x1, 0xa4, 0x6, 0x80, 0x26,
    0xa0, 0x47, 0x0, 0x96, 0x86, 0x4c, 0x2, 0x5e,
    0xe1, 0x80, 0x7f, 0xa7, 0xfc, 0xa0, 0x1f, 0xff,
    0xf0, 0xf, 0xfe, 0xc8,

    /* U+00ED "í" */
    0x0, 0xf, 0x7f, 0x94, 0x1, 0xa2, 0x16, 0xa1,
    0x26, 0x18, 0x80, 0x8e, 0x58, 0x60, 0x4, 0xed,
    0x30, 0xf, 0xf4, 0xff, 0x94, 0x3, 0xff, 0xfe,
    0x1, 0xff, 0xdc,

    /* U+00EE "î" */
    0x0, 0x9f, 0xfc, 0xa0, 0x1d, 0x10, 0x21, 0xa6,
    0x0, 0xa5, 0xcf, 0x30, 0x52, 0xe0, 0xa4, 0xd8,
    0x25, 0x8b, 0x86, 0xb7, 0x20, 0x10, 0xd5, 0x98,
    0x7, 0xff, 0x6, 0x7f, 0xca, 0x1, 0xff, 0xff,
    0x0, 0xff, 0xff, 0x80, 0x7f, 0xf0, 0x40,

    /* U+00EF "ï" */
    0x9, 0xfc, 0x0, 0xd9, 0xf0, 0x2, 0xc0, 0x68,
    0x0, 0x53, 0x7, 0x1, 0x20, 0x2, 0x80, 0x1c,
    0x0, 0x60, 0xd, 0xce, 0x10, 0x1, 0x76, 0x60,
    0x2, 0x31, 0x0, 0xc2, 0x60, 0x1e, 0x9f, 0xf2,
    0x80, 0x7f, 0xff, 0xc0, 0x3f, 0xff, 0xe0, 0x1f,
    0xfe, 0x20,

    /* U+00F0 "ð" */
    0x0, 0x89, 0xcc, 0x3, 0xff, 0x83, 0x51, 0x9a,
    0xc0, 0x18, 0x90, 0x3, 0x94, 0x0, 0x53, 0xa8,
    0xd, 0xb6, 0x40, 0x1b, 0x6d, 0x40, 0x5, 0x7b,
    0x20, 0xe4, 0x1, 0xc9, 0x5a, 0x80, 0x2, 0xc,
    0x80, 0xf, 0xfe, 0x15, 0x80, 0x7e, 0x6d, 0x42,
    0x80, 0x3, 0xa0, 0x7, 0xda, 0xd, 0xaf, 0x0,
    0xa, 0x0, 0xfa, 0xb2, 0x40, 0xe, 0x60, 0x2c,
    0x1, 0xe1, 0x5, 0x42, 0x8, 0x0, 0x58, 0x7,
    0x37, 0x65, 0x5e, 0xe8, 0x8, 0x8, 0x80, 0x15,
    0x48, 0x80, 0x62, 0xb3, 0x0, 0x38, 0x2, 0x54,
    0x1, 0x1b, 0xfe, 0xb3, 0x10, 0x6, 0x81, 0x30,
    0x3, 0x1c, 0x80, 0x9, 0x8a, 0x0, 0x20, 0xb0,
    0x4, 0x18, 0x7, 0xa4, 0x0, 0x20, 0x80, 0x6,
    0x0, 0xff, 0xe0, 0x10, 0x0, 0x40, 0x3f, 0xf8,
    0x42, 0x1, 0xff, 0x8, 0x4, 0x20, 0x1f, 0x94,
    0x0, 0x40, 0x60, 0x3, 0x0, 0xfb, 0x0, 0x18,
    0x16, 0x0, 0x80, 0xf, 0x12, 0x80, 0xa0, 0x38,
    0x82, 0x40, 0x6, 0x1f, 0x0, 0x48, 0x5, 0x40,
    0x7, 0xc7, 0x58, 0xf2, 0x4, 0x70, 0x9, 0x2c,
    0x40, 0xe2, 0x9c, 0x41, 0x6c, 0x3, 0x93, 0xa0,
    0xc0, 0x2, 0x97, 0x40, 0x10,

    /* U+00F1 "ñ" */
    0x0, 0xff, 0x9, 0x0, 0x63, 0xcf, 0xea, 0x40,
    0x1d, 0xd3, 0x80, 0xb, 0xc, 0x5, 0x6f, 0xf8,
    0xc1, 0x40, 0xa, 0x7, 0x98, 0x71, 0x0, 0xd,
    0x90, 0x1, 0xb3, 0x4c, 0xd1, 0xdb, 0xae, 0x40,
    0x8, 0x4c, 0x40, 0x31, 0x10, 0x3, 0xff, 0x8d,
    0x9f, 0xe0, 0x18, 0xdf, 0xf6, 0xc8, 0x80, 0x71,
    0xfb, 0x90, 0x0, 0x9b, 0xc8, 0x3, 0x60, 0xa4,
    0x4b, 0x0, 0x7, 0x80, 0x3a, 0xec, 0xed, 0x3a,
    0x0, 0x32, 0x0, 0xa5, 0x0, 0x31, 0x30, 0x1,
    0x0, 0x27, 0x0, 0xf7, 0x80, 0x4, 0x3, 0xff,
    0x83, 0xe0, 0x1f, 0xff, 0xf0, 0xf, 0xff, 0xa8,

    /* U+00F2 "ò" */
    0x0, 0x9b, 0xfd, 0xc2, 0x1, 0xff, 0x34, 0x80,
    0xd0, 0x7, 0xff, 0x1, 0xa4, 0x11, 0xc0, 0x3f,
    0xf8, 0xd, 0x21, 0x6, 0x1, 0xff, 0xc0, 0x6f,
    0xe3, 0x0, 0xff, 0xe1, 0x8, 0x7, 0xfc, 0x53,
    0xbf, 0xee, 0xa4, 0x0, 0xfa, 0x35, 0x88, 0x0,
    0x2b, 0x76, 0x10, 0xd, 0x2e, 0x0, 0x59, 0xa7,
    0x10, 0x4d, 0x0, 0x91, 0x80, 0x72, 0x99, 0x63,
    0xcc, 0xe, 0x0, 0x10, 0x0, 0xa3, 0x0, 0xc3,
    0xa0, 0x7, 0x12, 0x30, 0x24, 0x0, 0xf0, 0xb0,
    0x1, 0xd0, 0x0, 0xa0, 0x1f, 0xb4, 0x1, 0x9c,
    0x0, 0xd0, 0xf, 0xcc, 0x0, 0x61, 0x0, 0xff,
    0x8c, 0x0, 0x22, 0x0, 0xff, 0xe1, 0xf, 0x0,
    0x34, 0x3, 0xf2, 0x80, 0x19, 0x0, 0x8, 0x1,
    0xfb, 0x40, 0x1a, 0x44, 0x3, 0x40, 0xf, 0xb,
    0x0, 0x18, 0x24, 0x1, 0x46, 0x1, 0x87, 0x40,
    0xc, 0x20, 0x8c, 0x3, 0x94, 0xcb, 0x1e, 0x60,
    0x72, 0x1, 0x4b, 0x80, 0x16, 0x69, 0xc4, 0x13,
    0x40, 0x3a, 0x35, 0x88, 0x0, 0x2b, 0x76, 0x10,
    0x0,

    /* U+00F3 "ó" */
    0x0, 0xfc, 0x3d, 0xfe, 0x60, 0xf, 0xfa, 0x84,
    0x25, 0x80, 0x3f, 0xce, 0x81, 0x4c, 0x1, 0xfe,
    0x38, 0xa, 0x50, 0xf, 0xf8, 0xfb, 0xd4, 0x3,
    0xff, 0x82, 0x20, 0x1f, 0xfc, 0x2, 0x9d, 0xff,
    0x75, 0x20, 0x7, 0xd1, 0xac, 0x40, 0x1, 0x5b,
    0xb0, 0x80, 0x69, 0x70, 0x2, 0xcd, 0x38, 0x82,
    0x68, 0x4, 0x8c, 0x3, 0x94, 0xcb, 0x1e, 0x60,
    0x70, 0x0, 0x80, 0x5, 0x18, 0x6, 0x1d, 0x0,
    0x38, 0x91, 0x81, 0x20, 0x7, 0x85, 0x80, 0xe,
    0x80, 0x5, 0x0, 0xfd, 0xa0, 0xc, 0xe0, 0x6,
    0x80, 0x7e, 0x60, 0x3, 0x8, 0x7, 0xfc, 0x60,
    0x1, 0x10, 0x7, 0xff, 0x8, 0x78, 0x1, 0xa0,
    0x1f, 0x94, 0x0, 0xc8, 0x0, 0x40, 0xf, 0xda,
    0x0, 0xd2, 0x20, 0x1a, 0x0, 0x78, 0x58, 0x0,
    0xc1, 0x20, 0xa, 0x30, 0xc, 0x3a, 0x0, 0x61,
    0x4, 0x60, 0x1c, 0xa6, 0x58, 0xf3, 0x3, 0x90,
    0xa, 0x5c, 0x0, 0xb3, 0x4e, 0x20, 0x9a, 0x1,
    0xd1, 0xac, 0x40, 0x1, 0x5b, 0xb0, 0x80, 0x0,

    /* U+00F4 "ô" */
    0x0, 0xf3, 0x7f, 0x98, 0x3, 0xfe, 0x79, 0x11,
    0x4b, 0x0, 0x7f, 0x3c, 0xe, 0x60, 0x65, 0x80,
    0x3e, 0x5a, 0x3c, 0x22, 0x61, 0xda, 0x0, 0x79,
    0x77, 0x8, 0x0, 0x59, 0xa8, 0x1, 0xff, 0xcb,
    0x29, 0xdf, 0xf7, 0x52, 0x0, 0x7d, 0x1a, 0xc4,
    0x0, 0x15, 0xbb, 0x8, 0x6, 0x97, 0x0, 0x2c,
    0xd3, 0x88, 0x26, 0x80, 0x48, 0xc0, 0x39, 0x4c,
    0xb1, 0xe6, 0x7, 0x0, 0x8, 0x0, 0x51, 0x80,
    0x61, 0xd0, 0x3, 0x89, 0x18, 0x12, 0x0, 0x78,
    0x58, 0x0, 0xe8, 0x0, 0x50, 0xf, 0xda, 0x0,
    0xce, 0x0, 0x68, 0x7, 0xe6, 0x0, 0x30, 0x80,
    0x7f, 0xc6, 0x0, 0x11, 0x0, 0x7f, 0xf0, 0x87,
    0x80, 0x1a, 0x1, 0xf9, 0x40, 0xc, 0x80, 0x4,
    0x0, 0xfd, 0xa0, 0xd, 0x22, 0x1, 0xa0, 0x7,
    0x85, 0x80, 0xc, 0x12, 0x0, 0xa3, 0x0, 0xc3,
    0xa0, 0x6, 0x10, 0x46, 0x1, 0xca, 0x65, 0x8f,
    0x30, 0x39, 0x0, 0xa5, 0xc0, 0xb, 0x34, 0xe2,
    0x9, 0xa0, 0x1d, 0x1a, 0xc4, 0x0, 0x15, 0xbb,
    0x8, 0x0,

    /* U+00F5 "õ" */
    0x0, 0xff, 0x84, 0x84, 0x3, 0x8e, 0xff, 0xd4,
    0x80, 0x3b, 0xa6, 0x0, 0xc3, 0x88, 0x0, 0x5b,
    0xfe, 0x30, 0x50, 0xc, 0xc0, 0x77, 0x8e, 0x20,
    0x1, 0xa2, 0x0, 0xcd, 0x9a, 0x87, 0x1d, 0xba,
    0xe5, 0x0, 0xe1, 0x31, 0x0, 0xc4, 0x40, 0xf,
    0xfe, 0x69, 0x4e, 0xff, 0xba, 0x90, 0x3, 0xe8,
    0xd6, 0x20, 0x0, 0xad, 0xd8, 0x40, 0x34, 0xb8,
    0x1, 0x66, 0x9c, 0x41, 0x34, 0x2, 0x46, 0x1,
    0xca, 0x65, 0x8f, 0x30, 0x38, 0x0, 0x40, 0x2,
    0x8c, 0x3, 0xe, 0x80, 0x1c, 0x48, 0xc0, 0x90,
    0x3, 0xc2, 0xc0, 0x7, 0x40, 0x2, 0x80, 0x7e,
    0xd0, 0x6, 0x70, 0x3, 0x40, 0x3f, 0x30, 0x1,
    0x84, 0x3, 0xfe, 0x30, 0x0, 0x88, 0x3, 0xff,
    0x84, 0x3c, 0x0, 0xd0, 0xf, 0xca, 0x0, 0x64,
    0x0, 0x20, 0x7, 0xed, 0x0, 0x69, 0x10, 0xd,
    0x0, 0x3c, 0x2c, 0x0, 0x60, 0x90, 0x5, 0x18,
    0x6, 0x1d, 0x0, 0x30, 0x82, 0x30, 0xe, 0x53,
    0x2c, 0x79, 0x81, 0xc8, 0x5, 0x2e, 0x0, 0x59,
    0xa7, 0x10, 0x4d, 0x0, 0xe8, 0xd6, 0x20, 0x0,
    0xad, 0xd8, 0x40, 0x0,

    /* U+00F6 "ö" */
    0x0, 0xa3, 0xf0, 0x40, 0x2c, 0xf9, 0x0, 0xf3,
    0x81, 0xa0, 0x1, 0xc, 0x18, 0x40, 0x38, 0xc0,
    0xe, 0x0, 0x50, 0x1, 0x8, 0x7, 0x66, 0x38,
    0x80, 0x3, 0xd9, 0xa0, 0x1f, 0x18, 0x80, 0x61,
    0x30, 0xf, 0xc5, 0x3b, 0xfe, 0xea, 0x40, 0xf,
    0xa3, 0x58, 0x80, 0x2, 0xb7, 0x61, 0x0, 0xd2,
    0xe0, 0x5, 0x9a, 0x71, 0x4, 0xd0, 0x9, 0x18,
    0x7, 0x29, 0x96, 0x3c, 0xc0, 0xe0, 0x1, 0x0,
    0xa, 0x30, 0xc, 0x3a, 0x0, 0x71, 0x23, 0x2,
    0x40, 0xf, 0xb, 0x0, 0x1d, 0x0, 0xa, 0x1,
    0xfb, 0x40, 0x19, 0xc0, 0xd, 0x0, 0xfc, 0xc0,
    0x6, 0x10, 0xf, 0xf8, 0xc0, 0x2, 0x20, 0xf,
    0xfe, 0x10, 0xf0, 0x3, 0x40, 0x3f, 0x28, 0x1,
    0x90, 0x0, 0x80, 0x1f, 0xb4, 0x1, 0xa4, 0x40,
    0x34, 0x0, 0xf0, 0xb0, 0x1, 0x82, 0x40, 0x14,
    0x60, 0x18, 0x74, 0x0, 0xc2, 0x8, 0xc0, 0x39,
    0x4c, 0xb1, 0xe6, 0x7, 0x20, 0x14, 0xb8, 0x1,
    0x66, 0x9c, 0x41, 0x34, 0x3, 0xa3, 0x58, 0x80,
    0x2, 0xb7, 0x61, 0x0, 0x0,

    /* U+00F7 "÷" */
    0x0, 0xf2, 0x77, 0x10, 0x3, 0xff, 0x81, 0xe2,
    0x28, 0x0, 0xff, 0xe0, 0x10, 0x1, 0x40, 0x3f,
    0xf8, 0x13, 0x54, 0x90, 0xf, 0xfe, 0xa, 0xa8,
    0x3, 0xff, 0x97, 0x9b, 0xbf, 0xfc, 0x29, 0x22,
    0xff, 0xe2, 0x0, 0x7f, 0xf1, 0x3b, 0xff, 0xff,
    0x85, 0x60, 0x1f, 0xfd, 0xb5, 0x50, 0x7, 0xff,
    0x6, 0x6a, 0x92, 0x1, 0xff, 0xc0, 0x20, 0x2,
    0x80, 0x7f, 0xf0, 0x3c, 0x45, 0x0, 0x1e,

    /* U+00F8 "ø" */
    0x0, 0xff, 0xe0, 0x67, 0x90, 0x7, 0xff, 0x1,
    0xd, 0x88, 0x3, 0x8a, 0x77, 0xfd, 0xd5, 0x21,
    0x60, 0x1d, 0x1a, 0xc4, 0x0, 0x15, 0x22, 0x18,
    0x6, 0x97, 0x0, 0x2c, 0xd3, 0x80, 0xb, 0x40,
    0x24, 0x60, 0x1c, 0xa6, 0x5c, 0x0, 0x8e, 0x0,
    0x10, 0x0, 0xa3, 0x0, 0xa0, 0x2c, 0x0, 0xe2,
    0x46, 0x4, 0x80, 0x12, 0x1a, 0xa3, 0x0, 0x1d,
    0x0, 0xa, 0x1, 0xa0, 0x20, 0x34, 0x1, 0x9c,
    0x0, 0xd0, 0x9, 0xd, 0x48, 0x18, 0x0, 0xc2,
    0x1, 0xef, 0x9, 0x0, 0x18, 0x4, 0x20, 0x1c,
    0x68, 0x83, 0x0, 0xf7, 0x0, 0x34, 0x1, 0x1,
    0x0, 0x12, 0x80, 0x19, 0x0, 0x8, 0x6, 0x88,
    0x30, 0xb, 0x40, 0x18, 0x44, 0x3, 0x48, 0x8,
    0x0, 0x85, 0x80, 0xe, 0x12, 0x0, 0xb4, 0x41,
    0x80, 0x7, 0x40, 0xe, 0x20, 0x8c, 0x1, 0x99,
    0x63, 0xcc, 0xe, 0x0, 0x29, 0x60, 0x2, 0x4d,
    0x38, 0x82, 0x68, 0x7, 0x10, 0x29, 0x0, 0x5,
    0x6e, 0xc2, 0x1, 0x8d, 0x11, 0x5b, 0xfe, 0xea,
    0x40, 0xf, 0x48, 0x78, 0x7, 0xfc,

    /* U+00F9 "ù" */
    0x0, 0x47, 0xfb, 0x40, 0x3f, 0xd1, 0x0, 0x2a,
    0x0, 0xff, 0x3c, 0x82, 0xb0, 0x7, 0xf9, 0xa4,
    0x6c, 0x80, 0x3f, 0xcd, 0xda, 0x40, 0x1f, 0xfc,
    0x7d, 0xff, 0x0, 0x7c, 0xff, 0xe7, 0x0, 0xff,
    0xff, 0x80, 0x7f, 0xfe, 0x4, 0x3, 0xfc, 0xc0,
    0x5, 0x0, 0xf7, 0x0, 0x58, 0x0, 0xf0, 0xe,
    0x66, 0x0, 0x4c, 0x0, 0x4d, 0x77, 0x46, 0xc8,
    0x6, 0x1a, 0x0, 0x14, 0x41, 0xc8, 0x14, 0x3,
    0x2e, 0x28, 0x80, 0x9, 0xfb, 0xc0, 0x20,

    /* U+00FA "ú" */
    0x0, 0xf8, 0xbf, 0xe4, 0x0, 0xfe, 0xf0, 0x6,
    0x20, 0x7, 0xea, 0x21, 0xd3, 0x0, 0xfc, 0xa8,
    0x58, 0x40, 0x1f, 0xcb, 0xda, 0x40, 0x1f, 0xfc,
    0x7d, 0xff, 0x0, 0x7c, 0xff, 0xe7, 0x0, 0xff,
    0xff, 0x80, 0x7f, 0xfe, 0x4, 0x3, 0xfc, 0xc0,
    0x5, 0x0, 0xf7, 0x0, 0x58, 0x0, 0xf0, 0xe,
    0x66, 0x0, 0x4c, 0x0, 0x4d, 0x77, 0x46, 0xc8,
    0x6, 0x1a, 0x0, 0x14, 0x41, 0xc8, 0x14, 0x3,
    0x2e, 0x28, 0x80, 0x9, 0xfb, 0xc0, 0x20,

    /* U+00FB "û" */
    0x0, 0xe8, 0xff, 0x20, 0x7, 0xf5, 0x39, 0x8d,
    0xa8, 0x7, 0xd6, 0xa9, 0x98, 0x1a, 0x60, 0xe,
    0x61, 0x6b, 0x2, 0xc5, 0xc2, 0x0, 0xcd, 0x52,
    0x1, 0x15, 0x50, 0x80, 0x3f, 0xf8, 0x9b, 0xfe,
    0x0, 0xf9, 0xff, 0xce, 0x1, 0xff, 0xff, 0x0,
    0xff, 0xfc, 0x8, 0x7, 0xf9, 0x80, 0xa, 0x1,
    0xee, 0x0, 0xb0, 0x1, 0xe0, 0x1c, 0xcc, 0x0,
    0x98, 0x0, 0x9a, 0xee, 0x8d, 0x90, 0xc, 0x34,
    0x0, 0x28, 0x83, 0x90, 0x28, 0x6, 0x5c, 0x51,
    0x0, 0x13, 0xf7, 0x80, 0x40,

    /* U+00FC "ü" */
    0x0, 0x57, 0xd8, 0x4, 0x3b, 0xee, 0x1, 0x12,
    0x82, 0x18, 0x1, 0xc8, 0x20, 0x2, 0x22, 0x0,
    0x90, 0x1, 0x40, 0x8, 0x1, 0xb7, 0x3c, 0x40,
    0x7, 0xd9, 0x60, 0x1c, 0x62, 0x1, 0x84, 0xc0,
    0x2d, 0xff, 0x0, 0x7c, 0xff, 0xe7, 0x0, 0xff,
    0xff, 0x80, 0x7f, 0xfe, 0x4, 0x3, 0xfc, 0xc0,
    0x5, 0x0, 0xf7, 0x0, 0x58, 0x0, 0xf0, 0xe,
    0x66, 0x0, 0x4c, 0x0, 0x4d, 0x77, 0x46, 0xc8,
    0x6, 0x1a, 0x0, 0x14, 0x41, 0xc8, 0x14, 0x3,
    0x2e, 0x28, 0x80, 0x9, 0xfb, 0xc0, 0x20,

    /* U+00FD "ý" */
    0x0, 0xfc, 0x3d, 0xfe, 0x50, 0xf, 0xf6, 0x88,
    0x5a, 0x80, 0x7f, 0x49, 0x86, 0x20, 0x7, 0xf2,
    0x39, 0x69, 0x80, 0x7f, 0x93, 0xb4, 0x80, 0x3f,
    0xf9, 0xf, 0xfe, 0xa0, 0xf, 0xa3, 0xfd, 0x2c,
    0x0, 0x50, 0xf, 0x94, 0x1, 0x42, 0x80, 0x5,
    0x0, 0xe2, 0x20, 0x11, 0x87, 0x0, 0x38, 0x3,
    0x94, 0x1, 0x40, 0x5, 0x0, 0x20, 0x80, 0x6b,
    0x0, 0x28, 0x4, 0xc0, 0x7, 0x0, 0x84, 0xc0,
    0xc8, 0x2, 0xa0, 0x5, 0x0, 0x4e, 0x0, 0xa0,
    0xc, 0x64, 0x6, 0x20, 0xa, 0x0, 0x38, 0x7,
    0x50, 0x1, 0x80, 0x4c, 0x10, 0x40, 0x39, 0x80,
    0x16, 0xe, 0x0, 0xe0, 0xf, 0xa, 0x1, 0x96,
    0x80, 0x14, 0x3, 0xee, 0x0, 0x52, 0x2, 0x80,
    0x7e, 0x50, 0x3, 0x80, 0x38, 0x3, 0xf9, 0x40,
    0x21, 0x40, 0xf, 0xee, 0x0, 0x98, 0x3, 0xfc,
    0x82, 0x0, 0xb0, 0xf, 0xf8, 0x80, 0x8c, 0x3,
    0xfc, 0x46, 0x14, 0x1, 0xff, 0x50, 0x1, 0x40,
    0x3f, 0xc6, 0xe0, 0x84, 0x1, 0xf2, 0xc5, 0x60,
    0x2, 0x0, 0x3f, 0x7b, 0xa8, 0x2, 0x4c, 0x3,
    0xf1, 0x80, 0xe, 0xd8, 0x3, 0xf0,

    /* U+00FE "þ" */
    0xaf, 0xf1, 0x80, 0x7f, 0xff, 0xc0, 0x3f, 0xf8,
    0x63, 0x3b, 0xfe, 0xd8, 0x10, 0xf, 0x5f, 0x31,
    0x0, 0x9, 0xfc, 0xc0, 0x39, 0xc1, 0x22, 0x58,
    0x0, 0x3a, 0x20, 0x1d, 0x76, 0x76, 0x9e, 0x20,
    0x1b, 0x0, 0xd2, 0x80, 0x18, 0x78, 0x0, 0xa2,
    0x1, 0x28, 0x7, 0x8d, 0x0, 0x8, 0x1, 0xff,
    0x60, 0x3, 0x40, 0x3f, 0xe2, 0x0, 0x8, 0x7,
    0xfc, 0x20, 0x3, 0x0, 0xff, 0x84, 0x0, 0x60,
    0x1f, 0xf1, 0x0, 0x38, 0x3, 0xfe, 0xc0, 0x1,
    0x80, 0x4c, 0x1, 0xe2, 0x40, 0x2, 0x0, 0x56,
    0x60, 0x18, 0x7c, 0x0, 0xc0, 0x18, 0x72, 0x99,
    0x63, 0xc8, 0x6, 0x0, 0x33, 0x2, 0xcd, 0x38,
    0x80, 0xe8, 0x80, 0x6a, 0xd6, 0x20, 0x1, 0x3f,
    0x98, 0x7, 0x8a, 0x77, 0xfd, 0xb0, 0x20, 0x1f,
    0xff, 0xf0, 0x8,

    /* U+00FF "ÿ" */
    0x0, 0xa7, 0xf0, 0x3, 0x67, 0xc0, 0x6, 0x16,
    0x3, 0x40, 0x2, 0x98, 0x38, 0x6, 0x12, 0x0,
    0x28, 0x1, 0xc0, 0x6, 0x1, 0xdb, 0x9c, 0x20,
    0x2, 0xec, 0xc0, 0x7, 0x8c, 0x40, 0x30, 0x98,
    0x4, 0xff, 0xea, 0x0, 0xfa, 0x3f, 0xd2, 0xc0,
    0x5, 0x0, 0xf9, 0x40, 0x14, 0x28, 0x0, 0x50,
    0xe, 0x22, 0x1, 0x18, 0x70, 0x3, 0x80, 0x39,
    0x40, 0x14, 0x0, 0x50, 0x2, 0x8, 0x6, 0xb0,
    0x2, 0x80, 0x4c, 0x0, 0x70, 0x8, 0x4c, 0xc,
    0x80, 0x2a, 0x0, 0x50, 0x4, 0xe0, 0xa, 0x0,
    0xc6, 0x40, 0x62, 0x0, 0xa0, 0x3, 0x80, 0x75,
    0x0, 0x18, 0x4, 0xc1, 0x4, 0x3, 0x98, 0x1,
    0x60, 0xe0, 0xe, 0x0, 0xf0, 0xa0, 0x19, 0x68,
    0x1, 0x40, 0x3e, 0xe0, 0x5, 0x20, 0x28, 0x7,
    0xe5, 0x0, 0x38, 0x3, 0x80, 0x3f, 0x94, 0x2,
    0x14, 0x0, 0xfe, 0xe0, 0x9, 0x80, 0x3f, 0xc8,
    0x20, 0xb, 0x0, 0xff, 0x88, 0x8, 0xc0, 0x3f,
    0xc4, 0x61, 0x40, 0x1f, 0xf5, 0x0, 0x14, 0x3,
    0xfc, 0x6e, 0x8, 0x40, 0x1f, 0x2c, 0x56, 0x0,
    0x20, 0x3, 0xf7, 0xba, 0x80, 0x24, 0xc0, 0x3f,
    0x18, 0x0, 0xed, 0x80, 0x3f, 0x0,

    /* U+0100 "Ā" */
    0x0, 0xe2, 0x33, 0xfe, 0x20, 0xf, 0xf4, 0x66,
    0x7f, 0x78, 0x7, 0xff, 0x4e, 0xbf, 0xff, 0xb4,
    0x3, 0xff, 0xd6, 0x3f, 0xee, 0x0, 0xff, 0xe2,
    0xb0, 0x0, 0x54, 0x3, 0xff, 0x89, 0x40, 0x14,
    0x80, 0x7f, 0xf0, 0xd0, 0x80, 0x40, 0xc8, 0x3,
    0xff, 0x85, 0xc0, 0xa, 0x0, 0x50, 0x7, 0xff,
    0x4, 0x54, 0x11, 0x4, 0xc, 0x1, 0xff, 0xc1,
    0x60, 0x7, 0x5, 0x0, 0xa8, 0x7, 0xff, 0x2,
    0x80, 0xa, 0xc, 0x0, 0xe0, 0xf, 0xf8, 0xc8,
    0x18, 0x0, 0x28, 0x8, 0x40, 0x1f, 0xea, 0x0,
    0x50, 0x5, 0xc0, 0xa, 0x0, 0xff, 0x30, 0x11,
    0x80, 0x4a, 0x20, 0xc0, 0x1f, 0xcc, 0x0, 0xa0,
    0xe, 0x70, 0x15, 0x0, 0xfd, 0x40, 0x6, 0x0,
    0xea, 0x0, 0x70, 0x7, 0xc6, 0x60, 0x16, 0x77,
    0xe4, 0x0, 0x20, 0x80, 0x7a, 0x80, 0x3, 0x11,
    0xf0, 0x5, 0x20, 0x1e, 0x60, 0xf, 0xfe, 0xb,
    0x0, 0x73, 0x0, 0x1b, 0xff, 0xf9, 0x0, 0x50,
    0x3, 0x50, 0x2, 0x80, 0x3f, 0xb8, 0x1, 0xe0,
    0x11, 0x18, 0x11, 0x80, 0x7f, 0x28, 0x82, 0x8,
    0x2, 0xc0, 0x14, 0x1, 0xff, 0x38, 0x1, 0x80,
    0xe, 0x0, 0x60, 0xf, 0xfa, 0x80, 0x14, 0xa,
    0x20, 0x82, 0x1, 0xff, 0x19, 0x1, 0x20,

    /* U+0101 "ā" */
    0x0, 0xf, 0xff, 0xf9, 0x80, 0x3f, 0xf8, 0xc3,
    0x99, 0xfe, 0x70, 0xc, 0x67, 0xfe, 0x10, 0xf,
    0xfe, 0x42, 0xdf, 0x7f, 0xb6, 0x48, 0x3, 0x8b,
    0x69, 0x4, 0x0, 0x4d, 0xac, 0x1, 0xe, 0x10,
    0x1c, 0xd4, 0xa8, 0x2, 0x50, 0x1, 0x2, 0xd,
    0x8c, 0xad, 0x50, 0x0, 0x80, 0x3, 0x80, 0x24,
    0x3, 0x9c, 0x0, 0x60, 0xe, 0xff, 0x0, 0x7c,
    0x40, 0x1f, 0xfc, 0x51, 0x0, 0x85, 0xef, 0xbf,
    0xf1, 0x0, 0x73, 0xf4, 0x20, 0x80, 0x7f, 0x3c,
    0x0, 0xc6, 0x7f, 0xe2, 0x0, 0xd0, 0x0, 0xc7,
    0x30, 0xf, 0xc6, 0x0, 0x52, 0x0, 0xff, 0x38,
    0x0, 0x40, 0x3c, 0x24, 0x1, 0x28, 0x1, 0x10,
    0x1, 0x8f, 0x0, 0x30, 0xa8, 0x2, 0xed, 0x10,
    0xcc, 0x10, 0x4, 0x61, 0x46, 0x0, 0x47, 0x71,
    0x82, 0xa0, 0x1, 0xc0, 0x19, 0x26, 0x20, 0x2b,
    0x75, 0xc8, 0x83,

    /* U+0102 "Ă" */
    0x0, 0xe2, 0xff, 0x18, 0x4, 0x9f, 0xe2, 0x0,
    0xff, 0x10, 0x84, 0x0, 0x5e, 0x4, 0x40, 0xf,
    0xfa, 0x81, 0x3f, 0x7d, 0x2, 0x40, 0x3f, 0xf8,
    0x9, 0x8a, 0x24, 0x2b, 0x88, 0x1, 0xff, 0xc1,
    0x3a, 0xef, 0xea, 0x30, 0xf, 0xfe, 0xc0, 0xff,
    0xb8, 0x3, 0xff, 0x8a, 0xc0, 0x1, 0x50, 0xf,
    0xfe, 0x25, 0x0, 0x52, 0x1, 0xff, 0xc3, 0x42,
    0x1, 0x3, 0x20, 0xf, 0xfe, 0x17, 0x0, 0x28,
    0x1, 0x40, 0x1f, 0xfc, 0x11, 0x50, 0x44, 0x10,
    0x30, 0x7, 0xff, 0x5, 0x80, 0x1c, 0x14, 0x2,
    0xa0, 0x1f, 0xfc, 0xa, 0x0, 0x28, 0x30, 0x3,
    0x80, 0x3f, 0xe3, 0x20, 0x60, 0x0, 0xa0, 0x21,
    0x0, 0x7f, 0xa8, 0x1, 0x40, 0x17, 0x0, 0x28,
    0x3, 0xfc, 0xc0, 0x46, 0x1, 0x28, 0x83, 0x0,
    0x7f, 0x30, 0x2, 0x80, 0x39, 0xc0, 0x54, 0x3,
    0xf5, 0x0, 0x18, 0x3, 0xa8, 0x1, 0xc0, 0x1f,
    0x19, 0x80, 0x59, 0xdf, 0x90, 0x0, 0x82, 0x1,
    0xea, 0x0, 0xc, 0x47, 0xc0, 0x14, 0x80, 0x79,
    0x80, 0x3f, 0xf8, 0x2c, 0x1, 0xcc, 0x0, 0x6f,
    0xff, 0xe4, 0x1, 0x40, 0xd, 0x40, 0xa, 0x0,
    0xfe, 0xe0, 0x7, 0x80, 0x44, 0x60, 0x46, 0x1,
    0xfc, 0xa2, 0x8, 0x20, 0xb, 0x0, 0x50, 0x7,
    0xfc, 0xe0, 0x6, 0x0, 0x38, 0x1, 0x80, 0x3f,
    0xea, 0x0, 0x50, 0x28, 0x82, 0x8, 0x7, 0xfc,
    0x64, 0x4, 0x80,

    /* U+0103 "ă" */
    0x0, 0xa3, 0xf4, 0x3, 0x57, 0xd8, 0x7, 0x60,
    0x13, 0x80, 0x15, 0x41, 0xa0, 0x1c, 0x8c, 0x11,
    0xfe, 0xa0, 0x46, 0x0, 0xf4, 0xda, 0x99, 0x96,
    0xac, 0x3, 0xf2, 0x56, 0x62, 0x94, 0x3, 0xff,
    0x96, 0xb7, 0xdf, 0xed, 0x92, 0x0, 0xe2, 0xda,
    0x41, 0x0, 0x13, 0x6b, 0x0, 0x43, 0x84, 0x7,
    0x35, 0x2a, 0x0, 0x94, 0x0, 0x40, 0x83, 0x63,
    0x2b, 0x54, 0x0, 0x20, 0x0, 0xe0, 0x9, 0x0,
    0xe7, 0x0, 0x18, 0x3, 0xbf, 0xc0, 0x1f, 0x10,
    0x7, 0xff, 0x14, 0x40, 0x21, 0x7b, 0xef, 0xfc,
    0x40, 0x1c, 0xfd, 0x8, 0x20, 0x1f, 0xcf, 0x0,
    0x31, 0x9f, 0xf8, 0x80, 0x34, 0x0, 0x31, 0xcc,
    0x3, 0xf1, 0x80, 0x14, 0x80, 0x3f, 0xce, 0x0,
    0x10, 0xf, 0x9, 0x0, 0x4a, 0x0, 0x44, 0x0,
    0x63, 0xc0, 0xc, 0x2a, 0x0, 0xbb, 0x44, 0x33,
    0x4, 0x1, 0x18, 0x51, 0x80, 0x11, 0xdc, 0x60,
    0xa8, 0x0, 0x70, 0x6, 0x49, 0x88, 0xa, 0xdd,
    0x72, 0x20, 0xc0,

    /* U+0104 "Ą" */
    0x0, 0xfc, 0x3f, 0xee, 0x0, 0xff, 0xe2, 0xb0,
    0x0, 0x54, 0x3, 0xff, 0x89, 0x40, 0x14, 0x80,
    0x7f, 0xf0, 0xd0, 0x80, 0x40, 0xc8, 0x3, 0xff,
    0x85, 0xc0, 0xa, 0x0, 0x50, 0x7, 0xff, 0x4,
    0x54, 0x11, 0x6, 0xc, 0x1, 0xff, 0xc1, 0x60,
    0x7, 0x5, 0x0, 0xa8, 0x7, 0xff, 0x2, 0x80,
    0x54, 0x1c, 0x1, 0xc0, 0x1f, 0xf1, 0x90, 0x38,
    0x0, 0x54, 0x10, 0x80, 0x3f, 0xd4, 0x0, 0xa0,
    0xb, 0x80, 0x14, 0x1, 0xfe, 0x60, 0x23, 0x0,
    0x90, 0x41, 0x80, 0x3f, 0x98, 0x1, 0x40, 0x1c,
    0xc0, 0x2a, 0x1, 0xfa, 0x80, 0xc, 0x1, 0xd4,
    0x0, 0xe0, 0xf, 0x8c, 0xc0, 0xe, 0xff, 0xed,
    0x0, 0x20, 0x80, 0x7a, 0x80, 0x3f, 0xf8, 0x32,
    0x1, 0xe6, 0x1, 0x88, 0xfe, 0x0, 0x30, 0x7,
    0x30, 0x1, 0xdf, 0xfc, 0xa0, 0x28, 0x1, 0xa8,
    0x1, 0x40, 0x1f, 0xde, 0x0, 0xf0, 0x8, 0x8c,
    0x8, 0xc0, 0x3f, 0x94, 0x41, 0x4, 0x1, 0x60,
    0xa, 0x0, 0xff, 0x9c, 0x0, 0xc0, 0x7, 0x0,
    0x30, 0x7, 0xfd, 0x40, 0xa, 0x5, 0x10, 0x41,
    0x0, 0xff, 0x8c, 0x80, 0x91, 0x7f, 0xd6, 0x1,
    0xff, 0xc0, 0x92, 0x1b, 0x40, 0xf, 0xfe, 0x1c,
    0xb1, 0x7a, 0x0, 0x7f, 0xf0, 0xc9, 0x82, 0x44,
    0x3, 0xff, 0x88, 0xc0, 0xc, 0x25, 0x0, 0xff,
    0xe1, 0xa8, 0x1, 0xf6, 0x84, 0x3, 0xff, 0x84,
    0x36, 0x60, 0x5, 0x0,

    /* U+0105 "ą" */
    0x0, 0xcd, 0x7d, 0xfe, 0xd9, 0x20, 0xe, 0x4e,
    0x94, 0x10, 0x1, 0x36, 0xb0, 0x4, 0x76, 0x20,
    0x93, 0x72, 0xa0, 0x9, 0x40, 0x7, 0x80, 0x2a,
    0xd9, 0x1a, 0xa0, 0x1, 0x0, 0xa, 0x89, 0x50,
    0xe, 0x70, 0x1, 0x80, 0x19, 0xd8, 0x3, 0xe2,
    0x0, 0xf9, 0xaf, 0xbf, 0xf1, 0x0, 0x4, 0x0,
    0x9d, 0x28, 0x20, 0x1f, 0xc9, 0x62, 0xd, 0x9d,
    0xff, 0x10, 0x6, 0x90, 0x5, 0xc9, 0x88, 0x7,
    0xc4, 0x40, 0x44, 0x0, 0x7f, 0x98, 0x0, 0x20,
    0x1f, 0xf3, 0x80, 0x18, 0x3, 0xc8, 0x40, 0x11,
    0x80, 0xd, 0x80, 0x32, 0xd8, 0x7, 0x38, 0x2,
    0x6e, 0x21, 0x94, 0x1, 0x8c, 0x21, 0x40, 0x8,
    0xee, 0x30, 0x75, 0x0, 0x38, 0x2, 0xa8, 0x82,
    0x2, 0xb9, 0x0, 0x11, 0x80, 0x4b, 0x7d, 0xfd,
    0x47, 0x4a, 0x38, 0xc0, 0x1f, 0xd0, 0xa3, 0xe6,
    0x1, 0xfe, 0x60, 0x61, 0x0, 0xff, 0x84, 0xc,
    0x90, 0x80, 0x3f, 0x8c, 0x13, 0x6d, 0x0, 0x3f,
    0xb5, 0x40, 0x6, 0xa0,

    /* U+0106 "Ć" */
    0x0, 0xff, 0x9e, 0x20, 0x40, 0x1f, 0xfc, 0x29,
    0x87, 0x12, 0x0, 0xff, 0xe0, 0xa3, 0x2, 0xc8,
    0x7, 0xff, 0x4, 0x68, 0x12, 0x80, 0x3f, 0xf8,
    0x56, 0x27, 0x60, 0x1f, 0xfc, 0x3a, 0xfc, 0x0,
    0xff, 0xf4, 0x35, 0xf7, 0xfb, 0xad, 0xc4, 0x3,
    0xf2, 0x74, 0xa0, 0x80, 0x5, 0x23, 0xd4, 0x3,
    0xcd, 0x62, 0x2, 0xd1, 0x6, 0x20, 0x1a, 0x60,
    0xc, 0x92, 0x0, 0x8e, 0x97, 0x74, 0xec, 0x0,
    0x24, 0x80, 0x29, 0x0, 0x43, 0x80, 0x79, 0xdc,
    0x0, 0x80, 0x2, 0x90, 0x1b, 0x80, 0x7e, 0x90,
    0x2, 0x80, 0x3c, 0x1, 0x40, 0x1f, 0xc2, 0x60,
    0x4, 0x4, 0x0, 0x38, 0x7, 0xfb, 0xb3, 0xa,
    0x2, 0x0, 0x10, 0xf, 0xf1, 0x19, 0x84, 0x40,
    0x1, 0x0, 0xff, 0xe1, 0x98, 0x7, 0xff, 0x64,
    0xc0, 0x3f, 0xf8, 0xc2, 0x0, 0x10, 0xf, 0xfe,
    0x20, 0x80, 0x4, 0x3, 0xfc, 0x24, 0x40, 0x2,
    0x0, 0x1c, 0x3, 0xfd, 0xbb, 0x20, 0x78, 0x2,
    0x80, 0x3f, 0x84, 0xc0, 0x8, 0xa, 0x20, 0x6c,
    0x1, 0xfa, 0x40, 0xa, 0x1, 0x50, 0x2, 0x58,
    0x3, 0xce, 0xe0, 0x4, 0x0, 0x49, 0x0, 0x9,
    0xd8, 0x67, 0x9d, 0x80, 0x5, 0x10, 0x6, 0x7a,
    0x10, 0x27, 0x98, 0x62, 0x1, 0xb5, 0x0, 0xf2,
    0xf4, 0xa0, 0x80, 0x5, 0x27, 0x90, 0x2,

    /* U+0107 "ć" */
    0x0, 0xfd, 0x3f, 0xeb, 0x0, 0xff, 0x2b, 0x2,
    0x58, 0x7, 0xf1, 0x50, 0x2d, 0x80, 0x7f, 0xbc,
    0x16, 0x80, 0x3f, 0xec, 0xea, 0x0, 0xff, 0xe0,
    0x8, 0x80, 0x3f, 0xe4, 0xae, 0xff, 0x6c, 0x90,
    0x7, 0xaa, 0xd4, 0x40, 0x4, 0xda, 0xe0, 0x1a,
    0xd4, 0x5, 0xea, 0x58, 0x1, 0xe, 0x0, 0x64,
    0x2, 0xf8, 0x56, 0x9c, 0x0, 0x40, 0x84, 0x0,
    0x3c, 0x40, 0x31, 0xc0, 0x1, 0x8c, 0x41, 0x8,
    0x3, 0xcc, 0x0, 0xe5, 0x0, 0x18, 0x7, 0xc3,
    0xfe, 0x9e, 0x0, 0x70, 0x7, 0xff, 0x8, 0xc0,
    0x3f, 0xf8, 0x46, 0x1, 0xff, 0x70, 0x0, 0x40,
    0x3f, 0xe5, 0x0, 0x60, 0x7, 0xe8, 0x82, 0x98,
    0x82, 0x10, 0x7, 0x95, 0xdd, 0xa1, 0x0, 0xe,
    0x10, 0xc, 0x56, 0x0, 0xa0, 0x64, 0x3, 0xf8,
    0x56, 0x9d, 0x10, 0x82, 0x0, 0x5a, 0x80, 0xbd,
    0x4b, 0x0, 0x25, 0xc0, 0x35, 0x5a, 0x88, 0x0,
    0x9f, 0x98, 0x0,

    /* U+0108 "Ĉ" */
    0x0, 0xfc, 0x70, 0xa0, 0x1f, 0xfc, 0x33, 0xc7,
    0xa5, 0x0, 0xff, 0xe0, 0x8e, 0x82, 0x85, 0x18,
    0x7, 0xfc, 0x38, 0x2d, 0x54, 0xd, 0x20, 0xf,
    0xf6, 0x92, 0x48, 0x2c, 0xf, 0x88, 0x7, 0xf6,
    0x7d, 0x80, 0x4f, 0xfa, 0x20, 0x1f, 0xfe, 0x46,
    0xbe, 0xff, 0x75, 0xb8, 0x80, 0x7e, 0x4e, 0x94,
    0x10, 0x0, 0xa4, 0x7a, 0x80, 0x79, 0xac, 0x40,
    0x5a, 0x20, 0xc4, 0x3, 0x4c, 0x1, 0x92, 0x40,
    0x11, 0xd2, 0xee, 0x9d, 0x80, 0x4, 0x90, 0x5,
    0x20, 0x8, 0x70, 0xf, 0x3b, 0x80, 0x10, 0x0,
    0x52, 0x3, 0x70, 0xf, 0xd2, 0x0, 0x50, 0x7,
    0x80, 0x28, 0x3, 0xf8, 0x4c, 0x0, 0x80, 0x80,
    0x7, 0x0, 0xff, 0x76, 0x61, 0x40, 0x40, 0x2,
    0x1, 0xfe, 0x23, 0x30, 0x88, 0x0, 0x20, 0x1f,
    0xfc, 0x33, 0x0, 0xff, 0xec, 0x98, 0x7, 0xff,
    0x18, 0x40, 0x2, 0x1, 0xff, 0xc4, 0x10, 0x0,
    0x80, 0x7f, 0x84, 0x88, 0x0, 0x40, 0x3, 0x80,
    0x7f, 0xb7, 0x64, 0xf, 0x0, 0x50, 0x7, 0xf0,
    0x98, 0x1, 0x1, 0x44, 0xd, 0x80, 0x3f, 0x48,
    0x1, 0x40, 0x2a, 0x0, 0x4b, 0x0, 0x79, 0xdc,
    0x0, 0x80, 0x9, 0x20, 0x1, 0x3b, 0xc, 0xf3,
    0xb0, 0x0, 0xa2, 0x0, 0xcf, 0x42, 0x4, 0xf3,
    0xc, 0x40, 0x36, 0xa0, 0x1e, 0x5e, 0x94, 0x10,
    0x0, 0xa4, 0xf2, 0x0, 0x40,

    /* U+0109 "ĉ" */
    0x0, 0xe2, 0xef, 0xb0, 0xf, 0xf1, 0xe0, 0x92,
    0x58, 0x7, 0xe3, 0xd1, 0x9d, 0x44, 0x58, 0x7,
    0x8b, 0xce, 0x98, 0x2d, 0x5a, 0x0, 0x38, 0xb3,
    0x54, 0x2, 0xad, 0x80, 0xf, 0xfe, 0x52, 0x57,
    0x7f, 0xb6, 0x48, 0x3, 0xd5, 0x6a, 0x20, 0x2,
    0x6d, 0x70, 0xd, 0x6a, 0x2, 0xf5, 0x2c, 0x0,
    0x87, 0x0, 0x32, 0x1, 0x7c, 0x2b, 0x4e, 0x0,
    0x20, 0x42, 0x0, 0x1e, 0x20, 0x18, 0xe0, 0x0,
    0xc6, 0x20, 0x84, 0x1, 0xe6, 0x0, 0x72, 0x80,
    0xc, 0x3, 0xe1, 0xff, 0x4f, 0x0, 0x38, 0x3,
    0xff, 0x84, 0x60, 0x1f, 0xfc, 0x23, 0x0, 0xff,
    0xb8, 0x0, 0x20, 0x1f, 0xf2, 0x80, 0x30, 0x3,
    0xf4, 0x41, 0x4c, 0x41, 0x8, 0x3, 0xca, 0xee,
    0xd0, 0x80, 0x7, 0x8, 0x6, 0x2b, 0x0, 0x50,
    0x32, 0x1, 0xfc, 0x2b, 0x4e, 0x88, 0x41, 0x0,
    0x2d, 0x40, 0x5e, 0xa5, 0x80, 0x12, 0xe0, 0x1a,
    0xad, 0x44, 0x0, 0x4f, 0xcc, 0x0,

    /* U+010A "Ċ" */
    0x0, 0xfe, 0x31, 0x0, 0xff, 0xe2, 0x66, 0x38,
    0x40, 0x3f, 0xf8, 0x66, 0x0, 0x40, 0xf, 0xfe,
    0x1b, 0x1, 0xa8, 0x7, 0xff, 0xe, 0x7f, 0x0,
    0x3f, 0xfd, 0xd, 0x7d, 0xfe, 0xeb, 0x71, 0x0,
    0xfc, 0x9d, 0x28, 0x20, 0x1, 0x48, 0xf5, 0x0,
    0xf3, 0x58, 0x80, 0xb4, 0x41, 0x88, 0x6, 0x98,
    0x3, 0x24, 0x80, 0x23, 0xa5, 0xdd, 0x3b, 0x0,
    0x9, 0x20, 0xa, 0x40, 0x10, 0xe0, 0x1e, 0x77,
    0x0, 0x20, 0x0, 0xa4, 0x6, 0xe0, 0x1f, 0xa4,
    0x0, 0xa0, 0xf, 0x0, 0x50, 0x7, 0xf0, 0x98,
    0x1, 0x1, 0x0, 0xe, 0x1, 0xfe, 0xec, 0xc2,
    0x80, 0x80, 0x4, 0x3, 0xfc, 0x46, 0x61, 0x10,
    0x0, 0x40, 0x3f, 0xf8, 0x66, 0x1, 0xff, 0xd9,
    0x30, 0xf, 0xfe, 0x30, 0x80, 0x4, 0x3, 0xff,
    0x88, 0x20, 0x1, 0x0, 0xff, 0x9, 0x10, 0x0,
    0x80, 0x7, 0x0, 0xff, 0x6e, 0xc8, 0x1e, 0x0,
    0xa0, 0xf, 0xe1, 0x30, 0x2, 0x2, 0x88, 0x1b,
    0x0, 0x7e, 0x90, 0x2, 0x80, 0x54, 0x0, 0x96,
    0x0, 0xf3, 0xb8, 0x1, 0x0, 0x12, 0x40, 0x2,
    0x76, 0x19, 0xe7, 0x60, 0x1, 0x44, 0x1, 0x9e,
    0x84, 0x9, 0xe6, 0x18, 0x80, 0x6d, 0x40, 0x3c,
    0xbd, 0x28, 0x20, 0x1, 0x49, 0xe4, 0x0, 0x80,

    /* U+010B "ċ" */
    0x0, 0xe1, 0xcf, 0x80, 0xf, 0xf9, 0xc, 0x1c,
    0x3, 0xfe, 0x70, 0x1, 0x80, 0x7f, 0xc5, 0xd9,
    0x80, 0xf, 0xfe, 0x0, 0x98, 0x7, 0xfc, 0x95,
    0xdf, 0xed, 0x92, 0x0, 0xf5, 0x5a, 0x88, 0x0,
    0x9b, 0x5c, 0x3, 0x5a, 0x80, 0xbd, 0x4b, 0x0,
    0x21, 0xc0, 0xc, 0x80, 0x5f, 0xa, 0xd3, 0x80,
    0x8, 0x10, 0x80, 0x7, 0x88, 0x6, 0x38, 0x0,
    0x31, 0x88, 0x21, 0x0, 0x79, 0x80, 0x1c, 0xa0,
    0x3, 0x0, 0xf8, 0x7f, 0xd3, 0xc0, 0xe, 0x0,
    0xff, 0xe1, 0x18, 0x7, 0xff, 0x8, 0xc0, 0x3f,
    0xee, 0x0, 0x8, 0x7, 0xfc, 0xa0, 0xc, 0x0,
    0xfd, 0x10, 0x53, 0x10, 0x42, 0x0, 0xf2, 0xbb,
    0xb4, 0x20, 0x1, 0xc2, 0x1, 0x8a, 0xc0, 0x14,
    0xc, 0x80, 0x7f, 0xa, 0xd3, 0xa2, 0x10, 0x40,
    0xb, 0x50, 0x17, 0xa9, 0x60, 0x4, 0xb8, 0x6,
    0xab, 0x51, 0x0, 0x13, 0xf3, 0x0, 0x0,

    /* U+010C "Č" */
    0x0, 0xe7, 0x83, 0x0, 0x8a, 0x20, 0x40, 0x1f,
    0xc4, 0xf8, 0x40, 0x3e, 0xe4, 0x40, 0xf, 0xe5,
    0x80, 0xc2, 0xd2, 0x3a, 0x0, 0xff, 0x9d, 0x87,
    0x4c, 0xb0, 0x3, 0xff, 0x83, 0x28, 0x5, 0x80,
    0x1f, 0xfc, 0x3b, 0xfd, 0x10, 0xf, 0xff, 0x3b,
    0x5f, 0x7f, 0xba, 0xdc, 0x40, 0x3f, 0x27, 0x4a,
    0x8, 0x0, 0x52, 0x3d, 0x40, 0x3c, 0xd6, 0x20,
    0x2d, 0x10, 0x62, 0x1, 0xa6, 0x0, 0xc9, 0x20,
    0x8, 0xe9, 0x77, 0x4e, 0xc0, 0x2, 0x48, 0x2,
    0x90, 0x4, 0x38, 0x7, 0x9d, 0xc0, 0x8, 0x0,
    0x29, 0x1, 0xb8, 0x7, 0xe9, 0x0, 0x28, 0x3,
    0xc0, 0x14, 0x1, 0xfc, 0x26, 0x0, 0x40, 0x40,
    0x3, 0x80, 0x7f, 0xbb, 0x30, 0xa0, 0x20, 0x1,
    0x0, 0xff, 0x11, 0x98, 0x44, 0x0, 0x10, 0xf,
    0xfe, 0x19, 0x80, 0x7f, 0xf6, 0x4c, 0x3, 0xff,
    0x8c, 0x20, 0x1, 0x0, 0xff, 0xe2, 0x8, 0x0,
    0x40, 0x3f, 0xc2, 0x44, 0x0, 0x20, 0x1, 0xc0,
    0x3f, 0xdb, 0xb2, 0x7, 0x80, 0x28, 0x3, 0xf8,
    0x4c, 0x0, 0x80, 0xa2, 0x6, 0xc0, 0x1f, 0xa4,
    0x0, 0xa0, 0x15, 0x0, 0x25, 0x80, 0x3c, 0xee,
    0x0, 0x40, 0x4, 0x90, 0x0, 0x9d, 0x86, 0x79,
    0xd8, 0x0, 0x51, 0x0, 0x67, 0xa1, 0x2, 0x79,
    0x86, 0x20, 0x1b, 0x50, 0xf, 0x2f, 0x4a, 0x8,
    0x0, 0x52, 0x79, 0x0, 0x20,

    /* U+010D "č" */
    0x0, 0xe, 0xfb, 0x80, 0x59, 0xf6, 0x1, 0xc3,
    0xe3, 0xe, 0x18, 0x69, 0x60, 0x1e, 0x2c, 0x18,
    0xd3, 0x5b, 0x0, 0xfc, 0x58, 0x44, 0x5a, 0x0,
    0xff, 0x16, 0xfd, 0x0, 0x7f, 0xf3, 0x52, 0xbb,
    0xfd, 0xb0, 0x20, 0x1e, 0xab, 0x51, 0x0, 0x13,
    0xf2, 0x80, 0x6b, 0x50, 0x17, 0xa9, 0x40, 0x5,
    0x20, 0x1, 0x90, 0xb, 0xe1, 0x5a, 0xe4, 0x1,
    0x20, 0x8, 0x0, 0x78, 0x80, 0x66, 0x50, 0x24,
    0x31, 0x4, 0x20, 0xf, 0x70, 0x3, 0x14, 0x0,
    0x60, 0x1f, 0x2a, 0x23, 0xf8, 0x1, 0xc0, 0x1f,
    0xd, 0xd9, 0xc0, 0x23, 0x0, 0xff, 0xe1, 0x18,
    0x7, 0xfd, 0xc0, 0x1, 0x0, 0xff, 0x94, 0x1,
    0x80, 0x1f, 0x8c, 0xc4, 0x62, 0x8, 0x40, 0x1e,
    0x4c, 0xc5, 0x84, 0x0, 0x38, 0x40, 0x30, 0xc8,
    0x2, 0x81, 0x90, 0xf, 0xe1, 0x5a, 0x78, 0x81,
    0xcc, 0x1, 0x6a, 0x2, 0xf5, 0x2c, 0x0, 0x88,
    0x0, 0x6a, 0xb5, 0x10, 0x1, 0x36, 0xb8, 0x0,

    /* U+010E "Ď" */
    0x0, 0x9e, 0xc, 0x2, 0x38, 0x80, 0x80, 0x7e,
    0x27, 0xd3, 0x3, 0xd7, 0xf1, 0x0, 0xfc, 0xb4,
    0x3a, 0xba, 0x30, 0xe0, 0x1f, 0xe5, 0x91, 0xa1,
    0x97, 0x0, 0xff, 0xe0, 0x35, 0x3d, 0x30, 0x7,
    0xff, 0x9, 0x61, 0x40, 0x3f, 0xf9, 0xeb, 0xff,
    0xf7, 0x64, 0x10, 0x7, 0xff, 0x8, 0x4d, 0xf6,
    0x84, 0x3, 0xe3, 0x99, 0xa1, 0xcc, 0x0, 0xbe,
    0x40, 0x1e, 0x66, 0xcf, 0x19, 0xa6, 0x3, 0x82,
    0x1, 0xff, 0xc0, 0x2c, 0x40, 0x1b, 0x0, 0xff,
    0xe1, 0x50, 0x82, 0x90, 0x7, 0xff, 0x4, 0x58,
    0x1, 0x40, 0x1f, 0xfc, 0x2b, 0x0, 0x20, 0x7,
    0xff, 0x8, 0xc0, 0x6, 0x1, 0xff, 0xc3, 0x10,
    0x0, 0x80, 0x7f, 0xfe, 0x4, 0x0, 0x20, 0x1f,
    0xfc, 0x13, 0x0, 0x18, 0x7, 0xff, 0xa, 0x80,
    0x8, 0x1, 0xff, 0xc1, 0x16, 0x0, 0x50, 0x7,
    0xff, 0x7, 0x40, 0xa, 0x40, 0x1f, 0xf1, 0xe9,
    0x81, 0x58, 0x7, 0x33, 0x67, 0x9d, 0xc2, 0x2,
    0xf1, 0x0, 0xe3, 0x99, 0xa1, 0x88, 0x0, 0xda,
    0x40, 0x1f, 0xf0, 0xa4, 0x74, 0x80, 0x70,

    /* U+010F "ď" */
    0x0, 0xff, 0x8b, 0xfd, 0x80, 0x3f, 0xeb, 0x0,
    0xff, 0xe3, 0x88, 0x7, 0xff, 0x10, 0x80, 0x1a,
    0x1, 0xff, 0xc4, 0xa0, 0x3, 0x0, 0x7f, 0xf1,
    0x1c, 0x20, 0x40, 0x3f, 0xf8, 0x9d, 0x4e, 0x1,
    0xcd, 0x9f, 0xee, 0xa2, 0x0, 0xf2, 0x80, 0x61,
    0xc9, 0x30, 0x0, 0xae, 0xd0, 0x7, 0xfb, 0x4c,
    0x0, 0xd3, 0xa, 0xe, 0x1, 0xfc, 0xc6, 0x3,
    0xb2, 0xcf, 0x58, 0x20, 0x1f, 0xd0, 0x0, 0xa2,
    0x0, 0xc7, 0x60, 0x1f, 0x8c, 0x40, 0x90, 0x3,
    0xce, 0x1, 0xf9, 0x40, 0x8, 0x1, 0xff, 0xc4,
    0x10, 0x7, 0x80, 0x7f, 0xf1, 0x3c, 0x3, 0xff,
    0x8f, 0xe0, 0x1f, 0xfc, 0x72, 0x0, 0x70, 0x7,
    0xff, 0x11, 0xc0, 0x8, 0x1, 0xff, 0xc4, 0x22,
    0x1, 0xa0, 0x7, 0x90, 0x3, 0xfa, 0xc0, 0x14,
    0x40, 0x18, 0xe4, 0x3, 0xf9, 0x8c, 0x7, 0x69,
    0xdd, 0x78, 0x1, 0xff, 0x69, 0x80, 0x16, 0x20,
    0x81, 0x20, 0x1f, 0xe1, 0xc9, 0x30, 0x0, 0xb6,
    0xb0, 0x80, 0x7c,

    /* U+0110 "Đ" */
    0x0, 0xbb, 0xff, 0xed, 0xa5, 0x0, 0xff, 0xe2,
    0x92, 0xd6, 0xa0, 0x7, 0xf9, 0xe6, 0x68, 0x51,
    0x2, 0xb7, 0x0, 0xfe, 0xa6, 0x69, 0xeb, 0xa0,
    0x1, 0xc, 0x1, 0xff, 0xc3, 0x7b, 0x0, 0x49,
    0x0, 0x7f, 0xf0, 0xd1, 0xc0, 0x16, 0x1, 0xff,
    0xc4, 0x90, 0x3, 0x0, 0x7f, 0xf1, 0x5, 0x0,
    0x8, 0x1, 0xff, 0xc4, 0x30, 0x1, 0x92, 0xa8,
    0x40, 0xa, 0xb8, 0x80, 0x3b, 0xc0, 0x1e, 0x95,
    0x40, 0xa, 0x2a, 0xb0, 0x7, 0x8, 0x0, 0x40,
    0x3f, 0xf9, 0xd, 0xfe, 0x10, 0x6, 0xff, 0xd0,
    0x1, 0xc2, 0x0, 0x10, 0xf, 0xfe, 0x27, 0x80,
    0x3c, 0x3, 0xff, 0x88, 0x80, 0x3, 0x0, 0xff,
    0xe1, 0x89, 0x80, 0x10, 0x3, 0xff, 0x87, 0x0,
    0x6, 0x0, 0xff, 0xe1, 0xab, 0x0, 0x2c, 0x3,
    0xff, 0x82, 0x31, 0x40, 0x9, 0x20, 0xf, 0xa9,
    0x9a, 0x8a, 0xe7, 0x0, 0x43, 0x0, 0x7e, 0x79,
    0x99, 0xd4, 0x0, 0x56, 0xe0, 0x1f, 0xfc, 0x22,
    0x6b, 0xd4, 0x0, 0xc0,

    /* U+0111 "đ" */
    0x0, 0xff, 0x8b, 0xfd, 0x80, 0x1f, 0xe4, 0xff,
    0xb4, 0x0, 0x7f, 0xeb, 0x0, 0xff, 0xe6, 0xad,
    0x55, 0x0, 0x2, 0xaa, 0x40, 0x7, 0xc2, 0xab,
    0x80, 0x2, 0xaa, 0x30, 0xf, 0xfe, 0x53, 0x67,
    0xfb, 0xa8, 0x80, 0x3f, 0x87, 0x24, 0xc0, 0x2,
    0xbb, 0x40, 0x1f, 0xb4, 0xc0, 0xd, 0x30, 0xa0,
    0xe0, 0x1f, 0x31, 0x80, 0xec, 0xb3, 0xd6, 0x8,
    0x7, 0xd0, 0x0, 0xa2, 0x0, 0xc7, 0x60, 0x1e,
    0x31, 0x2, 0x40, 0xf, 0x38, 0x7, 0x94, 0x0,
    0x80, 0x1f, 0xfc, 0x21, 0x0, 0x78, 0x7, 0xff,
    0xb, 0xc0, 0x3f, 0xf8, 0xbe, 0x1, 0xff, 0xc5,
    0x20, 0x7, 0x0, 0x7f, 0xf0, 0x9c, 0x0, 0x80,
    0x1f, 0xfc, 0x22, 0x20, 0x1a, 0x0, 0x79, 0x0,
    0x3e, 0xb0, 0x5, 0x10, 0x6, 0x39, 0x0, 0xf9,
    0x8c, 0x7, 0x69, 0xdd, 0x78, 0x1, 0xfd, 0xa6,
    0x0, 0x58, 0x82, 0x4, 0x80, 0x7e, 0x1c, 0x93,
    0x0, 0xb, 0x6b, 0x8, 0x7, 0x0,

    /* U+0112 "Ē" */
    0x0, 0x9, 0x9f, 0xf8, 0x3, 0x9b, 0x33, 0xfc,
    0x1, 0xff, 0xc9, 0x7f, 0xff, 0xf0, 0x7, 0xff,
    0x5d, 0x7f, 0xff, 0xf8, 0x40, 0x1f, 0xfc, 0x83,
    0x99, 0xff, 0x80, 0x33, 0x37, 0xff, 0x0, 0x3,
    0xff, 0xfe, 0x1, 0xfc, 0xbf, 0xff, 0xd0, 0x1,
    0xff, 0xc9, 0x39, 0x9f, 0xeb, 0x0, 0xe6, 0x6f,
    0xf1, 0x80, 0x7f, 0xff, 0xc0, 0x3f, 0xf9, 0xcc,
    0xdf, 0xfc, 0x0, 0xc, 0x73, 0x3f, 0xf0, 0x80,
    0x7f, 0xf1, 0x0,

    /* U+0113 "ē" */
    0x0, 0x2f, 0xff, 0xf8, 0x80, 0x3f, 0xf8, 0xc9,
    0x99, 0xfe, 0x20, 0x8, 0x4c, 0xff, 0xc0, 0x1f,
    0xfc, 0x92, 0x9d, 0xff, 0x6c, 0x90, 0x7, 0x9f,
    0x58, 0x80, 0x4, 0xda, 0xc0, 0x1a, 0x20, 0x0,
    0x6a, 0x95, 0x0, 0x4a, 0x80, 0x11, 0xc0, 0x76,
    0x55, 0xaa, 0xc0, 0x16, 0x0, 0x80, 0x5, 0x10,
    0x6, 0x46, 0x1, 0x52, 0x30, 0x34, 0x0, 0xf6,
    0x80, 0x31, 0x0, 0xe, 0xab, 0xf1, 0x0, 0xb,
    0x80, 0x9, 0x55, 0xf4, 0x80, 0x1c, 0x3, 0xff,
    0x8d, 0x3f, 0xff, 0xec, 0xe0, 0x7, 0x0, 0x7f,
    0xca, 0x0, 0x40, 0xf, 0xf8, 0xc4, 0xd, 0x0,
    0x3e, 0x42, 0x0, 0x40, 0x2, 0xd0, 0x3, 0x96,
    0xf5, 0x1, 0x94, 0x1, 0x74, 0xca, 0xf7, 0x40,
    0x2a, 0x0, 0xa7, 0x0, 0x2c, 0xd4, 0x20, 0x16,
    0x8, 0x5, 0x1a, 0xc4, 0x0, 0x14, 0x9d, 0x20,

    /* U+0114 "Ĕ" */
    0x0, 0xbf, 0xcc, 0x1, 0xf, 0xf9, 0x0, 0x3c,
    0x81, 0x62, 0x0, 0x80, 0x2, 0x80, 0x7a, 0x44,
    0xbb, 0x79, 0x82, 0x4, 0x3, 0xc5, 0x8c, 0x24,
    0x29, 0x6e, 0x1, 0xf8, 0xa7, 0xbf, 0xd6, 0x80,
    0x1f, 0xfc, 0x95, 0xff, 0xff, 0xe1, 0x0, 0x7f,
    0xf2, 0xe, 0x67, 0xfe, 0x0, 0xcc, 0xdf, 0xfc,
    0x0, 0xf, 0xff, 0xf8, 0x7, 0xf2, 0xff, 0xff,
    0x40, 0x7, 0xff, 0x24, 0xe6, 0x7f, 0xac, 0x3,
    0x99, 0xbf, 0xc6, 0x1, 0xff, 0xff, 0x0, 0xff,
    0xe7, 0x33, 0x7f, 0xf0, 0x0, 0x31, 0xcc, 0xff,
    0xc2, 0x1, 0xff, 0xc4,

    /* U+0115 "ĕ" */
    0x0, 0xb3, 0xe4, 0x3, 0x77, 0xb8, 0x7, 0x20,
    0x32, 0x0, 0xc0, 0x82, 0x80, 0x74, 0x18, 0x5f,
    0xf3, 0x84, 0x10, 0x7, 0xb2, 0x50, 0x8d, 0xb1,
    0xc0, 0x3f, 0x35, 0xee, 0x49, 0x80, 0x7f, 0xf2,
    0xca, 0x77, 0xfd, 0xb2, 0x40, 0x1e, 0x7d, 0x62,
    0x0, 0x13, 0x6b, 0x0, 0x68, 0x80, 0x1, 0xaa,
    0x54, 0x1, 0x2a, 0x0, 0x47, 0x1, 0xd9, 0x56,
    0xab, 0x0, 0x58, 0x2, 0x0, 0x14, 0x40, 0x19,
    0x18, 0x5, 0x48, 0xc0, 0xd0, 0x3, 0xda, 0x0,
    0xc4, 0x0, 0x3a, 0xaf, 0xc4, 0x0, 0x2e, 0x0,
    0x25, 0x57, 0xd2, 0x0, 0x70, 0xf, 0xfe, 0x34,
    0xff, 0xff, 0xb3, 0x80, 0x1c, 0x1, 0xff, 0x28,
    0x1, 0x0, 0x3f, 0xe3, 0x10, 0x34, 0x0, 0xf9,
    0x8, 0x1, 0x0, 0xb, 0x40, 0xe, 0x5b, 0xd4,
    0x6, 0x50, 0x5, 0xd3, 0x2b, 0xdd, 0x0, 0xa8,
    0x2, 0x9c, 0x0, 0xb3, 0x50, 0x80, 0x58, 0x20,
    0x14, 0x6b, 0x10, 0x0, 0x52, 0x74, 0x80,

    /* U+0116 "Ė" */
    0x0, 0xf4, 0x7e, 0x8, 0x7, 0xff, 0x1, 0xc0,
    0xd0, 0x3, 0xff, 0x80, 0x60, 0x7, 0x0, 0xff,
    0xe0, 0x66, 0x38, 0x80, 0x3f, 0xf8, 0x26, 0x20,
    0x1f, 0xfc, 0xb5, 0xff, 0xff, 0xe1, 0x0, 0x7f,
    0xf2, 0xe, 0x67, 0xfe, 0x0, 0xcc, 0xdf, 0xfc,
    0x0, 0xf, 0xff, 0xf8, 0x7, 0xf2, 0xff, 0xff,
    0x40, 0x7, 0xff, 0x24, 0xe6, 0x7f, 0xac, 0x3,
    0x99, 0xbf, 0xc6, 0x1, 0xff, 0xff, 0x0, 0xff,
    0xe7, 0x33, 0x7f, 0xf0, 0x0, 0x31, 0xcc, 0xff,
    0xc2, 0x1, 0xff, 0xc4,

    /* U+0117 "ė" */
    0x0, 0xf3, 0x7e, 0x90, 0x7, 0xfd, 0x60, 0x54,
    0x1, 0xff, 0x20, 0x3, 0x0, 0x3f, 0xe9, 0xcd,
    0x40, 0xf, 0xfe, 0x1, 0x90, 0x7, 0xf8, 0xa7,
    0x7f, 0xdb, 0x24, 0x1, 0xe7, 0xd6, 0x20, 0x1,
    0x36, 0xb0, 0x6, 0x88, 0x0, 0x1a, 0xa5, 0x40,
    0x12, 0xa0, 0x4, 0x70, 0x1d, 0x95, 0x6a, 0xb0,
    0x5, 0x80, 0x20, 0x1, 0x44, 0x1, 0x91, 0x80,
    0x54, 0x8c, 0xd, 0x0, 0x3d, 0xa0, 0xc, 0x40,
    0x3, 0xaa, 0xfc, 0x40, 0x2, 0xe0, 0x2, 0x55,
    0x7d, 0x20, 0x7, 0x0, 0xff, 0xe3, 0x4f, 0xff,
    0xfb, 0x38, 0x1, 0xc0, 0x1f, 0xf2, 0x80, 0x10,
    0x3, 0xfe, 0x31, 0x3, 0x40, 0xf, 0x90, 0x80,
    0x10, 0x0, 0xb4, 0x0, 0xe5, 0xbd, 0x40, 0x65,
    0x0, 0x5d, 0x32, 0xbd, 0xd0, 0xa, 0x80, 0x29,
    0xc0, 0xb, 0x35, 0x8, 0x5, 0x82, 0x1, 0x46,
    0xb1, 0x0, 0x5, 0x27, 0x48, 0x0,

    /* U+0118 "Ę" */
    0x5f, 0xff, 0xfe, 0x10, 0x7, 0xff, 0x20, 0xe6,
    0x7f, 0xe0, 0xc, 0xcd, 0xff, 0xc0, 0x0, 0xff,
    0xfc, 0x33, 0x7f, 0x8c, 0x3, 0x8e, 0x67, 0xfa,
    0xc0, 0x3f, 0xf9, 0x2b, 0xff, 0xfd, 0x0, 0x1f,
    0xff, 0xf0, 0xf, 0xfe, 0xf3, 0x37, 0xff, 0x0,
    0x3, 0x1c, 0xcf, 0xfc, 0x20, 0x1f, 0xfc, 0x45,
    0xff, 0xfe, 0x70, 0x1a, 0xf1, 0x0, 0xfe, 0x87,
    0x1c, 0x50, 0xf, 0xf0, 0xb8, 0x41, 0x0, 0x7f,
    0xc4, 0x0, 0xf2, 0x40, 0xf, 0xf1, 0x88, 0x36,
    0xd9, 0x80, 0x7f, 0xb4, 0xc0, 0x8, 0x40,

    /* U+0119 "ę" */
    0x0, 0xc5, 0x3b, 0xfe, 0xd9, 0x20, 0xf, 0x3e,
    0xb1, 0x0, 0x9, 0xb5, 0x80, 0x34, 0x40, 0x0,
    0xd5, 0x2a, 0x0, 0x95, 0x0, 0x23, 0x80, 0xec,
    0xab, 0x55, 0x80, 0x2c, 0x1, 0x0, 0xa, 0x20,
    0xc, 0x8c, 0x2, 0xa4, 0x60, 0x68, 0x1, 0xed,
    0x0, 0x62, 0x0, 0x1d, 0x57, 0xe2, 0x0, 0x17,
    0x0, 0x12, 0xab, 0xe9, 0x0, 0x38, 0x7, 0xff,
    0x1a, 0x7f, 0xff, 0xd9, 0xc0, 0xe, 0x0, 0xff,
    0x94, 0x0, 0x80, 0x1f, 0xf1, 0x88, 0x1a, 0x0,
    0x7c, 0x84, 0x0, 0x80, 0x5, 0xa0, 0x7, 0x2d,
    0xea, 0x3, 0x28, 0x2, 0xe9, 0x95, 0xee, 0x80,
    0x54, 0x1, 0x4e, 0x0, 0x59, 0xa8, 0x40, 0x2c,
    0x10, 0xa, 0x35, 0x88, 0x3, 0x46, 0x90, 0x7,
    0x14, 0xec, 0x0, 0x2d, 0xc0, 0x3f, 0x8a, 0x2,
    0x50, 0x3, 0xfc, 0x80, 0x6, 0x0, 0xff, 0x84,
    0x0, 0xc4, 0xa0, 0x1f, 0xca, 0x0, 0x9d, 0xb0,
    0xf, 0xe2, 0xa2, 0x1, 0x70, 0x8,

    /* U+011A "Ě" */
    0x0, 0x9e, 0x10, 0x2, 0x18, 0x81, 0x0, 0x79,
    0x1e, 0xd0, 0x7, 0x1c, 0x48, 0x3, 0xc7, 0x81,
    0x6d, 0x84, 0xd2, 0x1, 0xf8, 0xec, 0x24, 0x9a,
    0x40, 0x3f, 0xc9, 0x8f, 0x32, 0x0, 0xff, 0xe0,
    0x1c, 0x30, 0x7, 0xff, 0x2d, 0x7f, 0xff, 0xf8,
    0x40, 0x1f, 0xfc, 0x83, 0x99, 0xff, 0x80, 0x33,
    0x37, 0xff, 0x0, 0x3, 0xff, 0xfe, 0x1, 0xfc,
    0xbf, 0xff, 0xd0, 0x1, 0xff, 0xc9, 0x39, 0x9f,
    0xeb, 0x0, 0xe6, 0x6f, 0xf1, 0x80, 0x7f, 0xff,
    0xc0, 0x3f, 0xf9, 0xcc, 0xdf, 0xfc, 0x0, 0xc,
    0x73, 0x3f, 0xf0, 0x80, 0x7f, 0xf1, 0x0,

    /* U+011B "ě" */
    0x0, 0x9f, 0xf4, 0x40, 0xb, 0xfe, 0x40, 0xe,
    0x77, 0x16, 0xa, 0xd0, 0x5a, 0x0, 0x7a, 0x1c,
    0xbe, 0x82, 0xd0, 0x3, 0xf4, 0x38, 0x8b, 0x10,
    0x3, 0xfd, 0x1f, 0xc6, 0x1, 0xff, 0xcc, 0x29,
    0xdf, 0xf6, 0xc9, 0x0, 0x79, 0xf5, 0x88, 0x0,
    0x4d, 0xac, 0x1, 0xa2, 0x0, 0x6, 0xa9, 0x50,
    0x4, 0xa8, 0x1, 0x1c, 0x7, 0x65, 0x5a, 0xac,
    0x1, 0x60, 0x8, 0x0, 0x51, 0x0, 0x64, 0x60,
    0x15, 0x23, 0x3, 0x40, 0xf, 0x68, 0x3, 0x10,
    0x0, 0xea, 0xbf, 0x10, 0x0, 0xb8, 0x0, 0x95,
    0x5f, 0x48, 0x1, 0xc0, 0x3f, 0xf8, 0xd3, 0xff,
    0xfe, 0xce, 0x0, 0x70, 0x7, 0xfc, 0xa0, 0x4,
    0x0, 0xff, 0x8c, 0x40, 0xd0, 0x3, 0xe4, 0x20,
    0x4, 0x0, 0x2d, 0x0, 0x39, 0x6f, 0x50, 0x19,
    0x40, 0x17, 0x4c, 0xaf, 0x74, 0x2, 0xa0, 0xa,
    0x70, 0x2, 0xcd, 0x42, 0x1, 0x60, 0x80, 0x51,
    0xac, 0x40, 0x1, 0x49, 0xd2, 0x0,

    /* U+011C "Ĝ" */
    0x0, 0xfc, 0x90, 0x80, 0x1f, 0xfc, 0x34, 0xb7,
    0xb4, 0x0, 0xff, 0xe0, 0x9d, 0x82, 0x85, 0x90,
    0x7, 0xfc, 0x5a, 0x11, 0x50, 0x1e, 0x20, 0x1f,
    0xef, 0x16, 0x70, 0x76, 0x2d, 0x0, 0xff, 0x6f,
    0xc8, 0x5, 0x3f, 0x80, 0x1f, 0xfe, 0x41, 0x6b,
    0xef, 0xf7, 0x64, 0x10, 0x7, 0xe6, 0xf9, 0x41,
    0x0, 0x9, 0xbe, 0xc0, 0x7, 0xa2, 0x44, 0x5,
    0xa2, 0xe, 0x40, 0x7, 0xa0, 0xc, 0xae, 0x0,
    0x8e, 0x97, 0x74, 0x6d, 0x0, 0x15, 0x80, 0x2b,
    0x0, 0x43, 0x80, 0x79, 0x68, 0x1, 0x0, 0x5,
    0x10, 0x27, 0x0, 0xfc, 0xa4, 0x2, 0x81, 0xe0,
    0xa, 0x0, 0xff, 0x74, 0xc9, 0x81, 0xc0, 0xa,
    0x1, 0xfe, 0x36, 0x61, 0x1, 0x0, 0x8, 0x3,
    0xff, 0x84, 0x20, 0x1f, 0xfd, 0x5, 0x66, 0xf8,
    0x80, 0x3f, 0xd1, 0x33, 0xf2, 0x80, 0x7f, 0xf1,
    0xc4, 0x3, 0xfb, 0x7f, 0xf3, 0x80, 0x62, 0x0,
    0x18, 0x7, 0xff, 0xd, 0x0, 0x14, 0x1, 0xff,
    0xc3, 0xa0, 0x3, 0x8, 0x7, 0xff, 0x8, 0xcc,
    0x0, 0xa0, 0xf, 0xfe, 0x1f, 0x0, 0x12, 0xc4,
    0x3, 0xc8, 0xc0, 0x1, 0x0, 0x15, 0x80, 0x13,
    0xad, 0xd9, 0xe7, 0x6c, 0x41, 0x18, 0x2, 0x4d,
    0x30, 0x2, 0x44, 0xc3, 0x10, 0x1, 0xec, 0x3,
    0x8b, 0x2d, 0x88, 0x2, 0x14, 0x8e, 0x80, 0x0,

    /* U+011D "ĝ" */
    0x0, 0xf5, 0xff, 0x10, 0x7, 0xfa, 0xd0, 0x87,
    0x8, 0x3, 0xf5, 0xa2, 0x36, 0x87, 0x8, 0x3,
    0xd2, 0xcb, 0x60, 0xb4, 0x7c, 0x20, 0x1d, 0x3b,
    0x40, 0x12, 0xee, 0x8, 0x7, 0xff, 0x25, 0xb3,
    0xfd, 0xd4, 0x61, 0xdf, 0x80, 0x1, 0xd9, 0x30,
    0x0, 0xae, 0x30, 0x80, 0x6d, 0x20, 0x3, 0x4c,
    0x28, 0x48, 0x6, 0x73, 0x1, 0xd9, 0x67, 0xac,
    0x10, 0xd, 0x40, 0xa, 0x20, 0xc, 0x76, 0x1,
    0x11, 0x0, 0x90, 0x3, 0xc8, 0x1, 0x38, 0x1,
    0x0, 0x3f, 0xe2, 0x0, 0x70, 0x7, 0xff, 0x8,
    0x40, 0x3f, 0xf8, 0x42, 0x1, 0xff, 0x10, 0x3,
    0x80, 0x3f, 0xe7, 0x0, 0x20, 0x7, 0xfc, 0x44,
    0x2, 0x40, 0xf, 0x20, 0x6, 0xb0, 0x5, 0x10,
    0x6, 0x3b, 0x0, 0xcc, 0x60, 0x3b, 0x4e, 0xeb,
    0xc1, 0x0, 0xed, 0x30, 0x2, 0xc4, 0x10, 0x1c,
    0x3, 0x87, 0x24, 0xc0, 0x2, 0xbb, 0x20, 0x1f,
    0x36, 0x7f, 0xba, 0x88, 0x80, 0x6, 0x0, 0x10,
    0x7, 0xea, 0x0, 0x68, 0x16, 0x60, 0x80, 0x39,
    0x58, 0x0, 0xc0, 0xe2, 0x7b, 0x4c, 0xaf, 0x74,
    0x0, 0x91, 0x5, 0xa1, 0x5, 0x9a, 0x84, 0x0,
    0x4b, 0x0, 0x4b, 0xd2, 0x82, 0x0, 0x37, 0xd6,
    0x0, 0x0,

    /* U+011E "Ğ" */
    0x0, 0xc3, 0x10, 0x10, 0x8, 0x62, 0x2, 0x1,
    0xfc, 0xee, 0x40, 0x9, 0x1d, 0xc0, 0x1f, 0xc2,
    0x81, 0x6, 0x7, 0x0, 0x82, 0x1, 0xfd, 0x22,
    0x59, 0xf8, 0x43, 0x20, 0x1f, 0xe2, 0xf8, 0x42,
    0x48, 0xf2, 0x0, 0xff, 0x85, 0xef, 0x6d, 0xc4,
    0x3, 0xff, 0xa4, 0x2d, 0x7d, 0xfe, 0xec, 0x82,
    0x0, 0xfc, 0xdf, 0x28, 0x20, 0x1, 0x37, 0xd8,
    0x0, 0xf4, 0x48, 0x80, 0xb4, 0x41, 0xc8, 0x0,
    0xf4, 0x1, 0x95, 0xc0, 0x11, 0xd2, 0xee, 0x8d,
    0xa0, 0x2, 0xb0, 0x5, 0x60, 0x8, 0x70, 0xf,
    0x2d, 0x0, 0x20, 0x0, 0xa2, 0x4, 0xe0, 0x1f,
    0x94, 0x80, 0x50, 0x3c, 0x1, 0x40, 0x1f, 0xee,
    0x99, 0x30, 0x38, 0x1, 0x40, 0x3f, 0xc6, 0xcc,
    0x20, 0x20, 0x1, 0x0, 0x7f, 0xf0, 0x84, 0x3,
    0xff, 0xa0, 0xac, 0xdf, 0x10, 0x7, 0xfa, 0x26,
    0x7e, 0x50, 0xf, 0xfe, 0x38, 0x80, 0x7f, 0x6f,
    0xfe, 0x70, 0xc, 0x40, 0x3, 0x0, 0xff, 0xe1,
    0xa0, 0x2, 0x80, 0x3f, 0xf8, 0x74, 0x0, 0x61,
    0x0, 0xff, 0xe1, 0x19, 0x80, 0x14, 0x1, 0xff,
    0xc3, 0xe0, 0x2, 0x58, 0x80, 0x79, 0x18, 0x0,
    0x20, 0x2, 0xb0, 0x2, 0x75, 0xbb, 0x3c, 0xed,
    0x88, 0x23, 0x0, 0x49, 0xa6, 0x0, 0x48, 0x98,
    0x62, 0x0, 0x3d, 0x80, 0x71, 0x65, 0xb1, 0x0,
    0x42, 0x91, 0xd0, 0x0,

    /* U+011F "ğ" */
    0x0, 0xbf, 0xce, 0x1, 0xf, 0xf9, 0x40, 0x39,
    0x42, 0x4c, 0x6, 0xc0, 0x8, 0x1, 0xd6, 0x43,
    0x9f, 0xca, 0x14, 0x20, 0x1c, 0x3b, 0x8, 0x46,
    0xda, 0xa0, 0x1f, 0x9e, 0xf7, 0x24, 0x80, 0x3f,
    0xf9, 0x6d, 0x9f, 0xee, 0xa3, 0xe, 0xfc, 0x0,
    0xe, 0xc9, 0x80, 0x5, 0x71, 0x84, 0x3, 0x69,
    0x0, 0x1a, 0x61, 0x42, 0x40, 0x33, 0x98, 0xe,
    0xcb, 0x3d, 0x60, 0x80, 0x6a, 0x0, 0x51, 0x0,
    0x63, 0xb0, 0x8, 0x88, 0x4, 0x80, 0x1e, 0x40,
    0x9, 0xc0, 0x8, 0x1, 0xff, 0x10, 0x3, 0x80,
    0x3f, 0xf8, 0x42, 0x1, 0xff, 0xc2, 0x10, 0xf,
    0xf8, 0x80, 0x1c, 0x1, 0xff, 0x38, 0x1, 0x0,
    0x3f, 0xe2, 0x20, 0x12, 0x0, 0x79, 0x0, 0x35,
    0x80, 0x28, 0x80, 0x31, 0xd8, 0x6, 0x63, 0x1,
    0xda, 0x77, 0x5e, 0x8, 0x7, 0x69, 0x80, 0x16,
    0x20, 0x80, 0xe0, 0x1c, 0x39, 0x26, 0x0, 0x15,
    0xd9, 0x0, 0xf9, 0xb3, 0xfd, 0xd4, 0x44, 0x0,
    0x30, 0x0, 0x80, 0x3f, 0x50, 0x3, 0x40, 0xb3,
    0x4, 0x1, 0xca, 0xc0, 0x6, 0x7, 0x13, 0xda,
    0x65, 0x7b, 0xa0, 0x4, 0x88, 0x2d, 0x8, 0x2c,
    0xd4, 0x20, 0x2, 0x58, 0x2, 0x5e, 0x94, 0x10,
    0x1, 0xbe, 0xb0, 0x0,

    /* U+0120 "Ġ" */
    0x0, 0xfe, 0x30, 0xf, 0xfe, 0x2f, 0x67, 0x0,
    0x7f, 0xf0, 0xc8, 0x40, 0x4c, 0x3, 0xff, 0x84,
    0x48, 0x8, 0x60, 0x1f, 0xfc, 0x3b, 0xfb, 0x0,
    0xff, 0xf3, 0x8b, 0x5f, 0x7f, 0xbb, 0x20, 0x80,
    0x3f, 0x37, 0xca, 0x8, 0x0, 0x4d, 0xf6, 0x0,
    0x3d, 0x12, 0x20, 0x2d, 0x10, 0x72, 0x0, 0x3d,
    0x0, 0x65, 0x70, 0x4, 0x74, 0xbb, 0xa3, 0x68,
    0x0, 0xac, 0x1, 0x58, 0x2, 0x1c, 0x3, 0xcb,
    0x40, 0x8, 0x0, 0x28, 0x81, 0x38, 0x7, 0xe5,
    0x20, 0x14, 0xf, 0x0, 0x50, 0x7, 0xfb, 0xa6,
    0x4c, 0xe, 0x0, 0x50, 0xf, 0xf1, 0xb3, 0x8,
    0x8, 0x0, 0x40, 0x1f, 0xfc, 0x21, 0x0, 0xff,
    0xe8, 0x2b, 0x37, 0xc4, 0x1, 0xfe, 0x89, 0x9f,
    0x94, 0x3, 0xff, 0x8e, 0x20, 0x1f, 0xdb, 0xff,
    0x9c, 0x3, 0x10, 0x0, 0xc0, 0x3f, 0xf8, 0x68,
    0x0, 0xa0, 0xf, 0xfe, 0x1d, 0x0, 0x18, 0x40,
    0x3f, 0xf8, 0x46, 0x60, 0x5, 0x0, 0x7f, 0xf0,
    0xf8, 0x0, 0x96, 0x20, 0x1e, 0x46, 0x0, 0x8,
    0x0, 0xac, 0x0, 0x9d, 0x6e, 0xcf, 0x3b, 0x62,
    0x8, 0xc0, 0x12, 0x69, 0x80, 0x12, 0x26, 0x18,
    0x80, 0xf, 0x60, 0x1c, 0x59, 0x6c, 0x40, 0x10,
    0xa4, 0x74, 0x0, 0x0,

    /* U+0121 "ġ" */
    0x0, 0xf4, 0x7e, 0x8, 0x7, 0xfc, 0xe0, 0x6e,
    0x1, 0xff, 0x20, 0x1, 0x0, 0x3f, 0xeb, 0xce,
    0x20, 0xf, 0xfe, 0x1, 0x88, 0x7, 0xf9, 0xb3,
    0xfd, 0xd4, 0x61, 0xdf, 0x80, 0x1, 0xd9, 0x30,
    0x0, 0xae, 0x30, 0x80, 0x6d, 0x20, 0x3, 0x4c,
    0x28, 0x48, 0x6, 0x73, 0x1, 0xd9, 0x67, 0xac,
    0x10, 0xd, 0x40, 0xa, 0x20, 0xc, 0x76, 0x1,
    0x11, 0x0, 0x90, 0x3, 0xc8, 0x1, 0x38, 0x1,
    0x0, 0x3f, 0xe2, 0x0, 0x70, 0x7, 0xff, 0x8,
    0x40, 0x3f, 0xf8, 0x42, 0x1, 0xff, 0x10, 0x3,
    0x80, 0x3f, 0xe7, 0x0, 0x20, 0x7, 0xfc, 0x44,
    0x2, 0x40, 0xf, 0x20, 0x6, 0xb0, 0x5, 0x10,
    0x6, 0x3b, 0x0, 0xcc, 0x60, 0x3b, 0x4e, 0xeb,
    0xc1, 0x0, 0xed, 0x30, 0x2, 0xc4, 0x10, 0x1c,
    0x3, 0x87, 0x24, 0xc0, 0x2, 0xbb, 0x20, 0x1f,
    0x36, 0x7f, 0xba, 0x88, 0x80, 0x6, 0x0, 0x10,
    0x7, 0xea, 0x0, 0x68, 0x16, 0x60, 0x80, 0x39,
    0x58, 0x0, 0xc0, 0xe2, 0x7b, 0x4c, 0xaf, 0x74,
    0x0, 0x91, 0x5, 0xa1, 0x5, 0x9a, 0x84, 0x0,
    0x4b, 0x0, 0x4b, 0xd2, 0x82, 0x0, 0x37, 0xd6,
    0x0, 0x0,

    /* U+0122 "Ģ" */
    0x0, 0xe1, 0x6b, 0xef, 0xf7, 0x64, 0x10, 0x7,
    0xe6, 0xf9, 0x41, 0x0, 0x9, 0xbe, 0xc0, 0x7,
    0xa2, 0x44, 0x5, 0xa2, 0xe, 0x40, 0x7, 0xa0,
    0xc, 0xae, 0x0, 0x8e, 0x97, 0x74, 0x6d, 0x0,
    0x15, 0x80, 0x2b, 0x0, 0x43, 0x80, 0x79, 0x68,
    0x1, 0x0, 0x5, 0x10, 0x27, 0x0, 0xfc, 0xa4,
    0x2, 0x81, 0xe0, 0xa, 0x0, 0xff, 0x74, 0xc9,
    0x81, 0xc0, 0xa, 0x1, 0xfe, 0x36, 0x61, 0x1,
    0x0, 0x8, 0x3, 0xff, 0x84, 0x20, 0x1f, 0xfd,
    0x5, 0x66, 0xf8, 0x80, 0x3f, 0xd1, 0x33, 0xf2,
    0x80, 0x7f, 0xf1, 0xc4, 0x3, 0xfb, 0x7f, 0xf3,
    0x80, 0x62, 0x0, 0x18, 0x7, 0xff, 0xd, 0x0,
    0x14, 0x1, 0xff, 0xc3, 0xa0, 0x3, 0x8, 0x7,
    0xff, 0x8, 0xcc, 0x0, 0xa0, 0xf, 0xfe, 0x1f,
    0x0, 0x12, 0xc4, 0x3, 0xc8, 0xc0, 0x1, 0x0,
    0x15, 0x80, 0x13, 0xad, 0xd9, 0xe7, 0x6c, 0x41,
    0x18, 0x2, 0x4d, 0x30, 0x2, 0x44, 0xc3, 0x10,
    0x1, 0xec, 0x3, 0x8b, 0x2d, 0x88, 0x2, 0x14,
    0x8e, 0x80, 0xf, 0xc9, 0x3b, 0xff, 0x75, 0xb8,
    0x80, 0x7f, 0xf0, 0x1e, 0x18, 0x3, 0xff, 0x89,
    0xf, 0x40, 0x1f, 0xfc, 0x67, 0x0, 0xff, 0xe1,
    0x98, 0x3, 0x0, 0x3f, 0xf8, 0x74, 0x0, 0x50,
    0xf, 0xfe, 0x1b, 0x83, 0x10, 0x7, 0xff, 0xf,
    0xe2, 0x40, 0x3f, 0x0,

    /* U+0123 "ģ" */
    0x0, 0xfc, 0xc0, 0x1f, 0xfc, 0x19, 0x95, 0x80,
    0x7f, 0xc6, 0xc0, 0x40, 0x1f, 0xf5, 0x0, 0x34,
    0x3, 0xfe, 0x50, 0x2, 0x80, 0x7f, 0xc2, 0x1,
    0xff, 0xd1, 0xdf, 0xf0, 0x80, 0x7f, 0xf6, 0xdb,
    0x3f, 0xdd, 0x46, 0x1d, 0xf8, 0x0, 0x1d, 0x93,
    0x0, 0xa, 0xe3, 0x8, 0x6, 0xd2, 0x0, 0x34,
    0xc2, 0x84, 0x80, 0x67, 0x30, 0x1d, 0x96, 0x7a,
    0xc1, 0x0, 0xd4, 0x0, 0xa2, 0x0, 0xc7, 0x60,
    0x11, 0x10, 0x9, 0x0, 0x3c, 0x80, 0x13, 0x80,
    0x10, 0x3, 0xfe, 0x20, 0x7, 0x0, 0x7f, 0xf0,
    0x84, 0x3, 0xff, 0x84, 0x20, 0x1f, 0xf1, 0x0,
    0x38, 0x3, 0xfe, 0x70, 0x2, 0x0, 0x7f, 0xc4,
    0x40, 0x24, 0x0, 0xf2, 0x0, 0x6b, 0x0, 0x51,
    0x0, 0x63, 0xb0, 0xc, 0xc6, 0x3, 0xb4, 0xee,
    0xbc, 0x10, 0xe, 0xd3, 0x0, 0x2c, 0x41, 0x1,
    0xc0, 0x38, 0x72, 0x4c, 0x0, 0x2b, 0xb2, 0x1,
    0xf3, 0x67, 0xfb, 0xa8, 0x88, 0x0, 0x60, 0x1,
    0x0, 0x7e, 0xa0, 0x6, 0x81, 0x66, 0x8, 0x3,
    0x95, 0x80, 0xc, 0xe, 0x27, 0xb4, 0xca, 0xf7,
    0x40, 0x9, 0x10, 0x5a, 0x10, 0x59, 0xa8, 0x40,
    0x4, 0xb0, 0x4, 0xbd, 0x28, 0x20, 0x3, 0x7d,
    0x60, 0x0,

    /* U+0124 "Ĥ" */
    0x0, 0xfc, 0xf0, 0x20, 0x1f, 0xfc, 0x3b, 0x87,
    0xc1, 0x0, 0xff, 0xe0, 0xda, 0x21, 0xcb, 0x4,
    0x3, 0xfe, 0xb4, 0x45, 0xc3, 0x96, 0x8, 0x7,
    0xf1, 0x9a, 0x2c, 0x1, 0x12, 0xa8, 0x1, 0xfc,
    0x70, 0xe0, 0x19, 0xa1, 0x40, 0x3f, 0xf9, 0x8b,
    0xfe, 0xa0, 0xf, 0xfb, 0xbf, 0xc4, 0x1, 0xff,
    0xff, 0x0, 0xff, 0xff, 0x80, 0x72, 0xff, 0xff,
    0xc2, 0x1, 0xff, 0xcd, 0x39, 0x9f, 0xf8, 0x3,
    0xe6, 0x6f, 0xfe, 0x0, 0x80, 0x7f, 0xff, 0xc0,
    0x3f, 0xff, 0xe0, 0x1f, 0xfc, 0xc0,

    /* U+0125 "ĥ" */
    0x0, 0xc5, 0xe, 0x1, 0xfe, 0x2c, 0x78, 0xa0,
    0xf, 0xc5, 0x82, 0xe6, 0xb4, 0x1, 0xe2, 0xc1,
    0x88, 0x61, 0xac, 0x80, 0x72, 0x34, 0xb8, 0x3,
    0x20, 0x48, 0x3, 0x34, 0x30, 0x6, 0x78, 0x20,
    0xb, 0x3f, 0xc2, 0x1, 0xff, 0xff, 0x0, 0xff,
    0x3e, 0x7f, 0xb6, 0x44, 0x3, 0x8b, 0x60, 0xc0,
    0x4, 0xde, 0x40, 0x1b, 0x48, 0xe2, 0x58, 0x0,
    0x3c, 0x1, 0x86, 0x31, 0xda, 0x74, 0x0, 0x64,
    0x1, 0x33, 0x80, 0x62, 0x60, 0x2, 0x0, 0x56,
    0x1, 0xef, 0x0, 0x8, 0x4, 0x60, 0x1f, 0xde,
    0x1, 0xff, 0xff, 0x0, 0xff, 0xfa, 0x80,

    /* U+0126 "Ħ" */
    0x0, 0x3f, 0xfa, 0x40, 0x3f, 0xef, 0xf8, 0x3,
    0xff, 0xf9, 0x1f, 0x0, 0x6, 0xff, 0xff, 0x80,
    0x2f, 0xf1, 0x0, 0x7f, 0xf2, 0xe7, 0x1c, 0x0,
    0xb9, 0x9f, 0xf0, 0x5, 0x78, 0x42, 0x7e, 0x0,
    0x33, 0xff, 0xe0, 0x0, 0x48, 0x60, 0x1f, 0xfd,
    0x16, 0xff, 0xff, 0x80, 0x3f, 0xfa, 0xc7, 0x33,
    0xff, 0x0, 0x7f, 0xca, 0xcd, 0xff, 0x0, 0x7f,
    0xff, 0xc0, 0x3f, 0xff, 0xe0, 0x1f, 0xff, 0x30,

    /* U+0127 "ħ" */
    0x0, 0x2f, 0xfa, 0x40, 0x3f, 0xca, 0xac, 0x0,
    0x12, 0xae, 0x0, 0xf5, 0x51, 0x80, 0x9, 0x55,
    0x80, 0x3f, 0xf9, 0x5f, 0xea, 0x0, 0x37, 0xfe,
    0x0, 0xff, 0xe8, 0xa5, 0x77, 0xfa, 0xd4, 0x3,
    0xf4, 0xda, 0x88, 0x1, 0x2a, 0x40, 0x3c, 0xcc,
    0x16, 0x98, 0x30, 0x3, 0x20, 0x7, 0x93, 0xe5,
    0x9f, 0x18, 0x1, 0xc0, 0x1c, 0x36, 0x20, 0x1a,
    0xc0, 0xe, 0x1, 0xce, 0x1, 0xe2, 0x0, 0x10,
    0x7, 0xff, 0xfc, 0x3, 0xff, 0xfe, 0x1, 0xff,
    0xce,

    /* U+0128 "Ĩ" */
    0x0, 0xff, 0x18, 0x80, 0x27, 0xbf, 0x1c, 0x41,
    0xf3, 0x1, 0x4c, 0x20, 0x71, 0xdf, 0x0, 0xa2,
    0xa1, 0x39, 0x26, 0x1, 0x34, 0xe, 0x6b, 0x1b,
    0x67, 0x6f, 0x48, 0x0, 0xc8, 0x3, 0x9, 0x8,
    0x7, 0xff, 0x18, 0xbf, 0xdc, 0x1, 0xff, 0xff,
    0x0, 0xff, 0xff, 0x80, 0x7f, 0xff, 0xc0, 0x3f,
    0xfa, 0x60,

    /* U+0129 "ĩ" */
    0x0, 0xfe, 0x12, 0x0, 0x1e, 0x7f, 0x52, 0x0,
    0xee, 0x98, 0xb0, 0xc0, 0x56, 0xff, 0x8c, 0x1d,
    0x40, 0xf3, 0xe, 0x20, 0x1, 0xb1, 0x6c, 0xd3,
    0x34, 0x76, 0xeb, 0x90, 0x4, 0xc4, 0x3, 0x11,
    0x0, 0x3f, 0xf8, 0xf3, 0xfe, 0x50, 0xf, 0xff,
    0xf8, 0x7, 0xff, 0xfc, 0x3, 0xff, 0xc4,

    /* U+012A "Ī" */
    0x23, 0x3f, 0xe2, 0xec, 0xcf, 0xe9, 0x0, 0xff,
    0xb3, 0xff, 0xfa, 0xc0, 0x3f, 0xf9, 0xa5, 0xfe,
    0xe0, 0xf, 0xff, 0xf8, 0x7, 0xff, 0xfc, 0x3,
    0xff, 0xfe, 0x1, 0xfe,

    /* U+012B "ī" */
    0x3f, 0xff, 0xf2, 0x0, 0x7f, 0xf0, 0xf, 0x33,
    0xfc, 0x80, 0x67, 0xfe, 0x0, 0xff, 0xe2, 0xcf,
    0xf9, 0x40, 0x3f, 0xff, 0xe0, 0x1f, 0xff, 0xf0,
    0xf, 0xff, 0x10,

    /* U+012C "Ĭ" */
    0x4f, 0xf0, 0x80, 0x4d, 0xfe, 0x4, 0x0, 0x40,
    0x0, 0x6c, 0x10, 0x1, 0x20, 0xdd, 0xbc, 0x41,
    0x0, 0x6, 0xb4, 0x12, 0x15, 0xd3, 0x0, 0x92,
    0xff, 0xdd, 0x44, 0x1, 0xff, 0xc4, 0x2f, 0xf7,
    0x0, 0x7f, 0xff, 0xc0, 0x3f, 0xff, 0xe0, 0x1f,
    0xff, 0xf0, 0xf, 0xf0,

    /* U+012D "ĭ" */
    0xbf, 0xa0, 0xd, 0xbf, 0x38, 0xa, 0x60, 0x5,
    0x20, 0xc7, 0x30, 0xcd, 0xea, 0x4, 0x50, 0xc7,
    0x22, 0x9, 0xcd, 0x80, 0x51, 0xbf, 0xec, 0x60,
    0xf, 0xfe, 0x1c, 0xff, 0x94, 0x3, 0xff, 0xfe,
    0x1, 0xff, 0xff, 0x0, 0xff, 0xe0, 0x80,

    /* U+012E "Į" */
    0x0, 0x17, 0xfb, 0x80, 0x3f, 0xff, 0xe0, 0x1f,
    0xfe, 0x83, 0xc0, 0x6e, 0x1d, 0x17, 0x90, 0x91,
    0x14, 0x0, 0x4, 0x5, 0xd, 0x3c, 0x1, 0x79,
    0xd, 0x2, 0x3, 0x60,

    /* U+012F "į" */
    0x0, 0x97, 0xf8, 0xc0, 0x29, 0x1, 0xa0, 0x9,
    0x0, 0x18, 0x1, 0x46, 0x6a, 0x80, 0x63, 0x20,
    0xd, 0x3f, 0xe5, 0x0, 0xff, 0xff, 0x80, 0x7f,
    0xf6, 0xd9, 0x81, 0x2a, 0xd, 0x21, 0x8c, 0x0,
    0x80, 0x73, 0x0, 0x8, 0x80, 0x88, 0x82, 0x22,
    0x5, 0xdb, 0x40, 0xf4, 0x0, 0x23, 0x80,

    /* U+0130 "İ" */
    0xc, 0xf9, 0x5, 0x30, 0x60, 0x40, 0x1, 0x80,
    0xf6, 0x60, 0x0, 0x26, 0x1, 0xf1, 0x7f, 0xb8,
    0x3, 0xff, 0xfe, 0x1, 0xff, 0xd3,

    /* U+0131 "ı" */
    0x9f, 0xf2, 0x80, 0x7f, 0xfd, 0x0,

    /* U+0132 "Ĳ" */
    0x2f, 0xf7, 0x0, 0x7f, 0xf0, 0x87, 0xfd, 0xc0,
    0x1f, 0xff, 0xf0, 0xf, 0xff, 0xf8, 0x7, 0xff,
    0xfc, 0x3, 0xff, 0xfe, 0x1, 0xff, 0xc3, 0x26,
    0x61, 0x80, 0x7f, 0xf1, 0x92, 0x66, 0x0, 0xf9,
    0x40, 0x4, 0x1, 0xf2, 0x80, 0x10, 0x3, 0xed,
    0x0, 0x28, 0x7, 0xc6, 0x20, 0x32, 0x1, 0xca,
    0xc0, 0xa, 0x0, 0xfd, 0x60, 0x6, 0xd8, 0x77,
    0x65, 0x0, 0x18, 0xc0, 0x3f, 0x2d, 0x0, 0x9,
    0xe2, 0x6, 0x0, 0x79, 0x0, 0xff, 0x2f, 0x41,
    0x88, 0x0, 0x9b, 0x60, 0x0,

    /* U+0133 "ĳ" */
    0x5f, 0xe3, 0x0, 0xd7, 0xf4, 0x12, 0x3, 0x40,
    0x11, 0xa0, 0x29, 0x20, 0x3, 0x0, 0x23, 0x10,
    0x12, 0x8c, 0xd5, 0x0, 0xdf, 0x9c, 0x0, 0x32,
    0x0, 0xe1, 0x30, 0x4, 0xff, 0x94, 0x3, 0x7f,
    0xc0, 0x1f, 0xff, 0xf0, 0xf, 0xff, 0xf8, 0x7,
    0xff, 0x7e, 0x7f, 0xca, 0x1, 0xff, 0xcf, 0x20,
    0x1, 0x0, 0x70, 0xbb, 0xbc, 0x0, 0x80, 0x1c,
    0x51, 0x2, 0x0, 0x58, 0x7, 0x84, 0x5, 0x74,
    0x80,

    /* U+0134 "Ĵ" */
    0x0, 0xff, 0x87, 0xbe, 0x40, 0x3f, 0xf8, 0x43,
    0x82, 0xc, 0xe0, 0x1f, 0xfc, 0x1a, 0x24, 0xc0,
    0x85, 0x0, 0xff, 0xa9, 0xe, 0xce, 0xc2, 0x8c,
    0x3, 0xf8, 0x88, 0xfa, 0x0, 0x4b, 0x75, 0x0,
    0xfe, 0x28, 0x80, 0x80, 0x49, 0xc, 0x1, 0xff,
    0xd4, 0xdf, 0xf1, 0x80, 0x7f, 0xff, 0xc0, 0x3f,
    0xff, 0xe0, 0x1f, 0xff, 0xf0, 0xf, 0xff, 0xb,
    0x31, 0x40, 0x3f, 0xe1, 0x0, 0x86, 0x65, 0x60,
    0x1f, 0x88, 0x0, 0x60, 0x10, 0x80, 0x4, 0xc0,
    0x3c, 0x80, 0x1, 0x10, 0x6, 0x60, 0x7, 0x8,
    0x6, 0x2a, 0x0, 0x30, 0x7, 0x40, 0x81, 0x75,
    0x3b, 0xab, 0x44, 0xa, 0x0, 0x38, 0x70, 0x80,
    0xb, 0x10, 0x50, 0x1, 0xe0, 0x7, 0xc5, 0xb4,
    0x82, 0x0, 0x15, 0xac, 0x10, 0xe,

    /* U+0135 "ĵ" */
    0x0, 0xc9, 0xfe, 0x80, 0xf, 0x1d, 0x80, 0xbb,
    0x80, 0x31, 0xe0, 0x56, 0xc, 0x30, 0x0, 0xf0,
    0x29, 0x4b, 0x6, 0x58, 0xf, 0xfc, 0xa0, 0x2,
    0xef, 0x60, 0xf, 0xfe, 0x1a, 0x7f, 0xa4, 0x3,
    0xff, 0xfe, 0x1, 0xff, 0xff, 0x0, 0xff, 0xf0,
    0x8, 0x0, 0x40, 0x3e, 0xf0, 0x7, 0x0, 0x67,
    0x59, 0x50, 0x3, 0x80, 0x43, 0x14, 0xc0, 0xa,
    0x10, 0xc, 0x20, 0x29, 0x8a, 0x1, 0x80,

    /* U+0136 "Ķ" */
    0x5f, 0xf5, 0x0, 0x7f, 0x57, 0xfb, 0x44, 0x3,
    0xff, 0x83, 0x4a, 0x3, 0x82, 0x1, 0xff, 0xc0,
    0x85, 0x1, 0xc1, 0x0, 0xff, 0xe0, 0x3b, 0x80,
    0x1a, 0x40, 0x1f, 0xfc, 0x6, 0x80, 0x5, 0x98,
    0x7, 0xff, 0x1, 0x64, 0x1, 0x48, 0x1, 0xff,
    0xc0, 0x4a, 0x0, 0x4a, 0x80, 0x7f, 0xf0, 0xe,
    0xc0, 0x10, 0xc0, 0x1f, 0xfc, 0x3, 0xc0, 0x3,
    0x38, 0x7, 0xff, 0x0, 0xb4, 0x0, 0x92, 0x1,
    0xff, 0xc0, 0x6c, 0x10, 0x2, 0x90, 0x7, 0xff,
    0x0, 0xc4, 0x2, 0x1f, 0x0, 0xff, 0xe1, 0x27,
    0x8, 0x15, 0x0, 0x7f, 0xf0, 0x12, 0xc7, 0x40,
    0xa, 0xc0, 0x1f, 0xe2, 0xb0, 0x1, 0xc8, 0x2,
    0x4c, 0x3, 0xf9, 0xc0, 0x33, 0x30, 0x1, 0xa2,
    0x1, 0xff, 0xc2, 0x93, 0x1, 0xd0, 0xf, 0xfe,
    0x1e, 0x88, 0x1c, 0x0, 0x7f, 0xf0, 0x86, 0x80,
    0xe, 0xa0, 0x1f, 0xfc, 0x24, 0x80, 0x5, 0x10,
    0x7, 0xff, 0x9, 0xd0, 0x1, 0xe0, 0x1f, 0xfc,
    0x3b, 0x20, 0x2a, 0x5, 0xff, 0x50, 0x5, 0x10,
    0x50, 0xd, 0xbf, 0xea, 0x0, 0xf8, 0x5d, 0xde,
    0x1, 0xff, 0xc3, 0x30, 0x1, 0x80, 0x7f, 0xf0,
    0xd8, 0x1, 0xe0, 0x1f, 0xfc, 0x3e, 0x0, 0x38,
    0x7, 0xff, 0x8, 0x54, 0x20, 0x40, 0x3f, 0xf8,
    0x43, 0xb0, 0xe0, 0x1f, 0xe0,

    /* U+0137 "ķ" */
    0xcf, 0xf0, 0x80, 0x7f, 0xff, 0xc0, 0x3f, 0xf9,
    0x13, 0xfe, 0xd1, 0x0, 0xfe, 0x86, 0x1, 0xf1,
    0x0, 0xfc, 0xee, 0x1, 0xc2, 0x0, 0xfc, 0xd0,
    0x0, 0xd2, 0x0, 0xfc, 0xb2, 0x0, 0xb3, 0x0,
    0xfc, 0x94, 0x0, 0xa4, 0x0, 0xfc, 0xb6, 0x0,
    0x95, 0x0, 0xfe, 0xa0, 0x9, 0x40, 0x3f, 0xc2,
    0x1, 0x70, 0x7, 0xfc, 0xc6, 0x5, 0x40, 0x1f,
    0xcd, 0x3a, 0x20, 0xac, 0x1, 0xfa, 0x0, 0x68,
    0x1, 0x24, 0x1, 0xfe, 0x47, 0x0, 0x78, 0x7,
    0xfd, 0x6, 0x5, 0x20, 0x1f, 0xf7, 0x8, 0x32,
    0x80, 0x7f, 0x8a, 0xc0, 0x14, 0x40, 0x1f, 0xe5,
    0x60, 0x7, 0x6, 0x7f, 0x84, 0x51, 0x5, 0x0,
    0x4f, 0xfb, 0x0, 0x38, 0xdd, 0xd8, 0x1, 0xff,
    0xc2, 0x10, 0xf, 0xf9, 0xc0, 0x1a, 0x1, 0xff,
    0x70, 0x1, 0x40, 0x3f, 0xc2, 0x81, 0x20, 0x1f,
    0xf0, 0xec, 0x30, 0x7, 0xe0,

    /* U+0138 "ĸ" */
    0x9f, 0xf2, 0x80, 0x79, 0xff, 0xdc, 0x20, 0x1f,
    0xc9, 0x0, 0xd, 0x10, 0xf, 0xc5, 0x60, 0xa,
    0x30, 0xf, 0xc3, 0xe0, 0x7, 0x50, 0xf, 0xed,
    0x20, 0x58, 0x0, 0xfe, 0x93, 0x3, 0xa0, 0xf,
    0xe6, 0x60, 0xe, 0x80, 0x7e, 0xf8, 0x90, 0x6,
    0x88, 0x7, 0xe5, 0x70, 0x3, 0x18, 0x7, 0xff,
    0x5, 0x90, 0x3, 0xfa, 0xbd, 0xc0, 0x16, 0x60,
    0x1f, 0xe8, 0x50, 0x6, 0x90, 0x7, 0xfa, 0x90,
    0x7, 0xc4, 0x3, 0xfd, 0x66, 0x5, 0xa0, 0x1f,
    0xf6, 0x90, 0x1d, 0x80, 0x7f, 0x87, 0x4, 0x12,
    0x80, 0x3f, 0xc3, 0x82, 0xb, 0x0,

    /* U+0139 "Ĺ" */
    0x0, 0x92, 0x20, 0xc0, 0x1f, 0xe2, 0xb7, 0x64,
    0x0, 0xff, 0x70, 0x3, 0x48, 0x3, 0xf9, 0xcc,
    0x2c, 0xc0, 0x3f, 0x8a, 0x2, 0x90, 0x3, 0xfc,
    0x5f, 0xe5, 0x0, 0xff, 0xe7, 0x2f, 0xfa, 0x80,
    0x3f, 0xff, 0xe0, 0x1f, 0xff, 0xf0, 0xf, 0xff,
    0xf8, 0x7, 0xff, 0xbd, 0x9b, 0xfe, 0x20, 0x8,
    0xe6, 0x7f, 0xca, 0x1, 0xff, 0xc3,

    /* U+013A "ĺ" */
    0x0, 0xf, 0x7f, 0x94, 0x1, 0x62, 0x12, 0xa0,
    0xaa, 0x8, 0x60, 0x1b, 0x7, 0x70, 0x1, 0x5a,
    0x60, 0x2, 0x48, 0x60, 0xf, 0xfa, 0x7f, 0xca,
    0x1, 0xff, 0xff, 0x0, 0xff, 0xff, 0x80, 0x7c,

    /* U+013B "Ļ" */
    0x5f, 0xf5, 0x0, 0x7f, 0xff, 0xc0, 0x3f, 0xff,
    0xe0, 0x1f, 0xff, 0xf0, 0xf, 0xff, 0x7b, 0x37,
    0xfc, 0x40, 0x11, 0xcc, 0xff, 0x94, 0x3, 0xff,
    0x86, 0xbf, 0xff, 0xfc, 0x17, 0x0, 0xf2, 0xc4,
    0x0, 0x3f, 0xf8, 0x1c, 0xee, 0x0, 0xff, 0xe0,
    0x38, 0x7, 0xff, 0x8, 0x80, 0xc0, 0x3f, 0xe4,
    0x10, 0xa0, 0xf, 0xfb, 0x40, 0x98, 0x3, 0xfe,
    0x98, 0xf0, 0xf, 0x80,

    /* U+013C "ļ" */
    0x9, 0xff, 0x28, 0x7, 0xff, 0xfc, 0x3, 0xff,
    0xb1, 0x3f, 0xe5, 0x4, 0x88, 0x10, 0x63, 0xb8,
    0x40, 0x30, 0x81, 0x80, 0x8, 0x50, 0x18, 0x1c,
    0x1, 0x0, 0xd5, 0x82, 0x0,

    /* U+013D "Ľ" */
    0x5f, 0xf5, 0x0, 0x6f, 0xf5, 0x80, 0x7f, 0xf0,
    0x84, 0x3, 0xfe, 0x20, 0x1, 0x0, 0x7f, 0xca,
    0x0, 0xb0, 0xf, 0xfa, 0x40, 0xcc, 0x1, 0xff,
    0x41, 0x68, 0x7, 0xff, 0x1, 0xb4, 0x40, 0x3f,
    0xff, 0xe0, 0x1f, 0xff, 0xf0, 0xf, 0xfe, 0xd3,
    0x37, 0xfc, 0x40, 0x11, 0xcc, 0xff, 0x94, 0x3,
    0xff, 0x86,

    /* U+013E "ľ" */
    0x9f, 0xf2, 0x80, 0x3f, 0xd6, 0x1, 0xf8, 0x40,
    0x38, 0x80, 0x4, 0x1, 0xca, 0x0, 0xb0, 0xe,
    0x90, 0x43, 0x0, 0xeb, 0x3a, 0x0, 0xf2, 0xe0,
    0x80, 0x7f, 0xff, 0xc0, 0x3f, 0xff, 0x40,

    /* U+013F "Ŀ" */
    0x5f, 0xf5, 0x0, 0x7f, 0xff, 0xc0, 0x3f, 0xfc,
    0x8d, 0xfc, 0x40, 0x1f, 0xf5, 0x80, 0xd0, 0x7,
    0xfc, 0x80, 0xd, 0x0, 0xff, 0xa7, 0x35, 0x40,
    0x3f, 0xf8, 0x6, 0x40, 0x1f, 0xff, 0xf0, 0xf,
    0xfe, 0x5b, 0x37, 0xfc, 0x40, 0x11, 0xcc, 0xff,
    0x94, 0x3, 0xff, 0x86,

    /* U+0140 "ŀ" */
    0x9f, 0xf2, 0x80, 0x7f, 0xff, 0xc0, 0x3e, 0x6f,
    0xd2, 0x0, 0xeb, 0x2, 0xa0, 0xe, 0x40, 0x6,
    0x0, 0x74, 0xe6, 0xa0, 0x7, 0x8c, 0x80, 0x3f,
    0xff, 0xe0, 0x1f, 0x0,

    /* U+0141 "Ł" */
    0x0, 0x2f, 0xfa, 0x80, 0x3f, 0xff, 0xe0, 0x1f,
    0xff, 0x11, 0x5a, 0xb0, 0xf, 0xfe, 0x2, 0xf5,
    0x28, 0x7, 0xe2, 0x88, 0x0, 0x44, 0xf9, 0x60,
    0x1f, 0x2b, 0x90, 0x1, 0x76, 0xc, 0x3, 0xf1,
    0xd4, 0x80, 0x7f, 0xf0, 0x91, 0x4c, 0x3, 0xff,
    0xfe, 0x1, 0xff, 0xd1, 0x66, 0xff, 0x88, 0x3,
    0x8e, 0x67, 0xfc, 0xa0, 0x1f, 0xfc, 0x50,

    /* U+0142 "ł" */
    0x0, 0x1f, 0xfa, 0xc0, 0x3f, 0xff, 0xe0, 0x1e,
    0x5a, 0x20, 0xe, 0x4a, 0x50, 0x17, 0xe0, 0x9,
    0xf4, 0x9a, 0x8, 0x0, 0x90, 0x40, 0x75, 0x80,
    0x1e, 0x45, 0x0, 0xff, 0xff, 0x80, 0x60,

    /* U+0143 "Ń" */
    0x0, 0xff, 0x1c, 0x41, 0xc0, 0x3f, 0xf8, 0x7c,
    0xee, 0x20, 0xf, 0xfe, 0x14, 0x90, 0x4a, 0x80,
    0x7f, 0xf0, 0x4d, 0x82, 0x18, 0x3, 0xff, 0x85,
    0xc0, 0xee, 0x0, 0xff, 0xe1, 0xef, 0xc0, 0x7,
    0xff, 0x3d, 0x7f, 0xdc, 0x20, 0x1f, 0xed, 0xff,
    0x10, 0x4, 0x36, 0x1, 0xff, 0xc6, 0x55, 0x0,
    0x7f, 0xf1, 0xac, 0x40, 0x3f, 0xf8, 0xa3, 0x40,
    0x1f, 0xfc, 0x33, 0x10, 0x46, 0x0, 0xff, 0xe1,
    0x35, 0x80, 0x24, 0x40, 0x3f, 0xf8, 0x4a, 0xa0,
    0x5, 0x0, 0x7f, 0xf0, 0xec, 0x41, 0x18, 0x3,
    0xff, 0x84, 0x36, 0x0, 0x92, 0x0, 0xff, 0xe1,
    0x2a, 0x80, 0x1c, 0x1, 0xff, 0xc3, 0xb1, 0x3,
    0x60, 0xf, 0xfe, 0x10, 0xd0, 0x2, 0x48, 0x3,
    0xff, 0x84, 0x8a, 0x0, 0xe0, 0xf, 0xfe, 0x1d,
    0x88, 0x1b, 0x80, 0x7f, 0xf0, 0x86, 0x80, 0x10,
    0x40, 0x1f, 0xfc, 0x24, 0x60, 0x7, 0x0, 0x7f,
    0xf0, 0xe4, 0x40, 0xc8, 0x3, 0xff, 0x87, 0x40,
    0x1f, 0xfc, 0x64, 0x60, 0xf, 0xfe, 0x34, 0x90,
    0x7, 0xff, 0x1b, 0x80, 0x30,

    /* U+0144 "ń" */
    0x0, 0xf8, 0x7b, 0xfc, 0xa0, 0x1f, 0xd4, 0x21,
    0x4a, 0x1, 0xf9, 0xd0, 0x29, 0x40, 0x3f, 0x1c,
    0x5, 0xa8, 0x7, 0xf1, 0xf7, 0xa0, 0x7, 0xfc,
    0x20, 0x1f, 0x67, 0xf8, 0x6, 0x37, 0xfd, 0xb2,
    0x20, 0x1c, 0x7e, 0xe4, 0x0, 0x26, 0xf2, 0x0,
    0xd8, 0x29, 0x12, 0xc0, 0x1, 0xe0, 0xe, 0xbb,
    0x3b, 0x4e, 0x80, 0xc, 0x80, 0x29, 0x40, 0xc,
    0x4c, 0x0, 0x40, 0x9, 0xc0, 0x3d, 0xe0, 0x1,
    0x0, 0xff, 0xe0, 0xf8, 0x7, 0xff, 0xfc, 0x3,
    0xff, 0xea,

    /* U+0145 "Ņ" */
    0x5f, 0xf7, 0x8, 0x7, 0xfb, 0x7f, 0xc4, 0x1,
    0xd, 0x80, 0x7f, 0xf1, 0x95, 0x40, 0x1f, 0xfc,
    0x6b, 0x10, 0xf, 0xfe, 0x28, 0xd0, 0x7, 0xff,
    0xc, 0xc4, 0x11, 0x80, 0x3f, 0xf8, 0x4d, 0x60,
    0x9, 0x10, 0xf, 0xfe, 0x12, 0xa8, 0x1, 0x40,
    0x1f, 0xfc, 0x3b, 0x10, 0x46, 0x0, 0xff, 0xe1,
    0xd, 0x80, 0x24, 0x80, 0x3f, 0xf8, 0x4a, 0xa0,
    0x7, 0x0, 0x7f, 0xf0, 0xec, 0x40, 0xd8, 0x3,
    0xff, 0x84, 0x34, 0x0, 0x92, 0x0, 0xff, 0xe1,
    0x22, 0x80, 0x38, 0x3, 0xff, 0x87, 0x62, 0x6,
    0xe0, 0x1f, 0xfc, 0x21, 0xa0, 0x4, 0x10, 0x7,
    0xff, 0x9, 0x18, 0x1, 0xc0, 0x1f, 0xfc, 0x39,
    0x10, 0x32, 0x0, 0xff, 0xe1, 0xd0, 0x7, 0xff,
    0x19, 0x18, 0x3, 0xff, 0x8d, 0x24, 0x1, 0xff,
    0xc6, 0xe0, 0xc, 0xbf, 0xea, 0x0, 0xff, 0x1f,
    0xfc, 0x40, 0x1f, 0xc, 0x41, 0x0, 0x3f, 0xf8,
    0x66, 0xee, 0xd0, 0xf, 0xfe, 0x18, 0x80, 0x4,
    0x3, 0xff, 0x86, 0xc0, 0xd, 0x0, 0xff, 0xe1,
    0xf0, 0xa, 0x80, 0x7f, 0xf0, 0x85, 0x2, 0x0,
    0x3f, 0xf8, 0x63, 0xb0, 0xc0, 0x1f, 0xc0,

    /* U+0146 "ņ" */
    0xcf, 0xf0, 0xc, 0x6f, 0xfb, 0x64, 0x40, 0x38,
    0xfd, 0xc8, 0x0, 0x4d, 0xe4, 0x1, 0xb0, 0x52,
    0x25, 0x80, 0x3, 0xc0, 0x1d, 0x76, 0x76, 0x9d,
    0x0, 0x19, 0x0, 0x52, 0x80, 0x18, 0x98, 0x0,
    0x80, 0x13, 0x80, 0x7b, 0xc0, 0x2, 0x1, 0xff,
    0xc1, 0xf0, 0xf, 0xff, 0xf8, 0x7, 0xff, 0xd7,
    0x3f, 0xc2, 0x1, 0xe6, 0xff, 0x40, 0x7, 0x24,
    0x40, 0x40, 0x3f, 0xda, 0xee, 0x30, 0xf, 0xf1,
    0x80, 0xc, 0x3, 0xfc, 0xe0, 0x22, 0x0, 0xfe,
    0x22, 0x3, 0x0, 0x7f, 0xa8, 0x6, 0x40, 0x3f,
    0xd1, 0x38, 0x20, 0x1e,

    /* U+0147 "Ň" */
    0x0, 0xc5, 0x10, 0x10, 0x9, 0x21, 0xc0, 0x3f,
    0x88, 0x5f, 0x40, 0x7, 0x6e, 0x20, 0x1f, 0xe9,
    0x43, 0xb2, 0xd0, 0x76, 0x0, 0xff, 0xac, 0xd3,
    0x45, 0xa0, 0x3, 0xff, 0x83, 0xa2, 0xb, 0x20,
    0x1f, 0xfc, 0x21, 0xef, 0xa0, 0xf, 0xfe, 0x7a,
    0xff, 0xb8, 0x40, 0x3f, 0xdb, 0xfe, 0x20, 0x8,
    0x6c, 0x3, 0xff, 0x8c, 0xaa, 0x0, 0xff, 0xe3,
    0x58, 0x80, 0x7f, 0xf1, 0x46, 0x80, 0x3f, 0xf8,
    0x66, 0x20, 0x8c, 0x1, 0xff, 0xc2, 0x6b, 0x0,
    0x48, 0x80, 0x7f, 0xf0, 0x95, 0x40, 0xa, 0x0,
    0xff, 0xe1, 0xd8, 0x82, 0x30, 0x7, 0xff, 0x8,
    0x6c, 0x1, 0x24, 0x1, 0xff, 0xc2, 0x55, 0x0,
    0x38, 0x3, 0xff, 0x87, 0x62, 0x6, 0xc0, 0x1f,
    0xfc, 0x21, 0xa0, 0x4, 0x90, 0x7, 0xff, 0x9,
    0x14, 0x1, 0xc0, 0x1f, 0xfc, 0x3b, 0x10, 0x37,
    0x0, 0xff, 0xe1, 0xd, 0x0, 0x20, 0x80, 0x3f,
    0xf8, 0x48, 0xc0, 0xe, 0x0, 0xff, 0xe1, 0xc8,
    0x81, 0x90, 0x7, 0xff, 0xe, 0x80, 0x3f, 0xf8,
    0xc8, 0xc0, 0x1f, 0xfc, 0x69, 0x20, 0xf, 0xfe,
    0x37, 0x0, 0x60,

    /* U+0148 "ň" */
    0x0, 0x37, 0xf1, 0x0, 0xf, 0xfc, 0xc0, 0x19,
    0xa4, 0x70, 0x8f, 0x2, 0x58, 0x3, 0x9a, 0x47,
    0x30, 0x14, 0xc0, 0x1f, 0x34, 0x88, 0xad, 0x40,
    0x3f, 0x9b, 0xf9, 0x0, 0x3f, 0xf8, 0xf9, 0xfe,
    0x1, 0x8d, 0xff, 0x6c, 0x88, 0x7, 0x1f, 0xb9,
    0x0, 0x9, 0xbc, 0x80, 0x36, 0xa, 0x44, 0xb0,
    0x0, 0x78, 0x3, 0xae, 0xce, 0xd3, 0xa0, 0x3,
    0x20, 0xa, 0x50, 0x3, 0x13, 0x0, 0x10, 0x2,
    0x70, 0xf, 0x78, 0x0, 0x40, 0x3f, 0xf8, 0x3e,
    0x1, 0xff, 0xff, 0x0, 0xff, 0xfa, 0x80,

    /* U+0149 "ŉ" */
    0x0, 0x77, 0xe8, 0x7, 0xff, 0x54, 0x41, 0x80,
    0x3f, 0xf8, 0x48, 0x0, 0xd0, 0xf, 0xfe, 0x17,
    0x0, 0x1c, 0x3, 0xff, 0x89, 0x22, 0x1, 0xff,
    0xc2, 0xac, 0x60, 0xf, 0xfe, 0x21, 0x86, 0x7f,
    0x80, 0x63, 0x7f, 0xdb, 0x22, 0x1, 0xfc, 0x7e,
    0xe4, 0x0, 0x26, 0xf2, 0x0, 0xfd, 0x82, 0x91,
    0x2c, 0x0, 0x1e, 0x0, 0xfe, 0xbb, 0x3b, 0x4e,
    0x80, 0xc, 0x80, 0x3e, 0x94, 0x0, 0xc4, 0xc0,
    0x4, 0x0, 0xf9, 0xc0, 0x3d, 0xe0, 0x1, 0x0,
    0xff, 0xe2, 0xf8, 0x7, 0xff, 0xfc, 0x3, 0xff,
    0xfe, 0x1, 0xff, 0xd2,

    /* U+014A "Ŋ" */
    0x7f, 0xf6, 0x80, 0x7f, 0x93, 0xfd, 0x80, 0x11,
    0x40, 0x7, 0xff, 0x15, 0xcc, 0x3, 0xff, 0x8b,
    0xc0, 0x1f, 0xfc, 0x52, 0x80, 0xf, 0xfe, 0x12,
    0x80, 0x1c, 0x80, 0x3f, 0xf8, 0x25, 0x20, 0xe,
    0x0, 0xff, 0xe1, 0x31, 0x81, 0xb8, 0x7, 0xff,
    0xb, 0x80, 0x10, 0x40, 0x1f, 0xfc, 0x12, 0x80,
    0x7, 0x0, 0x7f, 0xf0, 0x9c, 0xc0, 0xdc, 0x3,
    0xff, 0x85, 0xc0, 0x8, 0x20, 0xf, 0xfe, 0x9,
    0x40, 0x2, 0x40, 0x3f, 0xf8, 0x4e, 0x60, 0x8c,
    0x1, 0xff, 0xc2, 0xf0, 0x4, 0x88, 0x7, 0xff,
    0x4, 0xdc, 0x1, 0x40, 0x1f, 0xfc, 0x28, 0x20,
    0x4e, 0x0, 0xff, 0xe1, 0x70, 0x1, 0x40, 0x3f,
    0xf8, 0x46, 0xe0, 0x1f, 0xfc, 0x58, 0x20, 0xf,
    0xfe, 0x2f, 0x0, 0x7f, 0xf1, 0x4d, 0x80, 0x27,
    0xff, 0x40, 0x7, 0xfb, 0x40, 0x3f, 0xf8, 0xa2,
    0x0, 0x70, 0xf, 0xfe, 0x17, 0x80, 0xc, 0x3,
    0xfe, 0x87, 0xa5, 0x0, 0x58, 0x7, 0xfc, 0xf0,
    0xa0, 0x8, 0x30, 0xf, 0xf0, 0x88, 0x0, 0x96,
    0xe0,

    /* U+014B "ŋ" */
    0xbf, 0xe0, 0x3, 0xef, 0xfb, 0x64, 0x80, 0x30,
    0x96, 0xc1, 0x0, 0x9, 0xb5, 0x0, 0x36, 0x12,
    0xc4, 0xb0, 0x80, 0x28, 0x3, 0x1e, 0xd3, 0xb4,
    0xf9, 0x0, 0xb0, 0x5, 0xc4, 0x1, 0x86, 0xc0,
    0x1e, 0x1, 0x8, 0x7, 0x90, 0x0, 0x40, 0x1f,
    0xfc, 0x17, 0x0, 0xff, 0xff, 0x80, 0x7f, 0xfd,
    0x6f, 0xfc, 0x40, 0x1f, 0xfc, 0x81, 0x0, 0x38,
    0x7, 0xfa, 0xc0, 0x4, 0x1, 0xf3, 0xc5, 0x38,
    0x2, 0x80, 0x3e, 0x87, 0x50, 0x3, 0x98, 0x7,
    0xc2, 0x0, 0x3a, 0x80,

    /* U+014C "Ō" */
    0x0, 0xe3, 0x3f, 0xf0, 0x80, 0x7e, 0x1c, 0xcf,
    0xf3, 0x80, 0x7f, 0xf4, 0x7, 0xff, 0xfc, 0xc0,
    0x1f, 0xfe, 0x65, 0xae, 0xff, 0x75, 0xb0, 0x7,
    0xf8, 0xf6, 0x94, 0x40, 0x2, 0x93, 0xc8, 0x1,
    0xf2, 0xe1, 0x0, 0x11, 0xdc, 0x80, 0x1, 0xb6,
    0x0, 0xe3, 0xa0, 0x3, 0x75, 0xc4, 0x2f, 0xd8,
    0x1, 0x26, 0x1, 0xbc, 0x0, 0xd2, 0x20, 0x1d,
    0x2e, 0x0, 0xe0, 0x9, 0xc, 0xa, 0x40, 0x3f,
    0x41, 0x1, 0x20, 0x3, 0x80, 0x14, 0x1, 0xfe,
    0xb0, 0x7, 0x0, 0x1c, 0x0, 0xa0, 0x1f, 0xe7,
    0x0, 0x20, 0x0, 0x80, 0x4, 0x1, 0xfe, 0x10,
    0x0, 0x80, 0x80, 0x8, 0x3, 0xff, 0x80, 0x40,
    0x2, 0x30, 0xf, 0xfe, 0xd9, 0x80, 0x7f, 0xf1,
    0xc4, 0x0, 0x40, 0x1f, 0xfc, 0x2, 0x0, 0x10,
    0x10, 0x0, 0x80, 0x3f, 0xc2, 0x0, 0x10, 0x2,
    0x0, 0x14, 0x3, 0xfc, 0xe0, 0x4, 0x0, 0x68,
    0x2, 0x40, 0x3f, 0xd6, 0x0, 0xf0, 0x2, 0x18,
    0xc, 0x80, 0x7e, 0x72, 0x2, 0x50, 0xb, 0xc0,
    0xd, 0x42, 0x1, 0xd1, 0x0, 0x4, 0x80, 0x63,
    0xa0, 0x2, 0xf5, 0xc4, 0x2b, 0xdc, 0x1, 0x28,
    0x1, 0xcb, 0x84, 0x0, 0x47, 0x72, 0x80, 0x6,
    0xd8, 0x3, 0xe3, 0xda, 0x51, 0x0, 0xa, 0x4f,
    0x20, 0x6,

    /* U+014D "ō" */
    0x0, 0x17, 0xff, 0xf9, 0x40, 0x3f, 0xf9, 0x5,
    0x99, 0xfe, 0x40, 0xe, 0x33, 0xff, 0x8, 0x7,
    0xff, 0x28, 0xa7, 0x7f, 0xdd, 0x48, 0x1, 0xf4,
    0x6b, 0x10, 0x0, 0x56, 0xec, 0x20, 0x1a, 0x5c,
    0x0, 0xb3, 0x4e, 0x20, 0x9a, 0x1, 0x23, 0x0,
    0xe5, 0x32, 0xc7, 0x98, 0x1c, 0x0, 0x20, 0x1,
    0x46, 0x1, 0x87, 0x40, 0xe, 0x24, 0x60, 0x48,
    0x1, 0xe1, 0x60, 0x3, 0xa0, 0x1, 0x40, 0x3f,
    0x68, 0x3, 0x38, 0x1, 0xa0, 0x1f, 0x98, 0x0,
    0xc2, 0x1, 0xff, 0x18, 0x0, 0x44, 0x1, 0xff,
    0xc2, 0x1e, 0x0, 0x68, 0x7, 0xe5, 0x0, 0x32,
    0x0, 0x10, 0x3, 0xf6, 0x80, 0x34, 0x88, 0x6,
    0x80, 0x1e, 0x16, 0x0, 0x30, 0x48, 0x2, 0x8c,
    0x3, 0xe, 0x80, 0x18, 0x41, 0x18, 0x7, 0x29,
    0x96, 0x3c, 0xc0, 0xe4, 0x2, 0x97, 0x0, 0x2c,
    0xd3, 0x88, 0x26, 0x80, 0x74, 0x6b, 0x10, 0x0,
    0x56, 0xec, 0x20, 0x0,

    /* U+014E "Ŏ" */
    0x0, 0xe9, 0xfc, 0x0, 0xd7, 0xf4, 0x1, 0xfe,
    0xc0, 0x35, 0x0, 0x1a, 0x6, 0x0, 0x7f, 0x95,
    0x2, 0xbb, 0x70, 0xd, 0x80, 0x3f, 0xeb, 0x82,
    0x12, 0x24, 0x60, 0x7, 0xff, 0x5, 0xf7, 0xfd,
    0xae, 0x1, 0xff, 0xd5, 0x5a, 0xef, 0xf7, 0x5b,
    0x0, 0x7f, 0x8f, 0x69, 0x44, 0x0, 0x29, 0x3c,
    0x80, 0x1f, 0x2e, 0x10, 0x1, 0x1d, 0xc8, 0x0,
    0x1b, 0x60, 0xe, 0x3a, 0x0, 0x37, 0x5c, 0x42,
    0xfd, 0x80, 0x12, 0x60, 0x1b, 0xc0, 0xd, 0x22,
    0x1, 0xd2, 0xe0, 0xe, 0x0, 0x90, 0xc0, 0xa4,
    0x3, 0xf4, 0x10, 0x12, 0x0, 0x38, 0x1, 0x40,
    0x1f, 0xeb, 0x0, 0x70, 0x1, 0xc0, 0xa, 0x1,
    0xfe, 0x70, 0x2, 0x0, 0x8, 0x0, 0x40, 0x1f,
    0xe1, 0x0, 0x8, 0x8, 0x0, 0x80, 0x3f, 0xf8,
    0x4, 0x0, 0x23, 0x0, 0xff, 0xed, 0x98, 0x7,
    0xff, 0x1c, 0x40, 0x4, 0x1, 0xff, 0xc0, 0x20,
    0x1, 0x1, 0x0, 0x8, 0x3, 0xfc, 0x20, 0x1,
    0x0, 0x20, 0x1, 0x40, 0x3f, 0xce, 0x0, 0x40,
    0x6, 0x80, 0x24, 0x3, 0xfd, 0x60, 0xf, 0x0,
    0x21, 0x80, 0xc8, 0x7, 0xe7, 0x20, 0x25, 0x0,
    0xbc, 0x0, 0xd4, 0x20, 0x1d, 0x10, 0x0, 0x48,
    0x6, 0x3a, 0x0, 0x2f, 0x5c, 0x42, 0xbd, 0xc0,
    0x12, 0x80, 0x1c, 0xb8, 0x40, 0x4, 0x77, 0x28,
    0x0, 0x6d, 0x80, 0x3e, 0x3d, 0xa5, 0x10, 0x0,
    0xa4, 0xf2, 0x0, 0x60,

    /* U+014F "ŏ" */
    0x0, 0xab, 0xec, 0x3, 0x67, 0xc8, 0x7, 0xbc,
    0x11, 0x80, 0xc, 0x61, 0x80, 0x1e, 0x55, 0x4,
    0xff, 0xa4, 0x15, 0x40, 0x1f, 0x55, 0x14, 0xcc,
    0xb7, 0x40, 0x1f, 0xcb, 0x59, 0x8a, 0x40, 0xf,
    0xfe, 0x69, 0x4e, 0xff, 0xba, 0x90, 0x3, 0xe8,
    0xd6, 0x20, 0x0, 0xad, 0xd8, 0x40, 0x34, 0xb8,
    0x1, 0x66, 0x9c, 0x41, 0x34, 0x2, 0x46, 0x1,
    0xca, 0x65, 0x8f, 0x30, 0x38, 0x0, 0x40, 0x2,
    0x8c, 0x3, 0xe, 0x80, 0x1c, 0x48, 0xc0, 0x90,
    0x3, 0xc2, 0xc0, 0x7, 0x40, 0x2, 0x80, 0x7e,
    0xd0, 0x6, 0x70, 0x3, 0x40, 0x3f, 0x30, 0x1,
    0x84, 0x3, 0xfe, 0x30, 0x0, 0x88, 0x3, 0xff,
    0x84, 0x3c, 0x0, 0xd0, 0xf, 0xca, 0x0, 0x64,
    0x0, 0x20, 0x7, 0xed, 0x0, 0x69, 0x10, 0xd,
    0x0, 0x3c, 0x2c, 0x0, 0x60, 0x90, 0x5, 0x18,
    0x6, 0x1d, 0x0, 0x30, 0x82, 0x30, 0xe, 0x53,
    0x2c, 0x79, 0x81, 0xc8, 0x5, 0x2e, 0x0, 0x59,
    0xa7, 0x10, 0x4d, 0x0, 0xe8, 0xd6, 0x20, 0x0,
    0xad, 0xd8, 0x40, 0x0,

    /* U+0150 "Ő" */
    0x0, 0xfc, 0x97, 0x67, 0x1, 0xab, 0xa1, 0x0,
    0xff, 0x4a, 0x2b, 0x6, 0xaa, 0x78, 0x80, 0x7f,
    0x31, 0x5, 0x8c, 0x18, 0x4a, 0x80, 0x7f, 0xc,
    0x3, 0x2a, 0x9c, 0x1d, 0x80, 0x3f, 0xd2, 0x25,
    0x25, 0x40, 0xd0, 0x1, 0xff, 0x47, 0xe8, 0x17,
    0xfa, 0x40, 0x3f, 0xfa, 0x8b, 0x5d, 0xfe, 0xeb,
    0x60, 0xf, 0xf1, 0xed, 0x28, 0x80, 0x5, 0x27,
    0x90, 0x3, 0xe5, 0xc2, 0x0, 0x23, 0xb9, 0x0,
    0x3, 0x6c, 0x1, 0xc7, 0x40, 0x6, 0xeb, 0x88,
    0x5f, 0xb0, 0x2, 0x4c, 0x3, 0x78, 0x1, 0xa4,
    0x40, 0x3a, 0x5c, 0x1, 0xc0, 0x12, 0x18, 0x14,
    0x80, 0x7e, 0x82, 0x2, 0x40, 0x7, 0x0, 0x28,
    0x3, 0xfd, 0x60, 0xe, 0x0, 0x38, 0x1, 0x40,
    0x3f, 0xce, 0x0, 0x40, 0x1, 0x0, 0x8, 0x3,
    0xfc, 0x20, 0x1, 0x1, 0x0, 0x10, 0x7, 0xff,
    0x0, 0x80, 0x4, 0x60, 0x1f, 0xfd, 0xb3, 0x0,
    0xff, 0xe3, 0x88, 0x0, 0x80, 0x3f, 0xf8, 0x4,
    0x0, 0x20, 0x20, 0x1, 0x0, 0x7f, 0x84, 0x0,
    0x20, 0x4, 0x0, 0x28, 0x7, 0xf9, 0xc0, 0x8,
    0x0, 0xd0, 0x4, 0x80, 0x7f, 0xac, 0x1, 0xe0,
    0x4, 0x30, 0x19, 0x0, 0xfc, 0xe4, 0x4, 0xa0,
    0x17, 0x80, 0x1a, 0x84, 0x3, 0xa2, 0x0, 0x9,
    0x0, 0xc7, 0x40, 0x5, 0xeb, 0x88, 0x57, 0xb8,
    0x2, 0x50, 0x3, 0x97, 0x8, 0x0, 0x8e, 0xe5,
    0x0, 0xd, 0xb0, 0x7, 0xc7, 0xb4, 0xa2, 0x0,
    0x14, 0x9e, 0x40, 0xc,

    /* U+0151 "ő" */
    0x0, 0xf4, 0x7f, 0x9c, 0x17, 0xfd, 0x80, 0x1e,
    0x27, 0x4, 0x72, 0xa0, 0x2d, 0x0, 0xf4, 0x0,
    0xd0, 0x78, 0xf, 0x88, 0x7, 0x1a, 0x85, 0xd,
    0x10, 0x69, 0x0, 0x79, 0x16, 0x10, 0x81, 0x6c,
    0xc0, 0x3e, 0x7a, 0x70, 0x2a, 0xa2, 0x0, 0x7e,
    0x29, 0xdf, 0xf7, 0x52, 0x0, 0x7d, 0x1a, 0xc4,
    0x0, 0x15, 0xbb, 0x8, 0x6, 0x97, 0x0, 0x2c,
    0xd3, 0x88, 0x26, 0x80, 0x48, 0xc0, 0x39, 0x4c,
    0xb1, 0xe6, 0x7, 0x0, 0x8, 0x0, 0x51, 0x80,
    0x61, 0xd0, 0x3, 0x89, 0x18, 0x12, 0x0, 0x78,
    0x58, 0x0, 0xe8, 0x0, 0x50, 0xf, 0xda, 0x0,
    0xce, 0x0, 0x68, 0x7, 0xe6, 0x0, 0x30, 0x80,
    0x7f, 0xc6, 0x0, 0x11, 0x0, 0x7f, 0xf0, 0x87,
    0x80, 0x1a, 0x1, 0xf9, 0x40, 0xc, 0x80, 0x4,
    0x0, 0xfd, 0xa0, 0xd, 0x22, 0x1, 0xa0, 0x7,
    0x85, 0x80, 0xc, 0x12, 0x0, 0xa3, 0x0, 0xc3,
    0xa0, 0x6, 0x10, 0x46, 0x1, 0xca, 0x65, 0x8f,
    0x30, 0x39, 0x0, 0xa5, 0xc0, 0xb, 0x34, 0xe2,
    0x9, 0xa0, 0x1d, 0x1a, 0xc4, 0x0, 0x15, 0xbb,
    0x8, 0x0,

    /* U+0152 "Œ" */
    0x0, 0xe3, 0x9d, 0xff, 0xff, 0xe3, 0x80, 0x61,
    0xbc, 0x62, 0x0, 0xff, 0xe5, 0xe, 0x20, 0xb,
    0x4d, 0x54, 0xc0, 0x2, 0x99, 0xff, 0x80, 0x2d,
    0x20, 0x6e, 0x96, 0x55, 0xb0, 0x0, 0xcd, 0xff,
    0xc0, 0x0, 0x31, 0x82, 0x48, 0x7, 0xff, 0x2e,
    0xc0, 0x12, 0x1, 0xff, 0xcb, 0x12, 0x3, 0x20,
    0xf, 0xfe, 0x5a, 0x80, 0x14, 0x3, 0xff, 0x98,
    0x20, 0x1, 0x0, 0xff, 0xed, 0xa7, 0xff, 0xf4,
    0x0, 0x7f, 0xf8, 0x4a, 0x67, 0xfa, 0xc0, 0x3f,
    0xf8, 0xac, 0xdf, 0xe3, 0x0, 0xff, 0xe9, 0x8,
    0x0, 0x40, 0x3f, 0xf9, 0x8a, 0x0, 0x50, 0xf,
    0xfe, 0x60, 0x90, 0x19, 0x0, 0x7f, 0xf3, 0x2c,
    0x1, 0x20, 0x1f, 0xfc, 0xc6, 0x30, 0x4a, 0x0,
    0xff, 0xe6, 0x69, 0x2, 0xf4, 0xb2, 0xad, 0x80,
    0x6, 0x6f, 0xfe, 0x0, 0x4, 0x38, 0x80, 0x2d,
    0x35, 0x53, 0x0, 0xa, 0x67, 0xfe, 0x20, 0x8,
    0x6f, 0x18, 0x80, 0x3f, 0xf9, 0x0,

    /* U+0153 "œ" */
    0x0, 0xc5, 0x3b, 0xfe, 0xea, 0x30, 0xe, 0x7c,
    0xff, 0x75, 0x20, 0x7, 0xa3, 0x58, 0x80, 0x2,
    0xb9, 0x40, 0x3, 0xd8, 0x30, 0x0, 0xad, 0xd8,
    0x3, 0x43, 0x80, 0x1a, 0x64, 0xc0, 0x5, 0xb2,
    0xc2, 0x4, 0x9a, 0x71, 0x4, 0xa0, 0x2, 0x38,
    0xe, 0xcb, 0x32, 0x78, 0x81, 0x34, 0x1, 0x16,
    0xcb, 0x1e, 0x40, 0xa8, 0x10, 0x0, 0xb2, 0x0,
    0xc3, 0xc0, 0x19, 0x1c, 0x3, 0xc, 0x80, 0x38,
    0x4c, 0x9, 0x40, 0x3c, 0x68, 0x1, 0x40, 0x7,
    0x90, 0x0, 0xe8, 0x0, 0x40, 0xf, 0xd8, 0x1,
    0x32, 0xaf, 0xc2, 0x4, 0x40, 0x7, 0x0, 0x7e,
    0x30, 0xa, 0xab, 0xf0, 0x80, 0x70, 0x80, 0x7f,
    0xf3, 0x84, 0x3, 0xfe, 0x2f, 0xff, 0xf8, 0x80,
    0x1c, 0x1, 0xf8, 0xc0, 0x4, 0x1, 0xff, 0x20,
    0x1, 0xc0, 0x3f, 0x60, 0x4, 0x60, 0x1f, 0xe1,
    0x30, 0x15, 0x0, 0xf1, 0xa0, 0x5, 0x0, 0x1f,
    0xf4, 0x0, 0x2c, 0xc0, 0x30, 0xf0, 0x6, 0x48,
    0x0, 0xf3, 0x50, 0x1, 0x1c, 0x7, 0x25, 0x96,
    0x78, 0x81, 0x30, 0x0, 0xf8, 0xea, 0xd1, 0xb2,
    0xa8, 0x0, 0x87, 0x0, 0x34, 0xd3, 0x0, 0x16,
    0xcf, 0x4, 0xe, 0x2a, 0x5c, 0x81, 0x14, 0x2,
    0x8d, 0x62, 0x0, 0xa, 0xe5, 0x0, 0xf, 0xa4,
    0xc4, 0x0, 0x4d, 0x96, 0x20,

    /* U+0154 "Ŕ" */
    0x0, 0xfc, 0x31, 0x10, 0x80, 0x7f, 0xf0, 0x69,
    0xdc, 0x2, 0x1, 0xff, 0xc0, 0x64, 0x6, 0x80,
    0xf, 0xfe, 0x0, 0xc8, 0x2c, 0x80, 0x7f, 0xf0,
    0x68, 0x12, 0x80, 0x3f, 0xf8, 0x57, 0xf6, 0x1,
    0xff, 0xcf, 0x5f, 0xff, 0xdd, 0x92, 0x60, 0x1f,
    0xfc, 0x21, 0x36, 0xcb, 0x10, 0xf, 0x1c, 0xce,
    0x87, 0x30, 0x2, 0x60, 0x7, 0x99, 0xb9, 0xe3,
    0x30, 0x20, 0x4e, 0x1, 0xff, 0xc1, 0x3b, 0x0,
    0x50, 0x7, 0xff, 0x9, 0x40, 0x4, 0x20, 0x1f,
    0xfc, 0x21, 0x0, 0x18, 0x7, 0xff, 0x8, 0x40,
    0x6, 0x1, 0xff, 0xc1, 0x60, 0x1, 0x8, 0x7,
    0xff, 0x1, 0x24, 0x1, 0x60, 0x1c, 0xcd, 0xe8,
    0xcb, 0x0, 0x2b, 0x0, 0x71, 0xcc, 0xf3, 0x98,
    0x1, 0xe8, 0x3, 0xff, 0x87, 0xb0, 0x1, 0xf2,
    0xff, 0xf2, 0x0, 0x10, 0x3, 0xff, 0x85, 0x0,
    0x8, 0x0, 0xff, 0xe1, 0x1a, 0x80, 0xc0, 0x7,
    0xff, 0xa, 0xc0, 0xe, 0x40, 0x1f, 0xfc, 0x11,
    0x70, 0x4, 0x0, 0x7f, 0xf0, 0xa0, 0x41, 0x4c,
    0x3, 0xff, 0x85, 0x0, 0xf, 0x0, 0xff, 0xe1,
    0x31, 0x1, 0xa8, 0x7, 0xff, 0xa, 0x0, 0x10,
    0x0,

    /* U+0155 "ŕ" */
    0x0, 0xe9, 0xff, 0x58, 0x7, 0x2b, 0x2, 0x58,
    0x6, 0x1b, 0x4, 0xb0, 0xe, 0xd1, 0x5b, 0x0,
    0xf6, 0xf5, 0x0, 0x7c, 0x22, 0x0, 0xec, 0xff,
    0x2, 0x5f, 0xf9, 0x40, 0x33, 0xda, 0x0, 0x7d,
    0x0, 0x3, 0x30, 0x80, 0x74, 0x7e, 0x61, 0x0,
    0x34, 0x38, 0x7, 0xe5, 0x0, 0xfe, 0x30, 0xf,
    0xff, 0xf8, 0x7, 0xff, 0x4c,

    /* U+0156 "Ŗ" */
    0x5f, 0xff, 0xdd, 0x92, 0x60, 0x1f, 0xfc, 0x21,
    0x36, 0xcb, 0x10, 0xf, 0x1c, 0xce, 0x87, 0x30,
    0x2, 0x60, 0x7, 0x99, 0xb9, 0xe3, 0x30, 0x20,
    0x4e, 0x1, 0xff, 0xc1, 0x3b, 0x0, 0x50, 0x7,
    0xff, 0x9, 0x40, 0x4, 0x20, 0x1f, 0xfc, 0x21,
    0x0, 0x18, 0x7, 0xff, 0x8, 0x40, 0x6, 0x1,
    0xff, 0xc1, 0x60, 0x1, 0x8, 0x7, 0xff, 0x1,
    0x24, 0x1, 0x60, 0x1c, 0xcd, 0xe8, 0xcb, 0x0,
    0x2b, 0x0, 0x71, 0xcc, 0xf3, 0x98, 0x1, 0xe8,
    0x3, 0xff, 0x87, 0xb0, 0x1, 0xf2, 0xff, 0xf2,
    0x0, 0x10, 0x3, 0xff, 0x85, 0x0, 0x8, 0x0,
    0xff, 0xe1, 0x1a, 0x80, 0xc0, 0x7, 0xff, 0xa,
    0xc0, 0xe, 0x40, 0x1f, 0xfc, 0x11, 0x70, 0x4,
    0x0, 0x7f, 0xf0, 0xa0, 0x41, 0x4c, 0x3, 0xff,
    0x85, 0x0, 0xf, 0x0, 0xff, 0xe1, 0x31, 0x1,
    0xa8, 0x7, 0xff, 0xa, 0x0, 0x10, 0xb, 0xfe,
    0xa0, 0xf, 0xe5, 0xff, 0x68, 0x7, 0xcd, 0xe,
    0x1, 0xff, 0xc3, 0xb7, 0x90, 0xf, 0xfe, 0x19,
    0x81, 0x80, 0x7f, 0xf0, 0x84, 0x40, 0xe0, 0x1f,
    0xfc, 0x27, 0x0, 0x70, 0x7, 0xff, 0xa, 0x81,
    0x10, 0x1, 0xff, 0xc2, 0xc8, 0xb0, 0xf, 0xf0,

    /* U+0157 "ŗ" */
    0xc, 0xff, 0x2, 0x5f, 0xf9, 0x40, 0x33, 0xda,
    0x0, 0x7d, 0x0, 0x3, 0x30, 0x80, 0x74, 0x7e,
    0x61, 0x0, 0x34, 0x38, 0x7, 0xe5, 0x0, 0xfe,
    0x30, 0xf, 0xff, 0xf8, 0x7, 0xff, 0x4f, 0x3f,
    0xc2, 0x1, 0xe4, 0x88, 0x8, 0x7, 0xb1, 0xdc,
    0x40, 0x1e, 0x10, 0x0, 0x80, 0x79, 0x40, 0x48,
    0x3, 0x88, 0xc1, 0x80, 0x3c, 0xa0, 0x32, 0x1,
    0xe7, 0x9d, 0x10, 0xf, 0x0,

    /* U+0158 "Ř" */
    0x0, 0x9e, 0xc, 0x2, 0x28, 0x81, 0x0, 0x7e,
    0x17, 0xd2, 0x1, 0xc7, 0x12, 0x0, 0xfc, 0xce,
    0x3e, 0x58, 0x2b, 0x20, 0x1f, 0xe8, 0x52, 0xd2,
    0x4a, 0x0, 0xff, 0xe0, 0x51, 0x81, 0xd8, 0x7,
    0xff, 0xb, 0x3f, 0x0, 0x3f, 0xf9, 0xeb, 0xff,
    0xfb, 0xb2, 0x4c, 0x3, 0xff, 0x84, 0x26, 0xd9,
    0x62, 0x1, 0xe3, 0x99, 0xd0, 0xe6, 0x0, 0x4c,
    0x0, 0xf3, 0x37, 0x3c, 0x66, 0x4, 0x9, 0xc0,
    0x3f, 0xf8, 0x27, 0x60, 0xa, 0x0, 0xff, 0xe1,
    0x28, 0x0, 0x84, 0x3, 0xff, 0x84, 0x20, 0x3,
    0x0, 0xff, 0xe1, 0x8, 0x0, 0xc0, 0x3f, 0xf8,
    0x2c, 0x0, 0x21, 0x0, 0xff, 0xe0, 0x24, 0x80,
    0x2c, 0x3, 0x99, 0xbd, 0x19, 0x60, 0x5, 0x60,
    0xe, 0x39, 0x9e, 0x73, 0x0, 0x3d, 0x0, 0x7f,
    0xf0, 0xf6, 0x0, 0x3e, 0x5f, 0xfe, 0x40, 0x2,
    0x0, 0x7f, 0xf0, 0xa0, 0x1, 0x0, 0x1f, 0xfc,
    0x23, 0x50, 0x18, 0x0, 0xff, 0xe1, 0x58, 0x1,
    0xc8, 0x3, 0xff, 0x82, 0x2e, 0x0, 0x80, 0xf,
    0xfe, 0x14, 0x8, 0x29, 0x80, 0x7f, 0xf0, 0xa0,
    0x1, 0xe0, 0x1f, 0xfc, 0x26, 0x20, 0x35, 0x0,
    0xff, 0xe1, 0x40, 0x2, 0x0,

    /* U+0159 "ř" */
    0x1d, 0xf8, 0x0, 0xaf, 0xf0, 0x7, 0x9, 0xe0,
    0x2d, 0x11, 0x80, 0x1, 0xc2, 0x7d, 0x44, 0x58,
    0x6, 0x1c, 0x22, 0x2d, 0x80, 0x78, 0x77, 0xe8,
    0x3, 0xff, 0x89, 0x9f, 0xe0, 0x4b, 0xff, 0x28,
    0x7, 0x3d, 0xa0, 0x7, 0xe8, 0x0, 0x19, 0x84,
    0x3, 0xd1, 0xf9, 0x84, 0x0, 0xe8, 0x70, 0xf,
    0xe5, 0x0, 0xff, 0x18, 0x7, 0xff, 0xfc, 0x3,
    0xff, 0xba,

    /* U+015A "Ś" */
    0x0, 0xfe, 0x3f, 0xf8, 0xc0, 0x3f, 0xf8, 0x1c,
    0x0, 0xb3, 0x0, 0xff, 0xa0, 0x82, 0x90, 0x3,
    0xfe, 0x37, 0x9, 0x50, 0xf, 0xfe, 0x3, 0x3d,
    0x30, 0x7, 0xff, 0x5, 0x61, 0x40, 0x3f, 0xfa,
    0x5, 0x19, 0xdf, 0xed, 0xa5, 0x0, 0xfa, 0x75,
    0xcc, 0x40, 0x4, 0xb5, 0x84, 0x1, 0xb1, 0x80,
    0x6, 0xf1, 0x5, 0x10, 0x3d, 0x30, 0x3, 0x98,
    0xe, 0x62, 0x1d, 0xd5, 0xca, 0x0, 0xe0, 0x5,
    0x0, 0x2c, 0xc0, 0x3d, 0x46, 0x4, 0xa0, 0x40,
    0x5, 0x0, 0xfd, 0x40, 0xf, 0x0, 0xc2, 0x1,
    0xf9, 0x1d, 0xd8, 0x8, 0x0, 0x80, 0xf, 0xc5,
    0x10, 0x60, 0x80, 0x3, 0x59, 0x80, 0x7f, 0xc7,
    0x60, 0x4, 0xcc, 0x39, 0x80, 0x7f, 0x27, 0x28,
    0x0, 0xe3, 0x3a, 0x4c, 0x3, 0xe1, 0xae, 0x82,
    0x0, 0xb, 0x65, 0x90, 0x7, 0xc2, 0xfb, 0xd2,
    0x80, 0x4, 0xd4, 0x0, 0xfe, 0x16, 0xbd, 0x40,
    0x5, 0x8, 0x7, 0xfc, 0x56, 0x80, 0x32, 0xd3,
    0x22, 0x0, 0xfe, 0xe0, 0x1, 0xe3, 0x31, 0x0,
    0x3f, 0x84, 0x0, 0xfe, 0x0, 0xb0, 0xf, 0xec,
    0x0, 0x32, 0x90, 0x16, 0x10, 0x7, 0x95, 0xc0,
    0x1c, 0x1e, 0x20, 0x7b, 0x70, 0xee, 0x9d, 0xa0,
    0x2, 0xa0, 0x17, 0xa8, 0x1, 0x1e, 0x20, 0xc4,
    0x0, 0x7a, 0x0, 0x86, 0xb6, 0xc, 0x40, 0x2,
    0x91, 0xd0, 0x0,

    /* U+015B "ś" */
    0x0, 0xfc, 0x5f, 0xf1, 0x80, 0x7f, 0x78, 0x3,
    0xc, 0x3, 0xf5, 0x10, 0xe1, 0x80, 0x7e, 0x65,
    0x1c, 0x30, 0xf, 0xe6, 0xee, 0x10, 0x7, 0xfc,
    0x20, 0x1f, 0xc3, 0x1b, 0xfe, 0xeb, 0x50, 0xe,
    0x5e, 0x72, 0x0, 0xa, 0x55, 0x80, 0x47, 0x40,
    0x5, 0x9a, 0x70, 0x2, 0x58, 0x2, 0x0, 0x13,
    0x4c, 0xb1, 0xa2, 0x8, 0x80, 0x50, 0x3, 0x0,
    0x62, 0x80, 0x6, 0x81, 0x80, 0x8, 0x3, 0x90,
    0x44, 0x60, 0xa0, 0xc, 0x61, 0x0, 0x8b, 0xb9,
    0x41, 0x8, 0x3, 0x3d, 0xb2, 0x80, 0x1e, 0xba,
    0x30, 0x1, 0x35, 0xf4, 0x0, 0x72, 0xe7, 0x53,
    0x18, 0xb, 0xe8, 0x80, 0x70, 0xac, 0xe6, 0x98,
    0x14, 0x9, 0x10, 0x3, 0xc5, 0xa0, 0x7, 0x6d,
    0xd4, 0x0, 0x78, 0x40, 0x25, 0x0, 0x31, 0x0,
    0x73, 0x0, 0x14, 0x98, 0x7, 0x69, 0x95, 0xae,
    0x40, 0x10, 0x12, 0xc0, 0x5, 0x9a, 0x94, 0x0,
    0x51, 0x80, 0x27, 0x18, 0x80, 0x23, 0x8e, 0x50,

    /* U+015C "Ŝ" */
    0x0, 0xfa, 0x7f, 0x84, 0x3, 0xff, 0x80, 0xec,
    0x3, 0x80, 0x1f, 0xf2, 0xc0, 0x62, 0x15, 0x80,
    0x7f, 0x25, 0x5, 0x9d, 0x9a, 0x48, 0x7, 0xe3,
    0x7b, 0x40, 0x6, 0xc0, 0x90, 0x7, 0xcf, 0x8,
    0x1, 0xb, 0xc1, 0x0, 0x7f, 0xf3, 0xa, 0x33,
    0xbf, 0xdb, 0x4a, 0x1, 0xf4, 0xeb, 0x98, 0x80,
    0x9, 0x6b, 0x8, 0x3, 0x63, 0x0, 0xd, 0xe2,
    0xa, 0x20, 0x7a, 0x60, 0x7, 0x30, 0x1c, 0xc4,
    0x3b, 0xab, 0x94, 0x1, 0xc0, 0xa, 0x0, 0x59,
    0x80, 0x7a, 0x8c, 0x9, 0x40, 0x80, 0xa, 0x1,
    0xfa, 0x80, 0x1e, 0x1, 0x84, 0x3, 0xf2, 0x3b,
    0xb0, 0x10, 0x1, 0x0, 0x1f, 0x8a, 0x20, 0xc1,
    0x0, 0x6, 0xb3, 0x0, 0xff, 0x8e, 0xc0, 0x9,
    0x98, 0x73, 0x0, 0xfe, 0x4e, 0x50, 0x1, 0xc6,
    0x74, 0x98, 0x7, 0xc3, 0x5d, 0x4, 0x0, 0x16,
    0xcb, 0x20, 0xf, 0x85, 0xf7, 0xa5, 0x0, 0x9,
    0xa8, 0x1, 0xfc, 0x2d, 0x7a, 0x80, 0xa, 0x10,
    0xf, 0xf8, 0xad, 0x0, 0x65, 0xa6, 0x44, 0x1,
    0xfd, 0xc0, 0x3, 0xc6, 0x62, 0x0, 0x7f, 0x8,
    0x1, 0xfc, 0x1, 0x60, 0x1f, 0xd8, 0x0, 0x65,
    0x20, 0x2c, 0x20, 0xf, 0x2b, 0x80, 0x38, 0x3c,
    0x40, 0xf6, 0xe1, 0xdd, 0x3b, 0x40, 0x5, 0x40,
    0x2f, 0x50, 0x2, 0x3c, 0x41, 0x88, 0x0, 0xf4,
    0x1, 0xd, 0x6c, 0x18, 0x80, 0x5, 0x23, 0xa0,
    0x0,

    /* U+015D "ŝ" */
    0x0, 0xf4, 0xff, 0x8c, 0x3, 0xfa, 0x98, 0x83,
    0xc, 0x3, 0xea, 0x53, 0xdb, 0xc, 0x30, 0xe,
    0x87, 0x4c, 0x4, 0xb2, 0xf2, 0x0, 0xd1, 0xb6,
    0x1, 0x26, 0xe1, 0x0, 0x7f, 0xf1, 0x86, 0x37,
    0xfd, 0xd6, 0xc0, 0x1c, 0xbc, 0xe4, 0x0, 0x14,
    0x9d, 0x20, 0x1, 0xd0, 0x1, 0x66, 0xa0, 0x40,
    0xb0, 0x1, 0x0, 0x9, 0xa6, 0x57, 0xe3, 0x1,
    0x70, 0x50, 0x3, 0x0, 0x77, 0x80, 0x30, 0xc,
    0x0, 0x40, 0x1c, 0x7b, 0xaa, 0x5, 0x0, 0x63,
    0x8, 0x6, 0x22, 0x8, 0x42, 0x0, 0xcf, 0x6c,
    0xa0, 0x7, 0xae, 0x8c, 0x0, 0x4d, 0x7d, 0x0,
    0x1c, 0xb9, 0xd4, 0xc6, 0x2, 0xfa, 0x20, 0x1c,
    0x2b, 0x39, 0xa6, 0x5, 0x6, 0xcc, 0x20, 0xe,
    0x2d, 0x0, 0x3a, 0xcc, 0xac, 0x3, 0xc2, 0x1,
    0x38, 0x1, 0x8c, 0x3, 0x98, 0x0, 0xa3, 0x0,
    0xc, 0xa6, 0x56, 0xb9, 0x0, 0x40, 0x3c, 0x0,
    0x16, 0x6a, 0x50, 0x1, 0x46, 0x0, 0x7d, 0x72,
    0x0, 0x8e, 0x39, 0x40,

    /* U+015E "Ş" */
    0x0, 0xc5, 0x19, 0xdf, 0xed, 0xa5, 0x0, 0xfa,
    0x75, 0xcc, 0x40, 0x4, 0xb5, 0x84, 0x1, 0xb1,
    0x80, 0x6, 0xf1, 0x5, 0x10, 0x3d, 0x30, 0x3,
    0x98, 0xe, 0x62, 0x1d, 0xd5, 0xca, 0x0, 0xe0,
    0x5, 0x0, 0x2c, 0xc0, 0x3d, 0x46, 0x4, 0xa0,
    0x40, 0x5, 0x0, 0xfd, 0x40, 0xf, 0x0, 0xc2,
    0x1, 0xf9, 0x1d, 0xd8, 0x8, 0x0, 0x80, 0xf,
    0xc5, 0x10, 0x60, 0x80, 0x3, 0x59, 0x80, 0x7f,
    0xc7, 0x60, 0x4, 0xcc, 0x39, 0x80, 0x7f, 0x27,
    0x28, 0x0, 0xe3, 0x3a, 0x4c, 0x3, 0xe1, 0xae,
    0x82, 0x0, 0xb, 0x65, 0x90, 0x7, 0xc2, 0xfb,
    0xd2, 0x80, 0x4, 0xd4, 0x0, 0xfe, 0x16, 0xbd,
    0x40, 0x5, 0x8, 0x7, 0xfc, 0x56, 0x80, 0x32,
    0xd3, 0x22, 0x0, 0xfe, 0xe0, 0x1, 0xe3, 0x31,
    0x0, 0x3f, 0x84, 0x0, 0xfe, 0x0, 0xb0, 0xf,
    0xec, 0x0, 0x32, 0x90, 0x16, 0x10, 0x7, 0x95,
    0xc0, 0x1c, 0x1e, 0x20, 0x7b, 0x70, 0xee, 0x9d,
    0xa0, 0x2, 0xa0, 0x17, 0xa8, 0x1, 0x1e, 0x20,
    0xc4, 0x0, 0x7a, 0x0, 0x86, 0xb6, 0xc, 0x40,
    0x2, 0x91, 0xd0, 0x1, 0xe2, 0x7c, 0xb0, 0x1a,
    0xb7, 0x10, 0xf, 0xf8, 0xc6, 0xe8, 0x3, 0xff,
    0x80, 0xb9, 0x60, 0xa2, 0x1, 0xff, 0xc1, 0x10,
    0xf, 0xfe, 0x13, 0xe5, 0x2, 0x88, 0x7, 0xfd,
    0xa6, 0x69, 0xa0, 0xe,

    /* U+015F "ş" */
    0x0, 0x86, 0x37, 0xfd, 0xd6, 0xc0, 0x1c, 0xbc,
    0xe4, 0x0, 0x14, 0x9d, 0x20, 0x1, 0xd0, 0x1,
    0x66, 0xa0, 0x40, 0xb0, 0x1, 0x0, 0x9, 0xa6,
    0x57, 0xe3, 0x1, 0x70, 0x50, 0x3, 0x0, 0x77,
    0x80, 0x30, 0xc, 0x0, 0x40, 0x1c, 0x7b, 0xaa,
    0x5, 0x0, 0x63, 0x8, 0x6, 0x22, 0x8, 0x42,
    0x0, 0xcf, 0x6c, 0xa0, 0x7, 0xae, 0x8c, 0x0,
    0x4d, 0x7d, 0x0, 0x1c, 0xb9, 0xd4, 0xc6, 0x2,
    0xfa, 0x20, 0x1c, 0x2b, 0x39, 0xa6, 0x5, 0x6,
    0xcc, 0x20, 0xe, 0x2d, 0x0, 0x3a, 0xcc, 0xac,
    0x3, 0xc2, 0x1, 0x38, 0x1, 0x8c, 0x3, 0x98,
    0x0, 0xa3, 0x0, 0xc, 0xa6, 0x56, 0xb9, 0x0,
    0x40, 0x3c, 0x0, 0x16, 0x6a, 0x50, 0x1, 0x46,
    0x0, 0x7d, 0x72, 0x0, 0x8e, 0x39, 0x40, 0x31,
    0x46, 0xd0, 0x17, 0x38, 0x80, 0x7e, 0x32, 0x26,
    0xc0, 0x7, 0xf3, 0x6d, 0x3, 0x80, 0x7f, 0xf2,
    0xdf, 0x28, 0x18, 0x3, 0xfb, 0x48, 0xe6, 0x40,
    0x10,

    /* U+0160 "Š" */
    0x0, 0xd5, 0xf8, 0x1, 0x37, 0xf9, 0x0, 0x3e,
    0xa3, 0x35, 0x2, 0x48, 0x52, 0x0, 0x7e, 0xd2,
    0x5a, 0xb0, 0x95, 0x0, 0xfe, 0x1f, 0x15, 0x7,
    0x60, 0xf, 0xf8, 0xb5, 0xe6, 0x0, 0x3f, 0xf8,
    0x27, 0xc, 0x1, 0xff, 0xd0, 0x28, 0xce, 0xff,
    0x6d, 0x28, 0x7, 0xd3, 0xae, 0x62, 0x0, 0x25,
    0xac, 0x20, 0xd, 0x8c, 0x0, 0x37, 0x88, 0x28,
    0x81, 0xe9, 0x80, 0x1c, 0xc0, 0x73, 0x10, 0xee,
    0xae, 0x50, 0x7, 0x0, 0x28, 0x1, 0x66, 0x1,
    0xea, 0x30, 0x25, 0x2, 0x0, 0x28, 0x7, 0xea,
    0x0, 0x78, 0x6, 0x10, 0xf, 0xc8, 0xee, 0xc0,
    0x40, 0x4, 0x0, 0x7e, 0x28, 0x83, 0x4, 0x0,
    0x1a, 0xcc, 0x3, 0xfe, 0x3b, 0x0, 0x26, 0x61,
    0xcc, 0x3, 0xf9, 0x39, 0x40, 0x7, 0x19, 0xd2,
    0x60, 0x1f, 0xd, 0x74, 0x10, 0x0, 0x5b, 0x2c,
    0x80, 0x3e, 0x17, 0xde, 0x94, 0x0, 0x26, 0xa0,
    0x7, 0xf0, 0xb5, 0xea, 0x0, 0x28, 0x40, 0x3f,
    0xe2, 0xb4, 0x1, 0x96, 0x99, 0x10, 0x7, 0xf7,
    0x0, 0xf, 0x19, 0x88, 0x1, 0xfc, 0x20, 0x7,
    0xf0, 0x5, 0x80, 0x7f, 0x60, 0x1, 0x94, 0x80,
    0xb0, 0x80, 0x3c, 0xae, 0x0, 0xe0, 0xf1, 0x3,
    0xdb, 0x87, 0x74, 0xed, 0x0, 0x15, 0x0, 0xbd,
    0x40, 0x8, 0xf1, 0x6, 0x20, 0x3, 0xd0, 0x4,
    0x35, 0xb0, 0x62, 0x0, 0x14, 0x8e, 0x80, 0x0,

    /* U+0161 "š" */
    0x0, 0xa3, 0xf4, 0x40, 0xd, 0xfe, 0x40, 0xd,
    0xe, 0x58, 0x2d, 0x21, 0x68, 0x1, 0xd0, 0xe5,
    0xf2, 0x38, 0x80, 0x1f, 0x43, 0x88, 0xb4, 0xc0,
    0x3f, 0xa3, 0xf8, 0xc0, 0x3f, 0xf9, 0x23, 0x1b,
    0xfe, 0xeb, 0x50, 0xe, 0x5e, 0x72, 0x0, 0xa,
    0x55, 0x80, 0x47, 0x40, 0x5, 0x9a, 0x70, 0x2,
    0x58, 0x2, 0x0, 0x13, 0x4c, 0xb1, 0xa2, 0x8,
    0x80, 0x50, 0x3, 0x0, 0x62, 0x80, 0x6, 0x81,
    0x80, 0x8, 0x3, 0x90, 0x44, 0x60, 0xa0, 0xc,
    0x61, 0x0, 0x8b, 0xb9, 0x41, 0x8, 0x3, 0x3d,
    0xb2, 0x80, 0x1e, 0xba, 0x30, 0x1, 0x35, 0xf4,
    0x0, 0x72, 0xe7, 0x53, 0x18, 0xb, 0xe8, 0x80,
    0x70, 0xac, 0xe6, 0x98, 0x14, 0x9, 0x10, 0x40,
    0x38, 0xb4, 0x0, 0xed, 0xba, 0x90, 0xf, 0x8,
    0x4, 0xa0, 0x6, 0x20, 0xe, 0x60, 0x2, 0x93,
    0x0, 0xed, 0x32, 0xb5, 0xc8, 0x2, 0x2, 0x58,
    0x0, 0xb3, 0x52, 0x80, 0xa, 0x30, 0x4, 0xe3,
    0x10, 0x4, 0x71, 0xca, 0x0,

    /* U+0162 "Ţ" */
    0x3f, 0xff, 0xfe, 0x2a, 0x80, 0x7f, 0xf1, 0xca,
    0x67, 0xe0, 0xa, 0x26, 0x7c, 0xe2, 0xcd, 0xf0,
    0x80, 0x1d, 0x9b, 0xc4, 0x1, 0xff, 0xff, 0x0,
    0xff, 0xff, 0x80, 0x7f, 0xff, 0xc0, 0x3f, 0xff,
    0xe0, 0x1f, 0xfe, 0x69, 0x4, 0x0, 0xff, 0xe2,
    0x70, 0x27, 0xa8, 0x7, 0xff, 0xa, 0x7d, 0x82,
    0x0, 0x3f, 0xf8, 0x82, 0x1, 0xff, 0xc4, 0x9d,
    0x70, 0xa0, 0xf, 0xfe, 0x12, 0x1a, 0x53, 0x80,
    0x78,

    /* U+0163 "ţ" */
    0x0, 0x9a, 0x20, 0x20, 0x1f, 0x53, 0xb8, 0xc0,
    0x3f, 0xfb, 0x3b, 0xfe, 0x30, 0x6, 0xff, 0x90,
    0x3, 0xff, 0x81, 0xf9, 0x82, 0x0, 0x5e, 0x61,
    0x0, 0x8c, 0xc2, 0x0, 0x63, 0x30, 0x7, 0xff,
    0xfc, 0x3, 0xff, 0xa2, 0xe0, 0x6, 0x0, 0xfb,
    0x0, 0x15, 0xe, 0x60, 0x19, 0x84, 0x5, 0xe1,
    0x80, 0x30, 0xe2, 0x0, 0x4, 0x40, 0x1c, 0x54,
    0x0, 0x94, 0x0, 0xf1, 0xa0, 0x46, 0x88, 0x7,
    0x15, 0xf0, 0x92, 0x0, 0x7e, 0x10, 0xf, 0x92,
    0xf8, 0x9, 0x40, 0x38, 0x50, 0x9f, 0x0,

    /* U+0164 "Ť" */
    0x0, 0xe7, 0x83, 0x0, 0x8a, 0x20, 0x40, 0x1f,
    0xc2, 0xfa, 0x40, 0x38, 0xe4, 0x40, 0xf, 0xe6,
    0x71, 0xf2, 0xd1, 0x4a, 0x0, 0xff, 0xa1, 0x4b,
    0x4c, 0xd6, 0x1, 0xff, 0xc1, 0xa3, 0x2, 0xd0,
    0xf, 0xfe, 0x1e, 0x7e, 0x88, 0x7, 0xff, 0x38,
    0xff, 0xff, 0xf8, 0xaa, 0x1, 0xff, 0xc7, 0x29,
    0x9f, 0x80, 0x28, 0x99, 0xf3, 0x8b, 0x37, 0xc2,
    0x0, 0x76, 0x6f, 0x10, 0x7, 0xff, 0xfc, 0x3,
    0xff, 0xfe, 0x1, 0xff, 0xff, 0x0, 0xff, 0xff,
    0x80, 0x7f, 0xf7, 0x80,

    /* U+0165 "ť" */
    0x0, 0xfc, 0x3f, 0xeb, 0x0, 0xff, 0x84, 0x3,
    0xf1, 0x80, 0x8, 0x3, 0xf2, 0x0, 0x30, 0x3,
    0xf5, 0x81, 0x20, 0x5, 0x9f, 0xe2, 0x6, 0xe,
    0x0, 0xfe, 0xbd, 0x30, 0xf, 0xf1, 0x0, 0x7f,
    0xf0, 0xb7, 0xfc, 0x60, 0xd, 0xff, 0x20, 0x7,
    0xff, 0xb, 0xf3, 0x4, 0x0, 0xbc, 0xc2, 0x0,
    0x8, 0xcc, 0x20, 0x6, 0x33, 0x0, 0x7f, 0xff,
    0xc0, 0x3f, 0xfb, 0x6e, 0x0, 0x60, 0xf, 0xc6,
    0x0, 0xa8, 0x73, 0x0, 0xe9, 0x10, 0x17, 0x86,
    0x0, 0xe1, 0xc4, 0x0, 0x8, 0x80, 0x0,

    /* U+0166 "Ŧ" */
    0x3f, 0xff, 0xfe, 0x2a, 0x80, 0x7f, 0xf1, 0xca,
    0x67, 0xe0, 0xa, 0x26, 0x7c, 0xe2, 0xcd, 0xf0,
    0x80, 0x1d, 0x9b, 0xc4, 0x1, 0xff, 0xf1, 0x4f,
    0xf8, 0x40, 0x1f, 0xf5, 0x0, 0x7f, 0xf3, 0xd6,
    0xaa, 0x0, 0xa6, 0xa9, 0x20, 0x1f, 0x85, 0x56,
    0x10, 0x3, 0x2a, 0x8c, 0x3, 0xff, 0xfe, 0x1,
    0xff, 0xff, 0x0, 0xff, 0xf9, 0x80,

    /* U+0167 "ŧ" */
    0x0, 0xd9, 0xfe, 0x20, 0xf, 0xfe, 0xce, 0xff,
    0x8c, 0x1, 0xbf, 0xe4, 0x0, 0xff, 0xe0, 0x7e,
    0x60, 0x80, 0x17, 0x98, 0x40, 0x23, 0x30, 0x80,
    0x18, 0xcc, 0x1, 0xff, 0xc0, 0x3f, 0xf8, 0xc0,
    0x1b, 0xfe, 0xc0, 0xf, 0xf8, 0xaa, 0xa2, 0x0,
    0x45, 0x52, 0x5, 0x56, 0x10, 0x2, 0xac, 0x80,
    0x1f, 0xfe, 0x47, 0x0, 0x30, 0x7, 0xc6, 0x0,
    0xa8, 0x73, 0x0, 0xd2, 0x20, 0x2f, 0xc, 0x1,
    0x87, 0x10, 0x0, 0x22,

    /* U+0168 "Ũ" */
    0x0, 0xe1, 0x20, 0xe, 0x64, 0x0, 0xf0, 0xdf,
    0x6f, 0xc1, 0x3, 0xcd, 0x0, 0x7a, 0xd0, 0x2,
    0x7d, 0xf8, 0x6, 0x0, 0xf2, 0x85, 0xfe, 0x28,
    0x4, 0xd0, 0x1, 0xec, 0xd4, 0x3, 0xae, 0xde,
    0x90, 0xf, 0x8c, 0x80, 0x30, 0x90, 0x80, 0x7f,
    0xf2, 0xb7, 0xfc, 0x40, 0x1f, 0xcb, 0xfe, 0xa0,
    0xf, 0xff, 0xf8, 0x7, 0xff, 0xfc, 0x3, 0xff,
    0xfe, 0x1, 0xff, 0xc1, 0x10, 0x0, 0x80, 0x7f,
    0x18, 0x0, 0xd8, 0x0, 0x80, 0x1f, 0xd8, 0x0,
    0xef, 0x0, 0x50, 0x7, 0xe2, 0x50, 0x2, 0xa8,
    0x80, 0xac, 0x40, 0x38, 0xbc, 0x0, 0xa4, 0x1e,
    0x20, 0x9d, 0x4e, 0xd1, 0x7a, 0x40, 0x56, 0x0,
    0x2c, 0x30, 0x2, 0xc4, 0xba, 0x0, 0x17, 0x4,
    0x2, 0x2c, 0xb6, 0x20, 0x8, 0xdf, 0x68, 0x40,
    0x0,

    /* U+0169 "ũ" */
    0x0, 0xff, 0x11, 0x0, 0x32, 0x67, 0xf4, 0xa0,
    0x17, 0xea, 0x80, 0xa, 0xcc, 0x5, 0xaf, 0xf4,
    0x85, 0x0, 0x16, 0x9, 0x96, 0xc2, 0x0, 0x2d,
    0x10, 0x4, 0x65, 0x9a, 0x4f, 0x6e, 0xc6, 0x1,
    0x9, 0x80, 0x71, 0x10, 0x3, 0xff, 0x8d, 0xbf,
    0xe0, 0xf, 0x9f, 0xfc, 0xe0, 0x1f, 0xff, 0xf0,
    0xf, 0xff, 0xc0, 0x80, 0x7f, 0x98, 0x0, 0xa0,
    0x1e, 0xe0, 0xb, 0x0, 0x1e, 0x1, 0xcc, 0xc0,
    0x9, 0x80, 0x9, 0xae, 0xe8, 0xd9, 0x0, 0xc3,
    0x40, 0x2, 0x88, 0x39, 0x2, 0x80, 0x65, 0xc5,
    0x10, 0x1, 0x3f, 0x78, 0x4,

    /* U+016A "Ū" */
    0x0, 0x88, 0xcf, 0xf8, 0x80, 0x3d, 0x39, 0x9f,
    0xdc, 0x1, 0xff, 0xcb, 0xbf, 0xff, 0xec, 0x0,
    0xff, 0xec, 0xef, 0xf8, 0x80, 0x3f, 0x97, 0xfd,
    0x40, 0x1f, 0xff, 0xf0, 0xf, 0xff, 0xf8, 0x7,
    0xff, 0xfc, 0x3, 0xff, 0x82, 0x20, 0x1, 0x0,
    0xfe, 0x30, 0x1, 0xb0, 0x1, 0x0, 0x3f, 0xb0,
    0x1, 0xde, 0x0, 0xa0, 0xf, 0xc4, 0xa0, 0x5,
    0x51, 0x1, 0x58, 0x80, 0x71, 0x78, 0x1, 0x48,
    0x3c, 0x41, 0x3a, 0x9d, 0xa2, 0xf4, 0x80, 0xac,
    0x0, 0x58, 0x60, 0x5, 0x89, 0x74, 0x0, 0x2e,
    0x8, 0x4, 0x59, 0x6c, 0x40, 0x11, 0xbe, 0xd0,
    0x80, 0x0,

    /* U+016B "ū" */
    0x4, 0xff, 0xff, 0x18, 0x7, 0xff, 0x11, 0x33,
    0x3f, 0xc6, 0x1, 0x19, 0xff, 0x80, 0x3f, 0xf8,
    0x9b, 0xfe, 0x0, 0xf9, 0xff, 0xce, 0x1, 0xff,
    0xff, 0x0, 0xff, 0xfc, 0x8, 0x7, 0xf9, 0x80,
    0xa, 0x1, 0xee, 0x0, 0xb0, 0x1, 0xe0, 0x1c,
    0xcc, 0x0, 0x98, 0x0, 0x9a, 0xee, 0x8d, 0x90,
    0xc, 0x34, 0x0, 0x28, 0x83, 0x90, 0x28, 0x6,
    0x5c, 0x51, 0x0, 0x13, 0xf7, 0x80, 0x40,

    /* U+016C "Ŭ" */
    0x0, 0x8f, 0xfc, 0x40, 0x12, 0xff, 0x80, 0x3e,
    0x31, 0x8, 0x0, 0xa4, 0xc, 0x3, 0xf5, 0x82,
    0xfe, 0xf9, 0x87, 0x80, 0x7e, 0x5c, 0x41, 0x21,
    0x5d, 0x30, 0xf, 0xe3, 0xbe, 0xfe, 0xa2, 0x0,
    0xff, 0xe5, 0x6f, 0xf8, 0x80, 0x3f, 0x97, 0xfd,
    0x40, 0x1f, 0xff, 0xf0, 0xf, 0xff, 0xf8, 0x7,
    0xff, 0xfc, 0x3, 0xff, 0x82, 0x20, 0x1, 0x0,
    0xfe, 0x30, 0x1, 0xb0, 0x1, 0x0, 0x3f, 0xb0,
    0x1, 0xde, 0x0, 0xa0, 0xf, 0xc4, 0xa0, 0x5,
    0x51, 0x1, 0x58, 0x80, 0x71, 0x78, 0x1, 0x48,
    0x3c, 0x41, 0x3a, 0x9d, 0xa2, 0xf4, 0x80, 0xac,
    0x0, 0x58, 0x60, 0x5, 0x89, 0x74, 0x0, 0x2e,
    0x8, 0x4, 0x59, 0x6c, 0x40, 0x11, 0xbe, 0xd0,
    0x80, 0x0,

    /* U+016D "ŭ" */
    0x0, 0x67, 0xc8, 0x6, 0xef, 0x70, 0xd, 0x60,
    0xca, 0x3, 0x2, 0x8, 0x1, 0x9c, 0xc2, 0xbf,
    0x9c, 0x1c, 0xc0, 0x3b, 0x25, 0x8, 0xd7, 0x20,
    0x3, 0xe6, 0xbd, 0xca, 0x30, 0xf, 0xfe, 0x36,
    0xff, 0x80, 0x3e, 0x7f, 0xf3, 0x80, 0x7f, 0xff,
    0xc0, 0x3f, 0xff, 0x2, 0x1, 0xfe, 0x60, 0x2,
    0x80, 0x7b, 0x80, 0x2c, 0x0, 0x78, 0x7, 0x33,
    0x0, 0x26, 0x0, 0x26, 0xbb, 0xa3, 0x64, 0x3,
    0xd, 0x0, 0xa, 0x20, 0xe4, 0xa, 0x1, 0x97,
    0x14, 0x40, 0x4, 0xfd, 0xe0, 0x10,

    /* U+016E "Ů" */
    0x0, 0xfc, 0x20, 0x1f, 0xfc, 0x28, 0xfe, 0xe3,
    0x0, 0x7f, 0xce, 0xe6, 0xb4, 0x94, 0x0, 0xff,
    0x51, 0xca, 0x50, 0xf8, 0x7, 0xf8, 0xd8, 0x2,
    0x30, 0xf, 0xf9, 0xd5, 0x42, 0xe5, 0x80, 0x1f,
    0xe9, 0x4a, 0xe8, 0x67, 0x0, 0xff, 0xaf, 0x73,
    0xa4, 0x3, 0xff, 0x82, 0x46, 0x20, 0x1f, 0x6f,
    0xf8, 0x80, 0x3f, 0x97, 0xfd, 0x40, 0x1f, 0xff,
    0xf0, 0xf, 0xff, 0xf8, 0x7, 0xff, 0xfc, 0x3,
    0xff, 0x82, 0x20, 0x1, 0x0, 0xfe, 0x30, 0x1,
    0xb0, 0x1, 0x0, 0x3f, 0xb0, 0x1, 0xde, 0x0,
    0xa0, 0xf, 0xc4, 0xa0, 0x5, 0x51, 0x1, 0x58,
    0x80, 0x71, 0x78, 0x1, 0x48, 0x3c, 0x41, 0x3a,
    0x9d, 0xa2, 0xf4, 0x80, 0xac, 0x0, 0x58, 0x60,
    0x5, 0x89, 0x74, 0x0, 0x2e, 0x8, 0x4, 0x59,
    0x6c, 0x40, 0x11, 0xbe, 0xd0, 0x80, 0x0,

    /* U+016F "ů" */
    0x0, 0xf0, 0x80, 0x7f, 0xc7, 0xbd, 0xf4, 0x20,
    0x1f, 0xe, 0x5, 0x4a, 0xd0, 0x7, 0xce, 0x1e,
    0xad, 0x8, 0x40, 0x1e, 0x10, 0x30, 0x0, 0x80,
    0x7e, 0x50, 0xa2, 0x3b, 0x22, 0x0, 0x78, 0xa9,
    0x37, 0x3, 0x80, 0x3f, 0x2f, 0xe6, 0x34, 0xc0,
    0x3f, 0xc6, 0x60, 0xf, 0x6f, 0xf8, 0x3, 0xe7,
    0xff, 0x38, 0x7, 0xff, 0xfc, 0x3, 0xff, 0xf0,
    0x20, 0x1f, 0xe6, 0x0, 0x28, 0x7, 0xb8, 0x2,
    0xc0, 0x7, 0x80, 0x73, 0x30, 0x2, 0x60, 0x2,
    0x6b, 0xba, 0x36, 0x40, 0x30, 0xd0, 0x0, 0xa2,
    0xe, 0x40, 0xa0, 0x19, 0x71, 0x44, 0x0, 0x4f,
    0xde, 0x1, 0x0,

    /* U+0170 "Ű" */
    0x0, 0xfa, 0xae, 0x80, 0x11, 0x76, 0x40, 0xf,
    0x9d, 0x53, 0x1, 0x9d, 0x5, 0x0, 0x3c, 0x30,
    0x8, 0xc7, 0x20, 0x74, 0x1, 0xf4, 0x0, 0xd0,
    0xf0, 0x16, 0x80, 0x7c, 0x6c, 0x14, 0x34, 0x43,
    0x82, 0x1, 0xf1, 0xff, 0x90, 0x2f, 0xf8, 0x40,
    0x3f, 0xf9, 0x3b, 0xfe, 0x20, 0xf, 0xe5, 0xff,
    0x50, 0x7, 0xff, 0xfc, 0x3, 0xff, 0xfe, 0x1,
    0xff, 0xff, 0x0, 0xff, 0xe0, 0x88, 0x0, 0x40,
    0x3f, 0x8c, 0x0, 0x6c, 0x0, 0x40, 0xf, 0xec,
    0x0, 0x77, 0x80, 0x28, 0x3, 0xf1, 0x28, 0x1,
    0x54, 0x40, 0x56, 0x20, 0x1c, 0x5e, 0x0, 0x52,
    0xf, 0x10, 0x4e, 0xa7, 0x68, 0xbd, 0x20, 0x2b,
    0x0, 0x16, 0x18, 0x1, 0x62, 0x5d, 0x0, 0xb,
    0x82, 0x1, 0x16, 0x5b, 0x10, 0x4, 0x6f, 0xb4,
    0x20, 0x0,

    /* U+0171 "ű" */
    0x0, 0xea, 0xff, 0x28, 0x3f, 0xfa, 0xc0, 0x38,
    0xd4, 0x19, 0x4e, 0x0, 0xec, 0x3, 0xbc, 0xa,
    0x47, 0x40, 0xb4, 0x3, 0x94, 0xc3, 0x82, 0x84,
    0x5e, 0x20, 0x1d, 0x8b, 0x26, 0x82, 0xba, 0x40,
    0x1e, 0x9a, 0x60, 0x4a, 0xa1, 0x80, 0x6d, 0xff,
    0x0, 0x7c, 0xff, 0xe7, 0x0, 0xff, 0xff, 0x80,
    0x7f, 0xff, 0xc0, 0x30, 0x80, 0x7f, 0xcc, 0x0,
    0x50, 0xf, 0x70, 0x6, 0xc0, 0x7, 0x80, 0x73,
    0x30, 0x3, 0x30, 0x1, 0x35, 0xdd, 0x1b, 0x20,
    0x1c, 0x34, 0x0, 0x28, 0x83, 0x90, 0x28, 0x7,
    0x2e, 0x28, 0x80, 0x9, 0xfb, 0xc0, 0x30,

    /* U+0172 "Ų" */
    0xdf, 0xf1, 0x0, 0x7f, 0x2f, 0xfa, 0x80, 0x3f,
    0xff, 0xe0, 0x1f, 0xff, 0xf0, 0xf, 0xff, 0xf8,
    0x7, 0xff, 0x4, 0x40, 0x2, 0x1, 0xfc, 0x60,
    0x3, 0x60, 0x2, 0x0, 0x7f, 0x60, 0x3, 0xbc,
    0x1, 0x40, 0x1f, 0x89, 0x40, 0xa, 0xa2, 0x2,
    0xb1, 0x0, 0xe2, 0xf0, 0x2, 0x90, 0x78, 0x82,
    0x75, 0x3b, 0x45, 0xe9, 0x1, 0x58, 0x0, 0xb0,
    0xc0, 0xb, 0x12, 0xe8, 0x0, 0x5c, 0x10, 0x8,
    0xb2, 0xd8, 0x80, 0x30, 0xdd, 0x8, 0x7, 0x92,
    0x77, 0xd8, 0x7, 0x10, 0x3, 0xfe, 0x36, 0xb,
    0x20, 0xf, 0xfe, 0x2, 0x0, 0x14, 0x3, 0xff,
    0x82, 0x20, 0x6, 0x25, 0x0, 0xff, 0x90, 0x1,
    0x3b, 0x40, 0x1f, 0xf1, 0x59, 0x0, 0xb0, 0x6,

    /* U+0173 "ų" */
    0xdf, 0xf0, 0x7, 0xcf, 0xfe, 0x70, 0xf, 0xff,
    0xf8, 0x7, 0xff, 0xe0, 0x40, 0x3f, 0xcc, 0x0,
    0x50, 0xf, 0x70, 0x5, 0x80, 0xf, 0x0, 0xe6,
    0x60, 0x4, 0xc0, 0x4, 0xd7, 0x74, 0x6c, 0x80,
    0x61, 0xa0, 0x1, 0x44, 0x1c, 0x81, 0x40, 0x32,
    0xe2, 0x88, 0x0, 0x9f, 0xbc, 0x3, 0x8e, 0xbb,
    0xfd, 0xb0, 0xb6, 0xe, 0xe0, 0xf, 0xc7, 0x63,
    0x50, 0x1, 0xfd, 0x0, 0x8a, 0x1, 0xfe, 0x60,
    0x63, 0x38, 0x3, 0xf3, 0x81, 0x66, 0x2c, 0x3,
    0xf5, 0xa8, 0x0, 0xf0,

    /* U+0174 "Ŵ" */
    0x0, 0xff, 0xe0, 0xac, 0x20, 0x7, 0xff, 0x31,
    0x69, 0xec, 0xc0, 0x3f, 0xf9, 0x47, 0x40, 0xa1,
    0xa4, 0x1, 0xff, 0xc8, 0x2d, 0x9, 0xa7, 0x1f,
    0x10, 0xf, 0xfe, 0x30, 0xe0, 0xbb, 0x4, 0x29,
    0x50, 0x7, 0xff, 0x18, 0x7b, 0xe0, 0x2, 0xaf,
    0xb0, 0xf, 0xfe, 0xd7, 0x7f, 0x84, 0x3, 0xf7,
    0xfb, 0x0, 0x3f, 0x37, 0xfa, 0x41, 0x0, 0x8,
    0x1, 0xf2, 0x0, 0xc, 0x40, 0x3e, 0xc0, 0x6,
    0x6, 0x0, 0x34, 0x3, 0xed, 0x0, 0x90, 0x3,
    0xe4, 0x0, 0x20, 0x20, 0x1, 0x0, 0x3e, 0x70,
    0xb, 0xc0, 0x3c, 0x42, 0x4, 0x20, 0x42, 0x6,
    0x1, 0xe2, 0x10, 0x10, 0x40, 0xf, 0x38, 0x1,
    0x0, 0x24, 0x0, 0x20, 0x7, 0x28, 0x2, 0x40,
    0x4c, 0x3, 0xb0, 0x1, 0x80, 0x16, 0x0, 0x30,
    0x3, 0xac, 0x5, 0x80, 0x16, 0x1, 0xc8, 0x0,
    0x40, 0x9, 0x0, 0x6, 0x1, 0x84, 0xc1, 0xc4,
    0xc1, 0x0, 0x30, 0x90, 0x10, 0x80, 0x44, 0x20,
    0x80, 0x19, 0x0, 0x1a, 0x16, 0x6, 0x20, 0x12,
    0x80, 0x10, 0x3, 0x90, 0x0, 0x60, 0x17, 0x80,
    0x10, 0x14, 0x0, 0x80, 0x16, 0x0, 0x30, 0x3,
    0xb0, 0x0, 0x80, 0x12, 0x2, 0x80, 0x8, 0x43,
    0xc0, 0x24, 0x0, 0x20, 0x7, 0x20, 0x3, 0x0,
    0x6, 0x21, 0x80, 0x13, 0x82, 0x0, 0x46, 0x4,
    0x20, 0x1c, 0x42, 0xa, 0x0, 0xb0, 0x3, 0x80,
    0x5a, 0x2, 0x60, 0x60, 0x4, 0x0, 0xf9, 0x0,
    0x48, 0x14, 0xc, 0x40, 0x24, 0x0, 0x58, 0x20,
    0x3, 0x0, 0x3e, 0xc0, 0x2, 0x11, 0x2, 0xc0,
    0x39, 0x1, 0x3, 0x0, 0x8, 0x1, 0xf2, 0x0,
    0x3d, 0x0, 0xa, 0x1, 0xda, 0x6, 0x2a, 0x4,
    0x20, 0x1f, 0x10, 0x82, 0xe0, 0x11, 0x0, 0x39,
    0x0, 0xe, 0x20, 0x80, 0x1f, 0xc8, 0x4, 0x80,
    0x80, 0x1e, 0x22, 0x5, 0x0, 0x30, 0x3, 0xfb,
    0x0, 0x44, 0x1a, 0x1, 0xf2, 0x81, 0x80, 0x10,
    0x3, 0xf9, 0x0, 0x32, 0x0, 0x7d, 0x80, 0x11,
    0x8, 0x7, 0xf1, 0x8, 0x1, 0x40, 0x3f, 0x20,
    0x4, 0x80, 0x1f, 0xf2, 0x0, 0x3c, 0x3, 0xf9,
    0x40, 0x18, 0x1, 0xc0,

    /* U+0175 "ŵ" */
    0x0, 0xff, 0x3f, 0xf9, 0x40, 0x3f, 0xf8, 0xf3,
    0x4, 0x34, 0xc0, 0x1f, 0xfc, 0x5a, 0x63, 0xcc,
    0x14, 0xb8, 0x7, 0xff, 0xd, 0x41, 0xb0, 0x4b,
    0x17, 0x4c, 0x3, 0xff, 0x84, 0xb5, 0x20, 0x10,
    0xd5, 0xc, 0x3, 0xff, 0xa6, 0x7f, 0xeb, 0x0,
    0xf2, 0xff, 0x90, 0x3, 0xd7, 0xfe, 0x23, 0x10,
    0x40, 0xf, 0x78, 0x3, 0x40, 0x3c, 0x80, 0x44,
    0x7, 0x0, 0x18, 0x7, 0x20, 0x1, 0xc0, 0x38,
    0xc0, 0x8, 0x0, 0xc0, 0x2, 0x0, 0x64, 0x10,
    0x0, 0x98, 0x6, 0x40, 0x6, 0x80, 0x14, 0x1,
    0x80, 0x1b, 0x40, 0x84, 0x2c, 0x3, 0x60, 0x1,
    0x0, 0x24, 0x4, 0x0, 0xce, 0xa, 0xe0, 0xa0,
    0x19, 0x1, 0x0, 0x36, 0x0, 0x10, 0x0, 0x62,
    0x17, 0xa0, 0x44, 0x0, 0x18, 0x3, 0x40, 0x32,
    0x80, 0x30, 0x1, 0x60, 0x26, 0x80, 0x5, 0x0,
    0x20, 0x1, 0x0, 0x31, 0x8, 0x20, 0x1, 0x41,
    0xc0, 0xa, 0x16, 0x0, 0xc0, 0x22, 0x0, 0x73,
    0x81, 0x81, 0x10, 0x34, 0x1, 0xe0, 0x62, 0x8,
    0xa, 0x1, 0xed, 0x0, 0x2a, 0x80, 0x8, 0x0,
    0x50, 0x3, 0x98, 0x3, 0x0, 0x3c, 0x80, 0xc,
    0xc0, 0x28, 0x6, 0x40, 0xd4, 0x0, 0x20, 0x7,
    0xc8, 0xe, 0x81, 0xe0, 0x1b, 0x41, 0x2c, 0x10,
    0x3, 0xf6, 0x80, 0x80, 0x14, 0x3, 0x38, 0x0,
    0xc3, 0x40, 0x3f, 0x20, 0x4, 0x80, 0x1c, 0x26,
    0x1, 0x38, 0x7, 0xe2, 0x20, 0x3, 0x40, 0x3d,
    0x40, 0x2, 0x10, 0xf, 0xe4, 0x0, 0x38, 0x7,
    0x9c, 0x0, 0xa0, 0x1c,

    /* U+0176 "Ŷ" */
    0x0, 0xfc, 0x70, 0xc0, 0x1f, 0xfc, 0x32, 0xc7,
    0x96, 0x0, 0xff, 0xe0, 0x8e, 0x2, 0x84, 0xa0,
    0x7, 0xff, 0x3, 0x5, 0x6a, 0x81, 0x64, 0x1,
    0xfe, 0xb2, 0x4a, 0x5, 0x80, 0xc1, 0x0, 0xfe,
    0xbf, 0xb0, 0x9, 0xff, 0x84, 0x3, 0xff, 0x96,
    0xff, 0xee, 0x0, 0xff, 0xb3, 0xfd, 0x4e, 0x20,
    0x2e, 0x1, 0xfc, 0x86, 0x0, 0xb0, 0xb0, 0x4,
    0x8, 0x7, 0xe9, 0x0, 0x38, 0x82, 0x98, 0x2,
    0x40, 0x3e, 0x52, 0x1, 0x80, 0xb, 0xc0, 0xe,
    0x20, 0x1e, 0x80, 0x4, 0x0, 0x63, 0x50, 0x5,
    0x80, 0x73, 0x10, 0x1b, 0x0, 0x75, 0x80, 0x14,
    0x80, 0x34, 0x0, 0x3c, 0x3, 0xc3, 0x0, 0x9,
    0x0, 0xa0, 0x41, 0x4c, 0x3, 0xe7, 0x10, 0x43,
    0x1, 0x70, 0x4, 0x0, 0x7f, 0x58, 0x3, 0xc2,
    0x0, 0xe, 0x40, 0x1f, 0xca, 0x60, 0x6e, 0xc0,
    0x30, 0x1, 0xff, 0x78, 0x2, 0x0, 0x10, 0x1,
    0xff, 0xc0, 0x35, 0x0, 0x89, 0x80, 0x3f, 0xf8,
    0x36, 0x1, 0x48, 0x7, 0xff, 0x8, 0x44, 0x0,
    0x50, 0xf, 0xff, 0xf8, 0x7, 0xff, 0xd4,

    /* U+0177 "ŷ" */
    0x0, 0xf3, 0xff, 0x94, 0x3, 0xfd, 0x10, 0x21,
    0xa6, 0x0, 0xfd, 0x4e, 0x79, 0x82, 0x97, 0x0,
    0xf2, 0x83, 0x60, 0x96, 0x2e, 0x98, 0x7, 0x2d,
    0x48, 0x4, 0x35, 0x43, 0x0, 0xff, 0xe2, 0xbf,
    0xfa, 0x80, 0x3e, 0x8f, 0xf4, 0xb0, 0x1, 0x40,
    0x3e, 0x50, 0x5, 0xa, 0x0, 0x14, 0x3, 0x88,
    0x80, 0x46, 0x1c, 0x0, 0xe0, 0xe, 0x50, 0x5,
    0x0, 0x14, 0x0, 0x82, 0x1, 0xac, 0x0, 0xa0,
    0x13, 0x0, 0x1c, 0x2, 0x13, 0x3, 0x20, 0xa,
    0x80, 0x14, 0x1, 0x38, 0x2, 0x80, 0x31, 0x90,
    0x18, 0x80, 0x28, 0x0, 0xe0, 0x1d, 0x40, 0x6,
    0x1, 0x30, 0x41, 0x0, 0xe6, 0x0, 0x58, 0x38,
    0x3, 0x80, 0x3c, 0x28, 0x6, 0x5a, 0x0, 0x50,
    0xf, 0xb8, 0x1, 0x48, 0xa, 0x1, 0xf9, 0x40,
    0xe, 0x0, 0xe0, 0xf, 0xe5, 0x0, 0x85, 0x0,
    0x3f, 0xb8, 0x2, 0x60, 0xf, 0xf2, 0x8, 0x2,
    0xc0, 0x3f, 0xe2, 0x2, 0x30, 0xf, 0xf1, 0x18,
    0x50, 0x7, 0xfd, 0x40, 0x5, 0x0, 0xff, 0x1b,
    0x82, 0x10, 0x7, 0xcb, 0x15, 0x80, 0x8, 0x0,
    0xfd, 0xee, 0xa0, 0x9, 0x30, 0xf, 0xc6, 0x0,
    0x3b, 0x60, 0xf, 0xc0,

    /* U+0178 "Ÿ" */
    0x0, 0xe1, 0x30, 0xe, 0x22, 0x0, 0x7f, 0x17,
    0x66, 0x0, 0x25, 0xdd, 0x38, 0x7, 0xe7, 0x0,
    0x18, 0x5, 0x80, 0xb, 0x0, 0xfc, 0x86, 0xe,
    0x1, 0x50, 0x8a, 0x40, 0x3f, 0xe, 0x7c, 0x0,
    0x47, 0xdc, 0x50, 0xf, 0xfe, 0x5b, 0xff, 0xb8,
    0x3, 0xfe, 0xcf, 0xf5, 0x38, 0x80, 0xb8, 0x7,
    0xf2, 0x18, 0x2, 0xc2, 0xc0, 0x10, 0x20, 0x1f,
    0xa4, 0x0, 0xe2, 0xa, 0x60, 0x9, 0x0, 0xf9,
    0x48, 0x6, 0x0, 0x2f, 0x0, 0x38, 0x80, 0x7a,
    0x0, 0x10, 0x1, 0x8d, 0x40, 0x16, 0x1, 0xcc,
    0x40, 0x6c, 0x1, 0xd6, 0x0, 0x52, 0x0, 0xd0,
    0x0, 0xf0, 0xf, 0xc, 0x0, 0x24, 0x2, 0x81,
    0x5, 0x30, 0xf, 0x9c, 0x41, 0xc, 0x5, 0xc0,
    0x10, 0x1, 0xfd, 0x60, 0xf, 0x8, 0x0, 0x39,
    0x0, 0x7f, 0x29, 0x81, 0xbb, 0x0, 0xc0, 0x7,
    0xfd, 0xe0, 0x8, 0x0, 0x40, 0x7, 0xff, 0x0,
    0xd4, 0x2, 0x26, 0x0, 0xff, 0xe0, 0xd8, 0x5,
    0x20, 0x1f, 0xfc, 0x21, 0x10, 0x1, 0x40, 0x3f,
    0xff, 0xe0, 0x1f, 0xff, 0x50,

    /* U+0179 "Ź" */
    0x0, 0xff, 0x3c, 0x40, 0x80, 0x3f, 0xf8, 0x13,
    0xe, 0x24, 0x1, 0xff, 0x23, 0x2, 0xc8, 0x7,
    0xfc, 0x34, 0x9, 0x40, 0x1f, 0xfc, 0xb, 0x13,
    0xb0, 0xf, 0xfe, 0xd, 0x7e, 0x0, 0x7f, 0xf3,
    0x1f, 0xff, 0xff, 0x86, 0xc0, 0x1f, 0xfc, 0x55,
    0x99, 0xff, 0x94, 0x2, 0x42, 0x66, 0xff, 0x3a,
    0x0, 0x24, 0x80, 0x3f, 0xea, 0x10, 0x46, 0x0,
    0xff, 0x99, 0x0, 0x68, 0x3, 0xfe, 0x29, 0x0,
    0x50, 0x80, 0x7f, 0xde, 0x0, 0x64, 0x0, 0xff,
    0xa4, 0x80, 0xa4, 0x3, 0xfe, 0x46, 0x0, 0x78,
    0x7, 0xfc, 0x34, 0x0, 0x92, 0x0, 0xff, 0xa8,
    0x41, 0x18, 0x3, 0xfe, 0x64, 0x1, 0xa0, 0xf,
    0xf8, 0xa4, 0x1, 0x42, 0x1, 0xff, 0x78, 0x1,
    0x90, 0x3, 0xfe, 0x92, 0x2, 0x90, 0xf, 0xf9,
    0x18, 0x1, 0xe0, 0x1f, 0xf0, 0xd0, 0x2, 0x48,
    0x3, 0xfe, 0xa1, 0x4, 0x60, 0xf, 0xf9, 0x90,
    0x0, 0x6c, 0xdf, 0xfc, 0xc, 0x0, 0x9e, 0x67,
    0xfe, 0x80, 0xf, 0xfe, 0x28,

    /* U+017A "ź" */
    0x0, 0xfd, 0xbf, 0xe7, 0x0, 0xfe, 0xa2, 0xa,
    0x70, 0xf, 0xce, 0xa1, 0x6a, 0x1, 0xf8, 0xe4,
    0xad, 0x0, 0x3f, 0x8f, 0xb5, 0x0, 0x3f, 0xf8,
    0xef, 0xff, 0xff, 0xc0, 0x50, 0xf, 0xfe, 0x12,
    0xd5, 0x7e, 0x50, 0x0, 0xa1, 0x2a, 0xfc, 0xea,
    0x0, 0xd1, 0x0, 0xfd, 0xe0, 0x8, 0x30, 0xf,
    0xd2, 0x40, 0x8e, 0x1, 0xf9, 0x58, 0x6, 0x80,
    0x3f, 0x15, 0x0, 0x28, 0x40, 0x3f, 0x70, 0x1,
    0xd0, 0x3, 0xf4, 0x98, 0x24, 0x0, 0x7e, 0x56,
    0x1, 0xa0, 0xf, 0xc5, 0x40, 0xa, 0x10, 0xf,
    0xdc, 0x0, 0x74, 0x0, 0xfd, 0x26, 0x7, 0x0,
    0x1f, 0x91, 0x80, 0x16, 0xab, 0xf9, 0x34, 0x2,
    0x8a, 0xaf, 0xd0, 0x1, 0xff, 0xc2,

    /* U+017B "Ż" */
    0x0, 0xfc, 0x62, 0x1, 0xff, 0xc2, 0xcc, 0x70,
    0x80, 0x7f, 0xf0, 0x4c, 0x0, 0x80, 0x1f, 0xfc,
    0x16, 0x3, 0x50, 0xf, 0xfe, 0xc, 0xfe, 0x0,
    0x7f, 0xf3, 0x1f, 0xff, 0xff, 0x86, 0xc0, 0x1f,
    0xfc, 0x55, 0x99, 0xff, 0x94, 0x2, 0x42, 0x66,
    0xff, 0x3a, 0x0, 0x24, 0x80, 0x3f, 0xea, 0x10,
    0x46, 0x0, 0xff, 0x99, 0x0, 0x68, 0x3, 0xfe,
    0x29, 0x0, 0x50, 0x80, 0x7f, 0xde, 0x0, 0x64,
    0x0, 0xff, 0xa4, 0x80, 0xa4, 0x3, 0xfe, 0x46,
    0x0, 0x78, 0x7, 0xfc, 0x34, 0x0, 0x92, 0x0,
    0xff, 0xa8, 0x41, 0x18, 0x3, 0xfe, 0x64, 0x1,
    0xa0, 0xf, 0xf8, 0xa4, 0x1, 0x42, 0x1, 0xff,
    0x78, 0x1, 0x90, 0x3, 0xfe, 0x92, 0x2, 0x90,
    0xf, 0xf9, 0x18, 0x1, 0xe0, 0x1f, 0xf0, 0xd0,
    0x2, 0x48, 0x3, 0xfe, 0xa1, 0x4, 0x60, 0xf,
    0xf9, 0x90, 0x0, 0x6c, 0xdf, 0xfc, 0xc, 0x0,
    0x9e, 0x67, 0xfe, 0x80, 0xf, 0xfe, 0x28,

    /* U+017C "ż" */
    0x0, 0xe3, 0xee, 0x20, 0x7, 0xfa, 0x44, 0x5e,
    0x1, 0xfe, 0xc0, 0x6, 0x0, 0x7f, 0x9b, 0x74,
    0xe0, 0x1f, 0xf1, 0x10, 0x3, 0xcf, 0xff, 0xff,
    0xc0, 0x50, 0xf, 0xfe, 0x12, 0xd5, 0x7e, 0x50,
    0x0, 0xa1, 0x2a, 0xfc, 0xea, 0x0, 0xd1, 0x0,
    0xfd, 0xe0, 0x8, 0x30, 0xf, 0xd2, 0x40, 0x8e,
    0x1, 0xf9, 0x58, 0x6, 0x80, 0x3f, 0x15, 0x0,
    0x28, 0x40, 0x3f, 0x70, 0x1, 0xd0, 0x3, 0xf4,
    0x98, 0x24, 0x0, 0x7e, 0x56, 0x1, 0xa0, 0xf,
    0xc5, 0x40, 0xa, 0x10, 0xf, 0xdc, 0x0, 0x74,
    0x0, 0xfd, 0x26, 0x7, 0x0, 0x1f, 0x91, 0x80,
    0x16, 0xab, 0xf9, 0x34, 0x2, 0x8a, 0xaf, 0xd0,
    0x1, 0xff, 0xc2,

    /* U+017D "Ž" */
    0x0, 0xcf, 0x6, 0x1, 0x14, 0x40, 0x80, 0x3e,
    0x27, 0xc2, 0x1, 0xf7, 0x22, 0x0, 0x7c, 0xb0,
    0x18, 0x5a, 0x47, 0x40, 0x1f, 0xce, 0xc3, 0xa6,
    0x58, 0x1, 0xff, 0x4a, 0x1, 0x60, 0x7, 0xff,
    0x6, 0xff, 0x44, 0x3, 0xff, 0x96, 0xff, 0xff,
    0xfc, 0x36, 0x0, 0xff, 0xe2, 0xac, 0xcf, 0xfc,
    0xa0, 0x12, 0x13, 0x37, 0xf9, 0xd0, 0x1, 0x24,
    0x1, 0xff, 0x50, 0x82, 0x30, 0x7, 0xfc, 0xc8,
    0x3, 0x40, 0x1f, 0xf1, 0x48, 0x2, 0x84, 0x3,
    0xfe, 0xf0, 0x3, 0x20, 0x7, 0xfd, 0x24, 0x5,
    0x20, 0x1f, 0xf2, 0x30, 0x3, 0xc0, 0x3f, 0xe1,
    0xa0, 0x4, 0x90, 0x7, 0xfd, 0x42, 0x8, 0xc0,
    0x1f, 0xf3, 0x20, 0xd, 0x0, 0x7f, 0xc5, 0x20,
    0xa, 0x10, 0xf, 0xfb, 0xc0, 0xc, 0x80, 0x1f,
    0xf4, 0x90, 0x14, 0x80, 0x7f, 0xc8, 0xc0, 0xf,
    0x0, 0xff, 0x86, 0x80, 0x12, 0x40, 0x1f, 0xf5,
    0x8, 0x23, 0x0, 0x7f, 0xcc, 0x80, 0x3, 0x66,
    0xff, 0xe0, 0x60, 0x4, 0xf3, 0x3f, 0xf4, 0x0,
    0x7f, 0xf1, 0x40,

    /* U+017E "ž" */
    0x0, 0x27, 0xf9, 0x0, 0x7, 0xde, 0xe0, 0x19,
    0x2c, 0x2d, 0xf, 0x6, 0x5c, 0x3, 0x93, 0x2,
    0xf0, 0x29, 0x80, 0x3e, 0x3c, 0x33, 0x5a, 0x80,
    0x7f, 0x1e, 0x61, 0x0, 0x3f, 0xf8, 0xef, 0xff,
    0xff, 0xc0, 0x50, 0xf, 0xfe, 0x12, 0xd5, 0x7e,
    0x50, 0x0, 0xa1, 0x2a, 0xfc, 0xea, 0x0, 0xd1,
    0x0, 0xfd, 0xe0, 0x8, 0x30, 0xf, 0xd2, 0x40,
    0x8e, 0x1, 0xf9, 0x58, 0x6, 0x80, 0x3f, 0x15,
    0x0, 0x28, 0x40, 0x3f, 0x70, 0x1, 0xd0, 0x3,
    0xf4, 0x98, 0x24, 0x0, 0x7e, 0x56, 0x1, 0xa0,
    0xf, 0xc5, 0x40, 0xa, 0x10, 0xf, 0xdc, 0x0,
    0x74, 0x0, 0xfd, 0x26, 0x7, 0x0, 0x1f, 0x91,
    0x80, 0x16, 0xab, 0xf9, 0x34, 0x2, 0x8a, 0xaf,
    0xd0, 0x1, 0xff, 0xc2,

    /* U+017F "ſ" */
    0x0, 0xc, 0xef, 0xfb, 0x0, 0x5, 0xec, 0x40,
    0x1, 0x0, 0x70, 0x81, 0x45, 0x40, 0x19, 0x80,
    0x71, 0xd5, 0x40, 0xa0, 0x6, 0x10, 0xc, 0x20,
    0xe, 0x0, 0xff, 0xff, 0x80, 0x7f, 0xff, 0xc0,
    0x3f, 0xf8, 0xa0,

    /* U+018F "Ə" */
    0x0, 0xcb, 0x3b, 0xff, 0x76, 0x41, 0x80, 0x7e,
    0x3e, 0xa6, 0x20, 0x8, 0x4d, 0xf2, 0xc8, 0x3,
    0xc4, 0x20, 0x2a, 0xf1, 0x6, 0x30, 0x2, 0x6a,
    0x0, 0x70, 0xce, 0x75, 0x43, 0xba, 0x73, 0x4c,
    0x1, 0x66, 0x1, 0xcc, 0x60, 0x1f, 0x16, 0x28,
    0x3, 0x80, 0x3f, 0xf8, 0x94, 0x20, 0x4a, 0x1,
    0xff, 0xc4, 0x80, 0x7, 0x0, 0x7f, 0xf1, 0x1c,
    0x0, 0x80, 0x1f, 0xfc, 0x41, 0x20, 0x1, 0x0,
    0x7f, 0xf1, 0x4, 0x0, 0xd1, 0xff, 0xff, 0xc3,
    0x30, 0xf, 0xfe, 0x72, 0xdd, 0xff, 0xf0, 0x8,
    0x2, 0xf0, 0x1, 0x22, 0x7f, 0xf0, 0x0, 0x26,
    0x30, 0x0, 0x80, 0x7f, 0xc2, 0x40, 0x2, 0x50,
    0x2, 0x0, 0x7f, 0xce, 0x0, 0x50, 0x13, 0x2,
    0x30, 0xf, 0xf5, 0x80, 0x38, 0x1, 0x20, 0xe,
    0x0, 0xfe, 0x92, 0x4, 0x40, 0x1, 0x50, 0xb,
    0x8, 0x3, 0x86, 0x98, 0x6, 0x40, 0x35, 0x10,
    0x1e, 0xe4, 0x3b, 0xab, 0x94, 0x1, 0xa4, 0x1,
    0x87, 0x58, 0x0, 0x6f, 0x10, 0x50, 0x1, 0xe9,
    0x80, 0x7d, 0x3a, 0xe6, 0x20, 0x2, 0x6b, 0xc2,
    0x0, 0xc0,

    /* U+0192 "ƒ" */
    0x0, 0xf0, 0xcf, 0x7f, 0xac, 0x3, 0x8b, 0xd8,
    0x40, 0xe, 0x1, 0xdc, 0x20, 0x51, 0x9, 0x0,
    0xc6, 0x60, 0x2d, 0x77, 0x28, 0x6, 0x50, 0x2,
    0x80, 0x7e, 0xe0, 0x6, 0x80, 0x7e, 0x10, 0xf,
    0xfe, 0x41, 0xff, 0x98, 0x1, 0x5f, 0xe8, 0x0,
    0xff, 0xe1, 0x1e, 0x61, 0x40, 0x11, 0x98, 0x90,
    0x8, 0xce, 0x0, 0x11, 0x98, 0x40, 0x3f, 0xff,
    0xe0, 0x1f, 0xff, 0xf0, 0xf, 0xfe, 0x59, 0x80,
    0x4, 0x3, 0xf2, 0x0, 0x14, 0x3, 0x13, 0x2e,
    0x8, 0x18, 0x80, 0x67, 0x9a, 0x30, 0x1e, 0x0,
    0xfc, 0x2d, 0xe4, 0x1, 0xc0,

    /* U+01A0 "Ơ" */
    0x0, 0xff, 0xe3, 0x17, 0xf9, 0x80, 0x3f, 0xf8,
    0xcc, 0x0, 0x30, 0xf, 0xfe, 0x37, 0x0, 0x10,
    0x3, 0x85, 0xef, 0xbf, 0xdb, 0x48, 0x0, 0x18,
    0x50, 0x51, 0x0, 0xcd, 0xd0, 0x82, 0x0, 0x25,
    0xbc, 0xae, 0x70, 0x2b, 0x0, 0xd3, 0x20, 0x0,
    0xab, 0xb1, 0x80, 0xd, 0x40, 0x9f, 0x44, 0x2,
    0x76, 0x0, 0x47, 0x54, 0x4e, 0x6a, 0x0, 0x7,
    0x20, 0x3, 0xc, 0x0, 0x29, 0xc0, 0x38, 0xad,
    0x0, 0x60, 0x3, 0xa4, 0x0, 0xaa, 0x0, 0xfd,
    0x20, 0x6, 0x10, 0xc, 0xc0, 0x8, 0x0, 0xfe,
    0x25, 0x0, 0x38, 0x4, 0x42, 0x2, 0x40, 0x1f,
    0xec, 0x0, 0x60, 0x4, 0xc0, 0x5, 0x0, 0xff,
    0x94, 0x0, 0xc0, 0x11, 0x0, 0x8, 0x3, 0xfe,
    0x20, 0x0, 0x80, 0x7f, 0xf2, 0x4c, 0x3, 0xff,
    0xbe, 0x60, 0x11, 0x0, 0x8, 0x3, 0xfe, 0x20,
    0x0, 0x80, 0x4c, 0x0, 0x50, 0xf, 0xf9, 0x40,
    0xc, 0x1, 0x10, 0x80, 0x90, 0x7, 0xfb, 0x0,
    0x18, 0x1, 0x98, 0x1, 0x0, 0x1f, 0xc2, 0xa0,
    0x7, 0x0, 0xd2, 0x0, 0x55, 0x0, 0x7e, 0xa0,
    0x3, 0x8, 0x6, 0x19, 0x0, 0x53, 0x80, 0x70,
    0xda, 0x0, 0xc0, 0x7, 0x99, 0x80, 0x8, 0xea,
    0x89, 0xbe, 0x40, 0x6, 0x88, 0x7, 0xd3, 0x20,
    0x0, 0xab, 0xb2, 0x0, 0xf, 0x4c, 0x3, 0xf9,
    0xba, 0x10, 0x40, 0x4, 0xb7, 0x84, 0x1, 0xe0,

    /* U+01A1 "ơ" */
    0x0, 0xff, 0xe1, 0xbf, 0xf0, 0x7, 0xff, 0xf,
    0xc0, 0x80, 0x31, 0x4e, 0xff, 0xba, 0x90, 0x2,
    0x30, 0x50, 0xa, 0x35, 0x88, 0x0, 0x2b, 0x76,
    0x17, 0x40, 0xd0, 0x4, 0xb8, 0x1, 0x66, 0x9c,
    0x41, 0x3a, 0x1, 0xd0, 0x11, 0x80, 0x72, 0x99,
    0x63, 0xcc, 0x0, 0x37, 0x0, 0x8, 0x0, 0x51,
    0x80, 0x61, 0xd0, 0x0, 0xa8, 0x0, 0x8c, 0x9,
    0x0, 0x3c, 0x2c, 0x0, 0x70, 0x2, 0x0, 0x14,
    0x3, 0xf6, 0x80, 0x30, 0x1, 0xc0, 0xd, 0x0,
    0xfc, 0xc0, 0x6, 0x0, 0x8, 0x7, 0xfc, 0x60,
    0x1c, 0x20, 0x1f, 0xfc, 0x5e, 0x0, 0x68, 0x7,
    0xe5, 0x0, 0x30, 0x1, 0x0, 0x8, 0x1, 0xfb,
    0x40, 0x18, 0x0, 0x22, 0x1, 0xa0, 0x7, 0x85,
    0x80, 0xe, 0x1, 0x48, 0x2, 0x8c, 0x3, 0xe,
    0x80, 0x1c, 0x40, 0x24, 0x60, 0x1c, 0xa6, 0x58,
    0xf3, 0x3, 0x80, 0xe, 0x97, 0x0, 0x2c, 0xd3,
    0x88, 0x26, 0x80, 0x7d, 0x1a, 0xc4, 0x0, 0x15,
    0xbb, 0x8, 0x6,

    /* U+01AF "Ư" */
    0x0, 0xff, 0xe4, 0x7f, 0x98, 0x3, 0xff, 0x8e,
    0x20, 0x3, 0xdf, 0xf1, 0x0, 0x7f, 0x2f, 0xfa,
    0x80, 0x8, 0x0, 0x60, 0xf, 0xfe, 0x3f, 0x0,
    0x98, 0x7, 0xff, 0x10, 0x52, 0xd0, 0x24, 0x3,
    0xff, 0x8a, 0x96, 0x80, 0xae, 0x1, 0xff, 0xc6,
    0x15, 0xba, 0x0, 0xff, 0xe3, 0x2f, 0x52, 0x0,
    0x7f, 0xff, 0xc0, 0x3f, 0xff, 0xe0, 0x1f, 0xff,
    0x1, 0x0, 0x8, 0x7, 0xf1, 0x80, 0xc, 0x3,
    0xcc, 0x0, 0x40, 0xf, 0xec, 0x0, 0x70, 0x7,
    0xbc, 0x1, 0x40, 0x1f, 0x89, 0x40, 0xa, 0x1,
    0xe5, 0x20, 0x2b, 0x10, 0xe, 0x2f, 0x0, 0x29,
    0x0, 0x7d, 0xe2, 0x9, 0xd4, 0xed, 0x17, 0xa4,
    0x5, 0x60, 0x1f, 0x8b, 0xc, 0x0, 0xb1, 0x2e,
    0x80, 0x5, 0xc1, 0x0, 0xfe, 0x2c, 0xb6, 0x20,
    0x8, 0xdf, 0x68, 0x40, 0x3f, 0x0,

    /* U+01B0 "ư" */
    0x0, 0xff, 0xe2, 0x3c, 0x8, 0x7, 0xff, 0x12,
    0x1c, 0xb7, 0xfc, 0x1, 0xf3, 0xff, 0x9c, 0x8,
    0x0, 0x60, 0x1f, 0xfc, 0x22, 0x80, 0x40, 0xf,
    0xfe, 0x14, 0x6a, 0x8c, 0x80, 0x7f, 0xf0, 0x89,
    0x63, 0xc8, 0x3, 0xff, 0x85, 0x54, 0x71, 0x0,
    0xff, 0xff, 0x80, 0x7f, 0xf8, 0x4, 0x3, 0xff,
    0x86, 0xc0, 0x5, 0x0, 0xf7, 0x0, 0x7e, 0xc0,
    0x7, 0x80, 0x73, 0x30, 0x3, 0xf3, 0x0, 0x13,
    0x5d, 0xd1, 0xb2, 0x1, 0xfc, 0x34, 0x0, 0x28,
    0x83, 0x90, 0x28, 0x7, 0xf2, 0xe2, 0x88, 0x0,
    0x9f, 0xbc, 0x3, 0xf0,

    /* U+01F0 "ǰ" */
    0x3, 0xff, 0x20, 0x0, 0x77, 0xe8, 0xe, 0xc2,
    0xd0, 0x70, 0x96, 0x80, 0x9, 0x61, 0x78, 0x4b,
    0x40, 0x19, 0x28, 0x9, 0x68, 0x3, 0xcb, 0xdb,
    0x40, 0x1f, 0x84, 0x80, 0x3f, 0x27, 0xfa, 0x40,
    0x3f, 0xff, 0xe0, 0x1f, 0xff, 0xf0, 0xf, 0xff,
    0x0, 0x80, 0x4, 0x3, 0xef, 0x0, 0x70, 0x6,
    0x75, 0x95, 0x0, 0x38, 0x4, 0x31, 0x4c, 0x0,
    0xa1, 0x0, 0xc2, 0x2, 0x98, 0xa0, 0x18,

    /* U+01FA "Ǻ" */
    0x0, 0xff, 0x8f, 0xfd, 0x0, 0x1f, 0xfc, 0x41,
    0xd0, 0x98, 0x0, 0xff, 0xe2, 0x50, 0xdb, 0x0,
    0x7f, 0xf1, 0x6f, 0xd0, 0x3, 0xff, 0x88, 0x59,
    0xfa, 0x60, 0x1f, 0xfc, 0x4f, 0x7c, 0x7d, 0x0,
    0xff, 0xe1, 0x89, 0x41, 0xc0, 0x90, 0x7, 0xff,
    0x8, 0x42, 0x82, 0x80, 0x80, 0x3f, 0xf8, 0x72,
    0xde, 0xf2, 0x1, 0xff, 0xc4, 0x10, 0x8, 0xc0,
    0x3f, 0xf8, 0x94, 0x1, 0x48, 0x7, 0xff, 0xd,
    0x8, 0x2, 0x32, 0x0, 0xff, 0xe1, 0x70, 0x2,
    0x80, 0x14, 0x1, 0xff, 0xc1, 0x15, 0x4, 0x52,
    0x6, 0x0, 0xff, 0xe0, 0xb0, 0x3, 0x82, 0x80,
    0x54, 0x3, 0xff, 0x81, 0x40, 0x5, 0x6, 0x0,
    0x70, 0x7, 0xfc, 0x64, 0xc, 0x0, 0x14, 0x4,
    0x20, 0xf, 0xf5, 0x0, 0x28, 0x2, 0xe0, 0x5,
    0x0, 0x7f, 0x98, 0x8, 0xc0, 0x25, 0x10, 0x60,
    0xf, 0xe6, 0x0, 0x50, 0x7, 0x38, 0xa, 0x80,
    0x7e, 0xa0, 0x3, 0x0, 0x75, 0x0, 0x38, 0x3,
    0xe3, 0x30, 0xb, 0x3b, 0xf2, 0x0, 0x10, 0x40,
    0x3d, 0x40, 0x1, 0x88, 0xf8, 0x2, 0x90, 0xf,
    0x30, 0x7, 0xff, 0x5, 0x80, 0x39, 0x80, 0xd,
    0xff, 0xfc, 0x80, 0x28, 0x1, 0xa8, 0x1, 0x40,
    0x1f, 0xdc, 0x0, 0xf0, 0x8, 0x8c, 0x8, 0xc0,
    0x3f, 0x94, 0x41, 0x4, 0x1, 0x60, 0xa, 0x0,
    0xff, 0x9c, 0x0, 0xc0, 0x7, 0x0, 0x30, 0x7,
    0xfd, 0x40, 0xa, 0x5, 0x10, 0x41, 0x0, 0xff,
    0x8c, 0x80, 0x90,

    /* U+01FB "ǻ" */
    0x0, 0xfe, 0x38, 0x81, 0x80, 0x7f, 0x87, 0x5c,
    0x4c, 0x3, 0xfd, 0x43, 0x12, 0x1, 0xfe, 0x23,
    0xb7, 0x0, 0xff, 0x36, 0x3e, 0x80, 0x7f, 0x8e,
    0x65, 0x6e, 0xe0, 0xf, 0xeb, 0x27, 0x47, 0xc0,
    0xf, 0xee, 0x21, 0x5, 0x10, 0xf, 0xe7, 0x1f,
    0xd3, 0x90, 0xf, 0xcb, 0x42, 0x22, 0x1a, 0x20,
    0xe, 0x2d, 0xa4, 0x0, 0x85, 0xb5, 0x80, 0x21,
    0xc2, 0x3, 0x9a, 0x95, 0x0, 0x4a, 0x0, 0x20,
    0x41, 0xb1, 0x95, 0xaa, 0x0, 0x10, 0x0, 0x70,
    0x4, 0x80, 0x73, 0x80, 0xc, 0x1, 0xdf, 0xe0,
    0xf, 0x88, 0x3, 0xff, 0x8a, 0x20, 0x10, 0xbd,
    0xf7, 0xfe, 0x20, 0xe, 0x7e, 0x84, 0x10, 0xf,
    0xe7, 0x80, 0x18, 0xcf, 0xfc, 0x40, 0x1a, 0x0,
    0x18, 0xe6, 0x1, 0xf8, 0xc0, 0xa, 0x40, 0x1f,
    0xe7, 0x0, 0x8, 0x7, 0x84, 0x80, 0x25, 0x0,
    0x22, 0x0, 0x31, 0xe0, 0x6, 0x15, 0x0, 0x5d,
    0xa2, 0x19, 0x82, 0x0, 0x8c, 0x28, 0xc0, 0x8,
    0xee, 0x30, 0x54, 0x0, 0x38, 0x3, 0x24, 0xc4,
    0x5, 0x6e, 0xb9, 0x10, 0x60,

    /* U+01FC "Ǽ" */
    0x0, 0xff, 0xe2, 0xbc, 0x40, 0x80, 0x3f, 0xf9,
    0xd3, 0xe, 0x44, 0x0, 0xff, 0xe6, 0x9b, 0x2,
    0x50, 0x7, 0xff, 0x3b, 0x80, 0xec, 0x3, 0xff,
    0x9d, 0x24, 0x4c, 0x0, 0xff, 0xe7, 0xcf, 0xe8,
    0x7, 0xff, 0xbf, 0x3f, 0xff, 0xf8, 0x4c, 0x1,
    0xff, 0xc2, 0x63, 0x0, 0xff, 0xe8, 0xc, 0x80,
    0x63, 0xaa, 0xff, 0x20, 0x7, 0xff, 0x6, 0xc0,
    0xa, 0x0, 0x65, 0x5f, 0xf1, 0x0, 0x7f, 0xf0,
    0x11, 0x40, 0xe4, 0x0, 0x20, 0x1f, 0xfc, 0xb9,
    0x0, 0x78, 0x80, 0x1c, 0x3, 0xff, 0x95, 0x4,
    0xc, 0x66, 0x0, 0xff, 0xe6, 0x13, 0x80, 0xc0,
    0x6, 0x10, 0xf, 0xfe, 0x4f, 0x0, 0x20, 0x40,
    0x40, 0x6, 0x1, 0xff, 0xc8, 0x63, 0x3, 0x60,
    0xe, 0x1f, 0xff, 0xe2, 0x0, 0xfe, 0x19, 0x0,
    0x78, 0x7, 0xff, 0x3a, 0xc0, 0xc, 0x60, 0x18,
    0x40, 0x15, 0x5f, 0xc4, 0x1, 0xf9, 0x14, 0x6,
    0x0, 0x38, 0xc0, 0xa, 0xbf, 0xc0, 0x1f, 0xd4,
    0x0, 0x81, 0x0, 0xe1, 0x0, 0x8, 0x7, 0xff,
    0x12, 0x4, 0x1, 0x3f, 0xfe, 0x30, 0x1, 0x80,
    0x7f, 0xf0, 0xcd, 0xc0, 0x3f, 0xf8, 0x22, 0x1,
    0xff, 0xc3, 0xf0, 0x1, 0x22, 0x7e, 0x10, 0xf,
    0xfe, 0x2b, 0x18, 0xe, 0x5d, 0xfe, 0x40, 0x3,
    0x80, 0x7f, 0xf0, 0x46, 0x40, 0x10, 0x20, 0x1f,
    0x8c, 0x0, 0x20, 0x1f, 0xfc, 0x1b, 0x0, 0x1b,
    0x0, 0x7f, 0x8, 0x3, 0x15, 0x7f, 0xc4, 0x8,
    0xa0, 0xf, 0x0, 0xff, 0xe0, 0xb5, 0x57, 0xf9,
    0x2, 0x80, 0xc, 0x60, 0x1f, 0xef, 0x0, 0xff,
    0xe1, 0x0,

    /* U+01FD "ǽ" */
    0x0, 0xff, 0xe0, 0xc7, 0xfb, 0x0, 0x3f, 0xf9,
    0x8, 0xe0, 0x78, 0x1, 0xff, 0xc7, 0x1a, 0x4,
    0xc0, 0xf, 0xfe, 0x45, 0xa, 0x58, 0x7, 0xff,
    0x26, 0xba, 0xc0, 0x3f, 0xf9, 0x42, 0x20, 0xf,
    0xfe, 0x19, 0xce, 0xff, 0xba, 0xd4, 0x2, 0x18,
    0xdf, 0xf7, 0x52, 0x0, 0x74, 0xe3, 0x10, 0x0,
    0x52, 0xb0, 0x17, 0x9c, 0x80, 0x2, 0xb7, 0x40,
    0x14, 0xb0, 0x1, 0x66, 0x9c, 0x40, 0xf2, 0x80,
    0xb, 0x34, 0xe2, 0xb, 0x20, 0x2c, 0x0, 0xba,
    0x65, 0x8f, 0x10, 0x30, 0x5, 0xd3, 0x2c, 0x79,
    0x3, 0x19, 0x8, 0x2a, 0x0, 0x61, 0x90, 0xa,
    0x10, 0x3, 0xc, 0x80, 0x28, 0xfb, 0xe8, 0x3,
    0xc4, 0x1, 0x38, 0x7, 0x90, 0x0, 0xa0, 0x1e,
    0x22, 0xc6, 0x0, 0x32, 0x2f, 0xc0, 0x2, 0x0,
    0x14, 0xef, 0xee, 0xe9, 0x0, 0x1e, 0xef, 0xe0,
    0x0, 0x82, 0xeb, 0x10, 0x7, 0xff, 0x20, 0xa8,
    0x0, 0x97, 0xff, 0xac, 0x0, 0xbf, 0xff, 0xf5,
    0x80, 0x16, 0xd0, 0x3, 0xe6, 0x0, 0xff, 0x88,
    0x1, 0x20, 0x1f, 0xc6, 0x1, 0xff, 0xc2, 0x10,
    0xf, 0x8, 0x4, 0xe0, 0x1f, 0xe2, 0x0, 0x58,
    0x7, 0x2d, 0x0, 0x50, 0xa0, 0x1e, 0x4b, 0xb,
    0x0, 0x35, 0xb2, 0xbe, 0xd0, 0x1, 0xc0, 0x15,
    0x8e, 0xaa, 0x8c, 0xb4, 0x62, 0x80, 0x2, 0x4d,
    0x41, 0x1, 0x64, 0x58, 0x81, 0xc5, 0x51, 0xcc,
    0x9, 0x41, 0xf1, 0x44, 0x0, 0x2b, 0x5a, 0x60,
    0x9d, 0x6, 0x20, 0x2, 0x5a, 0xd3,

    /* U+01FE "Ǿ" */
    0x0, 0xff, 0xaf, 0xfd, 0x40, 0x1f, 0xfc, 0x36,
    0x40, 0x5a, 0x0, 0xff, 0xe1, 0x14, 0x82, 0x50,
    0x7, 0xff, 0xe, 0x40, 0xec, 0x3, 0xff, 0x86,
    0x47, 0x1a, 0x1, 0xff, 0xc4, 0x28, 0x71, 0x0,
    0xff, 0xf0, 0xf, 0xf8, 0x80, 0x3c, 0xb5, 0xdf,
    0xee, 0xb6, 0x0, 0x50, 0x41, 0x0, 0x63, 0xda,
    0x51, 0x0, 0xa, 0x4f, 0x4a, 0x1b, 0x80, 0x65,
    0xc2, 0x0, 0x23, 0xb9, 0x0, 0x2, 0xc1, 0xe0,
    0x18, 0xe8, 0x0, 0xdd, 0x71, 0xb, 0xf7, 0x0,
    0xfd, 0xe0, 0x6, 0x91, 0x0, 0xed, 0x0, 0xb8,
    0x2, 0x43, 0x2, 0x90, 0xf, 0xd, 0x80, 0x81,
    0x20, 0x3, 0x80, 0x14, 0x1, 0xf5, 0x8b, 0x40,
    0x3, 0x80, 0xe, 0x0, 0x50, 0xf, 0x22, 0x94,
    0xb8, 0x1, 0x0, 0x4, 0x0, 0x20, 0xf, 0x50,
    0x48, 0x8, 0x0, 0x40, 0x40, 0x4, 0x1, 0xe9,
    0x16, 0x40, 0x1, 0x0, 0x8, 0xc0, 0x3f, 0x23,
    0xc, 0x80, 0x7f, 0xf1, 0x24, 0x28, 0x3, 0xf1,
    0x80, 0x7d, 0x24, 0xa8, 0x1, 0xf8, 0x40, 0x4,
    0x1, 0x1b, 0xd, 0x80, 0x71, 0x0, 0x8, 0x8,
    0x0, 0x40, 0xe, 0xb, 0x10, 0xc, 0x20, 0x1,
    0x0, 0x20, 0x1, 0x42, 0x9, 0x14, 0x3, 0x9c,
    0x0, 0x80, 0xd, 0x0, 0x51, 0xb8, 0x50, 0x7,
    0xac, 0x1, 0xe0, 0x4, 0x30, 0x2c, 0x9, 0x10,
    0xe, 0x72, 0x2, 0x50, 0xb, 0xc0, 0x21, 0x70,
    0xe, 0x88, 0x0, 0x24, 0x3, 0x1c, 0x0, 0x7,
    0xae, 0x21, 0x5e, 0xe0, 0x9, 0x40, 0xe, 0xb0,
    0x10, 0x2, 0x3b, 0x94, 0x0, 0x36, 0xc0, 0x1c,
    0xe6, 0x6e, 0xa5, 0x10, 0x0, 0xa4, 0xf2, 0x0,
    0x71, 0x40, 0x70, 0x2d, 0x77, 0xfb, 0xad, 0x80,
    0x3c,

    /* U+01FF "ǿ" */
    0x0, 0xfd, 0x1f, 0xec, 0x0, 0xff, 0x91, 0xc1,
    0x30, 0x3, 0xfc, 0x34, 0x9, 0x60, 0x1f, 0xf6,
    0x8a, 0x58, 0x7, 0xff, 0x3, 0x7a, 0xc0, 0x25,
    0x71, 0x0, 0xf8, 0x44, 0x1, 0xd, 0x50, 0x40,
    0x38, 0xa7, 0x7f, 0xdd, 0x54, 0x8, 0x0, 0xe8,
    0xd6, 0x20, 0x0, 0xaa, 0x2, 0x0, 0x69, 0x70,
    0x2, 0xcd, 0x38, 0x5, 0xa0, 0x12, 0x30, 0xe,
    0x53, 0x2c, 0x80, 0x47, 0x0, 0x8, 0x0, 0x51,
    0x80, 0x50, 0x10, 0x0, 0x71, 0x23, 0x2, 0x40,
    0x8, 0x58, 0x9d, 0x80, 0xe, 0x80, 0x5, 0x0,
    0xd0, 0x10, 0x1a, 0x0, 0xce, 0x0, 0x68, 0x4,
    0x4c, 0x6a, 0xc, 0x0, 0x61, 0x0, 0xf5, 0x84,
    0x80, 0xc, 0x2, 0x10, 0xe, 0x26, 0x35, 0x0,
    0xf7, 0x0, 0x34, 0x1, 0x1, 0x0, 0x12, 0x80,
    0x19, 0x0, 0x8, 0x4, 0xa6, 0x80, 0x16, 0x80,
    0x30, 0x88, 0x6, 0x90, 0x10, 0x1, 0xb, 0x0,
    0x1c, 0x24, 0x1, 0x4a, 0x68, 0x0, 0x1d, 0x0,
    0x38, 0x82, 0x30, 0x8, 0x1, 0x96, 0x3c, 0xc0,
    0xe0, 0x2, 0x96, 0x0, 0x1c, 0xd3, 0x88, 0x26,
    0x80, 0x71, 0x82, 0x90, 0x0, 0x56, 0xec, 0x20,
    0x18, 0x94, 0xeb, 0x7f, 0xdd, 0x48, 0x1, 0xe8,
    0x8, 0x0, 0xff, 0x80,

    /* U+0218 "Ș" */
    0x0, 0xc5, 0x19, 0xdf, 0xed, 0xa5, 0x0, 0xfa,
    0x75, 0xcc, 0x40, 0x4, 0xb5, 0x84, 0x1, 0xb1,
    0x80, 0x6, 0xf1, 0x5, 0x10, 0x3d, 0x30, 0x3,
    0x98, 0xe, 0x62, 0x1d, 0xd5, 0xca, 0x0, 0xe0,
    0x5, 0x0, 0x2c, 0xc0, 0x3d, 0x46, 0x4, 0xa0,
    0x40, 0x5, 0x0, 0xfd, 0x40, 0xf, 0x0, 0xc2,
    0x1, 0xf9, 0x1d, 0xd8, 0x8, 0x0, 0x80, 0xf,
    0xc5, 0x10, 0x60, 0x80, 0x3, 0x59, 0x80, 0x7f,
    0xc7, 0x60, 0x4, 0xcc, 0x39, 0x80, 0x7f, 0x27,
    0x28, 0x0, 0xe3, 0x3a, 0x4c, 0x3, 0xe1, 0xae,
    0x82, 0x0, 0xb, 0x65, 0x90, 0x7, 0xc2, 0xfb,
    0xd2, 0x80, 0x4, 0xd4, 0x0, 0xfe, 0x16, 0xbd,
    0x40, 0x5, 0x8, 0x7, 0xfc, 0x56, 0x80, 0x32,
    0xd3, 0x22, 0x0, 0xfe, 0xe0, 0x1, 0xe3, 0x31,
    0x0, 0x3f, 0x84, 0x0, 0xfe, 0x0, 0xb0, 0xf,
    0xec, 0x0, 0x32, 0x90, 0x16, 0x10, 0x7, 0x95,
    0xc0, 0x1c, 0x1e, 0x20, 0x7b, 0x70, 0xee, 0x9d,
    0xa0, 0x2, 0xa0, 0x17, 0xa8, 0x1, 0x1e, 0x20,
    0xc4, 0x0, 0x7a, 0x0, 0x86, 0xb6, 0xc, 0x40,
    0x2, 0x91, 0xd0, 0x1, 0xe2, 0x7c, 0xef, 0xf7,
    0x5b, 0x88, 0x7, 0xf9, 0x22, 0x2, 0x1, 0xff,
    0xc1, 0xd7, 0x71, 0x80, 0x7f, 0xf0, 0x4c, 0x0,
    0x60, 0x1f, 0xfc, 0x16, 0x1, 0x10, 0x7, 0xff,
    0x0, 0x8c, 0x18, 0x3, 0xff, 0x82, 0xa0, 0x32,
    0x1, 0xff, 0xc1, 0x79, 0xc1, 0x0, 0xf8,

    /* U+0219 "ș" */
    0x0, 0x86, 0x37, 0xfd, 0xd6, 0xc0, 0x1c, 0xbc,
    0xe4, 0x0, 0x14, 0x9d, 0x20, 0x1, 0xd0, 0x1,
    0x66, 0xa0, 0x40, 0xb0, 0x1, 0x0, 0x9, 0xa6,
    0x57, 0xe3, 0x1, 0x70, 0x50, 0x3, 0x0, 0x77,
    0x80, 0x30, 0xc, 0x0, 0x40, 0x1c, 0x7b, 0xaa,
    0x5, 0x0, 0x63, 0x8, 0x6, 0x22, 0x8, 0x42,
    0x0, 0xcf, 0x6c, 0xa0, 0x7, 0xae, 0x8c, 0x0,
    0x4d, 0x7d, 0x0, 0x1c, 0xb9, 0xd4, 0xc6, 0x2,
    0xfa, 0x20, 0x1c, 0x2b, 0x39, 0xa6, 0x5, 0x6,
    0xcc, 0x20, 0xe, 0x2d, 0x0, 0x3a, 0xcc, 0xac,
    0x3, 0xc2, 0x1, 0x38, 0x1, 0x8c, 0x3, 0x98,
    0x0, 0xa3, 0x0, 0xc, 0xa6, 0x56, 0xb9, 0x0,
    0x40, 0x3c, 0x0, 0x16, 0x6a, 0x50, 0x1, 0x46,
    0x0, 0x7d, 0x72, 0x0, 0x8e, 0x39, 0x40, 0x31,
    0x46, 0xff, 0xd8, 0xe2, 0x1, 0xf9, 0x22, 0x2,
    0x1, 0xfe, 0xd7, 0x71, 0x80, 0x7f, 0x8c, 0x0,
    0x60, 0x1f, 0xe7, 0x2, 0x10, 0xf, 0xe3, 0x20,
    0x50, 0xf, 0xf5, 0x80, 0xc8, 0x7, 0xfa, 0x27,
    0x4, 0x3, 0x80,

    /* U+021A "Ț" */
    0x3f, 0xff, 0xfe, 0x2a, 0x80, 0x7f, 0xf1, 0xca,
    0x67, 0xe0, 0xa, 0x26, 0x7c, 0xe2, 0xcd, 0xf0,
    0x80, 0x1d, 0x9b, 0xc4, 0x1, 0xff, 0xff, 0x0,
    0xff, 0xff, 0x80, 0x7f, 0xff, 0xc0, 0x3f, 0xff,
    0xe0, 0x1f, 0xfe, 0x6e, 0xff, 0x0, 0x7f, 0xf5,
    0xf3, 0xfc, 0x1, 0xff, 0xc6, 0x10, 0xf, 0xfe,
    0x21, 0x1, 0x0, 0x7f, 0xf0, 0xc8, 0x41, 0x0,
    0x3f, 0xf8, 0x70, 0x0, 0x90, 0xf, 0xfe, 0x1f,
    0x8d, 0x8, 0x7, 0xff, 0xd, 0x79, 0x40, 0x3f,
    0x80,

    /* U+021B "ț" */
    0x0, 0xb3, 0xfc, 0x40, 0x1f, 0xfd, 0x5d, 0xff,
    0x18, 0x3, 0x7f, 0xc8, 0x1, 0xfe, 0xfc, 0xc1,
    0x0, 0x2f, 0x30, 0x84, 0x66, 0x10, 0x3, 0x19,
    0x80, 0x3f, 0xff, 0xe0, 0x1f, 0xfc, 0x77, 0x0,
    0x30, 0x7, 0x8c, 0x1, 0x50, 0xe6, 0x1, 0x48,
    0x80, 0xbc, 0x30, 0x4, 0x38, 0x80, 0x1, 0x10,
    0x6, 0x2b, 0xff, 0x72, 0x0, 0x71, 0x44, 0xc,
    0x3, 0xce, 0xf2, 0x80, 0x7f, 0x18, 0x7, 0xb4,
    0x0, 0xe0, 0x1e, 0x60, 0x32, 0x0, 0xe3, 0x10,
    0x80, 0xf, 0x1e, 0x52, 0x0, 0x0,

    /* U+0237 "ȷ" */
    0x0, 0xc9, 0xfe, 0x90, 0xf, 0xff, 0xf8, 0x7,
    0xff, 0xd4, 0x40, 0x2, 0x1, 0xbc, 0x1, 0xc0,
    0xeb, 0x2a, 0x0, 0x71, 0x8a, 0x60, 0x5, 0x8,
    0x8, 0xa, 0x62, 0x80,

    /* U+0259 "ə" */
    0x0, 0x9a, 0xfb, 0xfd, 0xb4, 0x60, 0x1c, 0x9d,
    0x28, 0x20, 0x2, 0x5c, 0xa0, 0xd, 0xe2, 0xb,
    0x15, 0x2c, 0x0, 0x5b, 0x0, 0xa9, 0x7a, 0x9d,
    0x5a, 0x74, 0x81, 0x1c, 0x0, 0x34, 0x20, 0x1c,
    0x5e, 0x0, 0x90, 0xf, 0xf8, 0x90, 0x5, 0x0,
    0x3f, 0xed, 0x0, 0x61, 0x2a, 0xff, 0xb8, 0x0,
    0x4b, 0x55, 0xfe, 0x70, 0xf, 0xfe, 0x30, 0x80,
    0x23, 0xff, 0xe9, 0x0, 0x11, 0x0, 0x1c, 0x1,
    0xf6, 0x80, 0x31, 0x0, 0xe, 0x1, 0xe3, 0x40,
    0x14, 0x5, 0x1, 0x80, 0xc, 0x3c, 0x0, 0x80,
    0x5, 0x88, 0x3e, 0x3a, 0xc7, 0x90, 0x2b, 0x0,
    0x7, 0x44, 0xe, 0x29, 0xc4, 0x1a, 0x80, 0x31,
    0xfc, 0x18, 0x0, 0x57, 0x24, 0x2,

    /* U+02BC "ʼ" */
    0x0, 0x67, 0xf8, 0x80, 0x3f, 0xe3, 0x0, 0x10,
    0x8, 0x80, 0xc4, 0x1c, 0x1, 0x20, 0xb, 0x1,
    0x40, 0x92, 0x1, 0xea, 0x60, 0x0,

    /* U+02C6 "ˆ" */
    0x0, 0xcb, 0x6, 0x1, 0xf3, 0x53, 0xe1, 0x0,
    0x72, 0x48, 0x28, 0x78, 0x80, 0x47, 0x61, 0x54,
    0x62, 0xd0, 0x0, 0xe8, 0x42, 0x84, 0xa1, 0xd0,
    0x0,

    /* U+02C7 "ˇ" */
    0x48, 0x60, 0xc, 0xd0, 0xca, 0xa9, 0x80, 0x4,
    0x4b, 0x20, 0xf8, 0xbb, 0x31, 0xc3, 0x48, 0xb,
    0x42, 0x64, 0x16, 0x60, 0x11, 0xd0, 0x2, 0x90,
    0x0,

    /* U+02C9 "ˉ" */
    0x23, 0x3f, 0xe2, 0xec, 0xcf, 0xe9, 0x0, 0xff,
    0x80,

    /* U+02D8 "˘" */
    0xef, 0x70, 0xd, 0xfe, 0x54, 0xa, 0x10, 0x4,
    0x0, 0x12, 0x4, 0xbb, 0x79, 0xc2, 0x4, 0xbd,
    0x84, 0x85, 0x2d, 0xc0,

    /* U+02D9 "˙" */
    0x3, 0x20, 0x8c, 0xd5, 0x40, 0x6, 0x48, 0xd,
    0x0,

    /* U+02DA "˚" */
    0x0, 0xc2, 0x1, 0xd3, 0xfd, 0xa8, 0x0, 0xa6,
    0x8a, 0x1b, 0x20, 0x56, 0x75, 0xd0, 0xa1, 0x1,
    0x0, 0x8, 0x8, 0x8d, 0x90, 0xa8, 0x34, 0x38,
    0xef, 0x56, 0x10, 0xb, 0x72, 0xf9, 0xc0,

    /* U+02DB "˛" */
    0x0, 0xcc, 0x20, 0x11, 0xec, 0xc0, 0x0, 0xf0,
    0x9e, 0x40, 0x1c, 0x9, 0x0, 0x2, 0x20, 0x70,
    0x7, 0xb0, 0x94, 0x8, 0x41, 0xb6, 0x8c, 0x31,
    0x0, 0x8, 0x40,

    /* U+02DC "˜" */
    0x0, 0xff, 0x19, 0x0, 0x1b, 0xbe, 0x84, 0x0,
    0x39, 0xa0, 0xd2, 0x20, 0xbc, 0xc7, 0x40, 0x81,
    0x60, 0xd9, 0x1, 0x38, 0x81, 0xe0, 0x41, 0x26,
    0xf8, 0x60, 0x54, 0x80,

    /* U+02DD "˝" */
    0x0, 0xaa, 0xa0, 0x4, 0x55, 0x10, 0x1, 0xa,
    0xac, 0x7, 0x72, 0x82, 0x1, 0x38, 0x2b, 0x1c,
    0x2, 0x50, 0x2, 0x0, 0xa8, 0x74, 0xe, 0xc0,
    0x6, 0xa1, 0xc1, 0x42, 0x5a, 0x1, 0x0,

    /* U+02F3 "˳" */
    0x0, 0xfc, 0x37, 0xfc, 0x80, 0xd, 0x6b, 0x7b,
    0x10, 0x3b, 0x49, 0x4, 0x2, 0xd1, 0x60, 0x70,
    0xe5, 0xe9, 0x72, 0x3, 0xed, 0xe8, 0x0,

    /* U+0300 "̀" */
    0x18, 0x88, 0x80, 0x21, 0xf7, 0x77, 0x0, 0x67,
    0x60, 0x36, 0x0, 0xd2, 0x81, 0x24, 0x1, 0xac,
    0xc3, 0x80,

    /* U+0301 "́" */
    0x0, 0x8e, 0x20, 0xe0, 0x1b, 0x5d, 0xc4, 0x1,
    0x48, 0x84, 0xa8, 0x1, 0x18, 0x21, 0x80, 0x2a,
    0x7, 0x70, 0x4,

    /* U+0303 "̃" */
    0x0, 0xfe, 0x22, 0x0, 0x13, 0x7f, 0xc, 0x2,
    0xfd, 0x22, 0x59, 0x1, 0xe4, 0x1c, 0x10, 0x15,
    0x81, 0xe4, 0x8b, 0xe3, 0x83, 0x82, 0x7, 0x9b,
    0x7a, 0x80, 0xbc, 0x0,

    /* U+0309 "̉" */
    0x49, 0x62, 0x0, 0x63, 0x4e, 0xb8, 0x47, 0x40,
    0x41, 0x0, 0xb8, 0x1, 0x85, 0xac, 0x0, 0xa5,
    0x28, 0x78, 0x20, 0x1, 0xc3, 0x0,

    /* U+030F "̏" */
    0x1, 0x18, 0x0, 0x23, 0x0, 0x75, 0xf7, 0x28,
    0x27, 0xb9, 0x20, 0x1a, 0x9c, 0x16, 0xa1, 0x81,
    0x90, 0x3, 0x44, 0x82, 0xcc, 0x94, 0x28, 0x40,
    0x33, 0x58, 0x34, 0x52, 0xd, 0x0,

    /* U+0323 "̣" */
    0x0, 0x18, 0x80, 0x37, 0x3c, 0x44, 0x40, 0x2a,
    0x2a, 0x8, 0x80,

    /* U+0384 "΄" */
    0x0, 0x19, 0x84, 0x1b, 0x30, 0x41, 0xc0, 0x46,
    0x6, 0xa, 0x0, 0x50, 0xa0, 0x0, 0x99, 0x0,

    /* U+0385 "΅" */
    0x0, 0xf8, 0x44, 0x1, 0xff, 0x4f, 0x70, 0xc0,
    0x3f, 0xca, 0x4, 0x60, 0x1e, 0x30, 0x8, 0xc2,
    0x80, 0x4c, 0x2, 0xec, 0xe0, 0x20, 0x3, 0x17,
    0x66, 0x0, 0xc4, 0x4, 0x89, 0xfe, 0x17, 0x0,
    0x18, 0x1a, 0x2, 0x90, 0x6, 0x43, 0x7, 0x0,

    /* U+0386 "Ά" */
    0x0, 0x97, 0xfc, 0x80, 0x1f, 0xfc, 0x52, 0x1,
    0x40, 0xf, 0xfe, 0x2e, 0x83, 0x80, 0x7f, 0xf1,
    0x98, 0x34, 0x0, 0x3f, 0xee, 0x0, 0xff, 0xe0,
    0x18, 0xa0, 0x1, 0x80, 0x2, 0xa0, 0x1f, 0xf6,
    0x60, 0x2, 0xa0, 0xa, 0x40, 0x3f, 0xe3, 0x20,
    0x2, 0x10, 0x20, 0x19, 0x0, 0x7f, 0xf0, 0xb8,
    0x6, 0x80, 0x14, 0x1, 0xff, 0xc1, 0x15, 0x7,
    0x14, 0x6, 0x0, 0xff, 0xe0, 0xb0, 0x2, 0x83,
    0x80, 0x54, 0x3, 0xff, 0x81, 0x40, 0x46, 0xa,
    0x21, 0xc0, 0x1f, 0xf1, 0x90, 0x50, 0x4, 0xe0,
    0x84, 0x1, 0xfe, 0xa0, 0x3, 0x0, 0x54, 0x0,
    0xa0, 0xf, 0xf3, 0x1, 0x88, 0x4, 0x64, 0xc,
    0x1, 0xfc, 0xc0, 0xa, 0x0, 0xea, 0x1, 0x50,
    0xf, 0xd4, 0x0, 0x60, 0xe, 0x60, 0x7, 0x0,
    0x7c, 0x66, 0x2, 0x77, 0xf3, 0x8, 0x20, 0x80,
    0x7a, 0x80, 0x5, 0x11, 0xf0, 0x80, 0x24, 0x3,
    0xcc, 0x1, 0xff, 0xc1, 0x60, 0xe, 0x60, 0x3,
    0xff, 0xff, 0x28, 0xa, 0x0, 0x6a, 0x0, 0x50,
    0x7, 0xf7, 0x0, 0x3c, 0x2, 0x23, 0x2, 0x20,
    0x7, 0xf2, 0x8, 0x20, 0x80, 0x2c, 0x1, 0x40,
    0x1f, 0xf3, 0x0, 0x18, 0x0, 0xe0, 0x6, 0x0,
    0xff, 0xa8, 0x1, 0x40, 0xa2, 0x8, 0x20, 0x1f,
    0xf1, 0x10, 0x9, 0x0,

    /* U+0387 "·" */
    0x4, 0x50, 0x7b, 0xaa, 0x68, 0x1, 0xe4, 0x42,
    0xc0,

    /* U+0388 "Έ" */
    0xf, 0xf4, 0x80, 0x7f, 0xf1, 0x4c, 0x1, 0x40,
    0x1f, 0xfc, 0x55, 0x1, 0x30, 0xf, 0xfe, 0x2f,
    0x3, 0x0, 0x59, 0xff, 0xff, 0xc1, 0x83, 0xa,
    0x0, 0xff, 0xe3, 0x4e, 0x90, 0x7, 0x9e, 0x67,
    0xfd, 0x64, 0x40, 0xf, 0xad, 0x9b, 0xfc, 0x60,
    0x1f, 0xff, 0xf0, 0xf, 0xfe, 0xde, 0x7f, 0xff,
    0x8, 0x7, 0xff, 0x4d, 0xe6, 0x7f, 0x84, 0x3,
    0xfd, 0x6c, 0xdf, 0xc0, 0x1f, 0xff, 0xf0, 0xf,
    0xff, 0x95, 0xb3, 0x7f, 0x90, 0x3, 0xf9, 0xe6,
    0x7f, 0xdc, 0x1, 0xff, 0xc9,

    /* U+0389 "Ή" */
    0xd, 0xfc, 0x0, 0xff, 0xe4, 0x90, 0x58, 0x7,
    0xff, 0x20, 0x80, 0xc, 0x1, 0xff, 0xc8, 0x70,
    0x41, 0x0, 0x67, 0xf8, 0xc0, 0x3f, 0xcb, 0xfe,
    0xb2, 0xd, 0x0, 0xff, 0xe4, 0xb6, 0x30, 0x7,
    0xff, 0x24, 0x4c, 0x3, 0xff, 0xfe, 0x1, 0xff,
    0xff, 0xc, 0xff, 0xff, 0x50, 0x7, 0xff, 0x61,
    0xe6, 0x7f, 0xcc, 0x1, 0xff, 0xc0, 0xb6, 0x6f,
    0xf6, 0x0, 0x7f, 0xff, 0xc0, 0x3f, 0xff, 0xe0,
    0x1f, 0xff, 0x90,

    /* U+038A "Ί" */
    0xb, 0xfe, 0x0, 0xf9, 0x41, 0x80, 0x3c, 0x22,
    0xb, 0x0, 0xf1, 0x1, 0x18, 0x2, 0x7f, 0xce,
    0xa1, 0x40, 0x1f, 0x3e, 0x38, 0x7, 0xc2, 0x60,
    0x1f, 0xff, 0xf0, 0xf, 0xff, 0xf8, 0x7, 0xff,
    0x68,

    /* U+038C "Ό" */
    0x5, 0xff, 0x20, 0x7, 0xff, 0x18, 0x80, 0x50,
    0x3, 0xff, 0x8d, 0xa0, 0xe0, 0x1f, 0xfc, 0x77,
    0xa, 0x0, 0xc7, 0x3b, 0xfe, 0xec, 0x71, 0x0,
    0xf1, 0x9, 0x80, 0x6, 0xf1, 0x88, 0x0, 0x27,
    0x1c, 0xe0, 0x1d, 0x98, 0x0, 0x17, 0xa0, 0x0,
    0xd9, 0xd4, 0x40, 0x11, 0x40, 0x18, 0xc8, 0x1,
    0xe2, 0x5, 0x98, 0x98, 0xae, 0xa0, 0x2, 0xc0,
    0x7, 0x9c, 0x80, 0xb4, 0xc0, 0x39, 0x70, 0x0,
    0xe4, 0x1, 0xd2, 0x0, 0xe0, 0xf, 0xc6, 0xe0,
    0x8, 0x0, 0xca, 0x20, 0x66, 0x0, 0xfe, 0x90,
    0x2, 0x80, 0x6d, 0x0, 0x58, 0x7, 0xf8, 0x4c,
    0x0, 0x60, 0x11, 0x80, 0xc, 0x3, 0xfe, 0x60,
    0x3, 0x0, 0x4e, 0x0, 0x60, 0xf, 0xf8, 0x80,
    0x4, 0x1, 0x8, 0x7, 0xff, 0x7c, 0x40, 0x3f,
    0xf9, 0x2e, 0x0, 0x60, 0xf, 0xf8, 0x80, 0x4,
    0x1, 0x18, 0x0, 0xc0, 0x3f, 0xe6, 0x0, 0x30,
    0x5, 0x80, 0xb, 0x0, 0xff, 0x9, 0x80, 0xc,
    0x2, 0x41, 0x3, 0x30, 0x7, 0xf4, 0x80, 0x14,
    0x3, 0xa4, 0x1, 0xc2, 0x1, 0xf1, 0xb8, 0x2,
    0x40, 0x39, 0xc8, 0xb, 0xc, 0x3, 0x97, 0x40,
    0xe, 0x60, 0x1e, 0xc2, 0x2, 0xcc, 0x4c, 0x4e,
    0xd0, 0x82, 0x40, 0x7, 0xc3, 0x8a, 0x0, 0x36,
    0x76, 0x20, 0x3, 0xd8, 0x7, 0xf0, 0xd6, 0x31,
    0x0, 0x4, 0xdf, 0xa0, 0x3, 0x0,

    /* U+038E "Ύ" */
    0x6, 0xff, 0x18, 0x7, 0xff, 0x23, 0x80, 0x4c,
    0x3, 0xff, 0x90, 0x60, 0xc0, 0x1f, 0xfc, 0x95,
    0xa, 0xe, 0xff, 0x40, 0x7, 0xf8, 0xff, 0xe3,
    0x1, 0x22, 0x5, 0x80, 0x1c, 0x40, 0x3f, 0xbc,
    0x0, 0xa6, 0x19, 0x80, 0x2, 0xa0, 0x2, 0xc0,
    0x3f, 0x29, 0x80, 0x2c, 0x0, 0x62, 0x1, 0x48,
    0x1, 0x4c, 0x3, 0xe8, 0x0, 0x40, 0x80, 0x7c,
    0x4c, 0x0, 0xf0, 0xf, 0x31, 0x1, 0x38, 0x7,
    0xf4, 0x8, 0x1a, 0x0, 0x61, 0x80, 0x4, 0x80,
    0x7f, 0x86, 0x0, 0x12, 0x1, 0xa4, 0x41, 0x10,
    0x1, 0xff, 0x31, 0x1, 0x30, 0x0, 0x9c, 0x1,
    0x20, 0x1f, 0xfc, 0x19, 0x0, 0x40, 0x2, 0x0,
    0xe, 0x40, 0x1f, 0xfc, 0x14, 0x50, 0x18, 0x35,
    0x1, 0x80, 0xf, 0xfe, 0x1d, 0x80, 0x1f, 0x80,
    0x10, 0x1, 0xff, 0xc4, 0x17, 0x0, 0x10, 0x1b,
    0x0, 0x7f, 0xf1, 0x60, 0x40, 0x2f, 0x0, 0xff,
    0xe3, 0xc0, 0x1, 0xc, 0x3, 0xff, 0x8e, 0x60,
    0x1, 0x0, 0xff, 0xff, 0x80, 0x7f, 0xff, 0xc0,
    0x3f, 0xf9, 0xc0,

    /* U+038F "Ώ" */
    0x4, 0xff, 0x28, 0x7, 0xff, 0x14, 0xc0, 0xa,
    0x1, 0xff, 0xc5, 0xd0, 0x50, 0xf, 0xfe, 0x33,
    0x7, 0x0, 0x66, 0xbe, 0xff, 0x6c, 0x98, 0x7,
    0x8c, 0x50, 0x0, 0x9d, 0x28, 0x20, 0x2, 0x6c,
    0xa1, 0x0, 0xd9, 0x80, 0x3, 0x58, 0x81, 0x3c,
    0xc2, 0x80, 0x17, 0x4, 0x2, 0x32, 0x3, 0x90,
    0x4, 0xec, 0x33, 0xd7, 0x20, 0x16, 0x80, 0x7b,
    0xc0, 0x10, 0xc0, 0x1c, 0x36, 0x40, 0x6a, 0x1,
    0x8c, 0xc0, 0x4e, 0x1, 0xfa, 0x40, 0x10, 0x1,
    0xac, 0x0, 0xa0, 0x1f, 0xc8, 0x20, 0x44, 0x0,
    0x8c, 0x1, 0x80, 0x1f, 0xe5, 0x0, 0x38, 0x4,
    0xc0, 0x6, 0x0, 0xff, 0x10, 0x0, 0x80, 0x23,
    0x0, 0xff, 0xe0, 0x88, 0x7, 0xff, 0x2f, 0xc0,
    0x3f, 0xf9, 0x1e, 0x1, 0x18, 0x0, 0x40, 0x3f,
    0xc2, 0x0, 0x10, 0x9, 0xc0, 0xe, 0x1, 0xfe,
    0x20, 0x1, 0x0, 0x58, 0x0, 0x30, 0xf, 0xf2,
    0x80, 0x10, 0x2, 0x70, 0x5, 0x80, 0x7f, 0x10,
    0x82, 0x0, 0x61, 0x50, 0x32, 0x0, 0xfd, 0x60,
    0xf, 0x0, 0xe8, 0x0, 0x70, 0x7, 0xc4, 0xc0,
    0x88, 0x0, 0xe2, 0x90, 0x3a, 0x0, 0xe3, 0xc0,
    0x1a, 0x0, 0xe5, 0x60, 0x20, 0x5e, 0x90, 0x2b,
    0xc1, 0x7, 0x73, 0x10, 0x5, 0x13, 0x22, 0x0,
    0xb, 0x3, 0x20, 0x4, 0xd3, 0x24, 0x0, 0xff,
    0x8, 0x38, 0x7, 0xe0,

    /* U+0390 "ΐ" */
    0x0, 0xf7, 0x7f, 0x0, 0x7f, 0x8, 0x81, 0x80,
    0x3f, 0x94, 0x1, 0x40, 0x1f, 0xc6, 0x6, 0x40,
    0x18, 0xbb, 0xd4, 0x1f, 0xb0, 0x13, 0xb8, 0x74,
    0x21, 0x0, 0x1, 0x0, 0x78, 0x8a, 0x74, 0x0,
    0x80, 0x1d, 0x80, 0xc, 0x5d, 0xc9, 0x0, 0xe7,
    0xdd, 0x30, 0x11, 0x80, 0x7c, 0x44, 0x0, 0xf7,
    0xfc, 0x1, 0xff, 0xff, 0x0, 0xff, 0xff, 0x80,
    0x7f, 0xf1, 0x4, 0x0, 0x20, 0x1f, 0xc8, 0x0,
    0xc7, 0x81, 0x0, 0xf4, 0x80, 0xa, 0x1c, 0xc0,
    0x3c, 0x76, 0x60, 0x2, 0x0, 0x0,

    /* U+0391 "Α" */
    0x0, 0xfc, 0x3f, 0xee, 0x0, 0xff, 0xe2, 0xb0,
    0x0, 0x54, 0x3, 0xff, 0x89, 0x40, 0x14, 0x80,
    0x7f, 0xf0, 0xd0, 0x80, 0x40, 0xc8, 0x3, 0xff,
    0x85, 0xc0, 0xa, 0x0, 0x50, 0x7, 0xff, 0x4,
    0x54, 0x11, 0x4, 0xc, 0x1, 0xff, 0xc1, 0x60,
    0x7, 0x5, 0x0, 0xa8, 0x7, 0xff, 0x2, 0x80,
    0xa, 0xc, 0x0, 0xe0, 0xf, 0xf8, 0xc8, 0x18,
    0x0, 0x28, 0x8, 0x40, 0x1f, 0xea, 0x0, 0x50,
    0x5, 0xc0, 0xa, 0x0, 0xff, 0x30, 0x11, 0x80,
    0x4a, 0x20, 0xc0, 0x1f, 0xcc, 0x0, 0xa0, 0xe,
    0x70, 0x15, 0x0, 0xfd, 0x40, 0x6, 0x0, 0xea,
    0x0, 0x70, 0x7, 0xc6, 0x60, 0x16, 0x77, 0xe4,
    0x0, 0x20, 0x80, 0x7a, 0x80, 0x3, 0x11, 0xf0,
    0x5, 0x20, 0x1e, 0x60, 0xf, 0xfe, 0xb, 0x0,
    0x73, 0x0, 0x1b, 0xff, 0xf9, 0x0, 0x50, 0x3,
    0x50, 0x2, 0x80, 0x3f, 0xb8, 0x1, 0xe0, 0x11,
    0x18, 0x11, 0x80, 0x7f, 0x28, 0x82, 0x8, 0x2,
    0xc0, 0x14, 0x1, 0xff, 0x38, 0x1, 0x80, 0xe,
    0x0, 0x60, 0xf, 0xfa, 0x80, 0x14, 0xa, 0x20,
    0x82, 0x1, 0xff, 0x19, 0x1, 0x20,

    /* U+0392 "Β" */
    0x5f, 0xff, 0xec, 0x93, 0x0, 0xff, 0xe1, 0x1b,
    0x65, 0x0, 0x78, 0xe6, 0x74, 0x39, 0x80, 0x16,
    0x80, 0x39, 0x9b, 0x9e, 0x32, 0xc0, 0xa, 0x40,
    0x1f, 0xfc, 0x4, 0x50, 0x2, 0x0, 0x7f, 0xf0,
    0x48, 0x1, 0xc0, 0x1f, 0xfc, 0x11, 0x0, 0x70,
    0x7, 0xff, 0x0, 0x98, 0x0, 0x80, 0x1f, 0xe2,
    0x7c, 0x0, 0x41, 0x0, 0x65, 0xff, 0xed, 0x81,
    0x14, 0xb8, 0x7, 0xff, 0x8, 0xcc, 0x1, 0xe3,
    0x87, 0x7a, 0x20, 0xc0, 0x55, 0x20, 0x1c, 0xcf,
    0x11, 0x3b, 0xa7, 0x88, 0x19, 0x40, 0x3f, 0xf8,
    0x3, 0x20, 0x9, 0x0, 0xff, 0xe0, 0xa0, 0x0,
    0xc0, 0x3f, 0xf8, 0x42, 0x0, 0x10, 0xf, 0xfe,
    0x8, 0x80, 0x4, 0x3, 0xff, 0x80, 0xa0, 0x2,
    0x0, 0xff, 0xe0, 0x1d, 0x80, 0x28, 0x3, 0x33,
    0x79, 0xef, 0x4, 0xd, 0xc0, 0x31, 0xcc, 0xf4,
    0x20, 0x1, 0x34, 0x3, 0xff, 0x80, 0x4d, 0x76,
    0x10, 0x0,

    /* U+0393 "Γ" */
    0x3f, 0xff, 0xfe, 0xe, 0x0, 0x7f, 0xf1, 0x86,
    0x67, 0xfe, 0x0, 0x89, 0x9b, 0xfc, 0xa0, 0x1f,
    0xff, 0xf0, 0xf, 0xff, 0xf8, 0x7, 0xff, 0xfc,
    0x3, 0xff, 0xc2,

    /* U+0394 "Δ" */
    0x0, 0xfe, 0x2f, 0xf7, 0x0, 0x7f, 0xf1, 0xa8,
    0x0, 0x2a, 0x1, 0xff, 0xc5, 0x70, 0xa, 0x40,
    0x3f, 0xf8, 0x8e, 0x0, 0x10, 0x33, 0x0, 0x7f,
    0xf0, 0xe8, 0x1, 0x40, 0xa, 0x0, 0xff, 0xe1,
    0x21, 0x3, 0x21, 0x3, 0x0, 0x7f, 0xf0, 0xbc,
    0x1, 0x61, 0x60, 0x6, 0x0, 0xff, 0xe0, 0x12,
    0x2, 0x10, 0x38, 0x2, 0xc0, 0x3f, 0xf8, 0x16,
    0x0, 0xf0, 0x0, 0xa8, 0x12, 0x0, 0x7f, 0x85,
    0x80, 0x90, 0x2, 0x90, 0x7, 0x0, 0x7f, 0x98,
    0x1, 0x40, 0x18, 0xc8, 0x14, 0x40, 0x3f, 0xa4,
    0x0, 0xc0, 0x1d, 0x40, 0x6, 0x0, 0xfc, 0xa2,
    0xc, 0x20, 0x1c, 0xc0, 0x9, 0x0, 0xfd, 0x20,
    0xa, 0x0, 0xf0, 0xa8, 0xa, 0x0, 0x78, 0xcc,
    0x6, 0x60, 0xf, 0xb8, 0x1, 0xe0, 0x1e, 0x90,
    0x4, 0x80, 0x7e, 0x42, 0x4, 0x20, 0xc, 0x2a,
    0x2, 0xa0, 0x1f, 0xd4, 0x0, 0xa0, 0xd, 0x20,
    0x9, 0x0, 0xff, 0x30, 0x1, 0x80, 0x33, 0x0,
    0x18, 0x3, 0xfc, 0x2a, 0x2, 0xa0, 0x6, 0x10,
    0x27, 0x66, 0xff, 0x80, 0x29, 0x0, 0x58, 0x0,
    0xa6, 0x7f, 0xf8, 0xa, 0x0, 0x33, 0x21, 0x0,
    0x7f, 0xf1, 0xe8,

    /* U+0395 "Ε" */
    0x5f, 0xff, 0xfe, 0x10, 0x7, 0xff, 0x20, 0xe6,
    0x7f, 0xe0, 0xc, 0xcd, 0xff, 0xc0, 0x0, 0xff,
    0xff, 0x80, 0x7f, 0x2f, 0xff, 0xf4, 0x0, 0x7f,
    0xf2, 0x4e, 0x67, 0xfa, 0xc0, 0x39, 0x9b, 0xfc,
    0x60, 0x1f, 0xff, 0xf0, 0xf, 0xfe, 0x73, 0x37,
    0xff, 0x0, 0x3, 0x1c, 0xcf, 0xfc, 0x20, 0x1f,
    0xfc, 0x40,

    /* U+0396 "Ζ" */
    0x7f, 0xff, 0xfe, 0x1b, 0x0, 0x7f, 0xf1, 0x56,
    0x67, 0xfe, 0x50, 0x9, 0x9, 0x9b, 0xfc, 0xe8,
    0x0, 0x92, 0x0, 0xff, 0xa8, 0x41, 0x18, 0x3,
    0xfe, 0x64, 0x1, 0xa0, 0xf, 0xf8, 0xa4, 0x1,
    0x42, 0x1, 0xff, 0x78, 0x1, 0x90, 0x3, 0xfe,
    0x92, 0x2, 0x90, 0xf, 0xf9, 0x18, 0x1, 0xe0,
    0x1f, 0xf0, 0xd0, 0x2, 0x48, 0x3, 0xfe, 0xa1,
    0x4, 0x60, 0xf, 0xf9, 0x90, 0x6, 0x80, 0x3f,
    0xe2, 0x90, 0x5, 0x8, 0x7, 0xfd, 0xe0, 0x6,
    0x40, 0xf, 0xfa, 0x48, 0xa, 0x40, 0x3f, 0xe4,
    0x60, 0x7, 0x80, 0x7f, 0xc3, 0x40, 0x9, 0x20,
    0xf, 0xfa, 0x84, 0x11, 0x80, 0x3f, 0xe6, 0x40,
    0x1, 0xb3, 0x7f, 0xf0, 0x30, 0x2, 0x79, 0x9f,
    0xfa, 0x0, 0x3f, 0xf8, 0xa0,

    /* U+0397 "Η" */
    0x5f, 0xf5, 0x0, 0x7f, 0xdd, 0xfe, 0x20, 0xf,
    0xff, 0xf8, 0x7, 0xff, 0xfc, 0x3, 0x97, 0xff,
    0xfe, 0x10, 0xf, 0xfe, 0x69, 0xcc, 0xff, 0xc0,
    0x1f, 0x33, 0x7f, 0xf0, 0x4, 0x3, 0xff, 0xfe,
    0x1, 0xff, 0xff, 0x0, 0xff, 0xe6, 0x0,

    /* U+0398 "Θ" */
    0x0, 0xe1, 0x7b, 0xef, 0xf6, 0xd2, 0x0, 0x7f,
    0x37, 0x42, 0x8, 0x0, 0x96, 0xf0, 0x80, 0x3d,
    0x32, 0x0, 0xa, 0xbb, 0x20, 0x0, 0xf4, 0xc0,
    0x33, 0x30, 0x1, 0x1d, 0x51, 0x37, 0xa8, 0x0,
    0xd1, 0x0, 0xc, 0x80, 0x29, 0xc0, 0x38, 0xad,
    0x0, 0x60, 0x1, 0x20, 0x5, 0x50, 0x7, 0xea,
    0x0, 0x30, 0x83, 0x0, 0x24, 0x3, 0xf8, 0x54,
    0x0, 0xe2, 0x20, 0x13, 0x0, 0xff, 0x78, 0x3,
    0x14, 0x0, 0xa0, 0x1f, 0xf3, 0x0, 0x18, 0x40,
    0x4, 0x3, 0xff, 0xf8, 0x8, 0x0, 0x46, 0x1,
    0xff, 0xcb, 0x1a, 0xaf, 0xc0, 0x1c, 0x60, 0x1c,
    0xab, 0xf8, 0x3, 0x84, 0x0, 0x40, 0x1f, 0xf1,
    0x0, 0x9, 0x40, 0xa, 0x1, 0xff, 0x30, 0x1,
    0x84, 0x80, 0x4c, 0x3, 0xfd, 0xe0, 0xc, 0x5,
    0x0, 0x48, 0x7, 0xf0, 0xa8, 0x1, 0xc2, 0x40,
    0xa, 0xa0, 0xf, 0xd4, 0x0, 0x61, 0x1, 0x90,
    0x5, 0x38, 0x7, 0xd, 0xa0, 0xc, 0x0, 0x4c,
    0xe0, 0x8, 0xea, 0x88, 0x5f, 0x20, 0x3, 0x44,
    0x3, 0x44, 0x80, 0x5, 0x5d, 0xc8, 0x0, 0x3d,
    0x30, 0xf, 0x37, 0x42, 0x8, 0x0, 0x96, 0xf0,
    0x80, 0x20,

    /* U+0399 "Ι" */
    0x2f, 0xf7, 0x0, 0x7f, 0xff, 0xc0, 0x3f, 0x80,

    /* U+039A "Κ" */
    0x5f, 0xf5, 0x0, 0x7f, 0x57, 0xfb, 0x44, 0x3,
    0xff, 0x83, 0x4a, 0x3, 0x82, 0x1, 0xff, 0xc0,
    0x85, 0x1, 0xc1, 0x0, 0xff, 0xe0, 0x3b, 0x80,
    0x1a, 0x40, 0x1f, 0xfc, 0x6, 0x80, 0x5, 0x98,
    0x7, 0xff, 0x1, 0x64, 0x1, 0x48, 0x1, 0xff,
    0xc0, 0x4a, 0x0, 0x4a, 0x80, 0x7f, 0xf0, 0xe,
    0xc0, 0x10, 0xc0, 0x1f, 0xfc, 0x3, 0xc0, 0x3,
    0x38, 0x7, 0xff, 0x0, 0xb4, 0x0, 0x92, 0x1,
    0xff, 0xc0, 0x6c, 0x10, 0x2, 0x90, 0x7, 0xff,
    0x0, 0xc4, 0x2, 0x1f, 0x0, 0xff, 0xe1, 0x27,
    0x8, 0x15, 0x0, 0x7f, 0xf0, 0x12, 0xc7, 0x40,
    0xa, 0xc0, 0x1f, 0xe2, 0xb0, 0x1, 0xc8, 0x2,
    0x4c, 0x3, 0xf9, 0xc0, 0x33, 0x30, 0x1, 0xa2,
    0x1, 0xff, 0xc2, 0x93, 0x1, 0xd0, 0xf, 0xfe,
    0x1e, 0x88, 0x1c, 0x0, 0x7f, 0xf0, 0x86, 0x80,
    0xe, 0xa0, 0x1f, 0xfc, 0x24, 0x80, 0x5, 0x10,
    0x7, 0xff, 0x9, 0xd0, 0x1, 0xe0, 0x1f, 0xfc,
    0x3b, 0x20, 0x2a, 0x0,

    /* U+039B "Λ" */
    0x0, 0xfc, 0x3f, 0xee, 0x0, 0xff, 0xe2, 0xb0,
    0x0, 0x54, 0x3, 0xff, 0x89, 0x40, 0x17, 0x0,
    0x7f, 0xf0, 0xcc, 0x80, 0x24, 0x10, 0xf, 0xfe,
    0x15, 0x0, 0x4, 0x0, 0xc0, 0x1f, 0xfc, 0x26,
    0x0, 0x50, 0x2, 0x80, 0x3f, 0xf8, 0x2c, 0x0,
    0x54, 0x20, 0x23, 0x0, 0xff, 0xe0, 0x50, 0x3,
    0x82, 0x80, 0x14, 0x1, 0xff, 0x11, 0x80, 0xa0,
    0x30, 0x1, 0x80, 0x3f, 0xea, 0x0, 0x38, 0x0,
    0x4c, 0x0, 0xa0, 0x1f, 0xe5, 0x0, 0x50, 0x5,
    0x40, 0xe, 0x0, 0xfe, 0x42, 0x2, 0x30, 0x9,
    0x80, 0x8, 0x20, 0x1f, 0xb8, 0x1, 0x40, 0x1c,
    0xa0, 0x6, 0x0, 0xfc, 0xa0, 0x6, 0x0, 0xee,
    0x0, 0x50, 0x7, 0xcc, 0x0, 0x31, 0x0, 0xe4,
    0x10, 0x23, 0x0, 0xf5, 0x0, 0x28, 0x3, 0xe6,
    0x0, 0x50, 0x7, 0x11, 0x80, 0x18, 0x3, 0xea,
    0x0, 0x30, 0x7, 0x50, 0x1, 0x40, 0x3f, 0x11,
    0x0, 0xa, 0x1, 0x98, 0x1, 0xc0, 0x1f, 0xd4,
    0x0, 0xe0, 0x9, 0x4, 0x5, 0x0, 0x3f, 0x98,
    0x0, 0x82, 0x0, 0xe0, 0x3, 0x80, 0x7f, 0x85,
    0x0, 0xc, 0x2, 0xa0, 0xa, 0x0, 0xff, 0xb8,
    0x1, 0x40,

    /* U+039C "Μ" */
    0x5f, 0xfa, 0xc0, 0x3f, 0xf8, 0x59, 0xff, 0x20,
    0x6, 0x42, 0x0, 0xff, 0xe0, 0x19, 0x80, 0x3f,
    0xa8, 0x3, 0xff, 0x81, 0x20, 0x1f, 0xe6, 0x0,
    0xff, 0x85, 0x40, 0x3f, 0x8, 0xb, 0x0, 0x7f,
    0x98, 0x0, 0x20, 0x1e, 0x60, 0x5, 0x0, 0x7f,
    0xa8, 0x0, 0xc0, 0x1e, 0xe5, 0x3, 0x30, 0x7,
    0xe4, 0x20, 0x60, 0xf, 0x87, 0x80, 0x12, 0x1,
    0xfb, 0xc0, 0x14, 0x1, 0xf9, 0x8, 0x14, 0x40,
    0x3c, 0x48, 0x6, 0x61, 0x0, 0xf7, 0x85, 0x80,
    0x18, 0x3, 0xd4, 0x0, 0x90, 0xf, 0xf3, 0x0,
    0x28, 0x3, 0xcc, 0x2, 0xa0, 0x60, 0x1e, 0x10,
    0x3, 0x1, 0x20, 0x6, 0x51, 0x6, 0x0, 0xff,
    0xe0, 0x58, 0x3, 0xc0, 0x34, 0x80, 0x24, 0x0,
    0x20, 0x1e, 0x30, 0x1, 0x18, 0x21, 0x0, 0xc,
    0xc0, 0xa2, 0x1, 0xff, 0xc1, 0x90, 0x5, 0x0,
    0x28, 0x1, 0x20, 0x1f, 0xfc, 0x25, 0x10, 0x60,
    0x16, 0x2, 0x30, 0xf, 0xfe, 0x1c, 0x80, 0xab,
    0x0, 0x2c, 0x3, 0xff, 0x88, 0xc0, 0x9, 0xa0,
    0x3, 0x0, 0x7f, 0xf1, 0x5, 0x40, 0xc8, 0x18,
    0x3, 0xff, 0x8d, 0x20, 0x1a, 0xc0, 0x3f, 0xf8,
    0xc6, 0x40, 0x4, 0x20, 0xf, 0xfe, 0x3d, 0x80,
    0x3c, 0x3, 0xfc,

    /* U+039D "Ν" */
    0x5f, 0xf7, 0x8, 0x7, 0xfb, 0x7f, 0xc4, 0x1,
    0xd, 0x80, 0x7f, 0xf1, 0x95, 0x40, 0x1f, 0xfc,
    0x6b, 0x10, 0xf, 0xfe, 0x28, 0xd0, 0x7, 0xff,
    0xc, 0xc4, 0x11, 0x80, 0x3f, 0xf8, 0x4d, 0x60,
    0x9, 0x10, 0xf, 0xfe, 0x12, 0xa8, 0x1, 0x40,
    0x1f, 0xfc, 0x3b, 0x10, 0x46, 0x0, 0xff, 0xe1,
    0xd, 0x80, 0x24, 0x80, 0x3f, 0xf8, 0x4a, 0xa0,
    0x7, 0x0, 0x7f, 0xf0, 0xec, 0x40, 0xd8, 0x3,
    0xff, 0x84, 0x34, 0x0, 0x92, 0x0, 0xff, 0xe1,
    0x22, 0x80, 0x38, 0x3, 0xff, 0x87, 0x62, 0x6,
    0xe0, 0x1f, 0xfc, 0x21, 0xa0, 0x4, 0x10, 0x7,
    0xff, 0x9, 0x18, 0x1, 0xc0, 0x1f, 0xfc, 0x39,
    0x10, 0x32, 0x0, 0xff, 0xe1, 0xd0, 0x7, 0xff,
    0x19, 0x18, 0x3, 0xff, 0x8d, 0x24, 0x1, 0xff,
    0xc6, 0xe0, 0xc,

    /* U+039E "Ξ" */
    0x1f, 0xff, 0xfe, 0x12, 0x0, 0x7f, 0xf1, 0x6,
    0x67, 0xff, 0x84, 0xa0, 0xcd, 0xff, 0xc2, 0x10,
    0xf, 0xff, 0xf8, 0x7, 0xd9, 0xff, 0xff, 0x0,
    0x7f, 0xf2, 0x26, 0x7f, 0xf8, 0x0, 0x19, 0x59,
    0xbf, 0xe0, 0xf, 0xff, 0xf8, 0x7, 0xff, 0x31,
    0x9b, 0xff, 0x84, 0x65, 0x33, 0xff, 0xc2, 0xb0,
    0xf, 0xfe, 0x20,

    /* U+039F "Ο" */
    0x0, 0xf2, 0xd7, 0x7f, 0xba, 0xd8, 0x3, 0xfc,
    0x7b, 0x4a, 0x20, 0x1, 0x49, 0xe4, 0x0, 0xf9,
    0x70, 0x80, 0x8, 0xee, 0x40, 0x0, 0xdb, 0x0,
    0x71, 0xd0, 0x1, 0xba, 0xe2, 0x17, 0xec, 0x0,
    0x93, 0x0, 0xde, 0x0, 0x69, 0x10, 0xe, 0x97,
    0x0, 0x70, 0x4, 0x86, 0x5, 0x20, 0x1f, 0xa0,
    0x80, 0x90, 0x1, 0xc0, 0xa, 0x0, 0xff, 0x58,
    0x3, 0x80, 0xe, 0x0, 0x50, 0xf, 0xf3, 0x80,
    0x10, 0x0, 0x40, 0x2, 0x0, 0xff, 0x8, 0x0,
    0x40, 0x40, 0x4, 0x1, 0xff, 0xc0, 0x20, 0x1,
    0x18, 0x7, 0xff, 0x6c, 0xc0, 0x3f, 0xf8, 0xe2,
    0x0, 0x20, 0xf, 0xfe, 0x1, 0x0, 0x8, 0x8,
    0x0, 0x40, 0x1f, 0xe1, 0x0, 0x8, 0x1, 0x0,
    0xa, 0x1, 0xfe, 0x70, 0x2, 0x0, 0x34, 0x1,
    0x20, 0x1f, 0xeb, 0x0, 0x78, 0x1, 0xc, 0x6,
    0x40, 0x3f, 0x39, 0x1, 0x28, 0x5, 0xe0, 0x6,
    0xa1, 0x0, 0xe8, 0x80, 0x2, 0x40, 0x31, 0xd0,
    0x1, 0x7a, 0xe2, 0x15, 0xee, 0x0, 0x94, 0x0,
    0xe5, 0xc2, 0x0, 0x23, 0xb9, 0x40, 0x3, 0x6c,
    0x1, 0xf1, 0xed, 0x28, 0x80, 0x5, 0x27, 0x90,
    0x3, 0x0,

    /* U+03A0 "Π" */
    0x3f, 0xff, 0xfe, 0x28, 0x7, 0xff, 0x2c, 0x66,
    0x7f, 0xe0, 0xf, 0x89, 0x9b, 0xfe, 0x0, 0xff,
    0xff, 0x80, 0x7f, 0xff, 0xc0, 0x3f, 0xff, 0xe0,
    0x1f, 0xff, 0xf0, 0xf, 0xff, 0x10,

    /* U+03A1 "Ρ" */
    0x5f, 0xff, 0xee, 0xc7, 0x10, 0xf, 0xfe, 0x10,
    0x9c, 0x74, 0x0, 0x78, 0xe6, 0x7a, 0x1c, 0x80,
    0xf, 0x20, 0x1c, 0xcd, 0xe7, 0x8d, 0x90, 0x3,
    0x20, 0x7, 0xff, 0x5, 0x9c, 0x1, 0xe0, 0x1f,
    0xfc, 0x2a, 0x0, 0x28, 0x7, 0xff, 0x8, 0x80,
    0x2, 0x1, 0xff, 0xc2, 0x10, 0xf, 0xfe, 0x2b,
    0x0, 0x10, 0x3, 0xff, 0x82, 0xb0, 0x0, 0xe0,
    0xc, 0xcd, 0xe7, 0x8c, 0xa0, 0x2, 0x28, 0x6,
    0x39, 0x9e, 0x87, 0x30, 0x2, 0xd8, 0x7, 0xff,
    0x0, 0x4d, 0xf2, 0x80, 0x3c, 0xbf, 0xfe, 0xec,
    0x83, 0x0, 0xff, 0xff, 0x80, 0x7f, 0xff, 0x40,

    /* U+03A3 "Σ" */
    0xef, 0xff, 0xfe, 0x12, 0x80, 0x7f, 0xf1, 0x90,
    0x2, 0x79, 0x9f, 0xf3, 0x85, 0x18, 0x1, 0x19,
    0xbf, 0xc4, 0x0, 0xd2, 0x3, 0x90, 0xf, 0xfe,
    0x0, 0xf8, 0x83, 0x38, 0x7, 0xff, 0x0, 0xb4,
    0x1, 0x8, 0x1, 0xff, 0xc0, 0x3a, 0x0, 0x59,
    0x0, 0x7f, 0xf0, 0x15, 0xc0, 0x1e, 0x20, 0x1f,
    0xfc, 0x8, 0x50, 0x2a, 0x0, 0xff, 0xe0, 0xd1,
    0x82, 0x40, 0x7, 0xff, 0x13, 0xc0, 0x3f, 0xf8,
    0x16, 0x60, 0xae, 0x1, 0xff, 0x42, 0x1, 0x50,
    0x7, 0xfc, 0xce, 0x3, 0xe0, 0x1f, 0xf2, 0x48,
    0x3, 0x48, 0x3, 0xfc, 0x56, 0x0, 0x93, 0x0,
    0xff, 0xf, 0x80, 0x19, 0x80, 0x1f, 0xf6, 0x90,
    0x1c, 0x80, 0x7f, 0xd4, 0x60, 0x4, 0x77, 0xff,
    0x81, 0x0, 0x27, 0x88, 0xff, 0x84, 0x3, 0xff,
    0x8a,

    /* U+03A4 "Τ" */
    0x3f, 0xff, 0xfe, 0x2a, 0x80, 0x7f, 0xf1, 0xca,
    0x67, 0xe0, 0xa, 0x26, 0x7c, 0xe2, 0xcd, 0xf0,
    0x80, 0x1d, 0x9b, 0xc4, 0x1, 0xff, 0xff, 0x0,
    0xff, 0xff, 0x80, 0x7f, 0xff, 0xc0, 0x3f, 0xff,
    0xe0, 0x1f, 0xfd, 0xe0,

    /* U+03A5 "Υ" */
    0x7f, 0xf7, 0x0, 0x7f, 0xd9, 0xfe, 0xa7, 0x10,
    0x17, 0x0, 0xfe, 0x43, 0x0, 0x58, 0x58, 0x2,
    0x4, 0x3, 0xf4, 0x80, 0x1c, 0x41, 0x4c, 0x1,
    0x20, 0x1f, 0x29, 0x0, 0xc0, 0x5, 0xe0, 0x7,
    0x10, 0xf, 0x40, 0x2, 0x0, 0x31, 0xa8, 0x2,
    0xc0, 0x39, 0x88, 0xd, 0x80, 0x3a, 0xc0, 0xa,
    0x40, 0x1a, 0x0, 0x1e, 0x1, 0xe1, 0x80, 0x4,
    0x80, 0x50, 0x20, 0xa6, 0x1, 0xf3, 0x88, 0x21,
    0x80, 0xb8, 0x2, 0x0, 0x3f, 0xac, 0x1, 0xe1,
    0x0, 0x7, 0x20, 0xf, 0xe5, 0x30, 0x37, 0x60,
    0x18, 0x0, 0xff, 0xbc, 0x1, 0x0, 0x8, 0x0,
    0xff, 0xe0, 0x1a, 0x80, 0x44, 0xc0, 0x1f, 0xfc,
    0x1b, 0x0, 0xa4, 0x3, 0xff, 0x84, 0x22, 0x0,
    0x28, 0x7, 0xff, 0xfc, 0x3, 0xff, 0xea,

    /* U+03A6 "Φ" */
    0x0, 0xfe, 0xff, 0x80, 0x3f, 0xfb, 0x4, 0xac,
    0x1, 0x3a, 0x90, 0x7, 0xf9, 0x77, 0x55, 0x20,
    0x14, 0x56, 0xe9, 0x40, 0x3c, 0x37, 0x44, 0x1,
    0xfc, 0x55, 0x62, 0x1, 0xb5, 0x0, 0x63, 0x7c,
    0x2, 0xed, 0x81, 0x4, 0xd0, 0xa, 0xc, 0xf,
    0xdc, 0x80, 0x30, 0x93, 0xf9, 0x81, 0xc8, 0xb,
    0x80, 0x34, 0x40, 0x3f, 0x87, 0x40, 0xc, 0x4c,
    0x0, 0x61, 0x0, 0xff, 0x85, 0x80, 0xb, 0xa0,
    0xc, 0x0, 0xff, 0xe0, 0xe8, 0x3, 0x58, 0x0,
    0xc0, 0x1f, 0xfc, 0x17, 0x0, 0x30, 0x7, 0xff,
    0x25, 0x80, 0xc, 0x1, 0xff, 0xc1, 0x70, 0x3,
    0xe8, 0x3, 0x0, 0x3f, 0xf8, 0x3a, 0x0, 0xc6,
    0x0, 0x30, 0x80, 0x7f, 0xc2, 0xc0, 0x5, 0x16,
    0x0, 0x68, 0x80, 0x7f, 0xe, 0x80, 0x18, 0x82,
    0x48, 0xf, 0xdc, 0x80, 0x30, 0x93, 0xf9, 0x81,
    0x48, 0x5, 0x88, 0x3, 0x1b, 0xe0, 0x17, 0x6c,
    0x8, 0x1e, 0x0, 0x61, 0xba, 0x20, 0xf, 0xe2,
    0x9c, 0x10, 0xf, 0x2e, 0xea, 0xa4, 0x2, 0x8a,
    0xdd, 0x30, 0x7, 0xf8, 0x95, 0x80, 0x27, 0x52,
    0x0, 0xff, 0xe7, 0x80,

    /* U+03A7 "Χ" */
    0x9, 0xff, 0x70, 0x7, 0xfb, 0x3f, 0xd6, 0x0,
    0x91, 0x1, 0x90, 0xf, 0xce, 0x60, 0xa, 0x0,
    0xa8, 0x0, 0xc6, 0x1, 0xe2, 0x80, 0x4, 0x88,
    0x4, 0x8c, 0x0, 0xe0, 0xf, 0x48, 0x1, 0x18,
    0x3, 0xa0, 0x40, 0xa0, 0x3, 0x32, 0x0, 0x24,
    0x3, 0xc3, 0x40, 0x7, 0x20, 0x0, 0xc8, 0x2,
    0x48, 0x3, 0xe4, 0x50, 0x7, 0x0, 0x2c, 0x0,
    0x6c, 0x1, 0xfd, 0x62, 0x6, 0xea, 0xa0, 0x7,
    0x0, 0x7f, 0x86, 0xc0, 0x11, 0x60, 0x8, 0x20,
    0xf, 0xf9, 0x54, 0x0, 0x10, 0x37, 0x0, 0xff,
    0xe0, 0xd8, 0x80, 0x5c, 0x1, 0xff, 0xc2, 0x31,
    0x0, 0x98, 0x3, 0xff, 0x85, 0xc0, 0x1a, 0x80,
    0x3f, 0xf8, 0x2e, 0x60, 0x24, 0x3, 0x20, 0x1f,
    0xf1, 0x40, 0x2, 0xf8, 0x0, 0xc8, 0x1, 0xfe,
    0xe0, 0x2, 0x29, 0xb0, 0x2, 0x40, 0x3f, 0x9c,
    0xc0, 0x14, 0x0, 0x91, 0x2, 0x90, 0xf, 0x8a,
    0x0, 0x12, 0x20, 0x15, 0x0, 0x18, 0xc0, 0x3d,
    0xc0, 0x4, 0x60, 0xc, 0x8c, 0x0, 0xe0, 0xe,
    0x73, 0x0, 0x48, 0x7, 0xa0, 0x40, 0xa4, 0x2,
    0x28, 0x0, 0x49, 0x0, 0x78, 0x6c, 0x0, 0xc6,
    0x0, 0xe0, 0x1, 0xb0, 0x7, 0xe5, 0x50, 0x3,
    0x80,

    /* U+03A8 "Ψ" */
    0x9f, 0xf3, 0x0, 0x6a, 0xff, 0x28, 0x6, 0x8f,
    0xf4, 0x0, 0x7f, 0xff, 0xc0, 0x3f, 0xff, 0x2,
    0x1, 0xff, 0xc4, 0xe0, 0x7, 0x0, 0x7f, 0xf0,
    0x8, 0x1, 0xc8, 0x0, 0x70, 0xf, 0xfe, 0x2,
    0x80, 0x14, 0xc4, 0x5, 0x80, 0x3f, 0xd0, 0x0,
    0x23, 0x8, 0x0, 0x4a, 0x80, 0x7e, 0x67, 0x0,
    0x48, 0x1, 0x94, 0x1, 0x54, 0x41, 0x0, 0x12,
    0xe4, 0x80, 0x1d, 0x0, 0x2a, 0x60, 0x2, 0xda,
    0x0, 0x22, 0x8c, 0x1, 0x10, 0x0, 0xe9, 0xc4,
    0x0, 0xfc, 0xda, 0xe0, 0x1f, 0x1d, 0xfd, 0x98,
    0x1, 0xb3, 0xe4, 0x80, 0x3f, 0xe4, 0x60, 0x6,
    0x18, 0x7, 0xff, 0xfc, 0x3, 0xff, 0x80,

    /* U+03A9 "Ω" */
    0x0, 0xe1, 0x8c, 0xff, 0x76, 0x38, 0x80, 0x7f,
    0x47, 0x39, 0x80, 0x4, 0xe3, 0x9c, 0x3, 0xea,
    0x70, 0x2, 0x3c, 0xb9, 0x80, 0x22, 0x40, 0x3a,
    0x14, 0x7, 0x2e, 0x1a, 0x32, 0xc4, 0x19, 0xc0,
    0x22, 0x70, 0x6, 0x18, 0x7, 0x26, 0x80, 0x20,
    0x40, 0x14, 0x0, 0x62, 0x0, 0xf8, 0xd8, 0x1,
    0x20, 0x5, 0x0, 0x50, 0x7, 0xf5, 0x0, 0x14,
    0x0, 0x40, 0x3, 0x0, 0xfe, 0x30, 0x1, 0x1,
    0x0, 0x8, 0x3, 0xfe, 0x10, 0x1, 0x8, 0x7,
    0xff, 0x8, 0xc0, 0x3f, 0xf9, 0x22, 0x1, 0xff,
    0xc6, 0x11, 0x0, 0xc, 0x3, 0xfe, 0x30, 0x1,
    0x90, 0x0, 0x40, 0x3f, 0xe1, 0x0, 0x8, 0x20,
    0x0, 0x80, 0x3f, 0x8c, 0x0, 0x80, 0xd, 0x0,
    0x28, 0x7, 0xf2, 0x0, 0x38, 0x0, 0xc2, 0x14,
    0x1, 0xfd, 0x40, 0x2a, 0x1, 0x40, 0x13, 0x80,
    0x7c, 0xe4, 0x10, 0x1, 0x99, 0x2, 0x18, 0x3,
    0x9a, 0x1, 0x18, 0x0, 0x2c, 0xcc, 0x0, 0x4e,
    0xa8, 0x26, 0xc8, 0x3, 0x19, 0x80, 0x73, 0x28,
    0x0, 0x8b, 0x3, 0x8, 0x2, 0x89, 0x90, 0x80,
    0x7e, 0x10, 0xf0, 0xf, 0xc0,

    /* U+03AA "Ϊ" */
    0x3e, 0xe2, 0x0, 0x4f, 0xfa, 0x32, 0x22, 0xf0,
    0xa, 0x40, 0x9b, 0x0, 0x18, 0x1, 0x20, 0x1,
    0x1b, 0x74, 0xe0, 0x15, 0x67, 0x18, 0x11, 0x0,
    0x38, 0xc4, 0x3, 0xff, 0x86, 0x5f, 0xee, 0x0,
    0xff, 0xff, 0x80, 0x7f, 0xff, 0xc0, 0x3f, 0xff,
    0xe0, 0x1f, 0xe0,

    /* U+03AB "Ϋ" */
    0x0, 0xe1, 0x30, 0xe, 0x22, 0x0, 0x7f, 0x17,
    0x66, 0x0, 0x25, 0xdd, 0x38, 0x7, 0xe7, 0x0,
    0x18, 0x5, 0x80, 0xb, 0x0, 0xfc, 0x86, 0xe,
    0x1, 0x50, 0x8a, 0x40, 0x3f, 0xe, 0x7c, 0x0,
    0x47, 0xdc, 0x50, 0xf, 0xfe, 0x5b, 0xff, 0xb8,
    0x3, 0xfe, 0xcf, 0xf5, 0x38, 0x80, 0xb8, 0x7,
    0xf2, 0x18, 0x2, 0xc2, 0xc0, 0x10, 0x20, 0x1f,
    0xa4, 0x0, 0xe2, 0xa, 0x60, 0x9, 0x0, 0xf9,
    0x48, 0x6, 0x0, 0x2f, 0x0, 0x38, 0x80, 0x7a,
    0x0, 0x10, 0x1, 0x8d, 0x40, 0x16, 0x1, 0xcc,
    0x40, 0x6c, 0x1, 0xd6, 0x0, 0x52, 0x0, 0xd0,
    0x0, 0xf0, 0xf, 0xc, 0x0, 0x24, 0x2, 0x81,
    0x5, 0x30, 0xf, 0x9c, 0x41, 0xc, 0x5, 0xc0,
    0x10, 0x1, 0xfd, 0x60, 0xf, 0x8, 0x0, 0x39,
    0x0, 0x7f, 0x29, 0x81, 0xbb, 0x0, 0xc0, 0x7,
    0xfd, 0xe0, 0x8, 0x0, 0x40, 0x7, 0xff, 0x0,
    0xd4, 0x2, 0x26, 0x0, 0xff, 0xe0, 0xd8, 0x5,
    0x20, 0x1f, 0xfc, 0x21, 0x10, 0x1, 0x40, 0x3f,
    0xff, 0xe0, 0x1f, 0xff, 0x50,

    /* U+03AC "ά" */
    0x0, 0xfd, 0x1f, 0xe1, 0x0, 0xff, 0xe0, 0x98,
    0x20, 0x80, 0x7f, 0xf0, 0x58, 0x34, 0x3, 0xff,
    0x84, 0x40, 0xe0, 0x1f, 0xfc, 0x13, 0x4, 0x10,
    0xf, 0xfe, 0x9, 0xe5, 0x0, 0x7f, 0xf0, 0xcc,
    0x40, 0x3f, 0xfa, 0xd, 0x9f, 0xee, 0x92, 0xc,
    0xfb, 0x0, 0xc3, 0x92, 0x60, 0x1, 0x6d, 0x42,
    0x0, 0xf5, 0x18, 0x1, 0xaa, 0x54, 0x2c, 0x40,
    0x39, 0x50, 0x7, 0x65, 0x5a, 0xa8, 0x1, 0xf4,
    0x80, 0x20, 0x80, 0x32, 0xb8, 0x7, 0x9, 0x80,
    0xb0, 0x7, 0xac, 0x3, 0x94, 0x0, 0xa0, 0x1f,
    0x8, 0x7, 0x10, 0x0, 0xc0, 0x3f, 0xf8, 0x9e,
    0x1, 0xff, 0xd2, 0x30, 0x7, 0x0, 0x7f, 0xf0,
    0x58, 0x0, 0xa0, 0x1f, 0x8, 0x7, 0x18, 0x81,
    0x98, 0x3, 0xd6, 0x1, 0xe6, 0x0, 0x70, 0x80,
    0x64, 0x70, 0x3, 0x0, 0x50, 0x40, 0x5f, 0xa,
    0xd5, 0x60, 0x11, 0x41, 0x80, 0x3c, 0x80, 0x5e,
    0xa5, 0x42, 0xd8, 0x0, 0xf0, 0x0, 0x2d, 0x83,
    0x0, 0x13, 0x72, 0x4a, 0x80, 0x8,

    /* U+03AD "έ" */
    0x0, 0xfa, 0xff, 0x80, 0x3f, 0xf8, 0xc, 0xe,
    0x1, 0xff, 0xc0, 0x20, 0xa0, 0xf, 0xf8, 0x80,
    0x4c, 0x3, 0xfe, 0x70, 0x60, 0xf, 0xfe, 0x2,
    0x64, 0x80, 0x7f, 0xf0, 0x4, 0xc4, 0x3, 0xff,
    0x98, 0x73, 0xbf, 0xf6, 0xc9, 0x0, 0x74, 0xe3,
    0x10, 0x4, 0x4d, 0xb2, 0x1, 0x3b, 0x0, 0x16,
    0x6a, 0x54, 0x0, 0xd2, 0x0, 0x90, 0x5, 0x51,
    0x95, 0xab, 0x0, 0xc, 0x42, 0x20, 0x25, 0x0,
    0xe3, 0x60, 0x3, 0x80, 0x7f, 0xd3, 0xfe, 0x51,
    0x40, 0x26, 0x0, 0xff, 0xa8, 0xc2, 0x76, 0xa6,
    0x65, 0x0, 0xe1, 0xd3, 0x2, 0x56, 0x6a, 0x40,
    0x38, 0xfc, 0xc0, 0x4d, 0x12, 0xb0, 0xc, 0x38,
    0x21, 0x5d, 0x97, 0x73, 0x80, 0x64, 0x0, 0x32,
    0x80, 0x7f, 0x8c, 0x0, 0x20, 0x1f, 0x27, 0xfa,
    0x94, 0x0, 0xc4, 0x1, 0xc3, 0x20, 0xc, 0x34,
    0x1, 0xda, 0x65, 0x69, 0xe2, 0x2, 0x60, 0xb5,
    0x0, 0x2c, 0xd4, 0xb0, 0x1, 0x30, 0x2, 0xac,
    0x62, 0x0, 0x89, 0xae, 0xc2, 0x0,

    /* U+03AE "ή" */
    0x0, 0xf2, 0x7f, 0x94, 0x3, 0xfc, 0x40, 0x5,
    0x0, 0xff, 0x78, 0x28, 0x7, 0xfc, 0xa1, 0xc0,
    0x1f, 0xf1, 0xa, 0x0, 0x7f, 0xdb, 0x80, 0x1f,
    0xfc, 0x3, 0x20, 0xf, 0xfe, 0x45, 0xff, 0x0,
    0xc6, 0xff, 0xba, 0x8c, 0x3, 0x9, 0xfb, 0x90,
    0x0, 0x57, 0x18, 0x3, 0x60, 0xb4, 0xd4, 0x10,
    0x2, 0x44, 0x2, 0x1d, 0x96, 0x57, 0xd3, 0x0,
    0x30, 0x5, 0x64, 0x1, 0xd2, 0x0, 0xd0, 0x9,
    0xc0, 0x3c, 0xe0, 0x1, 0x0, 0xff, 0xe0, 0xb8,
    0x7, 0xff, 0xfc, 0x3, 0xff, 0xeb, 0x7f, 0xe2,
    0x0, 0xff, 0xff, 0x80, 0x70,

    /* U+03AF "ί" */
    0x1, 0x33, 0x0, 0x6a, 0xce, 0x0, 0xca, 0xa,
    0x1, 0x8, 0x82, 0x80, 0x22, 0x3, 0x20, 0x9,
    0x42, 0xc0, 0x33, 0x7b, 0x80, 0x7f, 0xdf, 0xf0,
    0x7, 0xff, 0xfc, 0x3, 0xff, 0x82, 0x20, 0x1,
    0x0, 0x90, 0x1, 0x8f, 0x3, 0x20, 0x2, 0x87,
    0x33, 0x59, 0x80, 0x8, 0x0,

    /* U+03B0 "ΰ" */
    0x0, 0xf7, 0xfb, 0x0, 0x3f, 0xc6, 0x0, 0xa0,
    0xf, 0xf2, 0x80, 0x1c, 0x3, 0xfd, 0xe0, 0xa2,
    0x1, 0xc9, 0xdc, 0x40, 0x9e, 0xa0, 0x5f, 0xe2,
    0xe, 0x11, 0x78, 0x0, 0x40, 0x10, 0x3, 0x41,
    0x80, 0xc, 0x0, 0xe4, 0x0, 0x60, 0x36, 0xe9,
    0xc0, 0x3a, 0x73, 0x50, 0x0, 0x44, 0x0, 0xf8,
    0xc8, 0x1, 0x9f, 0xe2, 0x0, 0xec, 0xff, 0x20,
    0x7, 0xfa, 0x80, 0x1e, 0x1, 0xfe, 0x70, 0x2,
    0x8, 0x7, 0xf0, 0x98, 0x1, 0x0, 0x3f, 0xd6,
    0x0, 0xd0, 0xf, 0xf1, 0x80, 0xc, 0x3, 0xfc,
    0xc0, 0x7, 0x0, 0xff, 0x18, 0x0, 0x40, 0x3f,
    0xf9, 0x86, 0x0, 0x17, 0x0, 0xfe, 0x40, 0x2,
    0x88, 0x0, 0x40, 0x3d, 0xa0, 0xf, 0xd0, 0x2,
    0x0, 0x71, 0xa0, 0x1, 0xd0, 0x1, 0x22, 0x1,
    0x16, 0x80, 0x1c, 0x4d, 0x0, 0x7d, 0xd6, 0x34,
    0x40, 0xa0, 0x1, 0x46, 0x3, 0x14, 0xe0, 0x3,
    0xc0, 0x8, 0x72, 0x4c, 0x0, 0x29, 0x58, 0x20,
    0x0,

    /* U+03B1 "α" */
    0x0, 0xcd, 0x9f, 0xee, 0x92, 0xc, 0xfb, 0x0,
    0xc3, 0x92, 0x60, 0x1, 0x6d, 0x42, 0x0, 0xf5,
    0x18, 0x1, 0xaa, 0x54, 0x2c, 0x40, 0x39, 0x50,
    0x7, 0x65, 0x5a, 0xa8, 0x1, 0xf4, 0x80, 0x20,
    0x80, 0x32, 0xb8, 0x7, 0x9, 0x80, 0xb0, 0x7,
    0xac, 0x3, 0x94, 0x0, 0xa0, 0x1f, 0x8, 0x7,
    0x10, 0x0, 0xc0, 0x3f, 0xf8, 0x9e, 0x1, 0xff,
    0xd2, 0x30, 0x7, 0x0, 0x7f, 0xf0, 0x58, 0x0,
    0xa0, 0x1f, 0x8, 0x7, 0x18, 0x81, 0x98, 0x3,
    0xd6, 0x1, 0xe6, 0x0, 0x70, 0x80, 0x64, 0x70,
    0x3, 0x0, 0x50, 0x40, 0x5f, 0xa, 0xd5, 0x60,
    0x11, 0x41, 0x80, 0x3c, 0x80, 0x5e, 0xa5, 0x42,
    0xd8, 0x0, 0xf0, 0x0, 0x2d, 0x83, 0x0, 0x13,
    0x72, 0x4a, 0x80, 0x8,

    /* U+03B2 "β" */
    0x0, 0xcd, 0x7d, 0xfe, 0xc7, 0x10, 0xf, 0x1e,
    0xca, 0x8, 0x0, 0xe3, 0x94, 0x3, 0x1e, 0x10,
    0x1c, 0x54, 0x18, 0x2, 0x8c, 0x2, 0xe0, 0x3,
    0xe3, 0xab, 0xe3, 0x80, 0x3c, 0x0, 0x84, 0x7,
    0x0, 0x1d, 0x2, 0x6, 0x0, 0x30, 0x5, 0x80,
    0x7c, 0x40, 0x1, 0x0, 0xc2, 0x1, 0xf1, 0x0,
    0x4, 0x3, 0xfe, 0x81, 0x6, 0x0, 0xfc, 0xf1,
    0x3a, 0xe0, 0x92, 0x1, 0xfa, 0x1d, 0x88, 0xe,
    0xc0, 0x3f, 0x8c, 0x88, 0x0, 0x3e, 0x30, 0xf,
    0xd9, 0xba, 0xf7, 0x1, 0xd1, 0x0, 0xff, 0xa1,
    0xc0, 0x6c, 0x3, 0xff, 0x81, 0x0, 0x5, 0x0,
    0xff, 0xe0, 0x98, 0x0, 0x80, 0x3f, 0xf8, 0xe,
    0x0, 0x10, 0xf, 0xfe, 0x3, 0x0, 0x8, 0x3,
    0xfe, 0x32, 0x1, 0x10, 0x5, 0x6, 0x1, 0xc5,
    0xc0, 0x9, 0x0, 0xc3, 0x96, 0xea, 0xd3, 0xa4,
    0x4, 0xe0, 0x18, 0x81, 0x22, 0xa5, 0x80, 0x7,
    0x80, 0x1d, 0x78, 0xc4, 0x0, 0x15, 0xac, 0x10,
    0xf, 0x1c, 0xef, 0xfb, 0xa9, 0x40, 0x3f, 0xff,
    0x8, 0xee, 0x50, 0xf, 0xfe, 0x0,

    /* U+03B3 "γ" */
    0x1f, 0xf6, 0x80, 0x7e, 0xaf, 0xf2, 0x8a, 0x1,
    0x18, 0x7, 0xca, 0x2, 0xa1, 0xc0, 0xa, 0x0,
    0xf2, 0x80, 0x1c, 0x0, 0xa0, 0x7, 0x0, 0xf7,
    0x80, 0x28, 0x2, 0x60, 0x14, 0x0, 0xe5, 0x2,
    0x30, 0xa, 0x80, 0x1c, 0x1, 0x94, 0x1, 0x40,
    0x18, 0xc8, 0x14, 0x3, 0x70, 0x1, 0x80, 0x3a,
    0x80, 0xa, 0x0, 0x14, 0x4, 0x10, 0xe, 0x50,
    0x7, 0x0, 0x1c, 0x1, 0xc0, 0x1e, 0x23, 0x4,
    0x10, 0xd0, 0x2, 0x80, 0x7d, 0x40, 0x7, 0x14,
    0x5, 0x0, 0xfc, 0xc0, 0xa, 0x70, 0x7, 0x0,
    0x7f, 0x28, 0x1d, 0x80, 0xa0, 0x7, 0xf7, 0x0,
    0x8, 0x18, 0x3, 0xfc, 0x82, 0x1, 0x50, 0x7,
    0xfc, 0xc0, 0x3, 0x20, 0xf, 0xfb, 0x40, 0xa,
    0x1, 0xff, 0xff, 0x0, 0xff, 0xe7, 0x80,

    /* U+03B4 "δ" */
    0x0, 0xf1, 0xab, 0x29, 0x80, 0x7f, 0x3f, 0x65,
    0x4d, 0x67, 0x30, 0x7, 0xa6, 0x4, 0x3, 0x87,
    0xc0, 0x38, 0xd8, 0x1, 0x3d, 0xfd, 0x6f, 0xc0,
    0x1c, 0x80, 0x7, 0x61, 0x1, 0x48, 0x70, 0xe,
    0xf0, 0x7, 0x80, 0x7f, 0xf0, 0x30, 0x1, 0x6,
    0x1, 0xff, 0x21, 0x80, 0x32, 0x8c, 0x3, 0xfd,
    0xaa, 0x0, 0x5c, 0xd6, 0x0, 0xfc, 0x32, 0x60,
    0x11, 0x4f, 0x18, 0x7, 0xa7, 0xc, 0x50, 0xc0,
    0x3, 0x8a, 0x1, 0xa9, 0x81, 0xfa, 0xf3, 0x4c,
    0x1, 0x46, 0x0, 0x65, 0x7, 0x80, 0x8, 0xb0,
    0xc0, 0x1e, 0x0, 0x80, 0x4, 0x0, 0x7b, 0x80,
    0x6, 0x46, 0x20, 0xa0, 0x1f, 0x12, 0x80, 0x11,
    0x40, 0x1a, 0x1, 0xfb, 0x0, 0x1e, 0x20, 0x1,
    0x0, 0xfc, 0x40, 0x1e, 0x10, 0xf, 0xc2, 0x1,
    0x10, 0x3, 0x80, 0x3f, 0x10, 0x3, 0x9c, 0x0,
    0x80, 0x1f, 0xb0, 0x0, 0x64, 0x60, 0x48, 0x1,
    0xe2, 0x40, 0x14, 0x9, 0x0, 0x51, 0x0, 0x61,
    0xf0, 0x4, 0x80, 0x15, 0x80, 0x76, 0x55, 0x51,
    0xe4, 0x8, 0xe0, 0x14, 0xb8, 0x1, 0xaa, 0x8e,
    0x20, 0xb6, 0x1, 0xd1, 0x8c, 0x40, 0x1, 0x5b,
    0xa0, 0x8,

    /* U+03B5 "ε" */
    0x0, 0x8e, 0x77, 0xfe, 0xd9, 0x20, 0xe, 0x9c,
    0x62, 0x0, 0x89, 0xb6, 0x40, 0x27, 0x60, 0x2,
    0xcd, 0x4a, 0x80, 0x1a, 0x40, 0x12, 0x0, 0xaa,
    0x32, 0xb5, 0x60, 0x1, 0x88, 0x44, 0x4, 0xa0,
    0x1c, 0x6c, 0x0, 0x70, 0xf, 0xfa, 0x7f, 0xca,
    0x28, 0x4, 0xc0, 0x1f, 0xf5, 0x18, 0x4e, 0xd4,
    0xcc, 0xa0, 0x1c, 0x3a, 0x60, 0x4a, 0xcd, 0x48,
    0x7, 0x1f, 0x98, 0x9, 0xa2, 0x56, 0x1, 0x87,
    0x4, 0x2b, 0xb2, 0xee, 0x70, 0xc, 0x80, 0x6,
    0x50, 0xf, 0xf1, 0x80, 0x4, 0x3, 0xe4, 0xff,
    0x52, 0x80, 0x18, 0x80, 0x38, 0x64, 0x1, 0x86,
    0x80, 0x3b, 0x4c, 0xad, 0x3c, 0x40, 0x4c, 0x16,
    0xa0, 0x5, 0x9a, 0x96, 0x0, 0x26, 0x0, 0x55,
    0x8c, 0x40, 0x11, 0x35, 0xd8, 0x40,

    /* U+03B6 "ζ" */
    0x4f, 0xff, 0xfe, 0x8, 0x80, 0x7f, 0xf0, 0x85,
    0x6a, 0xbf, 0x8c, 0x0, 0xe0, 0x2a, 0xbf, 0x8c,
    0xc0, 0xb0, 0x1, 0xfc, 0x92, 0x7, 0x40, 0x1f,
    0xc7, 0x60, 0x3a, 0x1, 0xfc, 0x5a, 0x0, 0xd1,
    0x0, 0xfc, 0x3e, 0x21, 0x46, 0x1, 0xfd, 0x44,
    0xe, 0xa0, 0x1f, 0xce, 0x80, 0x90, 0x1, 0xfc,
    0x30, 0x3, 0x40, 0x1f, 0xe8, 0x0, 0x50, 0x80,
    0x7f, 0xb, 0x2, 0x20, 0x3, 0xfc, 0xc0, 0xe,
    0x0, 0xff, 0xac, 0x0, 0xa0, 0x1f, 0xf1, 0x80,
    0x80, 0x7f, 0xf0, 0x8c, 0x3, 0xff, 0x84, 0x60,
    0x1f, 0xfc, 0x2, 0x1, 0x50, 0xf, 0xfa, 0x80,
    0x15, 0x4, 0x1, 0xfc, 0xe8, 0x0, 0x7d, 0xd4,
    0x20, 0x7, 0xd7, 0x44, 0x0, 0x27, 0xbe, 0x60,
    0xf, 0x2e, 0xea, 0x50, 0x0, 0x32, 0x40, 0x1f,
    0x13, 0x5f, 0x20, 0x1, 0xc0, 0x3f, 0xc3, 0xa0,
    0x1, 0x0, 0xff, 0xb4, 0x5, 0x0, 0x3f, 0xcc,
    0x81, 0x60, 0x1f, 0xfc, 0x17, 0x50, 0xf, 0xf9,
    0xb6, 0x0, 0x20,

    /* U+03B7 "η" */
    0xbf, 0xe0, 0x18, 0xdf, 0xf7, 0x51, 0x80, 0x61,
    0x3f, 0x72, 0x0, 0xa, 0xe3, 0x0, 0x6c, 0x16,
    0x9a, 0x82, 0x0, 0x48, 0x80, 0x43, 0xb2, 0xca,
    0xfa, 0x60, 0x6, 0x0, 0xac, 0x80, 0x3a, 0x40,
    0x1a, 0x1, 0x38, 0x7, 0x9c, 0x0, 0x20, 0x1f,
    0xfc, 0x17, 0x0, 0xff, 0xff, 0x80, 0x7f, 0xfd,
    0x6f, 0xfc, 0x40, 0x1f, 0xff, 0xf0, 0xe,

    /* U+03B8 "θ" */
    0x0, 0xc5, 0x3b, 0xfe, 0xea, 0x30, 0xf, 0x97,
    0x58, 0x80, 0x2, 0xb9, 0x0, 0x1c, 0x94, 0x0,
    0x59, 0xa6, 0x0, 0x3b, 0x80, 0x34, 0x80, 0x2e,
    0x99, 0x67, 0x44, 0x20, 0x40, 0x8, 0x40, 0xc8,
    0x1, 0x8a, 0xc0, 0x12, 0x0, 0xd0, 0x5, 0x80,
    0x79, 0x40, 0xa, 0x0, 0x40, 0x1, 0x0, 0x7c,
    0x60, 0x40, 0x2, 0x2, 0x0, 0xfc, 0xc0, 0x2,
    0x0, 0xff, 0xe0, 0x18, 0x1, 0x84, 0x0, 0x5f,
    0xff, 0x98, 0x3, 0xff, 0x94, 0x35, 0x5f, 0x90,
    0x3, 0xc6, 0xab, 0xf8, 0x40, 0x21, 0x0, 0x18,
    0x7, 0xfc, 0xe0, 0x10, 0x80, 0x7e, 0x60, 0x0,
    0x81, 0x80, 0x8, 0x3, 0xe3, 0x0, 0x10, 0x28,
    0x1, 0x40, 0x3c, 0x60, 0x3, 0x0, 0x68, 0x2,
    0x80, 0x3d, 0x20, 0xb, 0x0, 0x21, 0x81, 0x48,
    0x6, 0x55, 0x0, 0x18, 0x2, 0xf0, 0x3, 0x63,
    0x32, 0xa8, 0x0, 0x91, 0x0, 0x8e, 0xc0, 0x7,
    0x32, 0x50, 0x4, 0x30, 0x7, 0x27, 0x39, 0x0,
    0x5, 0x71, 0xc0, 0x20,

    /* U+03B9 "ι" */
    0xff, 0x80, 0x3f, 0xff, 0xe0, 0x1f, 0xfc, 0x11,
    0x0, 0x8, 0x4, 0x80, 0xc, 0x78, 0x19, 0x0,
    0x14, 0x39, 0x9a, 0xcc, 0x0, 0x40,

    /* U+03BA "κ" */
    0x9f, 0xf2, 0x80, 0x79, 0xff, 0xdc, 0x20, 0x1f,
    0xc9, 0x0, 0xd, 0x10, 0xf, 0xc5, 0x60, 0xa,
    0x30, 0xf, 0xc3, 0xe0, 0x7, 0x50, 0xf, 0xed,
    0x20, 0x58, 0x0, 0xfe, 0x93, 0x3, 0xa0, 0xf,
    0xe6, 0x60, 0xe, 0x80, 0x7e, 0xf8, 0x90, 0x6,
    0x88, 0x7, 0xe5, 0x70, 0x3, 0x18, 0x7, 0xff,
    0x5, 0x90, 0x3, 0xfa, 0xbd, 0xc0, 0x16, 0x60,
    0x1f, 0xe8, 0x50, 0x6, 0x90, 0x7, 0xfa, 0x90,
    0x7, 0xc4, 0x3, 0xfd, 0x66, 0x5, 0xa0, 0x1f,
    0xf6, 0x90, 0x1d, 0x80, 0x7f, 0x87, 0x4, 0x12,
    0x80, 0x3f, 0xc3, 0x82, 0xb, 0x0,

    /* U+03BB "λ" */
    0x0, 0x13, 0xb9, 0x40, 0x3f, 0xf8, 0x29, 0x10,
    0xad, 0x10, 0xf, 0xf9, 0x5c, 0x80, 0xa8, 0x3,
    0xfe, 0x38, 0xc0, 0x2, 0x10, 0x7, 0xff, 0x0,
    0x58, 0x1, 0x40, 0x1f, 0xfc, 0x1b, 0x0, 0x30,
    0x7, 0xff, 0x4, 0x8c, 0x5, 0x40, 0x3f, 0xf8,
    0x34, 0x0, 0xe0, 0xf, 0xfe, 0xf, 0x0, 0x10,
    0x40, 0x3f, 0xf8, 0xc, 0x1, 0x48, 0x7, 0xfc,
    0x82, 0x1, 0x30, 0x7, 0xfd, 0xc0, 0x18, 0x50,
    0x3, 0xf8, 0x54, 0x1, 0x20, 0xe, 0x0, 0xfe,
    0x60, 0x3, 0x30, 0x0, 0xa2, 0x1, 0xfa, 0x80,
    0x14, 0xc, 0x0, 0x60, 0xf, 0x8c, 0x80, 0x4c,
    0x28, 0x1, 0x40, 0x1f, 0x50, 0x1, 0x80, 0x6,
    0x40, 0x48, 0x1, 0xe7, 0x0, 0x50, 0x5, 0x40,
    0xe, 0x0, 0xe5, 0x10, 0x32, 0x0, 0x98, 0x0,
    0xa2, 0x1, 0xb8, 0x1, 0x40, 0x18, 0x54, 0x0,
    0xe0, 0x10, 0xa0, 0x1, 0xc0, 0x3b, 0x80, 0x16,
    0x1, 0x30, 0x1, 0x4, 0x3, 0x90, 0x80, 0xad,
    0x82, 0x80, 0x1c, 0x1, 0xf4, 0x0, 0x12, 0xcc,
    0x80, 0xa, 0x1, 0xf2, 0xc0, 0x81, 0x80,

    /* U+03BC "μ" */
    0x9f, 0xf2, 0x0, 0x78, 0xbf, 0xd6, 0x1, 0xff,
    0xff, 0x0, 0xff, 0xee, 0x8, 0x7, 0xff, 0x4,
    0xc0, 0x3f, 0xf8, 0x22, 0x1, 0xff, 0xc1, 0xd0,
    0xf, 0x30, 0x7, 0x94, 0xc0, 0x30, 0xc8, 0x7,
    0xd9, 0xa, 0xd3, 0xe4, 0x1, 0xf9, 0xea, 0x58,
    0x5c, 0x3, 0xd2, 0xc2, 0x0, 0x3a, 0x81, 0x0,
    0xe2, 0x9e, 0xff, 0x62, 0x87, 0x7d, 0x80, 0x7f,
    0xfe, 0x80,

    /* U+03BD "ν" */
    0x4f, 0xf5, 0x0, 0x7c, 0x7f, 0xeb, 0x41, 0x5,
    0x0, 0xfa, 0xc0, 0x1a, 0xe, 0x0, 0x40, 0xf,
    0x28, 0x1, 0x82, 0x80, 0x1c, 0x1, 0xc4, 0x40,
    0x50, 0x1, 0x90, 0x28, 0x7, 0x28, 0x3, 0xc0,
    0x25, 0x0, 0x20, 0x6, 0xb0, 0x15, 0x0, 0xa8,
    0x1, 0xc0, 0x10, 0x98, 0x38, 0x6, 0x23, 0x4,
    0x0, 0x98, 0x1, 0x40, 0x1d, 0x40, 0x28, 0x0,
    0xb0, 0x13, 0x0, 0xe7, 0x0, 0x68, 0x9, 0x83,
    0x0, 0x78, 0x50, 0x1c, 0x1c, 0x1, 0x40, 0x1f,
    0x70, 0xa, 0x68, 0x19, 0x0, 0x7c, 0xa0, 0xe,
    0x40, 0xb0, 0xf, 0xe6, 0x5, 0x0, 0x30, 0x7,
    0xf6, 0x80, 0x48, 0x20, 0x1f, 0xc8, 0x20, 0xd,
    0x0, 0xff, 0x98, 0x0, 0xc0, 0x1c,

    /* U+03BE "ξ" */
    0x0, 0xc2, 0xf7, 0xdf, 0xee, 0xc9, 0x10, 0x9,
    0xfa, 0x10, 0x40, 0x2, 0x6c, 0x20, 0x7, 0x80,
    0x1, 0xc5, 0x52, 0x59, 0x0, 0x3, 0x0, 0xa,
    0xc7, 0x55, 0x34, 0xd8, 0x1, 0x0, 0xa, 0xa0,
    0xf, 0xfe, 0x1, 0x0, 0x7f, 0x98, 0x0, 0x80,
    0x1f, 0xe3, 0x40, 0x37, 0x0, 0xff, 0x5a, 0x4,
    0x6c, 0x32, 0xa9, 0x0, 0x3a, 0xe8, 0x49, 0xe6,
    0xa9, 0x20, 0x1c, 0x90, 0x20, 0x1f, 0xe8, 0xb2,
    0x18, 0xcf, 0xfb, 0x40, 0x26, 0x70, 0x4e, 0x73,
    0x0, 0xfa, 0x0, 0x14, 0x1, 0xfc, 0x82, 0xa,
    0x20, 0x1f, 0xc4, 0x0, 0x20, 0xf, 0xfe, 0x61,
    0x0, 0xc, 0x3, 0xfc, 0x80, 0x4, 0x40, 0x7,
    0xf9, 0xc0, 0x16, 0xc0, 0x1f, 0xd0, 0x80, 0x9,
    0xd7, 0x30, 0xf, 0xae, 0x4, 0xa, 0x33, 0xed,
    0x80, 0x39, 0xfa, 0x94, 0x40, 0x9, 0x3a, 0x20,
    0x1c, 0xb5, 0xdb, 0x24, 0x5, 0x20, 0x1f, 0x89,
    0xbc, 0x0, 0x40, 0x1f, 0xe6, 0x0, 0x60, 0x7,
    0xfa, 0x0, 0x58, 0x3, 0xfa, 0xc, 0x34, 0x3,
    0xfd, 0xd, 0x46, 0x0,

    /* U+03BF "ο" */
    0x0, 0xc5, 0x3b, 0xfe, 0xea, 0x40, 0xf, 0xa3,
    0x58, 0x80, 0x2, 0xb7, 0x61, 0x0, 0xd2, 0xe0,
    0x5, 0x9a, 0x71, 0x4, 0xd0, 0x9, 0x18, 0x7,
    0x29, 0x96, 0x3c, 0xc0, 0xe0, 0x1, 0x0, 0xa,
    0x30, 0xc, 0x3a, 0x0, 0x71, 0x23, 0x2, 0x40,
    0xf, 0xb, 0x0, 0x1d, 0x0, 0xa, 0x1, 0xfb,
    0x40, 0x19, 0xc0, 0xd, 0x0, 0xfc, 0xc0, 0x6,
    0x10, 0xf, 0xf8, 0xc0, 0x2, 0x20, 0xf, 0xfe,
    0x10, 0xf0, 0x3, 0x40, 0x3f, 0x28, 0x1, 0x90,
    0x0, 0x80, 0x1f, 0xb4, 0x1, 0xa4, 0x40, 0x34,
    0x0, 0xf0, 0xb0, 0x1, 0x82, 0x40, 0x14, 0x60,
    0x18, 0x74, 0x0, 0xc2, 0x8, 0xc0, 0x39, 0x4c,
    0xb1, 0xe6, 0x7, 0x20, 0x14, 0xb8, 0x1, 0x66,
    0x9c, 0x41, 0x34, 0x3, 0xa3, 0x58, 0x80, 0x2,
    0xb7, 0x61, 0x0, 0x0,

    /* U+03C0 "π" */
    0x5f, 0xff, 0xfe, 0x26, 0x0, 0x7f, 0xf2, 0x1e,
    0xa8, 0x40, 0x8, 0xaa, 0xe4, 0x0, 0x35, 0x40,
    0x12, 0xa9, 0x80, 0x8, 0xab, 0xc4, 0x0, 0xc5,
    0x40, 0xf, 0xff, 0xf8, 0x7, 0xff, 0xfc, 0x3,
    0xff, 0x86, 0x20, 0x1f, 0xfc, 0x6f, 0x0, 0x10,
    0x7, 0xff, 0xc, 0xc0, 0x12, 0xa8, 0x60, 0x1f,
    0xfc, 0x4, 0x30, 0x1a, 0xba, 0x0, 0xff, 0xe0,
    0xeb, 0x8, 0x0, 0x40,

    /* U+03C1 "ρ" */
    0x0, 0xcf, 0x9f, 0xee, 0xb4, 0x0, 0xf1, 0xf4,
    0x18, 0x0, 0x52, 0xe8, 0x3, 0x16, 0x88, 0x1c,
    0xd3, 0x88, 0x2d, 0x80, 0x52, 0x20, 0xb8, 0xcb,
    0x1e, 0x40, 0x8a, 0x4, 0x80, 0x34, 0x1, 0x86,
    0x40, 0x12, 0xa, 0x0, 0x70, 0xf, 0x21, 0x1,
    0x8e, 0x80, 0x30, 0x3, 0xe4, 0x0, 0x20, 0x80,
    0x18, 0x3, 0xee, 0x0, 0x10, 0x7, 0xfc, 0x20,
    0x1f, 0xfd, 0x1e, 0x0, 0x8, 0x7, 0xfc, 0x60,
    0x2, 0x0, 0x98, 0x3, 0xc4, 0x80, 0x4, 0x0,
    0xac, 0x80, 0x30, 0xf8, 0x1, 0x80, 0x30, 0xec,
    0xb2, 0xc7, 0x90, 0xc, 0x0, 0x66, 0x6, 0x9a,
    0x71, 0x1, 0xd1, 0x0, 0xd7, 0xac, 0x40, 0x2,
    0x7f, 0x30, 0xf, 0x14, 0xef, 0xfb, 0x60, 0x40,
    0x3f, 0xff, 0xe0, 0x10,

    /* U+03C2 "ς" */
    0x0, 0xc5, 0x3b, 0xfe, 0xda, 0x30, 0xf, 0x3e,
    0xb1, 0x0, 0x9, 0x72, 0x40, 0x34, 0x40, 0x0,
    0xd3, 0x26, 0x0, 0x34, 0x0, 0xd, 0xc0, 0x19,
    0x2c, 0xc9, 0xd1, 0x7, 0x10, 0x80, 0x4, 0x98,
    0x6, 0x29, 0x0, 0x38, 0x20, 0xb, 0x0, 0x79,
    0x8, 0x80, 0x80, 0x4, 0x0, 0xf8, 0xf7, 0x4c,
    0x40, 0x2, 0x0, 0xff, 0xe1, 0x78, 0x7, 0xff,
    0xb, 0xc0, 0x3f, 0xe2, 0x0, 0x18, 0x7, 0xfc,
    0x80, 0x4, 0x30, 0xf, 0xf9, 0x80, 0x1a, 0x40,
    0x1f, 0xe8, 0x20, 0x1d, 0x70, 0xf, 0xe1, 0xf2,
    0x0, 0x47, 0xca, 0x80, 0x7c, 0x5a, 0xe0, 0x13,
    0x57, 0xd1, 0x0, 0x7a, 0x3e, 0x54, 0x40, 0xb,
    0x80, 0x1f, 0x9a, 0xbb, 0x8, 0x5, 0x0, 0x3f,
    0xc7, 0x40, 0x1f, 0xfc, 0x2d, 0x0, 0x20, 0x7,
    0xf9, 0x14, 0x20, 0x3, 0xfe, 0xc0, 0x57, 0x0,
    0xff, 0xa2, 0xa8, 0x1, 0x0,

    /* U+03C3 "σ" */
    0x0, 0xc7, 0x3b, 0xff, 0xfe, 0x0, 0xa3, 0x18,
    0x80, 0x3f, 0xf8, 0x12, 0xe0, 0x6, 0x98, 0x60,
    0x0, 0xcd, 0x54, 0x8, 0xc0, 0x3b, 0x2c, 0xf3,
    0xc4, 0x3a, 0xab, 0x4, 0x0, 0x28, 0x80, 0x30,
    0xf8, 0x23, 0x80, 0x8, 0xc0, 0x90, 0x3, 0xc4,
    0x81, 0x0, 0x7, 0x0, 0x20, 0x7, 0xec, 0x0,
    0x28, 0x10, 0x3, 0x80, 0x3f, 0x10, 0x3, 0x40,
    0x30, 0x80, 0x7e, 0x10, 0x0, 0x80, 0x61, 0x0,
    0xfc, 0x20, 0x18, 0xc0, 0x1c, 0x1, 0xf8, 0x80,
    0x2, 0xa, 0x0, 0x70, 0xf, 0xd6, 0x0, 0xc0,
    0x14, 0x1, 0x50, 0xf, 0x19, 0x80, 0x50, 0x1,
    0x0, 0xb, 0x30, 0xc, 0x5c, 0x0, 0x80, 0x8,
    0xdc, 0x7, 0x25, 0x96, 0x74, 0x81, 0x18, 0x3,
    0x44, 0x0, 0xd, 0x34, 0xc0, 0x6, 0xb0, 0xf,
    0x3e, 0xb1, 0x0, 0x5, 0x72, 0x40, 0x30,

    /* U+03C4 "τ" */
    0xbf, 0xff, 0xfe, 0xb, 0x0, 0x7f, 0xf0, 0xe2,
    0xab, 0x38, 0x1, 0x2a, 0xb9, 0xd, 0x57, 0x60,
    0x0, 0x95, 0x78, 0x80, 0x3f, 0xff, 0xe0, 0x1f,
    0xff, 0x57, 0x0, 0x10, 0x7, 0xfc, 0x60, 0x4,
    0x97, 0x90, 0xf, 0xe6, 0x0, 0x34, 0x30, 0x80,
    0x7e, 0x97, 0x10, 0x15, 0x0, 0x80,

    /* U+03C5 "υ" */
    0xcf, 0xf1, 0x0, 0x76, 0x7f, 0x90, 0x3, 0xfd,
    0x40, 0xf, 0x0, 0xff, 0x38, 0x1, 0x4, 0x3,
    0xf8, 0x4c, 0x0, 0x80, 0x1f, 0xeb, 0x0, 0x68,
    0x7, 0xf8, 0xc0, 0x6, 0x1, 0xfe, 0x60, 0x3,
    0x80, 0x7f, 0x8c, 0x0, 0x20, 0x1f, 0xfc, 0xc3,
    0x0, 0xb, 0x80, 0x7f, 0x20, 0x1, 0x44, 0x0,
    0x20, 0x1e, 0xd0, 0x7, 0xe8, 0x1, 0x0, 0x38,
    0xd0, 0x0, 0xe8, 0x0, 0x91, 0x0, 0x8b, 0x40,
    0xe, 0x26, 0x80, 0x3e, 0xeb, 0x1a, 0x20, 0x50,
    0x0, 0xa3, 0x1, 0x8a, 0x70, 0x1, 0xe0, 0x4,
    0x39, 0x26, 0x0, 0x14, 0xac, 0x10, 0x0,

    /* U+03C6 "φ" */
    0x0, 0x96, 0xc0, 0x3a, 0x37, 0xfa, 0xd8, 0x3,
    0xe5, 0xa4, 0x80, 0xa, 0x9c, 0x80, 0x52, 0x74,
    0x80, 0x31, 0x50, 0x3, 0xc0, 0x4, 0xa0, 0x33,
    0x6, 0x5, 0x84, 0x1, 0x40, 0x1, 0x5c, 0x0,
    0xc0, 0x7, 0x67, 0xc7, 0x1, 0xf0, 0x0, 0xa8,
    0x2, 0xc0, 0x3f, 0xd0, 0x80, 0x4c, 0x8, 0x0,
    0x41, 0x0, 0xff, 0xbc, 0x1, 0x41, 0xa0, 0xc,
    0x0, 0xff, 0xe0, 0x20, 0x81, 0x80, 0x80, 0x8,
    0x3, 0xff, 0x82, 0x40, 0x2, 0x0, 0x84, 0x3,
    0xff, 0x82, 0xe0, 0x10, 0x80, 0x8, 0x3, 0xff,
    0x82, 0xc0, 0x3, 0xd0, 0x6, 0x0, 0x7f, 0xf0,
    0x4, 0x80, 0x44, 0x80, 0x5, 0x20, 0xf, 0xfa,
    0x40, 0x8, 0x2, 0xc0, 0xe, 0x0, 0xff, 0x23,
    0x80, 0x24, 0x1, 0x2, 0x7, 0x84, 0x1, 0xf3,
    0x58, 0x1, 0x8c, 0x0, 0x3a, 0x0, 0x3d, 0xbe,
    0x0, 0x2c, 0xf4, 0x80, 0x12, 0x40, 0x31, 0xea,
    0x0, 0x11, 0x40, 0x6, 0xc2, 0x0, 0x8b, 0x0,
    0xf1, 0x5e, 0x39, 0x80, 0x62, 0x59, 0xf7, 0x0,
    0xfe, 0x38, 0xcb, 0x0, 0x36, 0xd3, 0x0, 0x7f,
    0xff, 0xc0, 0x3f, 0xfd, 0xa0,

    /* U+03C7 "χ" */
    0x0, 0xff, 0xe2, 0xcf, 0xfb, 0x10, 0x3, 0xec,
    0xff, 0x10, 0x6, 0x3b, 0x40, 0xe, 0x53, 0x6,
    0x20, 0xbc, 0x80, 0x5, 0x0, 0x74, 0x80, 0x2c,
    0x0, 0x46, 0xf0, 0x2, 0xc0, 0x12, 0x98, 0x29,
    0x0, 0x73, 0x88, 0x40, 0x5, 0x0, 0x8, 0x0,
    0xfa, 0x40, 0x54, 0x14, 0x81, 0x48, 0x3, 0xe6,
    0x0, 0x48, 0x40, 0x2, 0x0, 0x3f, 0xb, 0x1,
    0xc9, 0x2, 0x90, 0x7, 0xf5, 0x80, 0x18, 0x1,
    0x0, 0x1f, 0xe2, 0x50, 0x9, 0x48, 0x3, 0xfe,
    0x90, 0xa, 0x0, 0x3f, 0xf8, 0xc, 0x1, 0x18,
    0x7, 0xff, 0x2, 0x0, 0x29, 0x0, 0xff, 0x94,
    0x80, 0x27, 0x0, 0xff, 0xa0, 0x0, 0xc0, 0x7,
    0x0, 0xfe, 0x52, 0x5, 0x91, 0x9, 0x0, 0xfe,
    0x80, 0x4, 0x3, 0x0, 0xb0, 0x7, 0xca, 0x40,
    0xa4, 0x12, 0x0, 0xb0, 0xf, 0xa0, 0x1, 0x20,
    0x1, 0x60, 0x25, 0x0, 0xe5, 0x20, 0x43, 0x0,
    0xac, 0x1, 0x2, 0x1, 0xa0, 0x1, 0x0, 0x18,
    0x94, 0xb, 0x25, 0x81, 0x88, 0x10, 0xc0, 0x3a,
    0xc4, 0x9, 0x84, 0x2c, 0x1, 0x0, 0x1e, 0x1c,
    0x40, 0x2, 0x80,

    /* U+03C8 "ψ" */
    0x8f, 0xf3, 0x0, 0x67, 0xff, 0x38, 0x5, 0x3f,
    0xe7, 0x0, 0xff, 0xe2, 0xd0, 0x2, 0x40, 0x3f,
    0xf8, 0xa6, 0x40, 0x26, 0x1, 0xff, 0xc5, 0x50,
    0x5, 0x80, 0x7f, 0xf1, 0x70, 0x0, 0x60, 0x1f,
    0xfc, 0x55, 0x0, 0x28, 0x7, 0xff, 0x14, 0x40,
    0x2, 0x1e, 0x1, 0xff, 0xc4, 0x20, 0xf, 0xfe,
    0x41, 0x80, 0x44, 0x0, 0xe0, 0xf, 0xfe, 0x8,
    0x80, 0x83, 0x0, 0x10, 0x3, 0xff, 0x80, 0x80,
    0x5, 0x3, 0x10, 0x33, 0x0, 0x7f, 0xd0, 0x0,
    0xc0, 0x3, 0x0, 0x3c, 0x3, 0xfc, 0xe6, 0x0,
    0x60, 0x4, 0x8, 0x1e, 0x10, 0x7, 0xd1, 0x0,
    0x4, 0x88, 0x5, 0xa2, 0x7, 0xb7, 0x80, 0xc,
    0xaf, 0x70, 0x3, 0x30, 0x3, 0x1e, 0x20, 0x1,
    0x10, 0x0, 0x45, 0x0, 0xc, 0xc8, 0x3, 0xc5,
    0x78, 0xe6, 0x1, 0x89, 0x6b, 0x98, 0x3, 0xf8,
    0xe3, 0x20, 0x1, 0x1b, 0x4a, 0x1, 0xff, 0xff,
    0x0, 0xff, 0xf6, 0x80,

    /* U+03C9 "ω" */
    0x0, 0x1f, 0xfb, 0x40, 0x3f, 0xf8, 0x11, 0xfe,
    0x80, 0xd, 0x0, 0xb, 0x0, 0xff, 0xe0, 0x48,
    0x1, 0xc4, 0x0, 0x48, 0x0, 0x60, 0xf, 0xfe,
    0x0, 0xa8, 0x1, 0x80, 0xa, 0x0, 0x50, 0xf,
    0xfe, 0x17, 0x80, 0x2c, 0x1, 0x80, 0xf, 0x0,
    0xf1, 0x98, 0x40, 0x39, 0x40, 0x6, 0x0, 0x50,
    0x2, 0x0, 0x72, 0x66, 0x20, 0x3, 0xc6, 0x0,
    0x30, 0x10, 0x0, 0x80, 0x7f, 0xf0, 0xd8, 0x0,
    0xc2, 0x0, 0x20, 0xf, 0xfe, 0x21, 0x0, 0xc,
    0x3, 0xff, 0x98, 0x20, 0x3, 0x0, 0xff, 0xe2,
    0x8, 0x0, 0xc0, 0x40, 0x40, 0x3c, 0x20, 0x3,
    0x0, 0xf1, 0x0, 0x18, 0x14, 0x0, 0x60, 0x1c,
    0x40, 0x6, 0x0, 0xf2, 0x80, 0xc, 0x30, 0x1,
    0x60, 0x1d, 0x60, 0x3, 0x10, 0xc, 0x62, 0x6,
    0x0, 0x60, 0x3, 0x90, 0x4, 0xa6, 0x4, 0x16,
    0x1, 0xbc, 0x1, 0x40, 0x1, 0x70, 0x6, 0x3a,
    0xcd, 0x3, 0x48, 0x2e, 0x33, 0x30, 0xc0, 0x98,
    0x2, 0x84, 0x1, 0x8a, 0x60, 0x39, 0x47, 0x3,
    0x99, 0x18, 0xf, 0x80, 0x75, 0xc9, 0x80, 0xa,
    0x30, 0x1, 0x14, 0x80, 0x2, 0x7f, 0x20, 0x0,

    /* U+03CA "ϊ" */
    0x1d, 0xf7, 0x0, 0x93, 0xb8, 0x8e, 0x41, 0x0,
    0x17, 0x8, 0xbd, 0x40, 0x8, 0x1, 0x60, 0x3,
    0x4f, 0xb2, 0xc0, 0x26, 0xdd, 0x30, 0x9, 0x80,
    0x71, 0x10, 0x3, 0xbf, 0xe0, 0xf, 0xff, 0xf8,
    0x7, 0xff, 0xd4, 0x40, 0x2, 0x1, 0xf2, 0x0,
    0x31, 0xe0, 0x40, 0x34, 0x80, 0xa, 0x1c, 0xc0,
    0x31, 0xd9, 0x80, 0x8, 0x0,

    /* U+03CB "ϋ" */
    0x2, 0xdf, 0x60, 0x9, 0x7f, 0x8c, 0x2, 0xa2,
    0xb, 0x0, 0xa4, 0x6, 0x80, 0x2c, 0x0, 0x20,
    0x4, 0x80, 0xc, 0x0, 0x93, 0x72, 0x40, 0x28,
    0xcd, 0x50, 0xc, 0x46, 0x1, 0xc6, 0x40, 0x16,
    0x7f, 0x88, 0x3, 0xb3, 0xfc, 0x80, 0x1f, 0xea,
    0x0, 0x78, 0x7, 0xf9, 0xc0, 0x8, 0x20, 0x1f,
    0xc2, 0x60, 0x4, 0x0, 0xff, 0x58, 0x3, 0x40,
    0x3f, 0xc6, 0x0, 0x30, 0xf, 0xf3, 0x0, 0x1c,
    0x3, 0xfc, 0x60, 0x1, 0x0, 0xff, 0xe6, 0x18,
    0x0, 0x5c, 0x3, 0xf9, 0x0, 0xa, 0x20, 0x1,
    0x0, 0xf6, 0x80, 0x3f, 0x40, 0x8, 0x1, 0xc6,
    0x80, 0x7, 0x40, 0x4, 0x88, 0x4, 0x5a, 0x0,
    0x71, 0x34, 0x1, 0xf7, 0x58, 0xd1, 0x2, 0x80,
    0x5, 0x18, 0xc, 0x53, 0x80, 0xf, 0x0, 0x21,
    0xc9, 0x30, 0x0, 0xa5, 0x60, 0x80, 0x0,

    /* U+03CC "ό" */
    0x0, 0xf9, 0x7f, 0xc8, 0x1, 0xff, 0xc0, 0x20,
    0x14, 0x0, 0xff, 0xe0, 0x68, 0x38, 0x7, 0xff,
    0x5, 0x83, 0x40, 0x3f, 0xf8, 0x26, 0x28, 0x1,
    0xff, 0xc1, 0xcc, 0x0, 0x7f, 0xf0, 0x8c, 0x80,
    0x3f, 0xf9, 0xe5, 0x3b, 0xfe, 0xea, 0x40, 0xf,
    0xa3, 0x58, 0x80, 0x2, 0xb7, 0x61, 0x0, 0xd2,
    0xe0, 0x5, 0x9a, 0x71, 0x4, 0xd0, 0x9, 0x18,
    0x7, 0x29, 0x96, 0x3c, 0xc0, 0xe0, 0x1, 0x0,
    0xa, 0x30, 0xc, 0x3a, 0x0, 0x71, 0x23, 0x2,
    0x40, 0xf, 0xb, 0x0, 0x1d, 0x0, 0xa, 0x1,
    0xfb, 0x40, 0x19, 0xc0, 0xd, 0x0, 0xfc, 0xc0,
    0x6, 0x10, 0xf, 0xf8, 0xc0, 0x2, 0x20, 0xf,
    0xfe, 0x10, 0xf0, 0x3, 0x40, 0x3f, 0x28, 0x1,
    0x90, 0x0, 0x80, 0x1f, 0xb4, 0x1, 0xa4, 0x40,
    0x34, 0x0, 0xf0, 0xb0, 0x1, 0x82, 0x40, 0x14,
    0x60, 0x18, 0x74, 0x0, 0xc2, 0x8, 0xc0, 0x39,
    0x4c, 0xb1, 0xe6, 0x7, 0x20, 0x14, 0xb8, 0x1,
    0x66, 0x9c, 0x41, 0x34, 0x3, 0xa3, 0x58, 0x80,
    0x2, 0xb7, 0x61, 0x0, 0x0,

    /* U+03CD "ύ" */
    0x0, 0xf1, 0x19, 0x0, 0x7f, 0xdf, 0x92, 0x1,
    0xff, 0x10, 0x68, 0x7, 0xf8, 0x80, 0xe, 0x1,
    0xfe, 0x70, 0x41, 0x0, 0xff, 0x68, 0x70, 0x7,
    0xfd, 0x1e, 0xa0, 0x1f, 0xfc, 0x8c, 0xff, 0x10,
    0x7, 0x67, 0xf9, 0x0, 0x3f, 0xd4, 0x0, 0xf0,
    0xf, 0xf3, 0x80, 0x10, 0x40, 0x3f, 0x84, 0xc0,
    0x8, 0x1, 0xfe, 0xb0, 0x6, 0x80, 0x7f, 0x8c,
    0x0, 0x60, 0x1f, 0xe6, 0x0, 0x38, 0x7, 0xf8,
    0xc0, 0x2, 0x1, 0xff, 0xcc, 0x30, 0x0, 0xb8,
    0x7, 0xf2, 0x0, 0x14, 0x40, 0x2, 0x1, 0xed,
    0x0, 0x7e, 0x80, 0x10, 0x3, 0x8d, 0x0, 0xe,
    0x80, 0x9, 0x10, 0x8, 0xb4, 0x0, 0xe2, 0x68,
    0x3, 0xee, 0xb1, 0xa2, 0x5, 0x0, 0xa, 0x30,
    0x18, 0xa7, 0x0, 0x1e, 0x0, 0x43, 0x92, 0x60,
    0x1, 0x4a, 0xc1, 0x0, 0x0,

    /* U+03CE "ώ" */
    0x0, 0xff, 0xe0, 0x11, 0x90, 0x7, 0xff, 0x20,
    0x77, 0x28, 0x3, 0xff, 0x90, 0x40, 0xa, 0x0,
    0xff, 0xe4, 0x28, 0x11, 0x0, 0x3f, 0xf9, 0x1e,
    0x14, 0x1, 0xff, 0xc9, 0x20, 0x60, 0xf, 0xfe,
    0x4d, 0xf8, 0x80, 0x7f, 0xf6, 0xf, 0xfd, 0xa0,
    0x1f, 0xfc, 0x8, 0xff, 0x40, 0x6, 0x80, 0x5,
    0x80, 0x7f, 0xf0, 0x24, 0x0, 0xe2, 0x0, 0x24,
    0x0, 0x30, 0x7, 0xff, 0x0, 0x54, 0x0, 0xc0,
    0x5, 0x0, 0x28, 0x7, 0xff, 0xb, 0xc0, 0x16,
    0x0, 0xc0, 0x7, 0x80, 0x78, 0xcc, 0x20, 0x1c,
    0xa0, 0x3, 0x0, 0x28, 0x1, 0x0, 0x39, 0x33,
    0x10, 0x1, 0xe3, 0x0, 0x18, 0x8, 0x0, 0x40,
    0x3f, 0xf8, 0x6c, 0x0, 0x61, 0x0, 0x10, 0x7,
    0xff, 0x10, 0x80, 0x6, 0x1, 0xff, 0xcc, 0x10,
    0x1, 0x80, 0x7f, 0xf1, 0x4, 0x0, 0x60, 0x20,
    0x20, 0x1e, 0x10, 0x1, 0x80, 0x78, 0x80, 0xc,
    0xa, 0x0, 0x30, 0xe, 0x20, 0x3, 0x0, 0x79,
    0x40, 0x6, 0x18, 0x0, 0xb0, 0xe, 0xb0, 0x1,
    0x88, 0x6, 0x31, 0x3, 0x0, 0x30, 0x1, 0xc8,
    0x2, 0x53, 0x2, 0xb, 0x0, 0xde, 0x0, 0xa0,
    0x0, 0xb8, 0x3, 0x1d, 0x66, 0x81, 0xa4, 0x17,
    0x19, 0x98, 0x60, 0x4c, 0x1, 0x42, 0x0, 0xc5,
    0x30, 0x1c, 0xa3, 0x81, 0xcc, 0x8c, 0x7, 0xc0,
    0x3a, 0xe4, 0xc0, 0x5, 0x18, 0x0, 0x8a, 0x40,
    0x1, 0x3f, 0x90, 0x0,

    /* U+03D1 "ϑ" */
    0x0, 0xf2, 0x5f, 0x7f, 0x51, 0x80, 0x7f, 0x45,
    0xa0, 0x80, 0xae, 0x28, 0x7, 0xc8, 0xe0, 0x6,
    0x85, 0x0, 0x50, 0x80, 0x7b, 0x80, 0x13, 0x27,
    0xa5, 0x0, 0x38, 0x7, 0x98, 0x0, 0xe0, 0x17,
    0x0, 0x3c, 0x3, 0xff, 0x82, 0xe0, 0x3, 0x0,
    0xf3, 0x0, 0x10, 0x3, 0xff, 0x83, 0xe0, 0x9,
    0x0, 0xff, 0xe0, 0xa9, 0x1, 0xd8, 0x80, 0x7e,
    0x44, 0x18, 0x78, 0x82, 0x7c, 0x28, 0x4, 0x46,
    0x37, 0x6f, 0x2, 0xc3, 0x1, 0x79, 0x0, 0x2e,
    0xf0, 0x7, 0x8b, 0x28, 0xc0, 0x3f, 0xf8, 0x6b,
    0x9d, 0x20, 0x3, 0xbd, 0x0, 0xff, 0xa, 0x80,
    0x19, 0x0, 0x3f, 0xf9, 0x22, 0x1, 0xff, 0xc1,
    0x10, 0x1, 0x0, 0x7c, 0xc0, 0x3, 0x0, 0x90,
    0x0, 0xa0, 0x1e, 0xc0, 0x7, 0x80, 0x5e, 0x0,
    0xb2, 0x0, 0xc8, 0xc0, 0x7, 0x0, 0x91, 0x40,
    0x76, 0x9d, 0xd7, 0x60, 0x4, 0x8, 0x6, 0xa5,
    0x0, 0x2c, 0x41, 0x0, 0xe, 0xe0, 0xf, 0x55,
    0xa8, 0x80, 0x9, 0xb2, 0x0, 0x30,

    /* U+03D2 "ϒ" */
    0x5e, 0xfd, 0x60, 0xf, 0xe4, 0xcf, 0xf3, 0x80,
    0x81, 0x4a, 0x80, 0x7c, 0x76, 0x60, 0x12, 0x29,
    0x80, 0x2c, 0x3, 0xef, 0x0, 0x12, 0xa0, 0xd6,
    0x18, 0xb, 0x0, 0x71, 0x98, 0xb, 0x68, 0xc0,
    0x2f, 0x0, 0x58, 0x7, 0x48, 0x2, 0xc0, 0x3c,
    0x66, 0x2, 0x40, 0x8, 0x94, 0x5, 0x80, 0x3e,
    0x80, 0x4, 0x0, 0x56, 0x0, 0x80, 0xf, 0xc8,
    0x60, 0x66, 0x1, 0x60, 0x16, 0x0, 0xfe, 0x90,
    0x4, 0x84, 0x80, 0x24, 0x3, 0xfc, 0xa4, 0xa,
    0x4c, 0x0, 0x70, 0xf, 0xfa, 0xc0, 0x18, 0x20,
    0xe0, 0x1f, 0xfc, 0x6, 0x10, 0x10, 0x4, 0x80,
    0x7f, 0xf0, 0x60, 0x2, 0x61, 0x0, 0xff, 0xe0,
    0xb0, 0x5, 0x60, 0x1f, 0xfc, 0x63, 0x0, 0xff,
    0xff, 0x80, 0x7f, 0xfd, 0x40,

    /* U+03D6 "ϖ" */
    0xdf, 0xff, 0xfe, 0x53, 0x0, 0x7f, 0xf3, 0x26,
    0x40, 0x14, 0xd5, 0x7f, 0xf0, 0x8, 0x0, 0xd4,
    0x88, 0x0, 0x91, 0x95, 0x7f, 0xf8, 0x16, 0x0,
    0x35, 0x20, 0xc0, 0x6, 0x80, 0x7f, 0xf0, 0x50,
    0x0, 0x80, 0x13, 0x80, 0x10, 0x3, 0x96, 0x1c,
    0x3, 0x88, 0x40, 0x44, 0x0, 0x20, 0x1, 0x0,
    0x74, 0x3c, 0x8, 0x7, 0x28, 0x0, 0x80, 0x30,
    0x80, 0x7f, 0xf0, 0xc4, 0x0, 0xe0, 0x1f, 0xfc,
    0x83, 0x0, 0xff, 0xe5, 0x98, 0x1, 0xc0, 0x4,
    0x2, 0x1, 0xfc, 0x60, 0x1c, 0xc0, 0x1, 0x0,
    0x30, 0x0, 0xc0, 0x38, 0x80, 0xc, 0x1, 0xc4,
    0x0, 0x20, 0x6, 0x0, 0x10, 0x3, 0x20, 0x5,
    0xa0, 0x18, 0xc4, 0x10, 0x2, 0x50, 0x4, 0x80,
    0x69, 0x3, 0x6, 0x20, 0xa, 0x40, 0x1a, 0x1,
    0x13, 0x0, 0xe3, 0x3e, 0x90, 0x69, 0x86, 0xc2,
    0xd2, 0x81, 0x30, 0x6, 0x82, 0x3, 0x98, 0x20,
    0xa1, 0xe1, 0x7, 0xa5, 0x0, 0x70, 0x7, 0xe,
    0xb8, 0x80, 0xae, 0x28, 0x17, 0xb0, 0x80, 0xae,
    0x98, 0x4,

    /* U+0400 "Ѐ" */
    0x0, 0x9e, 0x20, 0x60, 0x1f, 0xfc, 0x2, 0x77,
    0x68, 0x80, 0x7f, 0xcb, 0x20, 0x36, 0x1, 0xff,
    0xc0, 0x67, 0x5, 0x50, 0x7, 0xff, 0x2, 0x18,
    0x2c, 0x40, 0x3f, 0xf8, 0x13, 0xfc, 0x20, 0x1f,
    0xfc, 0xa5, 0xff, 0xff, 0xe1, 0x0, 0x7f, 0xf2,
    0xe, 0x67, 0xfe, 0x0, 0xcc, 0xdf, 0xfc, 0x0,
    0xf, 0xff, 0xf8, 0x7, 0xf2, 0xff, 0xff, 0x40,
    0x7, 0xff, 0x24, 0xe6, 0x7f, 0xac, 0x3, 0x99,
    0xbf, 0xc6, 0x1, 0xff, 0xff, 0x0, 0xff, 0xe7,
    0x33, 0x7f, 0xf0, 0x0, 0x31, 0xcc, 0xff, 0xc2,
    0x1, 0xff, 0xc4,

    /* U+0401 "Ё" */
    0x0, 0xb3, 0xe4, 0x2, 0x3e, 0xe2, 0x80, 0x72,
    0x98, 0x30, 0x5, 0x42, 0x29, 0x0, 0xe7, 0x0,
    0x18, 0x5, 0x80, 0x4, 0x0, 0xe2, 0xec, 0xc0,
    0x4, 0xbb, 0x90, 0x1, 0xe1, 0x30, 0xe, 0x23,
    0x0, 0xff, 0xe4, 0x2f, 0xff, 0xff, 0x8, 0x3,
    0xff, 0x90, 0x73, 0x3f, 0xf0, 0x6, 0x66, 0xff,
    0xe0, 0x0, 0x7f, 0xff, 0xc0, 0x3f, 0x97, 0xff,
    0xfa, 0x0, 0x3f, 0xf9, 0x27, 0x33, 0xfd, 0x60,
    0x1c, 0xcd, 0xfe, 0x30, 0xf, 0xff, 0xf8, 0x7,
    0xff, 0x39, 0x9b, 0xff, 0x80, 0x1, 0x8e, 0x67,
    0xfe, 0x10, 0xf, 0xfe, 0x20,

    /* U+0402 "Ђ" */
    0x5f, 0xff, 0xfe, 0x2a, 0x80, 0x7f, 0xf3, 0xde,
    0x67, 0xc2, 0x0, 0x79, 0x9f, 0x9c, 0x3, 0x13,
    0x37, 0x8c, 0x1, 0x4c, 0xdf, 0x10, 0x7, 0xff,
    0xfc, 0x3, 0xff, 0xa6, 0xb3, 0x9d, 0xfe, 0xda,
    0x50, 0xf, 0xfe, 0x14, 0x31, 0x88, 0x0, 0x96,
    0xb8, 0xc0, 0x3f, 0xf8, 0x22, 0x6a, 0xca, 0x60,
    0x1, 0xc4, 0x0, 0xff, 0xab, 0xb2, 0xa6, 0xb3,
    0x4c, 0x1, 0x40, 0x1f, 0xf3, 0x80, 0x78, 0xb0,
    0x40, 0x54, 0x3, 0xff, 0x8f, 0x20, 0xf, 0x0,
    0xff, 0xe3, 0x98, 0x0, 0x40, 0x3f, 0xf9, 0x4e,
    0x1, 0xff, 0xc7, 0x20, 0x3, 0x0, 0x7f, 0xf1,
    0xf4, 0x1, 0xa0, 0x1f, 0xfc, 0x66, 0x40, 0x3,
    0x0, 0x7f, 0xf0, 0xd5, 0xf2, 0x40, 0x12, 0x20,
    0x1f, 0xfc, 0x3a, 0x83, 0x0, 0x4b, 0x0, 0x7f,
    0xf1, 0x44, 0xe3, 0x98, 0x0,

    /* U+0403 "Ѓ" */
    0x0, 0xfe, 0x78, 0x81, 0x80, 0x7f, 0x9e, 0x1c,
    0xcc, 0x1, 0xfc, 0x50, 0x7, 0x60, 0x1f, 0xee,
    0x2, 0xd0, 0xf, 0xf3, 0x99, 0x60, 0x80, 0x7f,
    0x9f, 0xf4, 0x40, 0x3f, 0xf9, 0x7, 0xff, 0xff,
    0xc1, 0xc0, 0xf, 0xfe, 0x30, 0xcc, 0xff, 0xc0,
    0x11, 0x33, 0x7f, 0x94, 0x3, 0xff, 0xfe, 0x1,
    0xff, 0xff, 0x0, 0xff, 0xff, 0x80, 0x7f, 0xf8,
    0x40,

    /* U+0404 "Є" */
    0x0, 0xf2, 0xdf, 0x7f, 0xbb, 0x20, 0x80, 0x3f,
    0x27, 0x52, 0x8, 0x0, 0x4d, 0xf6, 0x0, 0x3c,
    0xd6, 0x20, 0x2b, 0x10, 0x73, 0x0, 0x3d, 0x0,
    0x63, 0x90, 0x3, 0xf5, 0x3b, 0xa3, 0x2c, 0x0,
    0xac, 0x1, 0x70, 0x1, 0xe0, 0x3, 0xc9, 0x40,
    0xb, 0x0, 0x21, 0x1, 0x40, 0x7, 0xe5, 0x10,
    0x23, 0xe, 0x0, 0x50, 0x7, 0xfa, 0x51, 0xe,
    0xe, 0x0, 0x40, 0xf, 0xf3, 0xdd, 0x90, 0x8,
    0x0, 0x60, 0x1f, 0xfc, 0x21, 0x0, 0xbf, 0xff,
    0x68, 0x7, 0xff, 0x46, 0x67, 0xf4, 0x0, 0x7f,
    0x99, 0xbf, 0x28, 0x7, 0x84, 0x3, 0xff, 0x8e,
    0x40, 0x3, 0x0, 0xff, 0x2c, 0x40, 0xc1, 0xc0,
    0x8, 0x1, 0xfe, 0x97, 0x78, 0x38, 0x1, 0x40,
    0x1f, 0xc2, 0x60, 0x4, 0x4, 0x20, 0x27, 0x0,
    0xfd, 0x0, 0x6, 0x0, 0xa4, 0x1, 0xe, 0x1,
    0xe7, 0x60, 0x5, 0x80, 0x49, 0x20, 0x8, 0xe9,
    0x77, 0x4e, 0xc0, 0x2, 0x88, 0x3, 0x35, 0x88,
    0xb, 0x44, 0x18, 0x80, 0x6d, 0x40, 0x3c, 0x9d,
    0x28, 0x20, 0x1, 0x49, 0xe4, 0x0, 0x80,

    /* U+0405 "Ѕ" */
    0x0, 0xc5, 0x19, 0xdf, 0xed, 0xa5, 0x0, 0xfa,
    0x75, 0xcc, 0x40, 0x4, 0xb5, 0x84, 0x1, 0xb1,
    0x80, 0x6, 0xf1, 0x5, 0x10, 0x3d, 0x30, 0x3,
    0x98, 0xe, 0x62, 0x1d, 0xd5, 0xca, 0x0, 0xe0,
    0x5, 0x0, 0x2c, 0xc0, 0x3d, 0x46, 0x4, 0xa0,
    0x40, 0x5, 0x0, 0xfd, 0x40, 0xf, 0x0, 0xc2,
    0x1, 0xf9, 0x1d, 0xd8, 0x8, 0x0, 0x80, 0xf,
    0xc5, 0x10, 0x60, 0x80, 0x3, 0x59, 0x80, 0x7f,
    0xc7, 0x60, 0x4, 0xcc, 0x39, 0x80, 0x7f, 0x27,
    0x28, 0x0, 0xe3, 0x3a, 0x4c, 0x3, 0xe1, 0xae,
    0x82, 0x0, 0xb, 0x65, 0x90, 0x7, 0xc2, 0xfb,
    0xd2, 0x80, 0x4, 0xd4, 0x0, 0xfe, 0x16, 0xbd,
    0x40, 0x5, 0x8, 0x7, 0xfc, 0x56, 0x80, 0x32,
    0xd3, 0x22, 0x0, 0xfe, 0xe0, 0x1, 0xe3, 0x31,
    0x0, 0x3f, 0x84, 0x0, 0xfe, 0x0, 0xb0, 0xf,
    0xec, 0x0, 0x32, 0x90, 0x16, 0x10, 0x7, 0x95,
    0xc0, 0x1c, 0x1e, 0x20, 0x7b, 0x70, 0xee, 0x9d,
    0xa0, 0x2, 0xa0, 0x17, 0xa8, 0x1, 0x1e, 0x20,
    0xc4, 0x0, 0x7a, 0x0, 0x86, 0xb6, 0xc, 0x40,
    0x2, 0x91, 0xd0, 0x0,

    /* U+0406 "І" */
    0x2f, 0xf7, 0x0, 0x7f, 0xff, 0xc0, 0x3f, 0x80,

    /* U+0407 "Ї" */
    0x3e, 0xe2, 0x0, 0x4f, 0xfa, 0x32, 0x22, 0xf0,
    0xa, 0x40, 0x9b, 0x0, 0x18, 0x1, 0x20, 0x1,
    0x1b, 0x74, 0xe0, 0x15, 0x67, 0x18, 0x11, 0x0,
    0x38, 0xc4, 0x3, 0xff, 0x86, 0x5f, 0xee, 0x0,
    0xff, 0xff, 0x80, 0x7f, 0xff, 0xc0, 0x3f, 0xff,
    0xe0, 0x1f, 0xe0,

    /* U+0408 "Ј" */
    0x0, 0xff, 0xe0, 0x6f, 0xf8, 0xc0, 0x3f, 0xff,
    0xe0, 0x1f, 0xff, 0xf0, 0xf, 0xff, 0xfb, 0x31,
    0x40, 0x3f, 0xe1, 0x14, 0xca, 0xc0, 0x3f, 0x10,
    0x0, 0xc4, 0x0, 0x26, 0x1, 0xe4, 0x0, 0x8,
    0x81, 0x80, 0x1c, 0x20, 0x18, 0xa8, 0x0, 0xc0,
    0x8, 0x10, 0x2e, 0xa7, 0x75, 0x68, 0x81, 0x40,
    0x0, 0x70, 0x80, 0xb, 0x10, 0x50, 0x1, 0xe0,
    0x6, 0x2d, 0xa4, 0x10, 0x0, 0xad, 0x60, 0x80,
    0x0,

    /* U+0409 "Љ" */
    0x0, 0xe2, 0xff, 0xff, 0xe0, 0xd8, 0x7, 0xff,
    0x18, 0x40, 0x3f, 0xfa, 0x8e, 0x0, 0x29, 0x9f,
    0x98, 0x3, 0xff, 0x98, 0xcd, 0xfb, 0x40, 0x3f,
    0xf9, 0x22, 0x0, 0x10, 0xf, 0xfe, 0x89, 0x80,
    0xc, 0x3, 0xff, 0xa8, 0x20, 0x1f, 0xfd, 0x11,
    0x0, 0xff, 0xea, 0x78, 0x3, 0xc0, 0x3f, 0xc9,
    0xff, 0xee, 0xc7, 0x10, 0xf, 0xf8, 0x40, 0x3f,
    0xf8, 0xa2, 0x71, 0xca, 0x1, 0xf0, 0x80, 0xc,
    0x3, 0xfc, 0x51, 0x1e, 0x62, 0x0, 0x53, 0x0,
    0x78, 0xc0, 0x2, 0x1, 0xfe, 0x67, 0x7f, 0x4e,
    0xb8, 0x2, 0x44, 0x3, 0x84, 0x0, 0xe0, 0x1f,
    0xfc, 0x78, 0x40, 0x4, 0x80, 0x73, 0x80, 0x4,
    0x3, 0xff, 0x91, 0xe0, 0x4, 0x0, 0xe2, 0x0,
    0x10, 0x7, 0xff, 0x21, 0x40, 0x4, 0x1, 0x84,
    0x40, 0x20, 0x1f, 0xfd, 0x15, 0x0, 0x20, 0x7,
    0xff, 0x25, 0x40, 0x4, 0x1, 0xb8, 0x1, 0x80,
    0x1f, 0xfc, 0x9f, 0x0, 0x20, 0x4, 0xaa, 0x0,
    0x38, 0x7, 0xff, 0x22, 0x10, 0x1, 0x22, 0xf7,
    0x40, 0x6, 0x10, 0xf, 0xf9, 0x9b, 0xe8, 0xd7,
    0x0, 0x48, 0x94, 0x20, 0x0, 0xe4, 0x3, 0xff,
    0x80, 0x53, 0x3e, 0x72, 0x0, 0x4b, 0x0, 0x63,
    0x9c, 0x0, 0xff, 0xe4, 0x9, 0xc7, 0x30, 0x0,

    /* U+040A "Њ" */
    0x3f, 0xf6, 0x0, 0x7f, 0xdf, 0xf0, 0x7, 0xff,
    0xfc, 0x3, 0xff, 0xfe, 0x1, 0xff, 0xff, 0x0,
    0xff, 0xf2, 0x1f, 0xff, 0xfc, 0x1, 0x7f, 0xfd,
    0xb2, 0x80, 0x1f, 0xfd, 0x12, 0x6b, 0xb0, 0x80,
    0x70, 0xcc, 0xff, 0xc0, 0x14, 0xcf, 0xa1, 0x0,
    0x9, 0x80, 0x1c, 0x4c, 0xdf, 0xf0, 0x4, 0xcd,
    0xe7, 0xbd, 0x10, 0x28, 0x0, 0xff, 0xe7, 0x95,
    0x0, 0x18, 0x3, 0xff, 0xa0, 0x82, 0x2, 0x40,
    0x1f, 0xfd, 0x2, 0x0, 0x8, 0x7, 0xff, 0x40,
    0x80, 0x4, 0x1, 0xff, 0xcf, 0x51, 0x1, 0x10,
    0x7, 0xff, 0x39, 0x68, 0x1, 0x20, 0x1f, 0xfc,
    0x79, 0x9f, 0x56, 0xd0, 0x0, 0xdc, 0x3, 0xff,
    0x8e, 0xcd, 0xe5, 0x20, 0x2, 0xe0, 0x7, 0xff,
    0x3c, 0x9b, 0x28, 0x2,

    /* U+040B "Ћ" */
    0xf, 0xff, 0xfe, 0x2c, 0x80, 0x7f, 0xf4, 0xa6,
    0x7c, 0x60, 0x5, 0x99, 0xfb, 0x40, 0x3c, 0xcd,
    0xf0, 0x3, 0xd9, 0xbe, 0x40, 0xf, 0xff, 0xf8,
    0x7, 0xff, 0x63, 0xeb, 0x7b, 0xfe, 0xeb, 0x60,
    0xf, 0xfe, 0x12, 0xa8, 0x84, 0x2, 0x14, 0x9e,
    0x30, 0xf, 0xfe, 0x9, 0x2b, 0xc4, 0x4a, 0x20,
    0x38, 0x40, 0x1f, 0xf4, 0xed, 0x43, 0xbd, 0x5c,
    0x80, 0x8, 0x0, 0xff, 0x8c, 0x3, 0xf5, 0x0,
    0x14, 0x3, 0xff, 0x90, 0x24, 0x0, 0x30, 0xf,
    0xfe, 0x43, 0x0, 0x1c, 0x3, 0xff, 0x96, 0x20,
    0x1f, 0xff, 0xf0, 0xf, 0xff, 0xc8,

    /* U+040C "Ќ" */
    0x0, 0xfc, 0x51, 0x7, 0x10, 0xf, 0xfe, 0x17,
    0x3b, 0x80, 0x40, 0x3f, 0xf8, 0x2e, 0x60, 0xee,
    0x0, 0xff, 0xe0, 0x94, 0x3, 0x40, 0x7, 0xff,
    0xb, 0x81, 0x64, 0x3, 0xff, 0x87, 0x9f, 0x40,
    0x1f, 0xfd, 0x15, 0xff, 0x50, 0x7, 0xf5, 0x7f,
    0xb4, 0x40, 0x3f, 0xf8, 0x34, 0xa0, 0x38, 0x20,
    0x1f, 0xfc, 0x8, 0x50, 0x1c, 0x10, 0xf, 0xfe,
    0x3, 0xb8, 0x1, 0xa4, 0x1, 0xff, 0xc0, 0x68,
    0x0, 0x59, 0x80, 0x7f, 0xf0, 0x16, 0x40, 0x14,
    0x80, 0x1f, 0xfc, 0x4, 0xa0, 0x4, 0xa8, 0x7,
    0xff, 0x0, 0xec, 0x1, 0xc, 0x1, 0xff, 0xc0,
    0x3c, 0x0, 0x33, 0x80, 0x7f, 0xf0, 0xb, 0x40,
    0x9, 0x20, 0x1f, 0xfc, 0x6, 0xc1, 0x0, 0x29,
    0x0, 0x7f, 0xf0, 0xc, 0x40, 0x21, 0xf0, 0xf,
    0xfe, 0x12, 0x70, 0x81, 0x50, 0x7, 0xff, 0x1,
    0x2c, 0x74, 0x0, 0xac, 0x1, 0xfe, 0x2b, 0x0,
    0x1c, 0x80, 0x24, 0xc0, 0x3f, 0x9c, 0x3, 0x33,
    0x0, 0x1a, 0x20, 0x1f, 0xfc, 0x29, 0x30, 0x1d,
    0x0, 0xff, 0xe1, 0xe8, 0x81, 0xc0, 0x7, 0xff,
    0x8, 0x68, 0x0, 0xea, 0x1, 0xff, 0xc2, 0x48,
    0x0, 0x51, 0x0, 0x7f, 0xf0, 0x9d, 0x0, 0x1e,
    0x1, 0xff, 0xc3, 0xb2, 0x2, 0xa0,

    /* U+040D "Ѝ" */
    0x0, 0xc3, 0x11, 0x8, 0x7, 0xff, 0x4, 0x41,
    0xdd, 0x40, 0x1f, 0xfc, 0x28, 0x50, 0x46, 0x0,
    0xff, 0xe1, 0x52, 0x4, 0x90, 0x7, 0xff, 0xa,
    0xcc, 0x38, 0x3, 0xff, 0x87, 0x9f, 0x80, 0x1f,
    0xfc, 0xd3, 0xff, 0x60, 0x7, 0xf9, 0x7f, 0xe0,
    0xf, 0xfe, 0x8, 0xd8, 0x7, 0xff, 0x12, 0xc4,
    0x3, 0xff, 0x86, 0xaa, 0x0, 0xff, 0xe1, 0x8d,
    0x80, 0x7f, 0xf1, 0x2c, 0x41, 0x0, 0x3f, 0xf8,
    0x2a, 0xa0, 0x1a, 0x0, 0xff, 0xe0, 0xd, 0x80,
    0x2c, 0x40, 0x3f, 0xf8, 0x16, 0x20, 0x8a, 0x1,
    0xff, 0xc0, 0x45, 0x0, 0x50, 0x7, 0xff, 0x0,
    0x68, 0x1, 0x22, 0x1, 0xff, 0xc0, 0x81, 0x4,
    0x60, 0xf, 0xfe, 0x2, 0x30, 0x2, 0x80, 0x3f,
    0xf8, 0x34, 0x0, 0x91, 0x0, 0xff, 0xe0, 0x48,
    0x82, 0x30, 0x7, 0xff, 0x1, 0x18, 0x1, 0x20,
    0x1f, 0xfc, 0x1, 0xa0, 0x4, 0x90, 0x7, 0xff,
    0x0, 0x84, 0x11, 0x80, 0x3f, 0xf8, 0x92, 0x1,
    0xff, 0xc4, 0x92, 0x0, 0xff, 0xe1, 0x9b, 0x0,
    0x7f, 0xf1, 0x38, 0x3, 0xff, 0x82,

    /* U+040E "Ў" */
    0x0, 0xc9, 0xc, 0x1, 0x92, 0x18, 0x3, 0xf8,
    0xde, 0x0, 0x34, 0x3e, 0x0, 0x7f, 0x28, 0xc,
    0x88, 0x31, 0x87, 0x80, 0x7f, 0x14, 0x83, 0x77,
    0xc8, 0x32, 0x80, 0x7f, 0x9b, 0x18, 0xcc, 0xb7,
    0x20, 0x1f, 0xfc, 0x3, 0x9c, 0xc5, 0x20, 0x7,
    0xff, 0x3a, 0x3f, 0xda, 0x1, 0xfe, 0x8f, 0xf7,
    0x4, 0x80, 0x9, 0x0, 0x3f, 0x98, 0x0, 0xc0,
    0x2c, 0x0, 0x80, 0xf, 0xca, 0x20, 0x9, 0x0,
    0x40, 0x0, 0xcc, 0x1, 0xf4, 0x80, 0x18, 0x40,
    0x2, 0xc0, 0x8, 0x0, 0xf1, 0x18, 0x2, 0xc0,
    0x35, 0x80, 0x10, 0x80, 0x3a, 0xc0, 0x8, 0x40,
    0x18, 0x94, 0x1, 0x0, 0x1c, 0xc0, 0xf, 0x0,
    0xf4, 0x0, 0x14, 0x80, 0x26, 0x0, 0x12, 0x0,
    0x78, 0x94, 0x1, 0x60, 0x15, 0x80, 0x2c, 0x3,
    0xf4, 0x0, 0x18, 0x41, 0x8, 0x5, 0x80, 0x3f,
    0x12, 0x0, 0x24, 0x38, 0x1, 0x20, 0x1f, 0xe8,
    0x0, 0x31, 0x28, 0x1, 0x80, 0x3f, 0xc6, 0x80,
    0x38, 0x0, 0x61, 0x0, 0xff, 0xa0, 0x0, 0x20,
    0xb, 0x0, 0xff, 0xe0, 0x1a, 0x0, 0x48, 0x40,
    0x1f, 0xfc, 0x1f, 0x0, 0xbc, 0x3, 0xff, 0x8a,
    0x48, 0x1, 0xff, 0xc2, 0x80, 0x5, 0x80, 0x7f,
    0xf0, 0x98, 0xc0, 0x58, 0x3, 0xfe, 0x67, 0x99,
    0x0, 0x2c, 0x3, 0xff, 0x81, 0x10, 0x60, 0x3,
    0x28, 0x7, 0xff, 0xc, 0xea, 0x40, 0x3f, 0xc0,

    /* U+040F "Џ" */
    0x4f, 0xf6, 0x0, 0x7f, 0xdf, 0xf0, 0x7, 0xff,
    0xfc, 0x3, 0xff, 0xfe, 0x1, 0xff, 0xff, 0x0,
    0xff, 0xff, 0x80, 0x7f, 0xf3, 0xc9, 0x9b, 0xfe,
    0x0, 0xf0, 0xcc, 0xff, 0xc0, 0x1f, 0xfc, 0x94,
    0xff, 0xf8, 0x2, 0xff, 0xf8, 0x3, 0xff, 0xfe,
    0x1, 0xce, 0xe8, 0x0, 0xf8,

    /* U+0410 "А" */
    0x0, 0xfc, 0x3f, 0xee, 0x0, 0xff, 0xe2, 0xb0,
    0x0, 0x54, 0x3, 0xff, 0x89, 0x40, 0x14, 0x80,
    0x7f, 0xf0, 0xd0, 0x80, 0x40, 0xc8, 0x3, 0xff,
    0x85, 0xc0, 0xa, 0x0, 0x50, 0x7, 0xff, 0x4,
    0x54, 0x11, 0x4, 0xc, 0x1, 0xff, 0xc1, 0x60,
    0x7, 0x5, 0x0, 0xa8, 0x7, 0xff, 0x2, 0x80,
    0xa, 0xc, 0x0, 0xe0, 0xf, 0xf8, 0xc8, 0x18,
    0x0, 0x28, 0x8, 0x40, 0x1f, 0xea, 0x0, 0x50,
    0x5, 0xc0, 0xa, 0x0, 0xff, 0x30, 0x11, 0x80,
    0x4a, 0x20, 0xc0, 0x1f, 0xcc, 0x0, 0xa0, 0xe,
    0x70, 0x15, 0x0, 0xfd, 0x40, 0x6, 0x0, 0xea,
    0x0, 0x70, 0x7, 0xc6, 0x60, 0x16, 0x77, 0xe4,
    0x0, 0x20, 0x80, 0x7a, 0x80, 0x3, 0x11, 0xf0,
    0x5, 0x20, 0x1e, 0x60, 0xf, 0xfe, 0xb, 0x0,
    0x73, 0x0, 0x1b, 0xff, 0xf9, 0x0, 0x50, 0x3,
    0x50, 0x2, 0x80, 0x3f, 0xb8, 0x1, 0xe0, 0x11,
    0x18, 0x11, 0x80, 0x7f, 0x28, 0x82, 0x8, 0x2,
    0xc0, 0x14, 0x1, 0xff, 0x38, 0x1, 0x80, 0xe,
    0x0, 0x60, 0xf, 0xfa, 0x80, 0x14, 0xa, 0x20,
    0x82, 0x1, 0xff, 0x19, 0x1, 0x20,

    /* U+0411 "Б" */
    0x8f, 0xff, 0xfe, 0xc, 0x0, 0x7f, 0xf2, 0x8e,
    0x67, 0xfd, 0x60, 0x1c, 0xac, 0xdf, 0xe3, 0x0,
    0xff, 0xfe, 0xab, 0xbf, 0x32, 0x90, 0x7, 0xe3,
    0x88, 0xe9, 0xad, 0xe7, 0x0, 0xff, 0xe1, 0x8c,
    0x60, 0x80, 0x66, 0xff, 0xf6, 0xc0, 0x0, 0xe8,
    0x3, 0xfe, 0x27, 0xd0, 0x2, 0x18, 0x7, 0xff,
    0x0, 0x9c, 0x1, 0x40, 0x1f, 0xfc, 0x1c, 0x0,
    0x10, 0x7, 0xff, 0x11, 0xc0, 0x3f, 0xf8, 0x24,
    0x0, 0x60, 0xf, 0xfe, 0xd, 0x80, 0x30, 0x3,
    0xff, 0x81, 0x24, 0x2, 0xe0, 0x12, 0xb3, 0x73,
    0xcf, 0x30, 0x2, 0xc4, 0x2, 0x39, 0x9e, 0x86,
    0x10, 0x1a, 0x50, 0xf, 0xf8, 0x52, 0x3d, 0x40,
    0x0,

    /* U+0412 "В" */
    0x5f, 0xff, 0xec, 0x93, 0x0, 0xff, 0xe1, 0x1b,
    0x65, 0x0, 0x78, 0xe6, 0x74, 0x39, 0x80, 0x16,
    0x80, 0x39, 0x9b, 0x9e, 0x32, 0xc0, 0xa, 0x40,
    0x1f, 0xfc, 0x4, 0x50, 0x2, 0x0, 0x7f, 0xf0,
    0x48, 0x1, 0xc0, 0x1f, 0xfc, 0x11, 0x0, 0x70,
    0x7, 0xff, 0x0, 0x98, 0x0, 0x80, 0x1f, 0xe2,
    0x7c, 0x0, 0x41, 0x0, 0x65, 0xff, 0xed, 0x81,
    0x14, 0xb8, 0x7, 0xff, 0x8, 0xcc, 0x1, 0xe3,
    0x87, 0x7a, 0x20, 0xc0, 0x55, 0x20, 0x1c, 0xcf,
    0x11, 0x3b, 0xa7, 0x88, 0x19, 0x40, 0x3f, 0xf8,
    0x3, 0x20, 0x9, 0x0, 0xff, 0xe0, 0xa0, 0x0,
    0xc0, 0x3f, 0xf8, 0x42, 0x0, 0x10, 0xf, 0xfe,
    0x8, 0x80, 0x4, 0x3, 0xff, 0x80, 0xa0, 0x2,
    0x0, 0xff, 0xe0, 0x1d, 0x80, 0x28, 0x3, 0x33,
    0x79, 0xef, 0x4, 0xd, 0xc0, 0x31, 0xcc, 0xf4,
    0x20, 0x1, 0x34, 0x3, 0xff, 0x80, 0x4d, 0x76,
    0x10, 0x0,

    /* U+0413 "Г" */
    0x3f, 0xff, 0xfe, 0xe, 0x0, 0x7f, 0xf1, 0x86,
    0x67, 0xfe, 0x0, 0x89, 0x9b, 0xfc, 0xa0, 0x1f,
    0xff, 0xf0, 0xf, 0xff, 0xf8, 0x7, 0xff, 0xfc,
    0x3, 0xff, 0xc2,

    /* U+0414 "Д" */
    0x0, 0xf3, 0xff, 0xff, 0xf0, 0x48, 0x3, 0xfb,
    0xc0, 0x3f, 0xf9, 0xcb, 0x33, 0xf0, 0x80, 0x7f,
    0xf0, 0x4, 0x1, 0x8c, 0xdf, 0x18, 0x7, 0xff,
    0x0, 0xc0, 0x6, 0x1, 0xff, 0xc8, 0x10, 0x0,
    0x80, 0x7f, 0xf2, 0x1c, 0x3, 0xff, 0x96, 0x20,
    0x7, 0x0, 0xff, 0xe4, 0x18, 0x0, 0x40, 0x3f,
    0xf9, 0x2, 0x0, 0x30, 0xf, 0xfe, 0x58, 0x80,
    0x7f, 0xf1, 0xc8, 0x0, 0x20, 0x1f, 0xfc, 0x87,
    0x0, 0x28, 0x7, 0xff, 0x23, 0x40, 0x6, 0x1,
    0xff, 0xc8, 0x40, 0x6, 0x80, 0x7f, 0xf1, 0xc4,
    0xc0, 0xa, 0x1, 0xff, 0xc7, 0x60, 0x2, 0x0,
    0x7f, 0xf2, 0x24, 0x1, 0xe0, 0x1f, 0xfc, 0x78,
    0x10, 0x34, 0x0, 0xff, 0xe2, 0xb, 0xc3, 0x80,
    0x15, 0x9b, 0xfc, 0x60, 0xa, 0x66, 0x9, 0x43,
    0x80, 0x4d, 0x33, 0xfe, 0x10, 0x3, 0xcc, 0x8c,
    0x3, 0xff, 0x9e, 0x7f, 0xff, 0xfc, 0x42, 0x0,
    0xff, 0xff, 0x80, 0x7f, 0xf3, 0x9, 0xdd, 0x40,
    0x1f, 0xfc, 0x4b, 0x77, 0x18,

    /* U+0415 "Е" */
    0x5f, 0xff, 0xfe, 0x10, 0x7, 0xff, 0x20, 0xe6,
    0x7f, 0xe0, 0xc, 0xcd, 0xff, 0xc0, 0x0, 0xff,
    0xff, 0x80, 0x7f, 0x2f, 0xff, 0xf4, 0x0, 0x7f,
    0xf2, 0x4e, 0x67, 0xfa, 0xc0, 0x39, 0x9b, 0xfc,
    0x60, 0x1f, 0xff, 0xf0, 0xf, 0xfe, 0x73, 0x37,
    0xff, 0x0, 0x3, 0x1c, 0xcf, 0xfc, 0x20, 0x1f,
    0xfc, 0x40,

    /* U+0416 "Ж" */
    0x9, 0xff, 0x68, 0x7, 0xec, 0xff, 0x18, 0x7,
    0xd5, 0xfe, 0xd0, 0x4, 0x90, 0x14, 0x80, 0x7f,
    0xf1, 0x55, 0x40, 0xe, 0x0, 0xb8, 0x0, 0xc6,
    0x1, 0xff, 0xc3, 0x1b, 0x0, 0x41, 0x80, 0x47,
    0x0, 0xe, 0x0, 0xff, 0xe1, 0xd8, 0x82, 0x38,
    0x7, 0x39, 0x81, 0x48, 0x7, 0xff, 0x5, 0x54,
    0x3, 0x40, 0x1f, 0x70, 0x1, 0x90, 0x3, 0xfe,
    0x1b, 0x0, 0x58, 0x80, 0x7c, 0x54, 0x0, 0xa0,
    0xf, 0xfa, 0xc4, 0x15, 0x40, 0x1f, 0xca, 0xa0,
    0x19, 0x0, 0xfe, 0x55, 0x1, 0x50, 0x7, 0xfd,
    0x62, 0xc, 0x80, 0x1f, 0xd, 0x80, 0x38, 0x3,
    0xff, 0x80, 0x34, 0x0, 0xbf, 0xf1, 0x80, 0x33,
    0xf8, 0x41, 0xcc, 0x3, 0xff, 0x9e, 0x20, 0x1f,
    0xfc, 0x29, 0x0, 0x1c, 0x40, 0x40, 0xd, 0xc,
    0x0, 0x63, 0x0, 0xff, 0xe0, 0x41, 0x0, 0x35,
    0xdc, 0x40, 0xa, 0x79, 0x40, 0x7, 0x0, 0x7f,
    0xc6, 0xe0, 0x9, 0x10, 0xf, 0xd2, 0x0, 0x27,
    0x0, 0xff, 0x78, 0x0, 0xd8, 0x3, 0xf8, 0x9c,
    0x1, 0x4, 0x1, 0xf9, 0xcc, 0x1, 0xe0, 0x1f,
    0xf4, 0x10, 0x2, 0x40, 0x3e, 0x28, 0x0, 0x31,
    0x80, 0x7f, 0xf0, 0x24, 0x0, 0x8a, 0x1, 0xe9,
    0x0, 0xc, 0x80, 0x7f, 0xf0, 0x51, 0x40, 0x16,
    0x20, 0x19, 0x50, 0x1, 0x60, 0x1f, 0xfc, 0x3b,
    0x0, 0xd, 0x80, 0x43, 0x60, 0x4, 0x50, 0xf,
    0xfe, 0x18, 0xc0, 0x1, 0x50, 0x1, 0x62, 0x0,
    0x90, 0xf, 0xfe, 0x2b, 0x90, 0x2, 0x41, 0x14,
    0x1, 0x4, 0x1, 0xff, 0xc6, 0xe0, 0x1, 0x40,

    /* U+0417 "З" */
    0x0, 0xcb, 0x5b, 0xff, 0x6d, 0x28, 0x7, 0x8f,
    0x69, 0x48, 0x2, 0x25, 0xae, 0x40, 0x8, 0xf0,
    0x80, 0xb, 0x12, 0xea, 0x0, 0x1b, 0x40, 0x7,
    0x0, 0x13, 0xa9, 0xda, 0x2b, 0x90, 0x1, 0x20,
    0x84, 0x3, 0x62, 0x1, 0xc3, 0x40, 0x2, 0x30,
    0x44, 0x40, 0x7, 0xe1, 0x40, 0x3, 0x25, 0xd9,
    0x80, 0x3f, 0x9c, 0x0, 0x20, 0x1f, 0xfc, 0x3,
    0x30, 0xa, 0x0, 0x7f, 0x8e, 0x30, 0x1, 0x40,
    0x1e, 0x2f, 0xfd, 0x8e, 0x5, 0x88, 0x1, 0xff,
    0xc2, 0x53, 0x0, 0xf8, 0xa2, 0x27, 0x51, 0x7,
    0xd2, 0x0, 0xf9, 0xde, 0x8a, 0xe6, 0x2, 0xf0,
    0xf, 0xfe, 0xc, 0x98, 0x12, 0x80, 0x7f, 0xf0,
    0x6c, 0x1, 0x8d, 0x10, 0x20, 0xf, 0xe2, 0x0,
    0x1e, 0x3b, 0x90, 0x3, 0xf8, 0x80, 0x7, 0xa0,
    0xb, 0x0, 0xfe, 0x90, 0x6, 0x30, 0x81, 0x60,
    0x80, 0x71, 0x60, 0x81, 0x28, 0xd0, 0x0, 0xfa,
    0x9d, 0x9e, 0xf4, 0xc0, 0x1c, 0x0, 0x4c, 0x20,
    0x2, 0xc4, 0xc2, 0x0, 0xf, 0x4c, 0x2, 0x3d,
    0xa5, 0x20, 0x8, 0x9a, 0xf0, 0x80, 0x0,

    /* U+0418 "И" */
    0x3f, 0xf6, 0x0, 0x7f, 0x97, 0xfe, 0x0, 0xff,
    0xe0, 0x8d, 0x80, 0x7f, 0xf1, 0x2c, 0x40, 0x3f,
    0xf8, 0x6a, 0xa0, 0xf, 0xfe, 0x18, 0xd8, 0x7,
    0xff, 0x12, 0xc4, 0x10, 0x3, 0xff, 0x82, 0xaa,
    0x1, 0xa0, 0xf, 0xfe, 0x0, 0xd8, 0x2, 0xc4,
    0x3, 0xff, 0x81, 0x62, 0x8, 0xa0, 0x1f, 0xfc,
    0x4, 0x50, 0x5, 0x0, 0x7f, 0xf0, 0x6, 0x80,
    0x12, 0x20, 0x1f, 0xfc, 0x8, 0x10, 0x46, 0x0,
    0xff, 0xe0, 0x23, 0x0, 0x28, 0x3, 0xff, 0x83,
    0x40, 0x9, 0x10, 0xf, 0xfe, 0x4, 0x88, 0x23,
    0x0, 0x7f, 0xf0, 0x11, 0x80, 0x12, 0x1, 0xff,
    0xc0, 0x1a, 0x0, 0x49, 0x0, 0x7f, 0xf0, 0x8,
    0x41, 0x18, 0x3, 0xff, 0x89, 0x20, 0x1f, 0xfc,
    0x49, 0x20, 0xf, 0xfe, 0x19, 0xb0, 0x7, 0xff,
    0x13, 0x80, 0x3f, 0xf8, 0x20,

    /* U+0419 "Й" */
    0x0, 0xc5, 0xfe, 0x30, 0x9, 0x3f, 0xc2, 0x1,
    0xf1, 0x8, 0x48, 0x5, 0x0, 0x42, 0x1, 0xfa,
    0xc1, 0x7f, 0x7c, 0xc2, 0x40, 0x3f, 0x97, 0x10,
    0x48, 0x57, 0x50, 0x3, 0xfc, 0x77, 0xdf, 0xd4,
    0x40, 0x1f, 0xfc, 0xb3, 0xff, 0x60, 0x7, 0xf9,
    0x7f, 0xe0, 0xf, 0xfe, 0x8, 0xd8, 0x7, 0xff,
    0x12, 0xc4, 0x3, 0xff, 0x86, 0xaa, 0x0, 0xff,
    0xe1, 0x8d, 0x80, 0x7f, 0xf1, 0x2c, 0x41, 0x0,
    0x3f, 0xf8, 0x2a, 0xa0, 0x1a, 0x0, 0xff, 0xe0,
    0xd, 0x80, 0x2c, 0x40, 0x3f, 0xf8, 0x16, 0x20,
    0x8a, 0x1, 0xff, 0xc0, 0x45, 0x0, 0x50, 0x7,
    0xff, 0x0, 0x68, 0x1, 0x22, 0x1, 0xff, 0xc0,
    0x81, 0x4, 0x60, 0xf, 0xfe, 0x2, 0x30, 0x2,
    0x80, 0x3f, 0xf8, 0x34, 0x0, 0x91, 0x0, 0xff,
    0xe0, 0x48, 0x82, 0x30, 0x7, 0xff, 0x1, 0x18,
    0x1, 0x20, 0x1f, 0xfc, 0x1, 0xa0, 0x4, 0x90,
    0x7, 0xff, 0x0, 0x84, 0x11, 0x80, 0x3f, 0xf8,
    0x92, 0x1, 0xff, 0xc4, 0x92, 0x0, 0xff, 0xe1,
    0x9b, 0x0, 0x7f, 0xf1, 0x38, 0x3, 0xff, 0x82,

    /* U+041A "К" */
    0x3f, 0xf6, 0x0, 0x7f, 0x2f, 0xfc, 0xc0, 0x1f,
    0xfc, 0x13, 0xa0, 0x3, 0x30, 0x3, 0xff, 0x80,
    0x3a, 0x0, 0x49, 0x0, 0xff, 0xe0, 0xe8, 0x81,
    0x50, 0x7, 0xff, 0x6, 0x8c, 0x1, 0xe2, 0x1,
    0xff, 0xc0, 0x85, 0x0, 0x59, 0x0, 0x7f, 0xf0,
    0x15, 0xc0, 0x10, 0x80, 0x1f, 0xfc, 0x3, 0xa0,
    0x2, 0xb8, 0x7, 0xff, 0x0, 0x74, 0x0, 0x74,
    0x1, 0xfe, 0x27, 0x76, 0x88, 0xe, 0x80, 0x7f,
    0xc3, 0x10, 0x30, 0x5, 0x88, 0x7, 0xff, 0x16,
    0x4, 0x3, 0xfe, 0x3f, 0xf7, 0x8, 0x15, 0x0,
    0x7f, 0xf0, 0x87, 0x40, 0x9, 0x0, 0x1f, 0xfc,
    0x23, 0x90, 0x3, 0xa8, 0x7, 0xff, 0x9, 0x98,
    0x0, 0xa3, 0x0, 0xff, 0xe1, 0x4a, 0x0, 0x34,
    0x40, 0x3f, 0xf8, 0x54, 0x40, 0x3a, 0x1, 0xff,
    0xc2, 0x1f, 0x0, 0x1c, 0x80, 0x7f, 0xf0, 0x8a,
    0xc0, 0xc, 0xc0, 0xf, 0xfe, 0x12, 0x40, 0x2,
    0x50, 0x3, 0xff, 0x84, 0xea, 0x0, 0xa2,

    /* U+041B "Л" */
    0x0, 0xe3, 0xff, 0xff, 0xe0, 0xe8, 0x7, 0xff,
    0x35, 0xc0, 0x5, 0x33, 0xf3, 0x80, 0x7e, 0x10,
    0x3, 0xb3, 0x7d, 0x40, 0x1f, 0xf1, 0x80, 0x7f,
    0xf1, 0xc, 0x3, 0xff, 0x8e, 0x20, 0x1, 0x0,
    0xff, 0xe3, 0xf8, 0x7, 0xff, 0x13, 0xc0, 0x2,
    0x1, 0xff, 0xc4, 0x10, 0x1, 0x80, 0x7f, 0xf6,
    0xc, 0x0, 0x20, 0x1f, 0xfc, 0x41, 0x0, 0x38,
    0x7, 0xff, 0x11, 0x80, 0x4, 0x1, 0xff, 0xc4,
    0x20, 0x0, 0x80, 0x7f, 0xf0, 0xc4, 0x0, 0x40,
    0x1f, 0xfc, 0x44, 0x0, 0x38, 0x7, 0xff, 0x13,
    0xc0, 0x18, 0x1, 0xff, 0xc3, 0x45, 0x0, 0x38,
    0x7, 0xff, 0x0, 0x5e, 0xac, 0x0, 0xe2, 0x1,
    0xff, 0xc0, 0x58, 0x50, 0x2, 0x40, 0x7, 0xff,
    0x10, 0xe6, 0xc0, 0x3f, 0xf8, 0x40,

    /* U+041C "М" */
    0x5f, 0xfa, 0xc0, 0x3f, 0xf8, 0x59, 0xff, 0x20,
    0x6, 0x42, 0x0, 0xff, 0xe0, 0x19, 0x80, 0x3f,
    0xa8, 0x3, 0xff, 0x81, 0x20, 0x1f, 0xe6, 0x0,
    0xff, 0x85, 0x40, 0x3f, 0x8, 0xb, 0x0, 0x7f,
    0x98, 0x0, 0x20, 0x1e, 0x60, 0x5, 0x0, 0x7f,
    0xa8, 0x0, 0xc0, 0x1e, 0xe5, 0x3, 0x30, 0x7,
    0xe4, 0x20, 0x60, 0xf, 0x87, 0x80, 0x12, 0x1,
    0xfb, 0xc0, 0x14, 0x1, 0xf9, 0x8, 0x14, 0x40,
    0x3c, 0x48, 0x6, 0x61, 0x0, 0xf7, 0x85, 0x80,
    0x18, 0x3, 0xd4, 0x0, 0x90, 0xf, 0xf3, 0x0,
    0x28, 0x3, 0xcc, 0x2, 0xa0, 0x60, 0x1e, 0x10,
    0x3, 0x1, 0x20, 0x6, 0x51, 0x6, 0x0, 0xff,
    0xe0, 0x58, 0x3, 0xc0, 0x34, 0x80, 0x24, 0x0,
    0x20, 0x1e, 0x30, 0x1, 0x18, 0x21, 0x0, 0xc,
    0xc0, 0xa2, 0x1, 0xff, 0xc1, 0x90, 0x5, 0x0,
    0x28, 0x1, 0x20, 0x1f, 0xfc, 0x25, 0x10, 0x60,
    0x16, 0x2, 0x30, 0xf, 0xfe, 0x1c, 0x80, 0xab,
    0x0, 0x2c, 0x3, 0xff, 0x88, 0xc0, 0x9, 0xa0,
    0x3, 0x0, 0x7f, 0xf1, 0x5, 0x40, 0xc8, 0x18,
    0x3, 0xff, 0x8d, 0x20, 0x1a, 0xc0, 0x3f, 0xf8,
    0xc6, 0x40, 0x4, 0x20, 0xf, 0xfe, 0x3d, 0x80,
    0x3c, 0x3, 0xfc,

    /* U+041D "Н" */
    0x5f, 0xf5, 0x0, 0x7f, 0xdd, 0xfe, 0x20, 0xf,
    0xff, 0xf8, 0x7, 0xff, 0xfc, 0x3, 0x97, 0xff,
    0xfe, 0x10, 0xf, 0xfe, 0x69, 0xcc, 0xff, 0xc0,
    0x1f, 0x33, 0x7f, 0xf0, 0x4, 0x3, 0xff, 0xfe,
    0x1, 0xff, 0xff, 0x0, 0xff, 0xe6, 0x0,

    /* U+041E "О" */
    0x0, 0xf2, 0xd7, 0x7f, 0xba, 0xd8, 0x3, 0xfc,
    0x7b, 0x4a, 0x20, 0x1, 0x49, 0xe4, 0x0, 0xf9,
    0x70, 0x80, 0x8, 0xee, 0x40, 0x0, 0xdb, 0x0,
    0x71, 0xd0, 0x1, 0xba, 0xe2, 0x17, 0xec, 0x0,
    0x93, 0x0, 0xde, 0x0, 0x69, 0x10, 0xe, 0x97,
    0x0, 0x70, 0x4, 0x86, 0x5, 0x20, 0x1f, 0xa0,
    0x80, 0x90, 0x1, 0xc0, 0xa, 0x0, 0xff, 0x58,
    0x3, 0x80, 0xe, 0x0, 0x50, 0xf, 0xf3, 0x80,
    0x10, 0x0, 0x40, 0x2, 0x0, 0xff, 0x8, 0x0,
    0x40, 0x40, 0x4, 0x1, 0xff, 0xc0, 0x20, 0x1,
    0x18, 0x7, 0xff, 0x6c, 0xc0, 0x3f, 0xf8, 0xe2,
    0x0, 0x20, 0xf, 0xfe, 0x1, 0x0, 0x8, 0x8,
    0x0, 0x40, 0x1f, 0xe1, 0x0, 0x8, 0x1, 0x0,
    0xa, 0x1, 0xfe, 0x70, 0x2, 0x0, 0x34, 0x1,
    0x20, 0x1f, 0xeb, 0x0, 0x78, 0x1, 0xc, 0x6,
    0x40, 0x3f, 0x39, 0x1, 0x28, 0x5, 0xe0, 0x6,
    0xa1, 0x0, 0xe8, 0x80, 0x2, 0x40, 0x31, 0xd0,
    0x1, 0x7a, 0xe2, 0x15, 0xee, 0x0, 0x94, 0x0,
    0xe5, 0xc2, 0x0, 0x23, 0xb9, 0x40, 0x3, 0x6c,
    0x1, 0xf1, 0xed, 0x28, 0x80, 0x5, 0x27, 0x90,
    0x3, 0x0,

    /* U+041F "П" */
    0x3f, 0xff, 0xfe, 0x28, 0x7, 0xff, 0x2c, 0x66,
    0x7f, 0xe0, 0xf, 0x89, 0x9b, 0xfe, 0x0, 0xff,
    0xff, 0x80, 0x7f, 0xff, 0xc0, 0x3f, 0xff, 0xe0,
    0x1f, 0xff, 0xf0, 0xf, 0xff, 0x10,

    /* U+0420 "Р" */
    0x5f, 0xff, 0xee, 0xc7, 0x10, 0xf, 0xfe, 0x10,
    0x9c, 0x74, 0x0, 0x78, 0xe6, 0x7a, 0x1c, 0x80,
    0xf, 0x20, 0x1c, 0xcd, 0xe7, 0x8d, 0x90, 0x3,
    0x20, 0x7, 0xff, 0x5, 0x9c, 0x1, 0xe0, 0x1f,
    0xfc, 0x2a, 0x0, 0x28, 0x7, 0xff, 0x8, 0x80,
    0x2, 0x1, 0xff, 0xc2, 0x10, 0xf, 0xfe, 0x2b,
    0x0, 0x10, 0x3, 0xff, 0x82, 0xb0, 0x0, 0xe0,
    0xc, 0xcd, 0xe7, 0x8c, 0xa0, 0x2, 0x28, 0x6,
    0x39, 0x9e, 0x87, 0x30, 0x2, 0xd8, 0x7, 0xff,
    0x0, 0x4d, 0xf2, 0x80, 0x3c, 0xbf, 0xfe, 0xec,
    0x83, 0x0, 0xff, 0xff, 0x80, 0x7f, 0xff, 0x40,

    /* U+0421 "С" */
    0x0, 0xf3, 0x5f, 0x7f, 0xba, 0xdc, 0x40, 0x3f,
    0x27, 0x4a, 0x8, 0x0, 0x52, 0x3d, 0x40, 0x3c,
    0xd6, 0x20, 0x2d, 0x10, 0x62, 0x1, 0xa6, 0x0,
    0xc9, 0x20, 0x8, 0xe9, 0x77, 0x4e, 0xc0, 0x2,
    0x48, 0x2, 0x90, 0x4, 0x38, 0x7, 0x9d, 0xc0,
    0x8, 0x0, 0x29, 0x1, 0xb8, 0x7, 0xe9, 0x0,
    0x28, 0x3, 0xc0, 0x14, 0x1, 0xfc, 0x26, 0x0,
    0x40, 0x40, 0x3, 0x80, 0x7f, 0xbb, 0x30, 0xa0,
    0x20, 0x1, 0x0, 0xff, 0x11, 0x98, 0x44, 0x0,
    0x10, 0xf, 0xfe, 0x19, 0x80, 0x7f, 0xf6, 0x4c,
    0x3, 0xff, 0x8c, 0x20, 0x1, 0x0, 0xff, 0xe2,
    0x8, 0x0, 0x40, 0x3f, 0xc2, 0x44, 0x0, 0x20,
    0x1, 0xc0, 0x3f, 0xdb, 0xb2, 0x7, 0x80, 0x28,
    0x3, 0xf8, 0x4c, 0x0, 0x80, 0xa2, 0x6, 0xc0,
    0x1f, 0xa4, 0x0, 0xa0, 0x15, 0x0, 0x25, 0x80,
    0x3c, 0xee, 0x0, 0x40, 0x4, 0x90, 0x0, 0x9d,
    0x86, 0x79, 0xd8, 0x0, 0x51, 0x0, 0x67, 0xa1,
    0x2, 0x79, 0x86, 0x20, 0x1b, 0x50, 0xf, 0x2f,
    0x4a, 0x8, 0x0, 0x52, 0x79, 0x0, 0x20,

    /* U+0422 "Т" */
    0x3f, 0xff, 0xfe, 0x2a, 0x80, 0x7f, 0xf1, 0xca,
    0x67, 0xe0, 0xa, 0x26, 0x7c, 0xe2, 0xcd, 0xf0,
    0x80, 0x1d, 0x9b, 0xc4, 0x1, 0xff, 0xff, 0x0,
    0xff, 0xff, 0x80, 0x7f, 0xff, 0xc0, 0x3f, 0xff,
    0xe0, 0x1f, 0xfd, 0xe0,

    /* U+0423 "У" */
    0x8f, 0xf6, 0x80, 0x7f, 0xa3, 0xfd, 0xc1, 0x20,
    0x2, 0x40, 0xf, 0xe6, 0x0, 0x30, 0xb, 0x0,
    0x20, 0x3, 0xf2, 0x88, 0x2, 0x40, 0x10, 0x0,
    0x33, 0x0, 0x7d, 0x20, 0x6, 0x10, 0x0, 0xb0,
    0x2, 0x0, 0x3c, 0x46, 0x0, 0xb0, 0xd, 0x60,
    0x4, 0x20, 0xe, 0xb0, 0x2, 0x10, 0x6, 0x25,
    0x0, 0x40, 0x7, 0x30, 0x3, 0xc0, 0x3d, 0x0,
    0x5, 0x20, 0x9, 0x80, 0x4, 0x80, 0x1e, 0x25,
    0x0, 0x58, 0x5, 0x60, 0xb, 0x0, 0xfd, 0x0,
    0x6, 0x10, 0x42, 0x1, 0x60, 0xf, 0xc4, 0x80,
    0x9, 0xe, 0x0, 0x48, 0x7, 0xfa, 0x0, 0xc,
    0x4a, 0x0, 0x60, 0xf, 0xf1, 0xa0, 0xe, 0x0,
    0x18, 0x40, 0x3f, 0xe8, 0x0, 0x8, 0x2, 0xc0,
    0x3f, 0xf8, 0x6, 0x80, 0x12, 0x10, 0x7, 0xff,
    0x7, 0xc0, 0x2f, 0x0, 0xff, 0xe2, 0x92, 0x0,
    0x7f, 0xf0, 0xa0, 0x1, 0x60, 0x1f, 0xfc, 0x26,
    0x30, 0x16, 0x0, 0xff, 0x99, 0xe6, 0x40, 0xb,
    0x0, 0xff, 0xe0, 0x44, 0x18, 0x0, 0xca, 0x1,
    0xff, 0xc3, 0x3a, 0x90, 0xf, 0xf0,

    /* U+0424 "Ф" */
    0x0, 0xff, 0x44, 0x1c, 0x3, 0xff, 0x90, 0xee,
    0x90, 0xf, 0xff, 0x89, 0x46, 0x7f, 0x80, 0x3,
    0xfd, 0x90, 0x20, 0x1f, 0x86, 0xb5, 0xcc, 0x3,
    0xc2, 0x6f, 0xd0, 0x1, 0xe2, 0xc5, 0x1, 0x69,
    0xa0, 0x0, 0xd4, 0xa8, 0x1, 0xf0, 0x40, 0x37,
    0x90, 0x37, 0x4b, 0x28, 0x4, 0xad, 0x5c, 0xa0,
    0x7a, 0x1, 0x41, 0x3, 0xc8, 0x7, 0xf8, 0x69,
    0x0, 0xd8, 0x5, 0xc0, 0x60, 0x3, 0xff, 0x83,
    0x40, 0x8, 0x4, 0x0, 0x30, 0x7, 0xff, 0x8,
    0x54, 0x4, 0xf0, 0x1, 0x80, 0x1f, 0xfc, 0x3d,
    0x0, 0x29, 0x80, 0x1c, 0x3, 0xff, 0x86, 0x40,
    0xe, 0x0, 0xff, 0xe5, 0x98, 0x1, 0xc0, 0x3f,
    0xf8, 0x64, 0x0, 0xef, 0x0, 0x60, 0x7, 0xff,
    0xf, 0x0, 0xa, 0xe0, 0x6, 0x0, 0xff, 0xe1,
    0xa, 0x0, 0x98, 0xb0, 0xc, 0x0, 0x7f, 0xf0,
    0x68, 0x1, 0x0, 0x9, 0x20, 0x79, 0x0, 0xff,
    0xd, 0xa0, 0x23, 0x0, 0x5e, 0x20, 0xdd, 0x2c,
    0xa0, 0x12, 0xb5, 0x72, 0x1, 0xd0, 0x6, 0x2f,
    0x50, 0x16, 0x9a, 0x0, 0xd, 0x4a, 0x80, 0x1f,
    0x4, 0x3, 0x86, 0xb5, 0xcc, 0x3, 0xc2, 0x6f,
    0xd0, 0x1, 0xfc, 0x51, 0x9f, 0xe0, 0x0, 0xff,
    0x64, 0x8, 0x7, 0xff, 0x9c,

    /* U+0425 "Х" */
    0x9, 0xff, 0x70, 0x7, 0xfb, 0x3f, 0xd6, 0x0,
    0x91, 0x1, 0x90, 0xf, 0xce, 0x60, 0xa, 0x0,
    0xa8, 0x0, 0xc6, 0x1, 0xe2, 0x80, 0x4, 0x88,
    0x4, 0x8c, 0x0, 0xe0, 0xf, 0x48, 0x1, 0x18,
    0x3, 0xa0, 0x40, 0xa0, 0x3, 0x32, 0x0, 0x24,
    0x3, 0xc3, 0x40, 0x7, 0x20, 0x0, 0xc8, 0x2,
    0x48, 0x3, 0xe4, 0x50, 0x7, 0x0, 0x2c, 0x0,
    0x6c, 0x1, 0xfd, 0x62, 0x6, 0xea, 0xa0, 0x7,
    0x0, 0x7f, 0x86, 0xc0, 0x11, 0x60, 0x8, 0x20,
    0xf, 0xf9, 0x54, 0x0, 0x10, 0x37, 0x0, 0xff,
    0xe0, 0xd8, 0x80, 0x5c, 0x1, 0xff, 0xc2, 0x31,
    0x0, 0x98, 0x3, 0xff, 0x85, 0xc0, 0x1a, 0x80,
    0x3f, 0xf8, 0x2e, 0x60, 0x24, 0x3, 0x20, 0x1f,
    0xf1, 0x40, 0x2, 0xf8, 0x0, 0xc8, 0x1, 0xfe,
    0xe0, 0x2, 0x29, 0xb0, 0x2, 0x40, 0x3f, 0x9c,
    0xc0, 0x14, 0x0, 0x91, 0x2, 0x90, 0xf, 0x8a,
    0x0, 0x12, 0x20, 0x15, 0x0, 0x18, 0xc0, 0x3d,
    0xc0, 0x4, 0x60, 0xc, 0x8c, 0x0, 0xe0, 0xe,
    0x73, 0x0, 0x48, 0x7, 0xa0, 0x40, 0xa4, 0x2,
    0x28, 0x0, 0x49, 0x0, 0x78, 0x6c, 0x0, 0xc6,
    0x0, 0xe0, 0x1, 0xb0, 0x7, 0xe5, 0x50, 0x3,
    0x80,

    /* U+0426 "Ц" */
    0x4f, 0xf6, 0x0, 0x7f, 0xdf, 0xf0, 0x7, 0xff,
    0xfc, 0x3, 0xff, 0xfe, 0x1, 0xff, 0xff, 0x0,
    0xff, 0xff, 0x80, 0x7f, 0xff, 0xc0, 0x3f, 0x8a,
    0x23, 0xfe, 0x0, 0xa2, 0x4, 0x1, 0xb, 0xbf,
    0xfc, 0x1, 0x3b, 0xc0, 0x1f, 0xfc, 0x81, 0x4f,
    0xff, 0xfe, 0x23, 0x0, 0x7f, 0xf2, 0xdc, 0x3,
    0xff, 0xba, 0x20, 0x1f, 0xfd, 0xad, 0x77, 0x10,

    /* U+0427 "Ч" */
    0xaf, 0xf3, 0x0, 0x7f, 0xbb, 0xfc, 0x40, 0x1f,
    0xff, 0xf0, 0xf, 0xfe, 0xa9, 0x80, 0x7f, 0xf1,
    0x78, 0x1, 0xe0, 0x1f, 0xfc, 0x24, 0x0, 0x30,
    0x80, 0x7f, 0xf0, 0x4c, 0xc0, 0xf, 0x61, 0x0,
    0x89, 0x1e, 0x84, 0x3, 0x70, 0x80, 0xcf, 0x7f,
    0xdb, 0x70, 0xa0, 0x1c, 0x5e, 0xc0, 0x1f, 0xc6,
    0x1, 0xe1, 0x9f, 0xca, 0x99, 0xab, 0x7f, 0x4,
    0x3, 0xf1, 0xab, 0x34, 0xa4, 0x1, 0xff, 0xff,
    0x0, 0xff, 0xf6, 0x80,

    /* U+0428 "Ш" */
    0x4f, 0xf6, 0x0, 0x7c, 0xdf, 0xe9, 0x0, 0xfa,
    0xbf, 0xcc, 0x1, 0xff, 0xff, 0x0, 0xff, 0xff,
    0x80, 0x7f, 0xff, 0xc0, 0x3f, 0xff, 0xe0, 0x1f,
    0xff, 0xf0, 0xf, 0xff, 0xf8, 0x7, 0xff, 0x24,
    0x99, 0xbe, 0xc0, 0x2, 0xb3, 0x7e, 0x0, 0xf0,
    0xcc, 0xfc, 0xa0, 0x3, 0x99, 0xf8, 0xc0, 0x3f,
    0xfa, 0x20,

    /* U+0429 "Щ" */
    0x4f, 0xf6, 0x0, 0x7c, 0xdf, 0xe9, 0x0, 0xfa,
    0xbf, 0xcc, 0x1, 0xff, 0xff, 0x0, 0xff, 0xff,
    0x80, 0x7f, 0xff, 0xc0, 0x3f, 0xff, 0xe0, 0x1f,
    0xff, 0xf0, 0xf, 0xff, 0xf8, 0x7, 0xff, 0xbc,
    0x55, 0x7e, 0xf0, 0x1, 0x2a, 0xfc, 0xc0, 0xf,
    0x53, 0x0, 0x8a, 0xab, 0xe6, 0x0, 0x25, 0x57,
    0xc6, 0x0, 0x6a, 0x90, 0xf, 0xfe, 0x79, 0xa7,
    0xff, 0xff, 0x2f, 0x0, 0x3f, 0xfa, 0x42, 0x1,
    0xff, 0xeb, 0xf0, 0xf, 0xfe, 0x78, 0x80, 0x7f,
    0xf3, 0x9, 0xdc, 0xa0,

    /* U+042A "Ъ" */
    0xbf, 0xff, 0xd4, 0x1, 0xff, 0xd8, 0xfa, 0xae,
    0x60, 0xf, 0xfe, 0x22, 0x2a, 0xf6, 0x0, 0x7f,
    0xff, 0xc0, 0x3f, 0xfb, 0xce, 0xfe, 0x65, 0x30,
    0xf, 0xfe, 0x11, 0x44, 0x74, 0xd6, 0x74, 0x0,
    0x7f, 0xf2, 0x45, 0xf4, 0x40, 0x3f, 0xcb, 0xff,
    0xed, 0x91, 0x2, 0xd0, 0xf, 0xfe, 0x29, 0x37,
    0x88, 0x1a, 0x80, 0x7f, 0xf1, 0x86, 0x40, 0x1c,
    0x1, 0xff, 0xc7, 0x50, 0x3, 0x0, 0x7f, 0xf2,
    0x8c, 0x3, 0xff, 0x8e, 0xe0, 0x2, 0x0, 0xff,
    0xe3, 0xf0, 0x1, 0x0, 0x3f, 0xf8, 0xd0, 0x80,
    0xa, 0x0, 0xfe, 0x66, 0xf3, 0xc6, 0xb8, 0x2,
    0x48, 0x3, 0xf8, 0xe6, 0x7a, 0x1c, 0x80, 0x12,
    0xc0, 0x1f, 0xfc, 0x51, 0x38, 0xe6, 0x0, 0x0,

    /* U+042B "Ы" */
    0x3f, 0xf6, 0x0, 0x7f, 0xf0, 0xd3, 0xfd, 0x80,
    0x1f, 0xff, 0xf0, 0xf, 0xff, 0xf8, 0x7, 0xff,
    0x8, 0x9d, 0xf9, 0x94, 0xc0, 0x3f, 0xf8, 0x43,
    0x11, 0xd3, 0x59, 0xf2, 0x20, 0x1f, 0xfc, 0x96,
    0xf2, 0x0, 0xff, 0x1f, 0xff, 0xba, 0x88, 0x7,
    0x0, 0x3f, 0xf8, 0xa2, 0xb8, 0x40, 0x2e, 0x1,
    0xff, 0xc6, 0x18, 0x0, 0x58, 0x7, 0xff, 0x1d,
    0x0, 0x6, 0x1, 0xff, 0xc7, 0x10, 0xf, 0xfe,
    0x51, 0x80, 0x4, 0x3, 0xff, 0x8f, 0x40, 0x4,
    0x0, 0xff, 0xe3, 0x33, 0x0, 0x12, 0x1, 0xfc,
    0x4c, 0xde, 0x8d, 0x90, 0x3, 0x98, 0x7, 0xf0,
    0xcc, 0xf9, 0xc8, 0x0, 0xf0, 0x1, 0xff, 0xc5,
    0x13, 0x7d, 0x80, 0xf, 0xc0,

    /* U+042C "Ь" */
    0x7f, 0xf4, 0x80, 0x7f, 0xff, 0xc0, 0x3f, 0xfe,
    0xa, 0xef, 0xcc, 0xa4, 0x1, 0xf8, 0xe2, 0x3a,
    0x6b, 0x79, 0xc0, 0x3f, 0xf8, 0x63, 0x18, 0x20,
    0x19, 0xbf, 0xfd, 0xb0, 0x0, 0x3a, 0x0, 0xff,
    0x89, 0xf4, 0x0, 0x86, 0x1, 0xff, 0xc0, 0x27,
    0x0, 0x50, 0x7, 0xff, 0x7, 0x0, 0x4, 0x1,
    0xff, 0xc4, 0x70, 0xf, 0xfe, 0x9, 0x0, 0x18,
    0x3, 0xff, 0x83, 0x60, 0xc, 0x0, 0xff, 0xe0,
    0x49, 0x0, 0xb8, 0x4, 0x4c, 0xdc, 0xf3, 0xcc,
    0x0, 0xb1, 0x0, 0x92, 0x67, 0xa1, 0x84, 0x6,
    0x94, 0x3, 0xfe, 0x14, 0x8f, 0x50, 0x0,

    /* U+042D "Э" */
    0x0, 0xc7, 0x39, 0xff, 0x6c, 0xa0, 0x7, 0xc3,
    0x58, 0xc6, 0x1, 0x13, 0x5e, 0x10, 0x6, 0x1c,
    0x50, 0x2, 0x3c, 0x41, 0x0, 0x7, 0x86, 0x1,
    0x59, 0x1, 0x6d, 0xc3, 0xba, 0xf9, 0x0, 0x74,
    0x40, 0x94, 0x1, 0xe4, 0x1, 0xc3, 0x66, 0x3,
    0x0, 0xa0, 0x5, 0x20, 0xf, 0xdc, 0x0, 0x61,
    0x12, 0xab, 0x80, 0x3f, 0x89, 0x0, 0x8, 0xd5,
    0x44, 0x0, 0xff, 0x60, 0x3, 0x0, 0x3f, 0xf8,
    0x46, 0x0, 0x20, 0xe, 0x2f, 0xff, 0xd6, 0x0,
    0x70, 0xf, 0xfe, 0x28, 0x80, 0x71, 0xc4, 0x7e,
    0x70, 0xf, 0xc2, 0xef, 0xfa, 0xc0, 0x2, 0x1,
    0xff, 0xc2, 0x70, 0x3, 0xb5, 0x50, 0xc0, 0x3f,
    0xc6, 0x0, 0x21, 0x55, 0x58, 0x7, 0xfb, 0x0,
    0x18, 0x80, 0x5, 0x0, 0xfe, 0x24, 0x0, 0x21,
    0x90, 0x12, 0x80, 0x7e, 0x90, 0x3, 0x8, 0x48,
    0x2, 0x90, 0x3, 0xd4, 0x80, 0x30, 0x0, 0x47,
    0x0, 0x5e, 0x43, 0xba, 0x79, 0x40, 0x1a, 0x20,
    0x14, 0x48, 0x0, 0xde, 0x20, 0xc2, 0x7, 0xa6,
    0x1, 0xcd, 0xd0, 0x82, 0x0, 0x25, 0xbc, 0x20,
    0x8,

    /* U+042E "Ю" */
    0x2f, 0xf7, 0x0, 0x7e, 0x39, 0xdf, 0xf7, 0x63,
    0x88, 0x7, 0xff, 0xc, 0x6f, 0x18, 0x80, 0x2,
    0x71, 0xce, 0x1, 0xff, 0xc1, 0x2f, 0x40, 0x1,
    0xb3, 0xa8, 0x80, 0x22, 0x80, 0x3f, 0xf8, 0x1e,
    0x20, 0x7b, 0x93, 0x15, 0xd2, 0x0, 0x57, 0x0,
    0xff, 0x41, 0x1, 0xe1, 0x0, 0x73, 0x58, 0x2,
    0x8, 0x3, 0xf9, 0xc0, 0x1c, 0x1, 0xf9, 0x18,
    0x1, 0x60, 0x1f, 0x94, 0x0, 0x84, 0x1, 0xfd,
    0x60, 0x7, 0x0, 0xfd, 0x80, 0xd, 0x0, 0xff,
    0x11, 0x0, 0x48, 0x3, 0xe5, 0x0, 0x28, 0x7,
    0xfc, 0xe0, 0x6, 0x0, 0xca, 0xb1, 0x0, 0x4,
    0x3, 0xfe, 0x30, 0x1, 0x0, 0x43, 0x55, 0x8,
    0x0, 0xc0, 0x3f, 0xfc, 0x3, 0xff, 0x10, 0x0,
    0xc0, 0x3f, 0xf9, 0x42, 0x0, 0x10, 0xf, 0xf8,
    0xc0, 0x6, 0x1, 0xf2, 0x80, 0x14, 0x3, 0xfe,
    0x70, 0x3, 0x80, 0x7d, 0x80, 0xd, 0x0, 0xff,
    0x11, 0x0, 0x48, 0x3, 0xe5, 0x0, 0x21, 0x0,
    0x7f, 0x50, 0x1, 0xc0, 0x3f, 0x9c, 0x1, 0xc0,
    0x1f, 0x8d, 0xc0, 0x16, 0x1, 0xfd, 0x4, 0x7,
    0x84, 0x1, 0xcb, 0x80, 0x7, 0x20, 0xf, 0xf7,
    0x88, 0x1e, 0xe4, 0xc4, 0xf5, 0x0, 0x16, 0x0,
    0x3f, 0xe2, 0xf4, 0x0, 0x1b, 0x3b, 0x8, 0x2,
    0x28, 0x3, 0xff, 0x82, 0x37, 0x8c, 0x40, 0x1,
    0x38, 0xe7, 0x0, 0xc0,

    /* U+042F "Я" */
    0x0, 0xe6, 0xbe, 0xff, 0xfd, 0x20, 0x12, 0xf4,
    0xa0, 0x80, 0x7f, 0xcb, 0x42, 0x2, 0xd1, 0x33,
    0x94, 0x3, 0xd, 0x0, 0x1b, 0xa5, 0xd9, 0xb6,
    0x80, 0x67, 0x0, 0x1c, 0x80, 0x7f, 0xf0, 0x30,
    0x1, 0x40, 0x1f, 0xfc, 0x11, 0x0, 0x10, 0x7,
    0xff, 0x4, 0x40, 0x2, 0x1, 0xff, 0xc1, 0xd0,
    0x7, 0x80, 0x7f, 0xf0, 0x58, 0x0, 0xaa, 0x0,
    0xff, 0xe0, 0xc, 0x80, 0x2a, 0x4c, 0x3, 0xfe,
    0x69, 0x0, 0x36, 0x7f, 0xf4, 0x0, 0x79, 0xb9,
    0x40, 0x3f, 0xf8, 0x62, 0xc0, 0x7, 0x88, 0xc8,
    0x1, 0xf3, 0x18, 0x24, 0x3b, 0xec, 0x0, 0xfa,
    0x0, 0x12, 0x1, 0xff, 0xc0, 0x81, 0x6, 0x20,
    0xf, 0xf8, 0x5c, 0x1, 0x0, 0x1f, 0xfc, 0xb,
    0x0, 0x38, 0x80, 0x7f, 0xc6, 0xa0, 0x30, 0x1,
    0xff, 0xc0, 0xf0, 0x4, 0x0, 0x7f, 0xf0, 0x14,
    0xc0, 0x98, 0x3, 0xff, 0x80,

    /* U+0430 "а" */
    0x0, 0xcb, 0x7d, 0xfe, 0xd9, 0x20, 0xe, 0x2d,
    0xa4, 0x10, 0x1, 0x36, 0xb0, 0x4, 0x38, 0x40,
    0x73, 0x52, 0xa0, 0x9, 0x40, 0x4, 0x8, 0x36,
    0x32, 0xb5, 0x40, 0x2, 0x0, 0xe, 0x0, 0x90,
    0xe, 0x70, 0x1, 0x80, 0x3b, 0xfc, 0x1, 0xf1,
    0x0, 0x7f, 0xf1, 0x44, 0x2, 0x17, 0xbe, 0xff,
    0xc4, 0x1, 0xcf, 0xd0, 0x82, 0x1, 0xfc, 0xf0,
    0x3, 0x19, 0xff, 0x88, 0x3, 0x40, 0x3, 0x1c,
    0xc0, 0x3f, 0x18, 0x1, 0x48, 0x3, 0xfc, 0xe0,
    0x1, 0x0, 0xf0, 0x90, 0x4, 0xa0, 0x4, 0x40,
    0x6, 0x3c, 0x0, 0xc2, 0xa0, 0xb, 0xb4, 0x43,
    0x30, 0x40, 0x11, 0x85, 0x18, 0x1, 0x1d, 0xc6,
    0xa, 0x80, 0x7, 0x0, 0x64, 0x98, 0x80, 0xad,
    0xd7, 0x22, 0xc,

    /* U+0431 "б" */
    0x0, 0xff, 0xe0, 0x3c, 0x18, 0x7, 0xff, 0x0,
    0xe1, 0xd8, 0x3, 0xfc, 0x93, 0x80, 0x4, 0x0,
    0xf0, 0xbe, 0x7d, 0xb0, 0x1, 0xc4, 0x3, 0x97,
    0xe0, 0xc0, 0x22, 0x98, 0x0, 0xe6, 0xa1, 0x1,
    0x69, 0xdd, 0x30, 0x7, 0x24, 0x81, 0x57, 0x4b,
    0x10, 0x7, 0xd2, 0x7, 0x8a, 0x1, 0xfe, 0x52,
    0xe, 0x10, 0xf, 0xfb, 0x81, 0x89, 0x2f, 0xbf,
    0xd8, 0xe0, 0x1c, 0x81, 0xb7, 0x64, 0x10, 0x1,
    0xc7, 0x18, 0x0, 0x80, 0x12, 0x82, 0xd5, 0x47,
    0x10, 0x1d, 0x20, 0x70, 0x1, 0x13, 0xe5, 0x55,
    0x1c, 0x80, 0x32, 0x6, 0x1, 0x78, 0x80, 0x75,
    0x8, 0x21, 0x8, 0x1, 0x8, 0x3, 0xc2, 0xe0,
    0x4, 0x0, 0x8c, 0x3, 0xf6, 0x0, 0x3c, 0x2,
    0xe0, 0xf, 0xc2, 0x0, 0x30, 0x8, 0x40, 0x3f,
    0xe3, 0x20, 0x7, 0x0, 0x7e, 0x20, 0x0, 0xb8,
    0x1, 0x0, 0x3f, 0x68, 0x3, 0x8, 0xc0, 0x90,
    0x3, 0xc4, 0x80, 0x28, 0x10, 0x0, 0xa2, 0x0,
    0xc3, 0xe0, 0x9, 0x0, 0x23, 0x0, 0xec, 0xb2,
    0xc7, 0x90, 0x1b, 0x80, 0x52, 0xe0, 0x6, 0x9a,
    0x71, 0x5, 0xc0, 0xe, 0x8d, 0x62, 0x0, 0xa,
    0xdd, 0x0, 0x40,

    /* U+0432 "в" */
    0x8f, 0xff, 0xbb, 0x20, 0x80, 0x3f, 0xe1, 0x37,
    0xd8, 0x0, 0xe7, 0xaa, 0xd2, 0x80, 0x7, 0x60,
    0xd, 0xaa, 0xb9, 0xae, 0x40, 0x16, 0x1, 0xff,
    0x30, 0x81, 0x0, 0x7f, 0xf3, 0x94, 0x41, 0x40,
    0x36, 0xaa, 0xe6, 0xaa, 0x0, 0xd8, 0x6, 0x7a,
    0xad, 0x2a, 0x7, 0xe2, 0x1, 0xff, 0xc0, 0x3c,
    0x30, 0xd, 0x5f, 0xfd, 0xb0, 0x5, 0x82, 0x1,
    0xfc, 0x4f, 0x0, 0x9, 0x0, 0xff, 0x8c, 0x0,
    0x40, 0x1f, 0xf7, 0x0, 0x8, 0x2, 0xc5, 0x5e,
    0x7c, 0x50, 0x5, 0x0, 0x4d, 0x55, 0xd0, 0x60,
    0xa, 0x20, 0xf, 0xe1, 0x37, 0xe5, 0x0,

    /* U+0433 "г" */
    0x9f, 0xff, 0xf1, 0x0, 0x7f, 0xf0, 0xde, 0xab,
    0xe2, 0x0, 0xb5, 0x57, 0xe0, 0xf, 0xff, 0xf8,
    0x7, 0xff, 0xfc, 0x3, 0xe0,

    /* U+0434 "д" */
    0x0, 0xec, 0xff, 0xff, 0x10, 0x7, 0xc2, 0x1,
    0xff, 0xc9, 0x55, 0xe1, 0x0, 0xff, 0x18, 0x2,
    0xab, 0x88, 0x3, 0xfc, 0x20, 0x1f, 0xfc, 0x81,
    0x0, 0xff, 0xeb, 0x8, 0x0, 0xc0, 0x3f, 0xf8,
    0x64, 0x0, 0x60, 0xf, 0xfe, 0x1b, 0x0, 0x8,
    0x3, 0xff, 0x87, 0x80, 0xc, 0x0, 0xff, 0xe1,
    0xb8, 0x1, 0x0, 0x3f, 0xf8, 0x4c, 0x20, 0x82,
    0x1, 0xff, 0xc1, 0x18, 0x0, 0x40, 0x7, 0xff,
    0x0, 0x57, 0x44, 0xd, 0x95, 0x7c, 0x20, 0x4,
    0x51, 0x5a, 0x30, 0x1, 0xd5, 0x7c, 0x40, 0x9,
    0xa4, 0x0, 0xff, 0xe5, 0x2f, 0xff, 0xfc, 0xc0,
    0x1f, 0xff, 0xf0, 0xc,

    /* U+0435 "е" */
    0x0, 0xc5, 0x3b, 0xfe, 0xd9, 0x20, 0xf, 0x3e,
    0xb1, 0x0, 0x9, 0xb5, 0x80, 0x34, 0x40, 0x0,
    0xd5, 0x2a, 0x0, 0x95, 0x0, 0x23, 0x80, 0xec,
    0xab, 0x55, 0x80, 0x2c, 0x1, 0x0, 0xa, 0x20,
    0xc, 0x8c, 0x2, 0xa4, 0x60, 0x68, 0x1, 0xed,
    0x0, 0x62, 0x0, 0x1d, 0x57, 0xe2, 0x0, 0x17,
    0x0, 0x12, 0xab, 0xe9, 0x0, 0x38, 0x7, 0xff,
    0x1a, 0x7f, 0xff, 0xd9, 0xc0, 0xe, 0x0, 0xff,
    0x94, 0x0, 0x80, 0x1f, 0xf1, 0x88, 0x1a, 0x0,
    0x7c, 0x84, 0x0, 0x80, 0x5, 0xa0, 0x7, 0x2d,
    0xea, 0x3, 0x28, 0x2, 0xe9, 0x95, 0xee, 0x80,
    0x54, 0x1, 0x4e, 0x0, 0x59, 0xa8, 0x40, 0x2c,
    0x10, 0xa, 0x35, 0x88, 0x0, 0x29, 0x3a, 0x40,

    /* U+0436 "ж" */
    0xb, 0xff, 0x58, 0x7, 0x27, 0xfa, 0x80, 0x39,
    0x7f, 0xe3, 0x0, 0x48, 0x1, 0x14, 0x3, 0xff,
    0x83, 0x60, 0x8, 0x30, 0x1, 0x48, 0x2, 0xc4,
    0x3, 0xfe, 0x91, 0x3, 0x70, 0xc, 0xc8, 0x3,
    0x0, 0x1f, 0xe3, 0x60, 0x7, 0x0, 0x7a, 0x80,
    0xc, 0x60, 0x1f, 0xde, 0x0, 0x82, 0x0, 0xf0,
    0xc8, 0x3, 0x80, 0x3f, 0x39, 0x81, 0xb8, 0x7,
    0xe6, 0x40, 0x27, 0x0, 0xf0, 0xc0, 0x3, 0x80,
    0x3f, 0xd4, 0x21, 0x1f, 0x60, 0x5, 0xfe, 0x0,
    0x41, 0x0, 0x7f, 0x84, 0xc0, 0x3f, 0xe3, 0x0,
    0xff, 0xa0, 0x80, 0xdd, 0x40, 0x4, 0xec, 0x0,
    0xa0, 0xf, 0xf1, 0xb8, 0x3, 0xa3, 0x80, 0xf,
    0x12, 0x80, 0x34, 0x1, 0xfd, 0xc0, 0x8, 0x20,
    0xf, 0xa8, 0x0, 0xaa, 0x0, 0xfa, 0x48, 0x9,
    0xc0, 0x3f, 0xc, 0x0, 0x2c, 0x40, 0x39, 0x18,
    0x1, 0xc0, 0x1f, 0xe7, 0x30, 0x1b, 0x0, 0xc3,
    0x40, 0x6, 0x30, 0xf, 0xfb, 0xc0, 0xa, 0xa0,
    0xa, 0xc4, 0x6, 0x40, 0x3f, 0xf8, 0x6, 0xe0,
    0xb, 0x10, 0x55, 0x0, 0x2c, 0x3, 0xff, 0x85,
    0x4, 0x3, 0x40,

    /* U+0437 "з" */
    0x0, 0x8e, 0x77, 0xfd, 0xd6, 0xc0, 0x1d, 0x38,
    0xc4, 0x0, 0x14, 0x9d, 0x20, 0x4, 0xb0, 0x1,
    0xaa, 0x90, 0x20, 0x5c, 0x2, 0xc0, 0xc, 0x95,
    0x53, 0xf8, 0x81, 0x99, 0x0, 0xc, 0x60, 0x18,
    0x5c, 0x0, 0xcb, 0xfe, 0x90, 0xf, 0xfe, 0x39,
    0x38, 0xa, 0x80, 0x65, 0xaa, 0xaf, 0x44, 0x28,
    0x3, 0xbd, 0x56, 0x40, 0x5, 0x20, 0x7, 0x69,
    0x9c, 0x40, 0xa, 0x80, 0xe, 0x7c, 0xcb, 0x74,
    0x40, 0xea, 0x1, 0xfc, 0x52, 0x0, 0xf9, 0xff,
    0x28, 0x7, 0xfb, 0x0, 0x10, 0x20, 0x1d, 0xe0,
    0x2, 0x52, 0x2, 0xf8, 0x55, 0x3e, 0xa0, 0x2,
    0x43, 0xc, 0x5, 0xea, 0x90, 0x40, 0x38, 0x20,
    0x39, 0x6a, 0x40, 0x1, 0x49, 0xe3, 0x0,

    /* U+0438 "и" */
    0x8f, 0xf2, 0x80, 0x78, 0xff, 0xe0, 0xf, 0xfb,
    0xc0, 0x3f, 0xf8, 0x2e, 0x60, 0x1f, 0xfc, 0x1,
    0x80, 0xf, 0xfe, 0xd, 0x0, 0x7f, 0xf0, 0x55,
    0x1, 0x84, 0x3, 0xf8, 0x6c, 0x6, 0x40, 0x3f,
    0xd0, 0x21, 0x60, 0x1f, 0xe3, 0x60, 0x55, 0x0,
    0x7f, 0xb8, 0x1, 0x60, 0x1f, 0xe7, 0x20, 0x91,
    0x0, 0xfe, 0x28, 0x3, 0x60, 0xf, 0xf4, 0x0,
    0x38, 0x3, 0xff, 0x82, 0xe4, 0x1, 0xff, 0xc0,
    0x28, 0x0, 0xff, 0xe0, 0xc8, 0x7, 0xff, 0x5,
    0x50, 0x3, 0xfc,

    /* U+0439 "й" */
    0x0, 0x37, 0xf8, 0x80, 0x2b, 0xfd, 0x0, 0xe6,
    0x20, 0xdd, 0xbd, 0x2, 0x0, 0x3d, 0x8e, 0x45,
    0xa, 0xe2, 0x80, 0x78, 0x63, 0x7f, 0xdd, 0x46,
    0x1, 0xff, 0xc7, 0x8f, 0xf2, 0x80, 0x78, 0xff,
    0xe0, 0xf, 0xfb, 0xc0, 0x3f, 0xf8, 0x2e, 0x60,
    0x1f, 0xfc, 0x1, 0x80, 0xf, 0xfe, 0xd, 0x0,
    0x7f, 0xf0, 0x55, 0x1, 0x84, 0x3, 0xf8, 0x6c,
    0x6, 0x40, 0x3f, 0xd0, 0x21, 0x60, 0x1f, 0xe3,
    0x60, 0x55, 0x0, 0x7f, 0xb8, 0x1, 0x60, 0x1f,
    0xe7, 0x20, 0x91, 0x0, 0xfe, 0x28, 0x3, 0x60,
    0xf, 0xf4, 0x0, 0x38, 0x3, 0xff, 0x82, 0xe4,
    0x1, 0xff, 0xc0, 0x28, 0x0, 0xff, 0xe0, 0xc8,
    0x7, 0xff, 0x5, 0x50, 0x3, 0xfc,

    /* U+043A "к" */
    0x8f, 0xf2, 0x80, 0x79, 0xff, 0xdc, 0x20, 0x1f,
    0xc7, 0x0, 0xa, 0x10, 0xf, 0xc3, 0xa0, 0x9,
    0x40, 0xf, 0xea, 0x10, 0x56, 0x0, 0xfe, 0x74,
    0x3, 0xa0, 0xf, 0xe3, 0x80, 0x1d, 0x0, 0xfe,
    0x1d, 0x0, 0x68, 0x80, 0x7d, 0xf1, 0xa2, 0x12,
    0x60, 0x1f, 0x95, 0xcc, 0x5, 0x80, 0x3f, 0xf8,
    0x23, 0x40, 0x1f, 0xd5, 0xfa, 0x0, 0x58, 0x0,
    0xff, 0x15, 0x80, 0x1d, 0x40, 0x3f, 0xc9, 0x20,
    0xa, 0x30, 0xf, 0xf3, 0x30, 0x1, 0xa4, 0x1,
    0xfe, 0x94, 0x1, 0xf0, 0xf, 0xfa, 0x88, 0xa,
    0xc0, 0x3f, 0xc3, 0xe0, 0x4, 0x90,

    /* U+043B "л" */
    0x0, 0xcd, 0xff, 0xff, 0x0, 0x70, 0x80, 0x7f,
    0xf1, 0xda, 0xab, 0x84, 0x3, 0xef, 0x0, 0x62,
    0xaf, 0x18, 0x7, 0xc2, 0x0, 0x10, 0xf, 0xfe,
    0x23, 0x80, 0x7f, 0xf0, 0x4c, 0x0, 0x20, 0x1f,
    0xfc, 0x11, 0x0, 0xff, 0xe3, 0x98, 0x7, 0xff,
    0x5, 0x80, 0x2, 0x1, 0xff, 0xc1, 0x30, 0x10,
    0xf, 0xfe, 0x8, 0x88, 0x8, 0x3, 0xff, 0x82,
    0x80, 0x4, 0x0, 0xff, 0xe0, 0xc0, 0x3, 0x0,
    0x3f, 0xc5, 0x3a, 0x40, 0x48, 0x1, 0xfe, 0x76,
    0x20, 0x4, 0x80, 0x7f, 0xf0, 0x45, 0x31, 0x0,
    0x3f, 0xe0,

    /* U+043C "м" */
    0x8f, 0xf9, 0x80, 0x3f, 0xd1, 0xff, 0x20, 0x6,
    0xb0, 0xf, 0xf3, 0x80, 0x7e, 0x24, 0x0, 0xfc,
    0xe0, 0x1f, 0xe8, 0x0, 0xfd, 0x40, 0x1f, 0x84,
    0xc, 0xc0, 0x1e, 0x52, 0x0, 0xfc, 0xc0, 0x9,
    0x0, 0xf4, 0x80, 0x14, 0x3, 0xda, 0x80, 0xa2,
    0x1, 0x8c, 0xc0, 0xc6, 0x1, 0xf7, 0x80, 0x24,
    0x3, 0x48, 0x2, 0xc0, 0x3f, 0x21, 0x3, 0x0,
    0x44, 0xa0, 0x84, 0x1, 0xfd, 0x60, 0x2c, 0x0,
    0xb0, 0x4, 0x0, 0x7f, 0x98, 0x42, 0xc0, 0x58,
    0xc, 0xc0, 0x1f, 0xf3, 0x1, 0x23, 0x0, 0x24,
    0x3, 0xff, 0x81, 0x20, 0x8, 0x90, 0x15, 0x0,
    0xff, 0xe0, 0xb, 0x1, 0x88, 0x48, 0x7, 0xff,
    0xa, 0xc0, 0x33, 0x0, 0x7f, 0xf0, 0x89, 0x0,
    0xc, 0x20, 0x1f, 0xfc, 0x3f, 0x0, 0x58, 0x7,
    0xe0,

    /* U+043D "н" */
    0x8f, 0xf2, 0x80, 0x7d, 0xdf, 0xe0, 0xf, 0xff,
    0xf8, 0x7, 0xff, 0x1f, 0x55, 0x7e, 0x0, 0xf9,
    0xea, 0xbe, 0x10, 0xf, 0xfe, 0x4d, 0x7f, 0xfc,
    0x20, 0x1f, 0xff, 0xf0, 0xf, 0xfe, 0x30,

    /* U+043E "о" */
    0x0, 0xc5, 0x3b, 0xfe, 0xea, 0x40, 0xf, 0xa3,
    0x58, 0x80, 0x2, 0xb7, 0x61, 0x0, 0xd2, 0xe0,
    0x5, 0x9a, 0x71, 0x4, 0xd0, 0x9, 0x18, 0x7,
    0x29, 0x96, 0x3c, 0xc0, 0xe0, 0x1, 0x0, 0xa,
    0x30, 0xc, 0x3a, 0x0, 0x71, 0x23, 0x2, 0x40,
    0xf, 0xb, 0x0, 0x1d, 0x0, 0xa, 0x1, 0xfb,
    0x40, 0x19, 0xc0, 0xd, 0x0, 0xfc, 0xc0, 0x6,
    0x10, 0xf, 0xf8, 0xc0, 0x2, 0x20, 0xf, 0xfe,
    0x10, 0xf0, 0x3, 0x40, 0x3f, 0x28, 0x1, 0x90,
    0x0, 0x80, 0x1f, 0xb4, 0x1, 0xa4, 0x40, 0x34,
    0x0, 0xf0, 0xb0, 0x1, 0x82, 0x40, 0x14, 0x60,
    0x18, 0x74, 0x0, 0xc2, 0x8, 0xc0, 0x39, 0x4c,
    0xb1, 0xe6, 0x7, 0x20, 0x14, 0xb8, 0x1, 0x66,
    0x9c, 0x41, 0x34, 0x3, 0xa3, 0x58, 0x80, 0x2,
    0xb7, 0x61, 0x0, 0x0,

    /* U+043F "п" */
    0x8f, 0xff, 0xfe, 0x8, 0x7, 0xff, 0x1d, 0xaa,
    0xbe, 0x10, 0xf, 0x62, 0xaf, 0xc0, 0x1f, 0xff,
    0xf0, 0xf, 0xff, 0xf8, 0x7, 0xff, 0x94,

    /* U+0440 "р" */
    0xdf, 0xe0, 0x29, 0xef, 0xf6, 0x38, 0x7, 0x85,
    0xb5, 0x84, 0x0, 0x71, 0xa4, 0x1, 0xd2, 0xb,
    0x10, 0x50, 0x1, 0x78, 0x7, 0xe, 0xd3, 0xba,
    0xb0, 0x40, 0x9c, 0x3, 0x51, 0x0, 0x63, 0xb0,
    0x4, 0x80, 0x65, 0x0, 0xf2, 0x90, 0x9, 0x0,
    0x7f, 0xc8, 0x0, 0x70, 0xf, 0xfb, 0x80, 0x4,
    0x1, 0xff, 0x8, 0x7, 0xff, 0x8, 0x40, 0x3f,
    0xf8, 0x5c, 0x0, 0x20, 0xf, 0xf9, 0x0, 0xe,
    0x1, 0x10, 0x7, 0x90, 0x80, 0x48, 0x2, 0xe1,
    0x0, 0xc5, 0x40, 0x9, 0x0, 0xc5, 0xd2, 0xcc,
    0x9d, 0x10, 0x27, 0x0, 0xcc, 0xd, 0x32, 0x60,
    0x1, 0x60, 0x7, 0x46, 0x28, 0x80, 0xe, 0x34,
    0x40, 0x3c, 0x75, 0xdf, 0xec, 0x70, 0xf, 0xff,
    0xf8, 0x6,

    /* U+0441 "с" */
    0x0, 0xc9, 0x5d, 0xfe, 0xd9, 0x20, 0xf, 0x55,
    0xa8, 0x80, 0x9, 0xb5, 0xc0, 0x35, 0xa8, 0xb,
    0xd4, 0xb0, 0x2, 0x1c, 0x0, 0xc8, 0x5, 0xf0,
    0xad, 0x38, 0x0, 0x81, 0x8, 0x0, 0x78, 0x80,
    0x63, 0x80, 0x3, 0x18, 0x82, 0x10, 0x7, 0x98,
    0x1, 0xca, 0x0, 0x30, 0xf, 0x87, 0xfd, 0x3c,
    0x0, 0xe0, 0xf, 0xfe, 0x11, 0x80, 0x7f, 0xf0,
    0x8c, 0x3, 0xfe, 0xe0, 0x0, 0x80, 0x7f, 0xca,
    0x0, 0xc0, 0xf, 0xd1, 0x5, 0x31, 0x4, 0x20,
    0xf, 0x2b, 0xbb, 0x42, 0x0, 0x1c, 0x20, 0x18,
    0xac, 0x1, 0x40, 0xc8, 0x7, 0xf0, 0xad, 0x3a,
    0x21, 0x4, 0x0, 0xb5, 0x1, 0x7a, 0x96, 0x0,
    0x4b, 0x80, 0x6a, 0xb5, 0x10, 0x1, 0x3f, 0x30,
    0x0,

    /* U+0442 "т" */
    0x6f, 0xff, 0xfe, 0xe, 0x0, 0x7f, 0xf0, 0xde,
    0xab, 0x84, 0x1, 0x35, 0x5b, 0xc5, 0x57, 0x8c,
    0x0, 0xea, 0xb8, 0xc0, 0x3f, 0xff, 0xe0, 0x1f,
    0xff, 0xf0, 0xf, 0xff, 0x8,

    /* U+0443 "у" */
    0x7f, 0xf5, 0x0, 0x7d, 0x1f, 0xe9, 0x60, 0x2,
    0x80, 0x7c, 0xa0, 0xa, 0x14, 0x0, 0x28, 0x7,
    0x11, 0x0, 0x8c, 0x38, 0x1, 0xc0, 0x1c, 0xa0,
    0xa, 0x0, 0x28, 0x1, 0x4, 0x3, 0x58, 0x1,
    0x40, 0x26, 0x0, 0x38, 0x4, 0x26, 0x6, 0x40,
    0x15, 0x0, 0x28, 0x2, 0x70, 0x5, 0x0, 0x63,
    0x20, 0x31, 0x0, 0x50, 0x1, 0xc0, 0x3a, 0x80,
    0xc, 0x2, 0x60, 0x82, 0x1, 0xcc, 0x0, 0xb0,
    0x70, 0x7, 0x0, 0x78, 0x50, 0xc, 0xb4, 0x0,
    0xa0, 0x1f, 0x70, 0x2, 0x90, 0x14, 0x3, 0xf2,
    0x80, 0x1c, 0x1, 0xc0, 0x1f, 0xca, 0x1, 0xa,
    0x0, 0x7f, 0x70, 0x4, 0xc0, 0x1f, 0xe4, 0x10,
    0x5, 0x80, 0x7f, 0xc4, 0x4, 0x60, 0x1f, 0xe2,
    0x30, 0xa0, 0xf, 0xfa, 0x80, 0xa, 0x1, 0xfe,
    0x37, 0x4, 0x20, 0xf, 0x96, 0x2b, 0x0, 0x10,
    0x1, 0xfb, 0xdd, 0x40, 0x12, 0x60, 0x1f, 0x8c,
    0x0, 0x76, 0xc0, 0x1f, 0x80,

    /* U+0444 "ф" */
    0x0, 0xfe, 0xff, 0x80, 0x3f, 0xff, 0xe0, 0x1f,
    0xff, 0x31, 0x8d, 0xff, 0x60, 0x5, 0x7d, 0xfd,
    0x44, 0x1, 0xc5, 0xee, 0x40, 0x3, 0x0, 0x90,
    0x40, 0x57, 0x54, 0x3, 0x78, 0x80, 0xc5, 0x40,
    0x5, 0x15, 0x4, 0x0, 0xa2, 0x0, 0x39, 0x1,
    0x7b, 0xab, 0x80, 0x4e, 0xaf, 0xa8, 0x0, 0x80,
    0x5, 0x0, 0x38, 0x40, 0x3f, 0xd4, 0x0, 0x51,
    0x11, 0x1, 0x18, 0x7, 0xfc, 0x28, 0x0, 0x55,
    0x0, 0x1c, 0x3, 0xff, 0x83, 0x80, 0x3, 0x20,
    0x1, 0x0, 0x7f, 0xf0, 0x48, 0x1, 0xc0, 0x17,
    0x80, 0x7f, 0xf0, 0x44, 0x0, 0x60, 0x1f, 0xfc,
    0x93, 0x0, 0x70, 0x7, 0xff, 0x4, 0x40, 0x6,
    0xc0, 0x5, 0x0, 0xff, 0xe0, 0xe8, 0x3, 0xcc,
    0x0, 0x62, 0x1, 0xff, 0xc0, 0x60, 0x2, 0x3,
    0x0, 0x28, 0x3, 0xfe, 0x91, 0x3, 0x20, 0x81,
    0x4, 0xd7, 0x57, 0x0, 0x9d, 0x5b, 0x18, 0x1,
    0x0, 0x1, 0xa0, 0x1, 0x45, 0x40, 0x5, 0x15,
    0x26, 0x0, 0x94, 0x0, 0x93, 0x58, 0x40, 0x8,
    0x1, 0x20, 0x80, 0xae, 0x30, 0x7, 0x14, 0xf7,
    0xfa, 0xc0, 0x2b, 0xef, 0xea, 0x30, 0xf, 0xff,
    0xf8, 0x7, 0xff, 0x54,

    /* U+0445 "х" */
    0xd, 0xff, 0x38, 0x7, 0xaf, 0xfd, 0x40, 0xe,
    0x0, 0x40, 0x80, 0x64, 0x40, 0xd, 0x80, 0xd,
    0xc0, 0x16, 0x1, 0xa4, 0x1, 0x62, 0x1, 0x41,
    0x2, 0xa0, 0x2, 0x8, 0x11, 0x40, 0x3b, 0x80,
    0x12, 0x4, 0xe0, 0xa, 0x0, 0xf1, 0xb0, 0x13,
    0xc8, 0x2, 0x44, 0x3, 0xe9, 0x20, 0x84, 0x4,
    0x60, 0xf, 0xee, 0x0, 0xd4, 0x1, 0xfe, 0x32,
    0x0, 0x28, 0x80, 0x7f, 0x98, 0x80, 0xa, 0x60,
    0x1f, 0xc3, 0x20, 0x20, 0xe, 0x0, 0xfe, 0xa0,
    0x4, 0x38, 0x14, 0x0, 0x7c, 0xc8, 0x6, 0xd0,
    0x20, 0xe6, 0x1, 0xc3, 0x20, 0xe, 0x0, 0x58,
    0x3, 0x80, 0x3a, 0x80, 0xe, 0x40, 0x5, 0x40,
    0x28, 0x0, 0x95, 0x0, 0x60, 0x3, 0x48, 0x1,
    0xcc, 0x6, 0xc0, 0x16, 0x1, 0xc5, 0x0, 0xe,
    0x0,

    /* U+0446 "ц" */
    0x8f, 0xf2, 0x80, 0x7d, 0xdf, 0xe0, 0xf, 0xff,
    0xf8, 0x7, 0xff, 0xfc, 0x3, 0xff, 0xfe, 0x0,
    0xc5, 0x5f, 0x84, 0x0, 0xaa, 0x0, 0xcd, 0x55,
    0xf0, 0x5, 0x54, 0x0, 0xff, 0xe3, 0x47, 0xff,
    0xff, 0x0, 0x80, 0x40, 0x3f, 0xfa, 0xa6, 0x1,
    0xff, 0xc4, 0x10, 0xf, 0xfe, 0x30,

    /* U+0447 "ч" */
    0x6f, 0xf4, 0x0, 0x7d, 0xff, 0x0, 0x7f, 0xfb,
    0xc, 0x3, 0xff, 0x82, 0xc0, 0x2, 0x0, 0xff,
    0x18, 0x1, 0x44, 0x3, 0xfc, 0xc0, 0xc, 0x40,
    0x0, 0x9b, 0x0, 0x69, 0x20, 0x2b, 0xff, 0x76,
    0x48, 0x7, 0x6b, 0x80, 0x7f, 0xf0, 0x63, 0xf2,
    0xa9, 0x7b, 0xe0, 0x1f, 0x8d, 0x54, 0x84, 0x1,
    0xff, 0xf0,

    /* U+0448 "ш" */
    0x8f, 0xf2, 0x80, 0x73, 0xff, 0x9c, 0x3, 0x9b,
    0xfd, 0x0, 0x1f, 0xff, 0xf0, 0xf, 0xff, 0xf8,
    0x7, 0xff, 0xfc, 0x3, 0xff, 0xe9, 0x8a, 0xbd,
    0xa0, 0xd, 0x55, 0xef, 0x0, 0xf3, 0x55, 0x72,
    0x80, 0x16, 0xab, 0x98, 0x3, 0xff, 0x9a,

    /* U+0449 "щ" */
    0xbf, 0xf1, 0x0, 0x75, 0x7f, 0x90, 0x3, 0xa7,
    0xfc, 0xa0, 0x1f, 0xff, 0xf0, 0xf, 0xff, 0xf8,
    0x7, 0xff, 0xfc, 0x3, 0xff, 0xfe, 0x1, 0xff,
    0xc5, 0x55, 0xf3, 0x0, 0x31, 0x57, 0x88, 0x1,
    0x8a, 0x60, 0x14, 0x55, 0x71, 0x80, 0x1e, 0xab,
    0x90, 0x0, 0xd5, 0x20, 0x1f, 0xfc, 0xcb, 0xff,
    0xff, 0xe3, 0xe8, 0x0, 0xc0, 0x3f, 0xf9, 0x62,
    0x1, 0xff, 0xe3, 0xf0, 0xf, 0xfe, 0x60,

    /* U+044A "ъ" */
    0x8f, 0xff, 0x98, 0x3, 0xff, 0xa3, 0x55, 0xca,
    0x1, 0xff, 0xc1, 0x25, 0x5c, 0x40, 0x1f, 0xfe,
    0xf9, 0xff, 0xed, 0x81, 0x0, 0xff, 0xe2, 0x13,
    0xf2, 0x80, 0x7f, 0x35, 0x56, 0x93, 0x0, 0x51,
    0x80, 0x7e, 0xf5, 0x5c, 0xd8, 0xc0, 0x9, 0x0,
    0xff, 0xe1, 0xc0, 0x1, 0x0, 0x3f, 0xf8, 0x62,
    0x0, 0x10, 0xf, 0xfe, 0x18, 0x80, 0x4, 0x3,
    0xff, 0x87, 0x20, 0x4, 0x0, 0xfd, 0xea, 0xb9,
    0xad, 0xc0, 0x10, 0x1, 0xf9, 0xaa, 0xb4, 0xa0,
    0x2, 0xc8, 0x3, 0xff, 0x84, 0x4f, 0xc8, 0x0,

    /* U+044B "ы" */
    0x8f, 0xf2, 0x80, 0x7f, 0xf0, 0x7b, 0xfc, 0x1,
    0xff, 0xff, 0x0, 0xff, 0xe8, 0x57, 0xff, 0x6c,
    0x8, 0x7, 0xff, 0x14, 0x9f, 0x90, 0x3, 0xfc,
    0xd5, 0x5a, 0x4c, 0x1, 0x64, 0x1, 0xfd, 0x8a,
    0xb9, 0xb1, 0x40, 0x10, 0x1, 0xff, 0xc4, 0xb0,
    0x2, 0x0, 0x7f, 0xf1, 0x4, 0x0, 0x20, 0x1f,
    0xfc, 0x41, 0x0, 0x10, 0x7, 0xff, 0x12, 0x0,
    0x8, 0x1, 0xfd, 0x8a, 0xb9, 0xad, 0x80, 0x16,
    0x1, 0xfc, 0xd5, 0x5a, 0x50, 0x6, 0xc8, 0x3,
    0xff, 0x86, 0x4f, 0xe8, 0x1, 0xf0,

    /* U+044C "ь" */
    0x8f, 0xf2, 0x80, 0x7f, 0xff, 0xc0, 0x3f, 0x57,
    0xff, 0x6c, 0x8, 0x7, 0xfc, 0x4f, 0xc8, 0x1,
    0x9a, 0xab, 0x49, 0x80, 0x2c, 0x80, 0x2c, 0x55,
    0xcd, 0x8a, 0x0, 0x80, 0xf, 0xf5, 0x80, 0x10,
    0x3, 0xfc, 0x20, 0x1, 0x0, 0xff, 0x8, 0x0,
    0x80, 0x3f, 0xd0, 0x0, 0x40, 0xb, 0x15, 0x73,
    0x5b, 0x0, 0x2c, 0x2, 0x6a, 0xad, 0x28, 0x3,
    0x64, 0x1, 0xfc, 0x4f, 0xe8, 0x0,

    /* U+044D "э" */
    0x0, 0x85, 0xf3, 0xfd, 0xd4, 0x60, 0x1e, 0x4f,
    0x83, 0x0, 0xa, 0xe4, 0x80, 0x64, 0xb1, 0x5,
    0x9a, 0x60, 0x3, 0x50, 0x5, 0x40, 0xc, 0xa6,
    0x59, 0xd1, 0x5, 0x50, 0x28, 0x83, 0x98, 0x6,
    0x2a, 0x0, 0x40, 0x3c, 0xca, 0x80, 0x3c, 0x84,
    0x4, 0x53, 0x30, 0x80, 0x3e, 0x50, 0x2, 0x0,
    0x76, 0x7f, 0xf3, 0x80, 0x4, 0x3, 0xff, 0x85,
    0xe0, 0x1d, 0x15, 0x5c, 0xc0, 0xf, 0x0, 0xe4,
    0x55, 0xe1, 0x0, 0x13, 0x7f, 0x98, 0x3, 0xe5,
    0x0, 0x3a, 0x80, 0x30, 0x3, 0xc8, 0x40, 0x64,
    0x64, 0xa, 0xc0, 0x18, 0xa8, 0x1, 0x0, 0x9,
    0x0, 0x4d, 0xb2, 0xce, 0x88, 0x32, 0x0, 0x12,
    0xc0, 0x9, 0x34, 0xc0, 0x6, 0x90, 0xc, 0x9c,
    0xe4, 0x0, 0x15, 0xc9, 0x0, 0x80,

    /* U+044E "ю" */
    0x8f, 0xf2, 0x80, 0x7c, 0x73, 0xbf, 0xed, 0xa3,
    0x0, 0xff, 0xe1, 0x4e, 0x31, 0x0, 0x9, 0x72,
    0x80, 0x3f, 0xf8, 0x14, 0xc0, 0x6, 0x99, 0x30,
    0x1, 0x6c, 0x3, 0xfc, 0xca, 0x3, 0xb2, 0xcc,
    0x9e, 0x20, 0x47, 0x0, 0xfe, 0x80, 0x6, 0x90,
    0x6, 0x1f, 0x0, 0x40, 0x7, 0xe3, 0x10, 0x33,
    0x0, 0x78, 0x94, 0x0, 0xa0, 0x1f, 0x20, 0x2,
    0xc0, 0x3f, 0x78, 0x3, 0x0, 0x2a, 0xff, 0xa0,
    0x0, 0x60, 0x1f, 0x98, 0x0, 0x40, 0x1f, 0xfc,
    0x71, 0x0, 0xf3, 0x55, 0x48, 0x1, 0xff, 0xc6,
    0xc5, 0x5b, 0x0, 0x6, 0x1, 0xf9, 0xc0, 0x4,
    0x1, 0xf1, 0x80, 0x30, 0x3, 0xf7, 0x80, 0x30,
    0x3, 0xe4, 0x10, 0x43, 0x0, 0xf1, 0x28, 0x1,
    0x40, 0x3f, 0x40, 0x3, 0x48, 0x3, 0xf, 0x80,
    0x20, 0x3, 0xf9, 0x94, 0x7, 0x65, 0x96, 0x78,
    0x81, 0x1c, 0x3, 0xfd, 0x4c, 0x0, 0x69, 0xa6,
    0x0, 0x2d, 0x80, 0x7f, 0xf0, 0x27, 0x18, 0x80,
    0x2, 0xb9, 0x40, 0x10,

    /* U+044F "я" */
    0x0, 0xc9, 0x5d, 0xff, 0xf8, 0x40, 0x2a, 0xb5,
    0x10, 0xf, 0xfa, 0x54, 0x0, 0xf5, 0x5c, 0x40,
    0x18, 0x58, 0x1, 0xb0, 0xab, 0xc2, 0x1, 0x90,
    0x0, 0xa4, 0x1, 0xff, 0xc2, 0x30, 0xf, 0xfe,
    0x3, 0x0, 0x10, 0x3, 0xff, 0x80, 0x64, 0x5,
    0x64, 0x1, 0xff, 0x70, 0x1, 0x37, 0xff, 0x8c,
    0x3, 0x8f, 0x50, 0x3, 0xff, 0x84, 0x5c, 0x0,
    0x3a, 0xac, 0x40, 0x1f, 0x58, 0x3, 0xd5, 0x70,
    0x80, 0x7a, 0x4, 0x18, 0xc0, 0x3f, 0xc4, 0xe0,
    0x32, 0x1, 0xff, 0x70, 0x2, 0xc0, 0x3f, 0xe5,
    0x30, 0x35, 0x0, 0xff, 0xac, 0x1, 0xc0, 0x1f,
    0xf0,

    /* U+0450 "ѐ" */
    0x0, 0xa7, 0xfd, 0x80, 0x1f, 0xf4, 0xa0, 0x1b,
    0x80, 0x7f, 0xd6, 0x61, 0x4, 0x1, 0xff, 0x69,
    0x7, 0x0, 0x7f, 0xc3, 0x8e, 0x84, 0x1, 0xff,
    0xc, 0x40, 0x80, 0x3f, 0xf9, 0x85, 0x3b, 0xfe,
    0xd9, 0x20, 0xf, 0x3e, 0xb1, 0x0, 0x9, 0xb5,
    0x80, 0x34, 0x40, 0x0, 0xd5, 0x2a, 0x0, 0x95,
    0x0, 0x23, 0x80, 0xec, 0xab, 0x55, 0x80, 0x2c,
    0x1, 0x0, 0xa, 0x20, 0xc, 0x8c, 0x2, 0xa4,
    0x60, 0x68, 0x1, 0xed, 0x0, 0x62, 0x0, 0x1d,
    0x57, 0xe2, 0x0, 0x17, 0x0, 0x12, 0xab, 0xe9,
    0x0, 0x38, 0x7, 0xff, 0x1a, 0x7f, 0xff, 0xd9,
    0xc0, 0xe, 0x0, 0xff, 0x94, 0x0, 0x80, 0x1f,
    0xf1, 0x88, 0x1a, 0x0, 0x7c, 0x84, 0x0, 0x80,
    0x5, 0xa0, 0x7, 0x2d, 0xea, 0x3, 0x28, 0x2,
    0xe9, 0x95, 0xee, 0x80, 0x54, 0x1, 0x4e, 0x0,
    0x59, 0xa8, 0x40, 0x2c, 0x10, 0xa, 0x35, 0x88,
    0x0, 0x29, 0x3a, 0x40,

    /* U+0451 "ё" */
    0x0, 0xab, 0xec, 0x2, 0x1d, 0xf7, 0x0, 0xc4,
    0xa0, 0x86, 0x0, 0x62, 0x9, 0x0, 0xc4, 0x20,
    0x26, 0x0, 0x40, 0x2, 0x0, 0x77, 0x67, 0x0,
    0x47, 0xd9, 0x40, 0x1e, 0x30, 0xe, 0x13, 0x0,
    0xf8, 0xa7, 0x7f, 0xdb, 0x24, 0x1, 0xe7, 0xd6,
    0x20, 0x1, 0x36, 0xb0, 0x6, 0x88, 0x0, 0x1a,
    0xa5, 0x40, 0x12, 0xa0, 0x4, 0x70, 0x1d, 0x95,
    0x6a, 0xb0, 0x5, 0x80, 0x20, 0x1, 0x44, 0x1,
    0x91, 0x80, 0x54, 0x8c, 0xd, 0x0, 0x3d, 0xa0,
    0xc, 0x40, 0x3, 0xaa, 0xfc, 0x40, 0x2, 0xe0,
    0x2, 0x55, 0x7d, 0x20, 0x7, 0x0, 0xff, 0xe3,
    0x4f, 0xff, 0xfb, 0x38, 0x1, 0xc0, 0x1f, 0xf2,
    0x80, 0x10, 0x3, 0xfe, 0x31, 0x3, 0x40, 0xf,
    0x90, 0x80, 0x10, 0x0, 0xb4, 0x0, 0xe5, 0xbd,
    0x40, 0x65, 0x0, 0x5d, 0x32, 0xbd, 0xd0, 0xa,
    0x80, 0x29, 0xc0, 0xb, 0x35, 0x8, 0x5, 0x82,
    0x1, 0x46, 0xb1, 0x0, 0x5, 0x27, 0x48, 0x0,

    /* U+0452 "ђ" */
    0x0, 0x9a, 0x20, 0x1, 0xff, 0xc2, 0xa7, 0x70,
    0x80, 0x7f, 0xf3, 0xdb, 0xfc, 0x60, 0xe, 0xff,
    0xa4, 0x3, 0xff, 0x96, 0x95, 0x42, 0x0, 0x4d,
    0x56, 0x0, 0xf1, 0x2a, 0x84, 0x0, 0xea, 0xb1,
    0x80, 0x7f, 0xf4, 0xdf, 0x3f, 0xdb, 0x22, 0x1,
    0xf9, 0x7a, 0xc, 0x0, 0x4d, 0xe4, 0x1, 0xf5,
    0x89, 0xc4, 0xb0, 0x0, 0x78, 0x3, 0xf5, 0x63,
    0xb4, 0xe8, 0x0, 0xc8, 0x3, 0xd0, 0xa0, 0x18,
    0x98, 0x0, 0x80, 0x1e, 0x60, 0xf, 0x78, 0x0,
    0x40, 0x3f, 0xf8, 0x9e, 0x1, 0xff, 0xf4, 0xe0,
    0xf, 0xff, 0xf8, 0x7, 0xff, 0x57, 0x3f, 0xc2,
    0x1, 0xee, 0x0, 0xff, 0xe2, 0x8, 0x3, 0xc0,
    0x3f, 0xf8, 0x38, 0x0, 0x20, 0xf, 0xe1, 0x65,
    0xa4, 0x1, 0x50, 0xf, 0xe2, 0x9a, 0x50, 0x5,
    0x80, 0x7f, 0xc2, 0x2, 0xb8, 0xa0,

    /* U+0453 "ѓ" */
    0x0, 0xf3, 0xc4, 0xc, 0x3, 0xe8, 0x83, 0x99,
    0x80, 0x3c, 0x6e, 0x7, 0x60, 0x1f, 0x70, 0x1e,
    0x0, 0x7d, 0x4, 0x4d, 0x0, 0xfd, 0x1f, 0xa2,
    0x1, 0xff, 0xc5, 0x9f, 0xff, 0xf1, 0x0, 0x7f,
    0xf0, 0xde, 0xab, 0xe2, 0x0, 0xb5, 0x57, 0xe0,
    0xf, 0xff, 0xf8, 0x7, 0xff, 0xfc, 0x3, 0xe0,

    /* U+0454 "є" */
    0x0, 0xc7, 0x3b, 0xfe, 0xea, 0x40, 0xf, 0x46,
    0x31, 0x0, 0x5, 0x6e, 0x80, 0x34, 0xb8, 0x1,
    0xa6, 0x9c, 0x41, 0x6c, 0x0, 0x6c, 0x3, 0xb2,
    0xcb, 0x1e, 0x40, 0x88, 0x8, 0x0, 0x59, 0x0,
    0x61, 0xe0, 0x7, 0x2, 0x0, 0xa8, 0x7, 0x8d,
    0x50, 0xd0, 0x0, 0x80, 0x1f, 0xaa, 0xe4, 0x40,
    0xb, 0xff, 0xda, 0x1, 0xc6, 0x1, 0xff, 0xc2,
    0x30, 0x2, 0x55, 0x74, 0x80, 0x70, 0x80, 0x5,
    0x57, 0x90, 0x3, 0x90, 0x0, 0x80, 0x1f, 0xaa,
    0xe4, 0x10, 0x5, 0x40, 0x3c, 0x6a, 0x86, 0x1e,
    0x0, 0xb2, 0x0, 0xc3, 0xc0, 0x9, 0x4, 0x60,
    0x1d, 0x96, 0x59, 0xe2, 0x7, 0x30, 0x4, 0xb8,
    0x1, 0xa6, 0x98, 0x1, 0x10, 0x0, 0xd1, 0x8c,
    0x40, 0x2, 0x6d, 0x70, 0x0,

    /* U+0455 "ѕ" */
    0x0, 0x86, 0x37, 0xfd, 0xd6, 0xc0, 0x1c, 0xbc,
    0xe4, 0x0, 0x14, 0x9d, 0x20, 0x1, 0xd0, 0x1,
    0x66, 0xa0, 0x40, 0xb0, 0x1, 0x0, 0x9, 0xa6,
    0x57, 0xe3, 0x1, 0x70, 0x50, 0x3, 0x0, 0x77,
    0x80, 0x30, 0xc, 0x0, 0x40, 0x1c, 0x7b, 0xaa,
    0x5, 0x0, 0x63, 0x8, 0x6, 0x22, 0x8, 0x42,
    0x0, 0xcf, 0x6c, 0xa0, 0x7, 0xae, 0x8c, 0x0,
    0x4d, 0x7d, 0x0, 0x1c, 0xb9, 0xd4, 0xc6, 0x2,
    0xfa, 0x20, 0x1c, 0x2b, 0x39, 0xa6, 0x5, 0x6,
    0xcc, 0x20, 0xe, 0x2d, 0x0, 0x3a, 0xcc, 0xac,
    0x3, 0xc2, 0x1, 0x38, 0x1, 0x8c, 0x3, 0x98,
    0x0, 0xa3, 0x0, 0xc, 0xa6, 0x56, 0xb9, 0x0,
    0x40, 0x3c, 0x0, 0x16, 0x6a, 0x50, 0x1, 0x46,
    0x0, 0x7d, 0x72, 0x0, 0x8e, 0x39, 0x40,

    /* U+0456 "і" */
    0x5f, 0xe3, 0x90, 0x1a, 0x40, 0x6, 0x46, 0x6a,
    0x81, 0x90, 0x4f, 0xf9, 0x40, 0x3f, 0xfe, 0x80,

    /* U+0457 "ї" */
    0x9, 0xfc, 0x0, 0xd9, 0xf0, 0x2, 0xc0, 0x68,
    0x0, 0x53, 0x7, 0x1, 0x20, 0x2, 0x80, 0x1c,
    0x0, 0x60, 0xd, 0xce, 0x10, 0x1, 0x76, 0x60,
    0x2, 0x31, 0x0, 0xc2, 0x60, 0x1e, 0x9f, 0xf2,
    0x80, 0x7f, 0xff, 0xc0, 0x3f, 0xff, 0xe0, 0x1f,
    0xfe, 0x20,

    /* U+0458 "ј" */
    0x0, 0xd1, 0xf8, 0x20, 0x19, 0xc0, 0xdc, 0x3,
    0x20, 0x1, 0x0, 0x35, 0xe7, 0x10, 0x7, 0x18,
    0x80, 0x75, 0xff, 0x8c, 0x3, 0xff, 0xfe, 0x1,
    0xff, 0xf8, 0x10, 0xc, 0xa0, 0x3, 0x7, 0x75,
    0x88, 0x10, 0x84, 0x41, 0x0, 0x12, 0x0, 0x20,
    0x1, 0xda, 0x0,

    /* U+0459 "љ" */
    0x0, 0xcf, 0xff, 0xfe, 0x70, 0xf, 0xfe, 0x1f,
    0x80, 0x7f, 0xf4, 0x5a, 0xab, 0x28, 0x7, 0xff,
    0x18, 0x40, 0x1a, 0xab, 0xb0, 0x3, 0xff, 0x8c,
    0x60, 0x7, 0x0, 0xff, 0xe7, 0x8, 0x7, 0xff,
    0x2c, 0x40, 0x6, 0x1, 0xf6, 0xaa, 0xe4, 0x20,
    0xf, 0xe7, 0x0, 0x8, 0x7, 0xcb, 0x55, 0xaf,
    0x7a, 0x0, 0x3e, 0x10, 0xf, 0xfe, 0x28, 0xbe,
    0x0, 0x78, 0xc0, 0x40, 0x3f, 0x47, 0xff, 0x59,
    0x1, 0xc0, 0x7, 0x8, 0x18, 0x7, 0xff, 0x9,
    0x3c, 0x0, 0xc0, 0x18, 0x80, 0xe, 0x1, 0xff,
    0xc3, 0x22, 0x0, 0x88, 0x2, 0x50, 0x6, 0x80,
    0x7f, 0xf1, 0xc, 0x0, 0x20, 0x1, 0x90, 0x2,
    0x0, 0x7f, 0xf0, 0xd8, 0x40, 0xc0, 0xe7, 0xc4,
    0xc, 0xc0, 0x1f, 0xb5, 0x57, 0xaa, 0x40, 0x10,
    0xa, 0xc2, 0x0, 0xf0, 0xf, 0xe5, 0xaa, 0xe5,
    0x0, 0x42, 0x0, 0x42, 0xba, 0x60, 0x1f, 0xfc,
    0x32, 0x6d, 0x70, 0x0,

    /* U+045A "њ" */
    0x8f, 0xf2, 0x80, 0x7d, 0xdf, 0xe0, 0xf, 0xff,
    0xf8, 0x7, 0xff, 0xd3, 0x55, 0x7e, 0x0, 0x95,
    0x72, 0x18, 0x80, 0x7c, 0xf5, 0x5f, 0x8, 0x2,
    0xab, 0x5e, 0x76, 0x18, 0x7, 0xff, 0x2c, 0xf1,
    0x40, 0x35, 0x7f, 0xfc, 0x20, 0xf, 0xfe, 0xd7,
    0x0, 0x50, 0x80, 0x7f, 0xf1, 0xca, 0x18, 0x0,
    0xc0, 0x1f, 0xfc, 0x9c, 0x0, 0x70, 0x7, 0xff,
    0x24, 0xc0, 0x3f, 0xf9, 0x96, 0x0, 0xc0, 0xf,
    0xfe, 0x12, 0xaf, 0x3e, 0x90, 0x12, 0x80, 0x7f,
    0xf0, 0xaa, 0xba, 0x8, 0xb, 0x0, 0x3f, 0xf9,
    0x2, 0x93, 0xa2, 0x0,

    /* U+045B "ћ" */
    0x0, 0x9a, 0x20, 0x1, 0xff, 0xc2, 0xa7, 0x70,
    0x80, 0x7f, 0xf4, 0x3f, 0xc6, 0x0, 0xef, 0xfb,
    0x80, 0x3f, 0xf9, 0x95, 0x42, 0x0, 0x4d, 0x55,
    0x60, 0x1f, 0x2a, 0x84, 0x0, 0xea, 0xb8, 0x3,
    0xff, 0x84, 0xf9, 0xfe, 0xd9, 0x10, 0xf, 0xcb,
    0xd0, 0x60, 0x2, 0x6f, 0x20, 0xf, 0xac, 0x4e,
    0x25, 0x80, 0x3, 0xc0, 0x1f, 0xab, 0x1d, 0xa7,
    0x40, 0x6, 0x40, 0x1e, 0x85, 0x0, 0xc4, 0xc0,
    0x4, 0x0, 0xf3, 0x0, 0x7b, 0xc0, 0x2, 0x1,
    0xff, 0xc4, 0xf0, 0xf, 0xff, 0xf8, 0x7, 0xff,
    0xfc, 0x3, 0xff, 0x90,

    /* U+045C "ќ" */
    0x0, 0xf8, 0xa2, 0xe, 0x20, 0x1f, 0xee, 0x77,
    0x0, 0x80, 0x7f, 0x39, 0x83, 0xb8, 0x3, 0xf8,
    0xa0, 0x1a, 0x0, 0x3f, 0xdc, 0xb, 0x20, 0x1f,
    0xf6, 0x7d, 0x0, 0x7f, 0xf2, 0xa3, 0xfc, 0xa0,
    0x1e, 0x7f, 0xf7, 0x8, 0x7, 0xf1, 0xc0, 0x2,
    0x84, 0x3, 0xf0, 0xe8, 0x2, 0x50, 0x3, 0xfa,
    0x84, 0x15, 0x80, 0x3f, 0x9d, 0x0, 0xe8, 0x3,
    0xf8, 0xe0, 0x7, 0x40, 0x3f, 0x87, 0x40, 0x1a,
    0x20, 0x1f, 0x7c, 0x68, 0x84, 0x98, 0x7, 0xe5,
    0x73, 0x1, 0x60, 0xf, 0xfe, 0x8, 0xd0, 0x7,
    0xf5, 0x7e, 0x80, 0x16, 0x0, 0x3f, 0xc5, 0x60,
    0x7, 0x50, 0xf, 0xf2, 0x48, 0x2, 0x8c, 0x3,
    0xfc, 0xcc, 0x0, 0x69, 0x0, 0x7f, 0xa5, 0x0,
    0x7c, 0x3, 0xfe, 0xa2, 0x2, 0xb0, 0xf, 0xf0,
    0xf8, 0x1, 0x24,

    /* U+045D "ѝ" */
    0x0, 0x1c, 0x41, 0xc0, 0x3f, 0xe3, 0x33, 0xc4,
    0x0, 0x3f, 0xeb, 0x30, 0x73, 0x0, 0xff, 0xb4,
    0x43, 0x80, 0x3f, 0xe1, 0xc1, 0x28, 0x0, 0xff,
    0x8b, 0xbe, 0x0, 0x3f, 0xf9, 0x31, 0xfe, 0x50,
    0xf, 0x1f, 0xfc, 0x1, 0xff, 0x78, 0x7, 0xff,
    0x5, 0xcc, 0x3, 0xff, 0x80, 0x30, 0x1, 0xff,
    0xc1, 0xa0, 0xf, 0xfe, 0xa, 0xa0, 0x30, 0x80,
    0x7f, 0xd, 0x80, 0xc8, 0x7, 0xfa, 0x4, 0x2c,
    0x3, 0xfc, 0x6c, 0xa, 0xa0, 0xf, 0xf7, 0x0,
    0x2c, 0x3, 0xfc, 0xe4, 0x12, 0x20, 0x1f, 0xc5,
    0x0, 0x6c, 0x1, 0xfe, 0x80, 0x7, 0x0, 0x7f,
    0xf0, 0x5c, 0x80, 0x3f, 0xf8, 0x5, 0x0, 0x1f,
    0xfc, 0x19, 0x0, 0xff, 0xe0, 0xaa, 0x0, 0x7f,
    0x80,

    /* U+045E "ў" */
    0x0, 0xaf, 0xe8, 0x3, 0x6f, 0xc8, 0x7, 0x60,
    0x29, 0x80, 0x14, 0x83, 0x0, 0x39, 0xcc, 0x33,
    0x7a, 0x81, 0x14, 0x3, 0xd8, 0xe4, 0x41, 0x39,
    0xb0, 0xf, 0xd1, 0xbf, 0xec, 0x60, 0xf, 0xfe,
    0xb3, 0xff, 0xa8, 0x3, 0xe8, 0xff, 0x4b, 0x0,
    0x14, 0x3, 0xe5, 0x0, 0x50, 0xa0, 0x1, 0x40,
    0x38, 0x88, 0x4, 0x61, 0xc0, 0xe, 0x0, 0xe5,
    0x0, 0x50, 0x1, 0x40, 0x8, 0x20, 0x1a, 0xc0,
    0xa, 0x1, 0x30, 0x1, 0xc0, 0x21, 0x30, 0x32,
    0x0, 0xa8, 0x1, 0x40, 0x13, 0x80, 0x28, 0x3,
    0x19, 0x1, 0x88, 0x2, 0x80, 0xe, 0x1, 0xd4,
    0x0, 0x60, 0x13, 0x4, 0x10, 0xe, 0x60, 0x5,
    0x83, 0x80, 0x38, 0x3, 0xc2, 0x80, 0x65, 0xa0,
    0x5, 0x0, 0xfb, 0x80, 0x14, 0x80, 0xa0, 0x1f,
    0x94, 0x0, 0xe0, 0xe, 0x0, 0xfe, 0x50, 0x8,
    0x50, 0x3, 0xfb, 0x80, 0x26, 0x0, 0xff, 0x20,
    0x80, 0x2c, 0x3, 0xfe, 0x20, 0x23, 0x0, 0xff,
    0x11, 0x85, 0x0, 0x7f, 0xd4, 0x0, 0x50, 0xf,
    0xf1, 0xb8, 0x21, 0x0, 0x7c, 0xb1, 0x58, 0x0,
    0x80, 0xf, 0xde, 0xea, 0x0, 0x93, 0x0, 0xfc,
    0x60, 0x3, 0xb6, 0x0, 0xfc,

    /* U+045F "џ" */
    0x8f, 0xf2, 0x80, 0x7d, 0xdf, 0xe0, 0xf, 0xff,
    0xf8, 0x7, 0xff, 0xfc, 0x3, 0xff, 0xcb, 0x8a,
    0xa7, 0x73, 0x2a, 0x80, 0x3e, 0x6a, 0xa4, 0x42,
    0x6a, 0x82, 0x1, 0xff, 0xc6, 0x8f, 0xfd, 0xa0,
    0x4, 0xff, 0xe0, 0xf, 0xff, 0xb1, 0xbb, 0xb8,
    0x3, 0xc0,

    /* U+0460 "Ѡ" */
    0x9f, 0xf3, 0x80, 0x79, 0xbf, 0xd6, 0x1, 0xe2,
    0xff, 0x68, 0x7, 0xff, 0xfc, 0x3, 0xff, 0xfe,
    0x1, 0xff, 0xff, 0x0, 0xff, 0xff, 0x80, 0x7f,
    0xfc, 0x4, 0x1, 0xe0, 0x1e, 0x10, 0x3, 0x80,
    0x78, 0x40, 0x3, 0xc0, 0x4, 0x0, 0xf5, 0x80,
    0xc, 0x40, 0x39, 0x0, 0xc, 0xe0, 0x3, 0x50,
    0xc, 0xc6, 0x1, 0x58, 0x6, 0x28, 0x0, 0x78,
    0xb8, 0x2, 0xa8, 0xee, 0xc9, 0x1, 0x30, 0x5d,
    0x87, 0xad, 0x0, 0x1a, 0x84, 0x28, 0x1, 0x62,
    0x6, 0x3, 0xba, 0x20, 0x27, 0x85, 0x0, 0x1e,
    0x80, 0x55, 0x6a, 0x20, 0x2, 0x7f, 0x31, 0xd8,
    0x30, 0x0, 0xa5, 0x60, 0x80,

    /* U+0461 "ѡ" */
    0xff, 0x70, 0x7, 0xf, 0xfb, 0x40, 0x38, 0xbf,
    0xd6, 0x1, 0xff, 0xff, 0x0, 0xff, 0xff, 0x80,
    0x7f, 0xfc, 0x84, 0x3, 0xff, 0x84, 0x20, 0x10,
    0x80, 0x4, 0x3, 0x28, 0x0, 0x80, 0x39, 0x80,
    0x4, 0x80, 0x9, 0x0, 0xd0, 0x1, 0x38, 0x6,
    0x90, 0x6, 0x48, 0x1, 0xe5, 0x5f, 0x4c, 0x2,
    0x8a, 0x66, 0x69, 0x81, 0x29, 0xc8, 0x1, 0xaa,
    0x8, 0x17, 0x44, 0x16, 0x64, 0x40, 0x3e, 0x0,
    0x6c, 0x51, 0x0, 0x1d, 0x50, 0xbd, 0xc8, 0x0,
    0x71, 0xe4, 0x0,

    /* U+0462 "Ѣ" */
    0x0, 0x9f, 0xfd, 0x20, 0x1f, 0xfd, 0x53, 0x55,
    0x68, 0x0, 0x95, 0x61, 0x0, 0xfe, 0x8a, 0xa2,
    0x80, 0x12, 0xaa, 0x50, 0xf, 0xfe, 0x8d, 0xff,
    0xa0, 0x0, 0xdf, 0xf2, 0x0, 0x7f, 0xfa, 0xd5,
    0xdf, 0x99, 0x48, 0x3, 0xfe, 0x38, 0x8e, 0x9a,
    0xde, 0x70, 0xf, 0xfe, 0x30, 0xc6, 0x8, 0x7,
    0xcd, 0xff, 0xed, 0x80, 0x1, 0xd0, 0x7, 0xff,
    0x8, 0x9f, 0x40, 0x8, 0x60, 0x1f, 0xfc, 0x32,
    0x70, 0x5, 0x0, 0x7f, 0xf1, 0x30, 0x0, 0x40,
    0x1f, 0xfc, 0x77, 0x0, 0xff, 0xe2, 0x10, 0x1,
    0x80, 0x3f, 0xf8, 0x96, 0x0, 0xc0, 0xf, 0xfe,
    0x1c, 0x90, 0xb, 0x80, 0x78, 0x99, 0xb9, 0xe7,
    0x98, 0x1, 0x62, 0x1, 0xe4, 0x99, 0xe8, 0x61,
    0x1, 0xa5, 0x0, 0xff, 0xe1, 0xa, 0x47, 0xa8,
    0x0,

    /* U+0463 "ѣ" */
    0x0, 0xa7, 0xfc, 0xa0, 0x1f, 0xff, 0xf0, 0xa,
    0x7f, 0xcc, 0x0, 0xaf, 0xfc, 0xa0, 0x1f, 0xfc,
    0xaa, 0xa9, 0x0, 0xd, 0x55, 0x9c, 0x3, 0x8d,
    0x54, 0x40, 0xc, 0x55, 0xc4, 0x1, 0xff, 0xf2,
    0xc5, 0x5c, 0x84, 0x1, 0xfe, 0x6a, 0xad, 0x7b,
    0xa5, 0x0, 0xff, 0xe1, 0x95, 0x40, 0x7, 0xd5,
    0xff, 0xba, 0x0, 0xe, 0x80, 0x1f, 0xf0, 0xbc,
    0x0, 0x38, 0x3, 0xff, 0x82, 0xc0, 0x4, 0x0,
    0xff, 0xe0, 0x88, 0x7, 0xff, 0x10, 0x80, 0x4,
    0x1, 0xff, 0xc1, 0x80, 0x2, 0x0, 0x7b, 0x55,
    0x73, 0x62, 0x80, 0xc8, 0x7, 0x9e, 0xab, 0x49,
    0x80, 0xe8, 0x80, 0x7f, 0xf0, 0xe, 0x3c, 0xc0,

    /* U+0464 "Ѥ" */
    0x2f, 0xf7, 0x0, 0x7e, 0x5a, 0xdf, 0xf7, 0x64,
    0x10, 0x7, 0xff, 0x8, 0xf6, 0x94, 0x80, 0x2,
    0x6f, 0xb0, 0x1, 0xff, 0xc0, 0x5c, 0x20, 0x2,
    0xc4, 0x1c, 0xc0, 0xf, 0x40, 0x1f, 0xe2, 0xa0,
    0x3, 0x7d, 0x3b, 0xa3, 0x2c, 0x0, 0xac, 0x1,
    0xfd, 0xc0, 0x6, 0x90, 0xf, 0x25, 0x0, 0x20,
    0x3, 0xf1, 0x98, 0x6, 0x40, 0x3f, 0x29, 0x0,
    0x98, 0x7, 0xd6, 0x0, 0x60, 0xf, 0xf2, 0x88,
    0x94, 0x3, 0xe4, 0x0, 0x60, 0x7, 0xfa, 0x3b,
    0x8c, 0x1, 0xf1, 0x0, 0x14, 0x3, 0xff, 0x8a,
    0x3f, 0xf0, 0x80, 0x3b, 0xff, 0xe7, 0x0, 0xff,
    0xeb, 0xd5, 0x40, 0x15, 0x57, 0xe5, 0x0, 0xfe,
    0x15, 0x58, 0x2, 0x55, 0xfc, 0x40, 0x1f, 0xfc,
    0x11, 0x0, 0x8, 0x7, 0xff, 0x24, 0x80, 0xa,
    0x1, 0xfe, 0x36, 0x61, 0x0, 0x7c, 0x80, 0xc,
    0x0, 0xff, 0x44, 0xc9, 0xc0, 0x3e, 0xb0, 0x3,
    0x0, 0x7f, 0x90, 0x0, 0x80, 0x1f, 0x19, 0x80,
    0x60, 0x3, 0xf3, 0x80, 0x10, 0x40, 0x3f, 0x78,
    0x1, 0xe0, 0x3, 0xcd, 0x0, 0x8, 0x0, 0xfe,
    0x3a, 0x0, 0x3f, 0x4b, 0xba, 0x76, 0x40, 0x12,
    0x60, 0x1f, 0xe5, 0xb1, 0x1, 0x68, 0x83, 0x10,
    0xd, 0x30, 0x7, 0xff, 0x1, 0x3a, 0x50, 0x40,
    0x2, 0x93, 0xca, 0x1, 0x0,

    /* U+0465 "ѥ" */
    0x9f, 0xf2, 0x0, 0x79, 0x6f, 0xbf, 0xdb, 0x4,
    0x1, 0xff, 0xe, 0x52, 0x8, 0x0, 0x9f, 0x58,
    0x3, 0xfd, 0x86, 0x4, 0xf5, 0x2a, 0x0, 0x95,
    0x0, 0xfd, 0x24, 0x9, 0xb0, 0xad, 0x56, 0x0,
    0xb0, 0xf, 0x85, 0x80, 0x68, 0x3, 0x91, 0xc0,
    0x54, 0x3, 0xce, 0x0, 0x71, 0x0, 0xf5, 0xa2,
    0x0, 0x3e, 0xf0, 0x6, 0x0, 0x7c, 0x77, 0x65,
    0x0, 0xaf, 0xfc, 0xc0, 0xa, 0xff, 0xf0, 0x7,
    0xff, 0x45, 0xea, 0x86, 0x0, 0x8a, 0xaf, 0x0,
    0x7e, 0xc5, 0x58, 0x0, 0x4a, 0xbe, 0x0, 0xff,
    0xbc, 0x1, 0xa0, 0x1f, 0x1d, 0xd9, 0x40, 0x3c,
    0xe0, 0x6, 0x0, 0xfa, 0x91, 0x2, 0x1, 0xe1,
    0x60, 0x1b, 0x0, 0xe5, 0x60, 0x24, 0x0, 0xfa,
    0x48, 0x13, 0x61, 0x5a, 0xe8, 0x1, 0xc0, 0x1f,
    0xd8, 0x60, 0x4f, 0x52, 0x80, 0x38, 0x60, 0x1f,
    0xc3, 0x94, 0x82, 0x0, 0x38, 0xe3, 0x0, 0x0,

    /* U+0466 "Ѧ" */
    0x0, 0xfc, 0xbf, 0xeb, 0x0, 0xff, 0xe2, 0x70,
    0x1, 0x4, 0x3, 0xff, 0x84, 0x28, 0x1, 0x38,
    0x7, 0xff, 0x9, 0x80, 0x35, 0x0, 0x7f, 0xf0,
    0xa8, 0x0, 0x80, 0x64, 0x1, 0xff, 0xc0, 0x32,
    0x5, 0xf0, 0x5, 0x0, 0x7f, 0xf0, 0x28, 0x1,
    0xc8, 0x20, 0xc0, 0x1f, 0xfc, 0x6, 0x1, 0x40,
    0x70, 0x14, 0x0, 0xff, 0x28, 0x1, 0x80, 0x14,
    0x0, 0xe0, 0xf, 0xf7, 0x0, 0x2c, 0x0, 0x62,
    0xa, 0x1, 0xfc, 0x28, 0x4, 0x60, 0x13, 0x0,
    0x14, 0x3, 0xf3, 0x0, 0x28, 0x3, 0x58, 0x3,
    0x80, 0x3f, 0x50, 0x3, 0xa2, 0x35, 0x80, 0x10,
    0x40, 0x3c, 0x64, 0x0, 0x67, 0x7e, 0x0, 0x98,
    0x3, 0xd4, 0x1, 0xff, 0xc0, 0xa0, 0xf, 0x38,
    0x3, 0xbe, 0x0, 0xf, 0xfe, 0x30, 0x23, 0x0,
    0xca, 0x20, 0x82, 0x1, 0xf5, 0x80, 0x28, 0x3,
    0x70, 0x3, 0x80, 0x3f, 0x30, 0x1, 0xc0, 0x21,
    0x40, 0x2, 0x80, 0x7e, 0x14, 0x1, 0x40, 0x3,
    0x0, 0x18, 0x3, 0xfd, 0xa0, 0xe, 0x0, 0x50,
    0x3, 0x40, 0x3f, 0xce, 0x0, 0x51, 0x32, 0x1,
    0x40, 0xf, 0xf0, 0xa0, 0x1, 0xc0,

    /* U+0467 "ѧ" */
    0x0, 0xf0, 0xff, 0xb4, 0x3, 0xff, 0x82, 0xc0,
    0x2, 0x40, 0xf, 0xfe, 0x5, 0x0, 0x5c, 0x1,
    0xff, 0x21, 0x0, 0x4a, 0x20, 0x1f, 0xee, 0x0,
    0x38, 0x1, 0x80, 0x3f, 0x85, 0x40, 0xe4, 0x1,
    0x20, 0x1f, 0xcc, 0x0, 0xa1, 0x50, 0x14, 0x0,
    0xfd, 0x20, 0x6, 0x9, 0x0, 0x78, 0x7, 0xc8,
    0x20, 0xc0, 0x3, 0x20, 0x41, 0x0, 0xf7, 0x80,
    0x28, 0x2, 0xb0, 0x4, 0x80, 0x71, 0x20, 0x3,
    0x3f, 0xe9, 0x0, 0x30, 0x7, 0x50, 0x7, 0xf8,
    0x54, 0x3, 0x30, 0x2, 0xa8, 0x0, 0x1a, 0x80,
    0x7, 0x0, 0x4a, 0x20, 0xca, 0xa0, 0x9, 0x5c,
    0xc1, 0x8, 0x1, 0x20, 0xa, 0x0, 0xfa, 0x80,
    0x14, 0x4, 0x60, 0x66, 0x0, 0xf9, 0x80, 0xc,
    0x16, 0x0, 0xa0, 0xf, 0xe6, 0x1, 0x60,

    /* U+0468 "Ѩ" */
    0xdf, 0xf1, 0x0, 0x7f, 0xf, 0xfc, 0x1, 0xff,
    0xc9, 0x60, 0x9, 0x40, 0x3f, 0xf9, 0x14, 0x1,
    0x70, 0x7, 0xff, 0x1c, 0xc8, 0x2, 0x41, 0x0,
    0xff, 0xe3, 0x50, 0x1, 0x40, 0xe, 0x1, 0xff,
    0xc6, 0x70, 0x1b, 0x0, 0x50, 0x7, 0xff, 0x15,
    0x44, 0x18, 0x54, 0xc, 0x80, 0x3f, 0xf8, 0x9c,
    0x0, 0xa0, 0xf0, 0x5, 0x0, 0x7f, 0xf0, 0xc5,
    0x0, 0x88, 0xa, 0x0, 0x60, 0xf, 0xfe, 0x1b,
    0x0, 0x28, 0x2, 0x50, 0x14, 0x0, 0xff, 0xe1,
    0x50, 0x1, 0x80, 0x2e, 0x0, 0x70, 0x7, 0xff,
    0x4, 0xc8, 0x10, 0x40, 0x24, 0x10, 0x50, 0xf,
    0xad, 0xdf, 0xa0, 0x2, 0x77, 0xe3, 0x0, 0x28,
    0x7, 0x9a, 0x23, 0x90, 0x0, 0x91, 0x1c, 0x40,
    0xe, 0x0, 0xff, 0xe6, 0x20, 0x80, 0x76, 0xff,
    0xe4, 0x0, 0x57, 0xe0, 0x0, 0xff, 0xce, 0x0,
    0x60, 0xf, 0xe1, 0x40, 0x15, 0x0, 0xfa, 0x80,
    0x14, 0x1, 0xfc, 0xe0, 0x7, 0x0, 0xfc, 0x44,
    0x2, 0x30, 0xf, 0xd4, 0x0, 0xa0, 0xf, 0xea,
    0x0, 0x50, 0x7, 0xc4, 0x60, 0x26, 0x1, 0xfc,
    0xa0, 0x7, 0x0, 0xfa, 0x80, 0xc, 0x1, 0xfe,
    0x23, 0x1, 0x40, 0xf, 0x30, 0x2, 0x80, 0x3f,
    0xea, 0x0, 0x70,

    /* U+0469 "ѩ" */
    0xf, 0xf6, 0x80, 0x7c, 0x3f, 0xed, 0x0, 0xff,
    0xe3, 0x30, 0x0, 0x8c, 0x3, 0xff, 0x8b, 0x40,
    0x14, 0x80, 0x7f, 0xf1, 0x10, 0x80, 0x25, 0x10,
    0xf, 0xfe, 0x1f, 0x80, 0x1c, 0x0, 0xc0, 0x1f,
    0xfc, 0x21, 0x40, 0x39, 0x0, 0x50, 0x7, 0xff,
    0xa, 0x40, 0x12, 0x2a, 0x4, 0x80, 0x1f, 0xfc,
    0x16, 0x1, 0x50, 0xe0, 0x7, 0x80, 0x7f, 0xf0,
    0x14, 0x41, 0xc0, 0x8, 0x40, 0x82, 0x1, 0xff,
    0x70, 0x2, 0xc0, 0x2a, 0x0, 0x48, 0x7, 0x8b,
    0xff, 0x20, 0x3, 0x7f, 0xe8, 0x0, 0x30, 0x7,
    0xff, 0x24, 0x54, 0x3, 0x86, 0xa9, 0x20, 0x15,
    0x50, 0x0, 0x35, 0x0, 0xe, 0x0, 0xe3, 0x55,
    0x18, 0x1, 0x95, 0x40, 0x3, 0x57, 0x20, 0x42,
    0x0, 0xfa, 0x40, 0x16, 0x1, 0xf5, 0x80, 0x28,
    0x3, 0xc4, 0x60, 0x64, 0x1, 0xf3, 0x0, 0x18,
    0x3, 0xd6, 0x0, 0xa0, 0xf, 0xe6, 0x1, 0x50,

    /* U+046A "Ѫ" */
    0x0, 0x2f, 0xff, 0xff, 0x17, 0x40, 0x32, 0xa0,
    0x7, 0xff, 0x13, 0x80, 0x3a, 0x80, 0x25, 0x99,
    0xfc, 0x1, 0x31, 0x80, 0x70, 0xc8, 0x1, 0x19,
    0xbe, 0x0, 0x86, 0x40, 0x3e, 0x63, 0x1, 0x80,
    0xe, 0x18, 0x0, 0x58, 0x7, 0xf7, 0x0, 0x1c,
    0x80, 0x34, 0x8, 0x2a, 0x80, 0x3f, 0x89, 0xc0,
    0x12, 0x1, 0x1b, 0x0, 0x2c, 0x3, 0xfe, 0x82,
    0x4, 0x50, 0x7, 0x80, 0x24, 0x40, 0x3f, 0xf8,
    0x12, 0x0, 0xb0, 0x63, 0x3, 0x60, 0xf, 0xf8,
    0xd4, 0x88, 0x3, 0x70, 0x0, 0x56, 0x41, 0x0,
    0xf0, 0xd7, 0xe5, 0x49, 0x0, 0x10, 0x40, 0xd,
    0x37, 0xd8, 0x80, 0x11, 0x7a, 0x80, 0x7f, 0xf0,
    0xce, 0xd8, 0x1, 0xe2, 0x5, 0x5d, 0xff, 0x10,
    0x2, 0xbf, 0xdd, 0x68, 0x0, 0x92, 0x42, 0x1,
    0xc5, 0x10, 0x8, 0x40, 0xc, 0x0, 0x14, 0xb5,
    0x0, 0x5e, 0x0, 0x18, 0x40, 0x3f, 0xf8, 0x52,
    0x0, 0x42, 0x0, 0x68, 0x7, 0xff, 0xc, 0x80,
    0x4, 0x20, 0x1f, 0xfc, 0x61, 0x0, 0xff, 0xff,
    0x80, 0x7f, 0xf7, 0xc0,

    /* U+046B "ѫ" */
    0x0, 0x2f, 0xff, 0xff, 0x8, 0x40, 0x32, 0xa0,
    0x7, 0xff, 0x2, 0x4, 0x3, 0xa4, 0x2, 0x9a,
    0xac, 0xc0, 0x2, 0x70, 0xf, 0x13, 0x80, 0x39,
    0x57, 0x20, 0x2, 0x40, 0x3f, 0x40, 0x83, 0x90,
    0x1, 0x88, 0x15, 0x0, 0x3f, 0xac, 0x1, 0x0,
    0x8, 0x0, 0x40, 0x7, 0xf9, 0x4c, 0x14, 0xdc,
    0x41, 0xc8, 0x3, 0xfc, 0x56, 0x0, 0xe8, 0x0,
    0x60, 0x80, 0x7c, 0x33, 0xfb, 0x0, 0x2, 0x0,
    0xaf, 0xb5, 0x40, 0x31, 0x7b, 0x0, 0x7f, 0xc5,
    0x52, 0x1, 0x70, 0x82, 0x67, 0xf9, 0x40, 0x17,
    0xfd, 0x20, 0x6, 0x50, 0x33, 0x1, 0x59, 0x80,
    0x7c, 0x2d, 0x40, 0x9, 0x4, 0x0, 0x50, 0x7,
    0xfc, 0xa2, 0x6, 0x1c, 0x0, 0x30, 0xf, 0xfe,
    0x1, 0x0, 0x8, 0xc0, 0x3f, 0xf8, 0x6e, 0x1,
    0xff, 0xdf,

    /* U+046C "Ѭ" */
    0x2f, 0xf7, 0x0, 0x7d, 0x1f, 0xff, 0xfc, 0x5a,
    0x0, 0xff, 0xe0, 0xc1, 0x0, 0x7f, 0xf0, 0xc6,
    0xc0, 0x3f, 0xf8, 0x52, 0x1, 0x3c, 0xcf, 0xd0,
    0x1, 0x40, 0x80, 0x7f, 0xf0, 0x91, 0x40, 0x4,
    0xcd, 0xf7, 0x0, 0x11, 0x80, 0x3f, 0xf8, 0x96,
    0x20, 0xa8, 0x1, 0xc4, 0xc0, 0x9, 0x0, 0xff,
    0xe2, 0x8c, 0x0, 0x24, 0x3, 0xb8, 0x0, 0xe4,
    0x1, 0xff, 0xc6, 0x63, 0x2, 0x70, 0x9, 0x4c,
    0xa, 0x0, 0x3f, 0xf9, 0x1c, 0x0, 0x81, 0x0,
    0x58, 0x2, 0x40, 0x3f, 0xf9, 0x24, 0xe0, 0xb,
    0x9, 0x10, 0x64, 0x0, 0xff, 0x2a, 0xff, 0xf0,
    0x38, 0x0, 0xb0, 0xc0, 0xf, 0x42, 0x0, 0xfc,
    0x35, 0x5f, 0xfc, 0x9, 0x0, 0x9c, 0x2, 0x9b,
    0xde, 0x81, 0x0, 0xff, 0xe8, 0x8b, 0xf9, 0x0,
    0x61, 0xff, 0xee, 0x10, 0x2, 0x5f, 0x7f, 0xb8,
    0x2, 0xdf, 0xf7, 0x51, 0x80, 0xf8, 0x7, 0xf9,
    0x84, 0x12, 0xd0, 0x40, 0x2, 0x1, 0x10, 0x0,
    0x57, 0x8, 0x9, 0x40, 0x3f, 0xb0, 0x1, 0xc0,
    0x1f, 0xfc, 0x3a, 0x0, 0x60, 0x7, 0xf3, 0x0,
    0x1c, 0x3, 0xff, 0x86, 0x60, 0x2, 0x0, 0xfe,
    0x30, 0x1, 0x80, 0x7f, 0xf0, 0xdc, 0x0, 0xe0,
    0x1f, 0xff, 0xf0, 0xf, 0xff, 0xf8, 0x7, 0xf8,

    /* U+046D "ѭ" */
    0x9f, 0xf2, 0x80, 0x7a, 0x7f, 0xff, 0xf8, 0x38,
    0x1, 0xff, 0xc0, 0x81, 0x0, 0xff, 0xe0, 0x78,
    0x7, 0xff, 0x0, 0x60, 0x0, 0x35, 0x5c, 0x60,
    0x6, 0x30, 0xf, 0xfe, 0xb, 0x18, 0x8, 0x95,
    0x64, 0x30, 0x4, 0x0, 0x7f, 0xf0, 0xfc, 0x1,
    0x20, 0x15, 0x80, 0x24, 0x40, 0x3f, 0xf8, 0x66,
    0xc0, 0x4c, 0x6, 0xa0, 0x4c, 0x1, 0xff, 0xc5,
    0x80, 0x4, 0x4, 0x0, 0x24, 0x3, 0xf6, 0xaa,
    0xff, 0x22, 0x0, 0x71, 0x0, 0x9c, 0x3, 0xf3,
    0xd5, 0x7f, 0x90, 0x0, 0x60, 0x2, 0xcf, 0xb3,
    0x0, 0xff, 0xe6, 0xa6, 0x28, 0x6, 0xaf, 0xfd,
    0xc0, 0x13, 0x6f, 0xf8, 0x40, 0x1f, 0xed, 0x70,
    0x5, 0x8, 0x7, 0xe6, 0x0, 0x34, 0x90, 0x7,
    0xc5, 0xc, 0x0, 0x90, 0xf, 0xd8, 0x0, 0xa0,
    0xf, 0xfa, 0xc0, 0x8, 0x1, 0xf9, 0x80, 0x6,
    0x1, 0xff, 0x10, 0x0, 0x80, 0x3f, 0x18, 0x7,
    0xff, 0xf0,

    /* U+046E "Ѯ" */
    0x0, 0xb7, 0xe4, 0x2, 0x9f, 0xe2, 0x0, 0xd8,
    0x2c, 0xe0, 0xec, 0x1a, 0x40, 0x18, 0x74, 0x22,
    0x60, 0x2c, 0xc0, 0x3c, 0x76, 0xc, 0x14, 0x80,
    0x1f, 0x92, 0xde, 0xd4, 0x3, 0xfc, 0x90, 0x80,
    0x1f, 0xfd, 0x6f, 0xff, 0x75, 0xb0, 0x7, 0xfc,
    0x29, 0x3c, 0x80, 0x15, 0x57, 0x4b, 0x90, 0xd,
    0x98, 0x1, 0x57, 0x9a, 0x35, 0xc0, 0x1c, 0x1,
    0xfe, 0x82, 0x2, 0x20, 0x7, 0xf9, 0x0, 0xc,
    0x1, 0xfe, 0x20, 0x3, 0x80, 0x7f, 0x1a, 0x1,
    0x18, 0x7, 0xc7, 0x18, 0x3, 0xc0, 0x1a, 0xff,
    0xec, 0x70, 0x4c, 0x30, 0xf, 0xf0, 0xe1, 0x0,
    0x74, 0x55, 0x25, 0xc8, 0x63, 0x48, 0x3, 0x1a,
    0xa9, 0xa3, 0x60, 0xb, 0xc0, 0x3f, 0xce, 0xa0,
    0x4a, 0x1, 0xfe, 0xf0, 0x6, 0x0, 0x7f, 0x98,
    0x0, 0x60, 0x1f, 0xe6, 0x0, 0x18, 0x7, 0xfb,
    0x80, 0x18, 0x1, 0xfd, 0x8, 0x2, 0xa0, 0x11,
    0x22, 0xa9, 0xf5, 0xc0, 0x14, 0x0, 0x4d, 0xd5,
    0xd5, 0x20, 0x80, 0x6d, 0x0, 0xec, 0x80, 0x30,
    0xa4, 0xf2, 0x0, 0x28, 0x0, 0xdd, 0xfe, 0xeb,
    0x60, 0xc, 0x40, 0x9, 0x10, 0xf, 0xe1, 0x0,
    0x10, 0x7, 0xfb, 0x80, 0x1c, 0x20, 0x1f, 0xc8,
    0xe0, 0x7e, 0x60, 0x1f, 0xd1, 0x0, 0x1, 0x0,
    0x7f, 0x9f, 0x74, 0x20, 0x1f, 0x80,

    /* U+046F "ѯ" */
    0x3, 0xff, 0x28, 0x5, 0x9f, 0x80, 0x11, 0xd8,
    0x51, 0x85, 0x99, 0x68, 0x6, 0x49, 0xd, 0xa4,
    0x2c, 0x10, 0xe, 0x67, 0x15, 0x1f, 0x10, 0xf,
    0xa2, 0x5f, 0x8, 0x3, 0xf9, 0xa0, 0x80, 0x3f,
    0xfa, 0x9f, 0xfe, 0xda, 0x40, 0xf, 0xf1, 0x2d,
    0xd8, 0x40, 0x15, 0x5d, 0x2c, 0x20, 0x9a, 0x0,
    0x55, 0xe6, 0x9f, 0x20, 0x34, 0x0, 0xfc, 0x34,
    0x0, 0x30, 0xf, 0xef, 0x0, 0x8, 0x7, 0xe3,
    0x70, 0x3, 0x80, 0x4f, 0x32, 0xad, 0xc0, 0x1c,
    0x10, 0xa, 0x99, 0x8a, 0x40, 0x3a, 0x60, 0x19,
    0x12, 0x31, 0x1, 0xc8, 0x0, 0xd3, 0x76, 0xce,
    0xc2, 0x7, 0x60, 0xf, 0xc7, 0xe0, 0xa, 0x0,
    0xfe, 0x30, 0x0, 0x80, 0x7f, 0x40, 0x1, 0xc0,
    0x22, 0x45, 0x53, 0xeb, 0x0, 0x20, 0x13, 0x75,
    0x75, 0x48, 0x20, 0x1b, 0x23, 0xb2, 0x0, 0xc2,
    0x93, 0xc8, 0x12, 0x0, 0x7e, 0xff, 0x75, 0xb0,
    0x4, 0xc0, 0x8, 0x10, 0xf, 0xce, 0x0, 0x10,
    0xf, 0xee, 0x0, 0x50, 0x7, 0xf2, 0xb0, 0x27,
    0x18, 0x7, 0xe9, 0x70, 0x1, 0x80, 0x7f, 0x46,
    0xe8, 0x3, 0xf0,

    /* U+0470 "Ѱ" */
    0x9f, 0xf3, 0x0, 0x6a, 0xff, 0x28, 0x6, 0x8f,
    0xf4, 0x0, 0x7f, 0xff, 0xc0, 0x3f, 0xff, 0x2,
    0x1, 0xff, 0xc4, 0xe0, 0x7, 0x0, 0x7f, 0xf0,
    0x8, 0x1, 0xc8, 0x0, 0x70, 0xf, 0xfe, 0x2,
    0x80, 0x14, 0xc4, 0x5, 0x80, 0x3f, 0xd0, 0x0,
    0x23, 0x8, 0x0, 0x4a, 0x80, 0x7e, 0x67, 0x0,
    0x48, 0x1, 0x94, 0x1, 0x54, 0x41, 0x0, 0x12,
    0xe4, 0x80, 0x1d, 0x0, 0x2a, 0x60, 0x2, 0xda,
    0x0, 0x22, 0x8c, 0x1, 0x10, 0x0, 0xe9, 0xc4,
    0x0, 0xfc, 0xda, 0xe0, 0x1f, 0x1d, 0xfd, 0x98,
    0x1, 0xb3, 0xe4, 0x80, 0x3f, 0xe4, 0x60, 0x6,
    0x18, 0x7, 0xff, 0xfc, 0x3, 0xff, 0x80,

    /* U+0471 "ѱ" */
    0x8f, 0xf3, 0x0, 0x67, 0xff, 0x38, 0x5, 0x3f,
    0xe7, 0x0, 0xff, 0xe2, 0xd0, 0x2, 0x40, 0x3f,
    0xf8, 0xa6, 0x40, 0x26, 0x1, 0xff, 0xc5, 0x50,
    0x5, 0x80, 0x7f, 0xf1, 0x70, 0x0, 0x60, 0x1f,
    0xfc, 0x55, 0x0, 0x28, 0x7, 0xff, 0x14, 0x40,
    0x2, 0x1e, 0x1, 0xff, 0xc4, 0x20, 0xf, 0xfe,
    0x41, 0x80, 0x44, 0x0, 0xe0, 0xf, 0xfe, 0x8,
    0x80, 0x83, 0x0, 0x10, 0x3, 0xff, 0x80, 0x80,
    0x5, 0x3, 0x10, 0x33, 0x0, 0x7f, 0xd0, 0x0,
    0xc0, 0x3, 0x0, 0x3c, 0x3, 0xfc, 0xe6, 0x0,
    0x60, 0x4, 0x8, 0x1e, 0x10, 0x7, 0xd1, 0x0,
    0x4, 0x88, 0x5, 0xa2, 0x7, 0xb7, 0x80, 0xc,
    0xaf, 0x70, 0x3, 0x30, 0x3, 0x1e, 0x20, 0x1,
    0x10, 0x0, 0x45, 0x0, 0xc, 0xc8, 0x3, 0xc5,
    0x78, 0xe6, 0x1, 0x89, 0x6b, 0x98, 0x3, 0xf8,
    0xe3, 0x20, 0x1, 0x1b, 0x4a, 0x1, 0xff, 0xff,
    0x0, 0xff, 0xf6, 0x80,

    /* U+0472 "Ѳ" */
    0x0, 0xe1, 0x7b, 0xef, 0xf6, 0xd2, 0x0, 0x7f,
    0x37, 0x42, 0x8, 0x0, 0x96, 0xf0, 0x80, 0x3d,
    0x32, 0x0, 0xa, 0xbb, 0x20, 0x0, 0xf4, 0xc0,
    0x33, 0x30, 0x1, 0x3d, 0x51, 0x37, 0xca, 0x0,
    0xd1, 0x0, 0xc, 0x80, 0x31, 0x80, 0x38, 0x69,
    0x80, 0x60, 0x1, 0x20, 0x7, 0x30, 0xf, 0xd2,
    0x20, 0xc2, 0xc, 0x0, 0x90, 0xf, 0xf3, 0x0,
    0x1c, 0x44, 0x4, 0x20, 0x1f, 0xec, 0x0, 0x62,
    0x80, 0x1c, 0x3, 0xfe, 0x60, 0x3, 0x8, 0x1,
    0xe6, 0x7f, 0xeb, 0x0, 0x11, 0x80, 0x9, 0x9b,
    0xff, 0x80, 0x1, 0xff, 0xca, 0x30, 0x2, 0xff,
    0xff, 0xdc, 0x1, 0x8, 0x1, 0x80, 0x3f, 0xe2,
    0x0, 0x12, 0x80, 0x8, 0x3, 0xfe, 0x50, 0x3,
    0x9, 0x0, 0xa0, 0x7, 0xfb, 0x40, 0x18, 0xa,
    0x0, 0xf0, 0xf, 0xe2, 0x40, 0x3, 0x84, 0x80,
    0x11, 0x80, 0x3f, 0x70, 0x1, 0x84, 0x6, 0x40,
    0x12, 0xe0, 0x1c, 0x56, 0x60, 0x30, 0x1, 0x33,
    0x80, 0x23, 0xaa, 0x26, 0xf5, 0x0, 0x1a, 0x20,
    0x1a, 0x24, 0x0, 0x2a, 0xec, 0x80, 0x3, 0xd3,
    0x0, 0xf3, 0x74, 0x20, 0x80, 0x9, 0x6f, 0x8,
    0x2,

    /* U+0473 "ѳ" */
    0x0, 0xc5, 0x3b, 0xfe, 0xea, 0x40, 0xf, 0xa3,
    0x58, 0x80, 0x2, 0xb7, 0x61, 0x0, 0xd2, 0xe0,
    0x6, 0x9a, 0x71, 0x4, 0xd0, 0x9, 0x18, 0x7,
    0x65, 0x96, 0x3d, 0x0, 0xe0, 0x1, 0x0, 0xd,
    0x20, 0xc, 0x34, 0x20, 0xe2, 0x46, 0x6, 0x60,
    0xf, 0xb, 0x0, 0x1d, 0x0, 0x16, 0x1, 0xfa,
    0xc0, 0x19, 0xc0, 0x8, 0xff, 0xfd, 0x80, 0x6,
    0x10, 0xf, 0xfe, 0x18, 0x80, 0x1a, 0xab, 0xf4,
    0x0, 0x5c, 0x1, 0x2a, 0xfe, 0x20, 0x3, 0x20,
    0x1, 0x0, 0x3f, 0x78, 0x3, 0x8, 0x80, 0x4a,
    0x1, 0xe2, 0x50, 0x3, 0x84, 0x80, 0x28, 0xc0,
    0x30, 0xf8, 0x1, 0xc4, 0x11, 0x80, 0x19, 0x4c,
    0xb1, 0xe4, 0x7, 0x0, 0x14, 0xb8, 0x1, 0x66,
    0x9c, 0x41, 0x34, 0x3, 0xa3, 0x58, 0x80, 0x2,
    0xb7, 0x61, 0x0, 0x0,

    /* U+0474 "Ѵ" */
    0x7f, 0xf6, 0x0, 0x7f, 0xf0, 0x1b, 0x7d, 0xd8,
    0x0, 0x62, 0x1, 0xfe, 0x79, 0x20, 0x0, 0x98,
    0x1, 0x80, 0x3f, 0x86, 0x0, 0x6, 0x60, 0xa0,
    0x5, 0x80, 0x7f, 0x48, 0x1, 0xb1, 0x1, 0xc0,
    0x6, 0x20, 0x1f, 0x98, 0x1, 0x0, 0x10, 0xa8,
    0x1, 0x80, 0x3e, 0x31, 0x4, 0x10, 0xd, 0xe0,
    0xb, 0x0, 0xfa, 0x80, 0x1c, 0x1, 0xca, 0x20,
    0x62, 0x1, 0xe7, 0x0, 0x28, 0x7, 0x9c, 0x0,
    0xc0, 0x1c, 0x62, 0xa, 0x1, 0xf5, 0x0, 0x2c,
    0x3, 0xa8, 0x1, 0xc0, 0x1f, 0x18, 0x81, 0x88,
    0x6, 0x70, 0x14, 0x0, 0xfc, 0xc0, 0x6, 0x0,
    0x8c, 0x41, 0xc0, 0x3f, 0xa8, 0x1, 0x60, 0x15,
    0x0, 0x28, 0x3, 0xf8, 0x8c, 0xc, 0x40, 0xe,
    0x2, 0x60, 0x1f, 0xeb, 0x0, 0x30, 0x20, 0x83,
    0x0, 0x7f, 0xcc, 0x0, 0xb0, 0xd0, 0x5, 0x80,
    0x7f, 0xc2, 0x80, 0x62, 0xe0, 0x46, 0x1, 0xff,
    0xc0, 0xe0, 0x4, 0x88, 0x50, 0x7, 0xff, 0x5,
    0x40, 0xe, 0x0, 0x50, 0xf, 0xfe, 0x12, 0x80,
    0x46, 0x40, 0x1f, 0xfc, 0x2e, 0x0, 0xa8, 0x3,
    0xff, 0x86, 0x82, 0x0, 0x70, 0xf, 0xc0,

    /* U+0475 "ѵ" */
    0x1f, 0xf6, 0x80, 0x7e, 0x4d, 0xff, 0x8, 0x90,
    0x8, 0x80, 0x1e, 0x4b, 0x20, 0x0, 0x86, 0x80,
    0x14, 0x3, 0xd2, 0x0, 0x7b, 0x0, 0x38, 0x2,
    0xc0, 0x39, 0x8, 0x16, 0x10, 0x0, 0x28, 0x6,
    0x20, 0x1b, 0x40, 0x1c, 0x1, 0xdc, 0x0, 0x70,
    0xc, 0x80, 0x28, 0x1, 0xca, 0x0, 0xd0, 0x8,
    0x88, 0xc, 0x1, 0xf2, 0x82, 0x0, 0x4a, 0x0,
    0xb0, 0xf, 0xb8, 0x0, 0xa0, 0xb, 0x2, 0x30,
    0xf, 0x90, 0x43, 0xc0, 0x4c, 0x14, 0x3, 0xf9,
    0xc1, 0x41, 0x0, 0x14, 0x1, 0xfd, 0xa0, 0x4,
    0xf0, 0x32, 0x0, 0xfe, 0x41, 0xc, 0x40, 0xb0,
    0xf, 0xf9, 0x81, 0x84, 0x18, 0x3, 0xfe, 0xb0,
    0x10, 0x31, 0x0, 0xff, 0x8c, 0x80, 0x14, 0x1,
    0xff, 0xc1, 0x50, 0x3, 0x80, 0x7c,

    /* U+0476 "Ѷ" */
    0x0, 0x8, 0xc0, 0x1, 0x18, 0x3, 0xff, 0x81,
    0x5d, 0xc9, 0x8, 0xee, 0x38, 0x7, 0xfd, 0x6c,
    0xd, 0x12, 0xa1, 0x6, 0x1, 0xff, 0x4c, 0x3,
    0xc5, 0x20, 0x70, 0x7, 0xff, 0x1, 0xe8, 0x1d,
    0xd6, 0x65, 0x40, 0x1f, 0xfc, 0x5, 0xff, 0x38,
    0x67, 0xd0, 0x7, 0xcf, 0xfe, 0xc0, 0xf, 0xfe,
    0x3, 0x6f, 0xbb, 0x0, 0xc, 0x40, 0x3f, 0xcf,
    0x24, 0x0, 0x13, 0x0, 0x30, 0x7, 0xf0, 0xc0,
    0x0, 0xcc, 0x14, 0x0, 0xb0, 0xf, 0xe9, 0x0,
    0x36, 0x20, 0x38, 0x0, 0xc4, 0x3, 0xf3, 0x0,
    0x20, 0x2, 0x15, 0x0, 0x30, 0x7, 0xc6, 0x20,
    0x82, 0x1, 0xbc, 0x1, 0x60, 0x1f, 0x50, 0x3,
    0x80, 0x39, 0x44, 0xc, 0x40, 0x3c, 0xe0, 0x5,
    0x0, 0xf3, 0x80, 0x18, 0x3, 0x8c, 0x41, 0x40,
    0x3e, 0xa0, 0x5, 0x80, 0x75, 0x0, 0x38, 0x3,
    0xe3, 0x10, 0x31, 0x0, 0xce, 0x2, 0x80, 0x1f,
    0x98, 0x0, 0xc0, 0x11, 0x88, 0x38, 0x7, 0xf5,
    0x0, 0x2c, 0x2, 0xa0, 0x5, 0x0, 0x7f, 0x11,
    0x81, 0x88, 0x1, 0xc0, 0x4c, 0x3, 0xfd, 0x60,
    0x6, 0x4, 0x10, 0x60, 0xf, 0xf9, 0x80, 0x16,
    0x1a, 0x0, 0xb0, 0xf, 0xf8, 0x50, 0xc, 0x5c,
    0x8, 0xc0, 0x3f, 0xf8, 0x1c, 0x0, 0x91, 0xa,
    0x0, 0xff, 0xe0, 0xa8, 0x1, 0xc0, 0xa, 0x1,
    0xff, 0xc2, 0x50, 0x8, 0xc8, 0x3, 0xff, 0x85,
    0xc0, 0x15, 0x0, 0x7f, 0xf0, 0xd0, 0x40, 0xe,
    0x1, 0xf8,

    /* U+0477 "ѷ" */
    0x8, 0xff, 0x68, 0xaf, 0xfb, 0x0, 0x3f, 0xa2,
    0x80, 0xb5, 0x64, 0xe, 0x0, 0x3f, 0x97, 0x4,
    0xf1, 0xa4, 0x1d, 0x0, 0x3f, 0x8f, 0x8, 0xed,
    0xa0, 0x28, 0x40, 0x3f, 0x8b, 0x7a, 0x81, 0xfb,
    0xc4, 0x3, 0xc3, 0xfe, 0xd0, 0x11, 0x0, 0x4,
    0x40, 0x9b, 0xfe, 0x10, 0x14, 0x2, 0x20, 0x7,
    0x92, 0xc8, 0x0, 0x20, 0xd, 0x0, 0x28, 0x7,
    0xa4, 0x0, 0xf6, 0x1, 0x38, 0x2, 0xc0, 0x39,
    0x8, 0x16, 0x10, 0x2, 0x14, 0x3, 0x10, 0xd,
    0xa0, 0xe, 0x0, 0xf7, 0x0, 0x1c, 0x3, 0x20,
    0xa, 0x0, 0x79, 0x40, 0x1a, 0x1, 0x11, 0x1,
    0x80, 0x3f, 0x28, 0x20, 0x4, 0xa0, 0xb, 0x0,
    0xfd, 0xc0, 0x5, 0x0, 0x58, 0x11, 0x80, 0x7e,
    0x41, 0xf, 0x1, 0x30, 0x50, 0xf, 0xf3, 0x82,
    0x82, 0x0, 0x28, 0x3, 0xfd, 0xa0, 0x4, 0xf0,
    0x32, 0x0, 0xff, 0x20, 0x86, 0x20, 0x58, 0x7,
    0xff, 0x1, 0x81, 0x84, 0x18, 0x3, 0xff, 0x81,
    0x60, 0x20, 0x62, 0x1, 0xff, 0xc0, 0x32, 0x0,
    0x50, 0x7, 0xff, 0x9, 0x40, 0xe, 0x1, 0xf0,

    /* U+0478 "Ѹ" */
    0x0, 0xf2, 0xd7, 0x7f, 0xba, 0xd8, 0x3, 0xff,
    0x9c, 0x7b, 0x4a, 0x20, 0x1, 0x49, 0xe4, 0x0,
    0xff, 0xe5, 0xae, 0x10, 0x1, 0x1d, 0xc8, 0x0,
    0x1b, 0x60, 0xf, 0xfe, 0x49, 0xd0, 0x1, 0xba,
    0xe2, 0x17, 0xec, 0x0, 0x93, 0x0, 0xff, 0xe4,
    0x78, 0x1, 0xa4, 0x40, 0x3a, 0x5c, 0x1, 0xc0,
    0x1f, 0xfc, 0x74, 0x30, 0x29, 0x0, 0xfd, 0x4,
    0x4, 0x80, 0x7, 0xff, 0x50, 0x7, 0xcf, 0xfe,
    0x90, 0xe0, 0x5, 0x0, 0x7f, 0xac, 0x1, 0xc0,
    0x6, 0x0, 0x28, 0x7, 0xd6, 0x0, 0xa0, 0x70,
    0x2, 0x80, 0x7f, 0x9c, 0x0, 0x80, 0x1, 0x40,
    0x2, 0x80, 0x71, 0x18, 0x11, 0x81, 0x0, 0x8,
    0x3, 0xfc, 0x20, 0x1, 0x0, 0xb8, 0x1, 0xc0,
    0x1c, 0xa0, 0x5, 0x1, 0x0, 0x10, 0x7, 0xff,
    0x0, 0x80, 0x4, 0x0, 0x50, 0x2, 0x8, 0x6,
    0xb0, 0x5, 0x1, 0x80, 0x7f, 0xf2, 0x94, 0x0,
    0xe0, 0x10, 0x98, 0x19, 0x0, 0x7f, 0xf3, 0x38,
    0x1, 0xa0, 0x13, 0x80, 0x2c, 0x0, 0x60, 0x1f,
    0xfc, 0xa4, 0x10, 0x41, 0x0, 0x68, 0x1, 0x80,
    0x2, 0x0, 0x20, 0xf, 0xfe, 0x1, 0x0, 0x8,
    0x3, 0x30, 0x1, 0xc0, 0x50, 0x10, 0x40, 0x22,
    0x0, 0x10, 0x7, 0xf8, 0x40, 0x2, 0x1, 0xd4,
    0x0, 0xd0, 0x70, 0x7, 0x0, 0x64, 0x0, 0x28,
    0x7, 0xf9, 0xc0, 0x8, 0x1, 0xc4, 0x60, 0x83,
    0xa0, 0x5, 0x0, 0xda, 0x0, 0x90, 0xf, 0xf5,
    0x80, 0x3c, 0x3, 0xd6, 0x0, 0x64, 0x5, 0x0,
    0xe4, 0x30, 0x19, 0x0, 0xfc, 0xe4, 0x4, 0xa0,
    0x1e, 0x60, 0x4, 0x0, 0x38, 0x3, 0xde, 0x0,
    0x6a, 0x10, 0xe, 0x88, 0x0, 0x24, 0x3, 0xe1,
    0x40, 0x8, 0x50, 0x3, 0xc7, 0x40, 0x5, 0xeb,
    0x88, 0x57, 0xb8, 0x2, 0x50, 0x3, 0xf7, 0x0,
    0x4e, 0x1, 0xf9, 0x70, 0x80, 0x8, 0xee, 0x50,
    0x0, 0xdb, 0x0, 0x7f, 0x28, 0x5, 0x40, 0x1f,
    0xc7, 0xb4, 0xa2, 0x0, 0x14, 0x9e, 0x40, 0xf,
    0xf8, 0xc0, 0x8c, 0x3, 0xfe, 0x5a, 0xef, 0xf7,
    0x5b, 0x0, 0x7f, 0xf0, 0x4, 0xc2, 0x80, 0x3f,
    0xfa, 0x92, 0x0, 0x50, 0xf, 0xfe, 0x99, 0xb8,
    0x21, 0x0, 0x7f, 0xf4, 0x16, 0x2b, 0x0, 0x10,
    0x1, 0xff, 0xd1, 0xf7, 0x50, 0x4, 0x98, 0x7,
    0xff, 0x44, 0x80, 0x7, 0x6c, 0x1, 0xf8,

    /* U+0479 "ѹ" */
    0x0, 0xc5, 0x3b, 0xfe, 0xea, 0x40, 0xe, 0x3f,
    0xf7, 0x0, 0x7c, 0x9f, 0xed, 0x0, 0xa3, 0x58,
    0x80, 0x2, 0xb7, 0x61, 0x0, 0x8c, 0x80, 0x50,
    0x3, 0xda, 0x0, 0xa0, 0x4, 0xb8, 0x1, 0x66,
    0x9c, 0x41, 0x34, 0x3, 0x50, 0x3, 0x40, 0x3c,
    0xe0, 0x6, 0x4, 0x60, 0x1c, 0xa6, 0x58, 0xf3,
    0x3, 0x80, 0x9, 0x40, 0xe, 0x1, 0xc6, 0x20,
    0x82, 0x10, 0x0, 0xa3, 0x0, 0xc3, 0xa0, 0x7,
    0x10, 0x1, 0x18, 0xa, 0x0, 0x6b, 0x0, 0x68,
    0x11, 0x81, 0x20, 0x7, 0x85, 0x80, 0xe, 0x1,
    0x50, 0x3, 0x40, 0x32, 0x80, 0x18, 0x10, 0x0,
    0xa0, 0x1f, 0xb4, 0x1, 0x80, 0x13, 0x80, 0x1c,
    0x2, 0x22, 0x2, 0x80, 0x38, 0x1, 0xa0, 0x1f,
    0x98, 0x0, 0xc0, 0x10, 0xa8, 0xa, 0x0, 0x28,
    0x1, 0xe0, 0x1, 0x0, 0xff, 0x8c, 0x0, 0x20,
    0x1b, 0x80, 0x1c, 0x0, 0x50, 0x15, 0x0, 0x8,
    0x7, 0xff, 0x8, 0x40, 0x32, 0x8, 0x28, 0x11,
    0x1, 0xc0, 0x2e, 0x0, 0x68, 0x7, 0xe5, 0x0,
    0x30, 0x7, 0x38, 0x1, 0x14, 0x1, 0x40, 0x12,
    0x0, 0x10, 0x3, 0xf6, 0x80, 0x34, 0x3, 0xa8,
    0x1, 0xd6, 0x2, 0x60, 0x11, 0x10, 0xd, 0x0,
    0x3c, 0x2c, 0x0, 0x60, 0xe, 0x32, 0x5, 0x30,
    0x60, 0xe, 0x90, 0x5, 0x18, 0x6, 0x1d, 0x0,
    0x30, 0x80, 0x7a, 0x80, 0x35, 0x0, 0x72, 0x30,
    0xe, 0x53, 0x2c, 0x79, 0x81, 0xc8, 0x7, 0xcc,
    0x1, 0x19, 0x0, 0x7a, 0x5c, 0x0, 0xb3, 0x4e,
    0x20, 0x9a, 0x1, 0xf8, 0x50, 0x1, 0x60, 0x1f,
    0xa3, 0x58, 0x80, 0x2, 0xb7, 0x61, 0x0, 0xfe,
    0x30, 0x3, 0x0, 0x7f, 0x14, 0xef, 0xfb, 0xa9,
    0x0, 0x3f, 0xe5, 0x4, 0x10, 0xf, 0xfe, 0x7a,
    0x10, 0x70, 0x7, 0xff, 0x3c, 0x64, 0x5, 0x40,
    0x3f, 0xf9, 0x86, 0xf3, 0xe4, 0x10, 0x1, 0xff,
    0xcd, 0x58, 0x61, 0x5, 0x60, 0xf, 0xfe, 0x69,
    0x88, 0x14, 0xd0, 0x7, 0xe0,

    /* U+047A "Ѻ" */
    0x0, 0xfd, 0x1f, 0xe5, 0x0, 0xff, 0xf3, 0xb,
    0xdb, 0x80, 0x2e, 0x90, 0x3, 0xf9, 0xba, 0x10,
    0x2, 0x15, 0xbc, 0x20, 0xf, 0x4c, 0x80, 0x2,
    0x20, 0x1, 0x0, 0xf, 0x4c, 0x3, 0x33, 0x0,
    0x11, 0xcc, 0x0, 0x8d, 0x40, 0x6, 0x88, 0x0,
    0x64, 0x1, 0x4e, 0x11, 0xdc, 0x52, 0xb4, 0x1,
    0x80, 0x4, 0x80, 0x15, 0x40, 0x10, 0x88, 0x2,
    0xa0, 0x3, 0x8, 0x30, 0x2, 0x40, 0x3f, 0x85,
    0x40, 0xe, 0x22, 0x1, 0x30, 0xf, 0xf7, 0x80,
    0x31, 0x40, 0xa, 0x1, 0xff, 0x30, 0x1, 0x84,
    0x0, 0x40, 0x1f, 0xf1, 0x0, 0x8, 0xc0, 0x3f,
    0xfb, 0x26, 0x1, 0xff, 0xc6, 0x10, 0x1, 0x0,
    0x7f, 0xc4, 0x0, 0x25, 0x0, 0x28, 0x7, 0xfc,
    0xc0, 0x6, 0x12, 0x1, 0x30, 0xf, 0xf7, 0x80,
    0x30, 0x14, 0x1, 0x20, 0x1f, 0xc2, 0xa0, 0x7,
    0x9, 0x0, 0x2a, 0x80, 0x2, 0x44, 0x0, 0xa8,
    0x0, 0xc2, 0x3, 0x20, 0xa, 0x70, 0x9d, 0xd2,
    0x8d, 0xa0, 0xc, 0x0, 0x4c, 0xe0, 0x8, 0xe5,
    0x0, 0x47, 0x20, 0x3, 0x44, 0x3, 0x44, 0x80,
    0x4, 0x80, 0x4, 0x0, 0x3d, 0x30, 0xf, 0x37,
    0x42, 0x0, 0x42, 0xb7, 0x84, 0x1, 0xf8, 0x5e,
    0xdc, 0x1, 0x74, 0x80, 0x1f, 0xfc, 0xc0,

    /* U+047B "ѻ" */
    0x0, 0xf3, 0x7f, 0xa0, 0x3, 0xff, 0x9c, 0x53,
    0x0, 0x6, 0xa4, 0x0, 0xfa, 0x35, 0x84, 0x0,
    0x2b, 0x76, 0x10, 0xd, 0x2e, 0x0, 0x20, 0x1,
    0x8, 0x26, 0x80, 0x48, 0xc0, 0x39, 0x60, 0x5,
    0xf3, 0x3, 0x80, 0x4, 0x0, 0x28, 0xdb, 0xfd,
    0x3, 0xa0, 0x7, 0x12, 0x30, 0x24, 0x0, 0xf0,
    0xb0, 0x1, 0xd0, 0x0, 0xa0, 0x1f, 0xb4, 0x1,
    0x9c, 0x0, 0xd0, 0xf, 0xcc, 0x0, 0x61, 0x0,
    0xff, 0x8c, 0x2, 0x10, 0xf, 0xfe, 0x1f, 0x0,
    0x34, 0x3, 0xf2, 0x80, 0x19, 0x0, 0x8, 0x1,
    0xfb, 0x40, 0x18, 0x44, 0x3, 0x40, 0x0, 0x88,
    0x0, 0x2c, 0x0, 0x70, 0x90, 0x5, 0x1b, 0x77,
    0x20, 0x74, 0x0, 0xe2, 0x8, 0xc0, 0x39, 0x60,
    0x5, 0xf3, 0x3, 0x80, 0xa, 0x5c, 0x0, 0x40,
    0x2, 0x10, 0x4d, 0x0, 0xe8, 0xd6, 0x10, 0x0,
    0xad, 0xd8, 0x40, 0x3c, 0x53, 0x0, 0x6, 0xa4,
    0x0, 0xff, 0x2b, 0xbb, 0x0, 0x3c,

    /* U+047C "Ѽ" */
    0x0, 0xfc, 0xb9, 0xfe, 0xc6, 0x0, 0xff, 0xe2,
    0xa5, 0x18, 0x0, 0xe7, 0xa0, 0xc0, 0x3f, 0xf8,
    0x5c, 0x9, 0xfe, 0xb4, 0x17, 0xcf, 0xf0, 0x7,
    0xff, 0x0, 0x43, 0xc0, 0xb, 0x5a, 0xe6, 0x20,
    0x1f, 0xfc, 0x1b, 0xf4, 0x9, 0xef, 0x28, 0xce,
    0xf0, 0xf, 0xfe, 0xe1, 0x2, 0x80, 0x7f, 0xf0,
    0x4e, 0xbb, 0x0, 0x23, 0x40, 0x80, 0xa, 0x7a,
    0xd4, 0x3, 0xa3, 0x14, 0x40, 0x38, 0xa8, 0xc0,
    0x30, 0xa5, 0x58, 0x4, 0xce, 0x0, 0x49, 0x0,
    0x8f, 0x54, 0x3, 0x6b, 0x0, 0x12, 0x40, 0x10,
    0x0, 0x8b, 0x50, 0xf, 0xf2, 0x4d, 0x80, 0x18,
    0x90, 0x40, 0x9c, 0x3, 0xff, 0x84, 0x8a, 0x0,
    0x53, 0x0, 0x20, 0x7, 0xff, 0x13, 0x0, 0x1b,
    0xe0, 0xe, 0x0, 0xff, 0xe2, 0x10, 0x0, 0x44,
    0x1, 0xff, 0xed, 0x3b, 0xb3, 0x0, 0x7f, 0xf2,
    0x15, 0x11, 0xe0, 0x1f, 0xff, 0xf0, 0xf, 0xfe,
    0x98, 0x80, 0x7f, 0xf2, 0xfc, 0x1, 0xc0, 0x1e,
    0x10, 0x1, 0x80, 0x78, 0x80, 0x2, 0x60, 0x4,
    0x0, 0xf6, 0x0, 0x10, 0x3, 0xd8, 0x0, 0xd4,
    0x10, 0x26, 0x0, 0xcc, 0x80, 0x1, 0x90, 0xc,
    0x8a, 0x0, 0x50, 0x80, 0x4, 0xdb, 0xbb, 0x24,
    0x4, 0x81, 0xb6, 0x1e, 0x6c, 0x0, 0xc4, 0xc,
    0xe0, 0x4, 0x88, 0x18, 0xe, 0xe1, 0x1, 0x3c,
    0x30, 0x1, 0x24, 0x2, 0x8c, 0x51, 0x0, 0x13,
    0xf9, 0x8e, 0xc9, 0x80, 0x5, 0x2a, 0xc0, 0x0,

    /* U+047D "ѽ" */
    0x0, 0xfc, 0xfb, 0xfd, 0x26, 0x1, 0xff, 0xc3,
    0x98, 0x20, 0x16, 0xcc, 0x30, 0x80, 0x7f, 0xf0,
    0x18, 0x27, 0xfa, 0x4, 0xe7, 0xbe, 0x80, 0x3f,
    0x84, 0x5, 0x80, 0x5f, 0xa9, 0x44, 0x4, 0x3,
    0xf8, 0x7f, 0x80, 0x1b, 0xce, 0xb5, 0xdf, 0x60,
    0x1f, 0xfc, 0x22, 0x1f, 0x0, 0xff, 0xe3, 0x8,
    0x3, 0x80, 0x3f, 0xe3, 0xae, 0x90, 0xa, 0x0,
    0xd8, 0x1, 0xfb, 0x0, 0x1c, 0xb8, 0xa2, 0x1,
    0x84, 0xf4, 0x3, 0x13, 0xe8, 0x80, 0xa, 0x80,
    0xd, 0x40, 0x14, 0x60, 0x80, 0x52, 0x40, 0x5a,
    0x0, 0xb0, 0x3, 0xc9, 0x80, 0x7f, 0x36, 0x90,
    0x19, 0x81, 0x0, 0x12, 0x1, 0xff, 0xc1, 0xa0,
    0x2, 0x1, 0x0, 0x88, 0x3, 0xff, 0x82, 0x60,
    0xe, 0x0, 0xff, 0xe3, 0x38, 0x0, 0xc0, 0x3f,
    0xca, 0xc8, 0x1, 0xff, 0xc6, 0x2a, 0x98, 0x0,
    0xff, 0xfd, 0xb8, 0x0, 0xc0, 0x80, 0x44, 0x1,
    0x9c, 0x0, 0x40, 0x1c, 0x60, 0xe, 0x4, 0x0,
    0x40, 0x6, 0x90, 0x0, 0xb8, 0x6, 0xa0, 0x2,
    0x5, 0x80, 0x1a, 0x95, 0xf4, 0xc0, 0x28, 0xb6,
    0x66, 0x90, 0x19, 0x80, 0xa8, 0x0, 0xb5, 0x4,
    0xb, 0xa2, 0x9, 0x32, 0x20, 0x2d, 0x0, 0x97,
    0x14, 0x40, 0x9, 0x54, 0x2f, 0x72, 0x0, 0x13,
    0xe8, 0x80,

    /* U+047E "Ѿ" */
    0x0, 0xe2, 0xff, 0xff, 0xe0, 0x40, 0x7, 0xf8,
    0xd5, 0x72, 0x0, 0xd, 0x57, 0x68, 0x7, 0xf8,
    0x6a, 0xb4, 0x0, 0x2a, 0xb9, 0x40, 0x3f, 0xfb,
    0x67, 0xfe, 0x60, 0xf, 0xfe, 0xb4, 0xff, 0x9c,
    0x3, 0xcd, 0xfe, 0xb0, 0xf, 0x17, 0xfb, 0x40,
    0x3f, 0xff, 0xe0, 0x1f, 0xff, 0xf0, 0xf, 0xff,
    0xf8, 0x7, 0xff, 0xfc, 0x3, 0xff, 0xe0, 0x20,
    0xf, 0x0, 0xf0, 0x80, 0x1c, 0x3, 0xc2, 0x0,
    0x1e, 0x0, 0x20, 0x7, 0xac, 0x0, 0x62, 0x1,
    0xc8, 0x0, 0x67, 0x0, 0x1a, 0x80, 0x66, 0x30,
    0xa, 0xc0, 0x31, 0x40, 0x3, 0xc5, 0xc0, 0x15,
    0x47, 0x76, 0x48, 0x9, 0x82, 0xec, 0x3d, 0x68,
    0x0, 0xd4, 0x21, 0x40, 0xb, 0x10, 0x30, 0x1d,
    0xd1, 0x1, 0x3c, 0x28, 0x0, 0xf4, 0x2, 0xab,
    0x51, 0x0, 0x13, 0xf9, 0x8e, 0xc1, 0x80, 0x5,
    0x2b, 0x4, 0x0,

    /* U+047F "ѿ" */
    0x0, 0xdd, 0xff, 0xff, 0x68, 0x7, 0xe7, 0x55,
    0xc0, 0x1, 0x55, 0xe0, 0xf, 0xd3, 0x55, 0x80,
    0x9, 0x55, 0xa0, 0x3, 0xff, 0x83, 0x97, 0x0,
    0x1f, 0xfc, 0x63, 0x42, 0x0, 0xfe, 0xff, 0x70,
    0x7, 0xf, 0xfb, 0x40, 0x38, 0xbf, 0xd6, 0x1,
    0xff, 0xff, 0x0, 0xff, 0xff, 0x80, 0x7f, 0xfc,
    0x84, 0x3, 0xff, 0x84, 0x20, 0x10, 0x80, 0x4,
    0x3, 0x28, 0x0, 0x80, 0x39, 0x80, 0x4, 0x80,
    0x9, 0x0, 0xd0, 0x1, 0x38, 0x6, 0x90, 0x6,
    0x48, 0x1, 0xe5, 0x5f, 0x4c, 0x2, 0x8a, 0x66,
    0x69, 0x81, 0x29, 0xc8, 0x1, 0xaa, 0x8, 0x17,
    0x44, 0x16, 0x64, 0x40, 0x3e, 0x0, 0x6c, 0x51,
    0x0, 0x1d, 0x50, 0xbd, 0xc8, 0x0, 0x71, 0xe4,
    0x0,

    /* U+0480 "Ҁ" */
    0x0, 0xe1, 0x7c, 0xef, 0xf6, 0xd2, 0x80, 0x7e,
    0x7e, 0x83, 0x10, 0x1, 0x2d, 0x69, 0x80, 0x74,
    0xc0, 0x0, 0x9e, 0x1d, 0x40, 0x5, 0x86, 0x1,
    0x3b, 0x0, 0x2b, 0x61, 0xe2, 0xb9, 0x0, 0x1a,
    0x0, 0x18, 0x0, 0x52, 0x80, 0x70, 0xd9, 0x80,
    0xb8, 0x48, 0x1, 0x54, 0x1, 0xfa, 0x40, 0x16,
    0xa, 0x0, 0xe0, 0xf, 0xe4, 0x0, 0x10, 0x10,
    0x1, 0x0, 0x3f, 0x87, 0x31, 0xa4, 0x0, 0x10,
    0xf, 0xf8, 0xce, 0x0, 0x8c, 0x3, 0xff, 0xf6,
    0x60, 0x1f, 0xfc, 0x22, 0x0, 0x8, 0x7, 0xff,
    0xc, 0x80, 0x8, 0x1, 0xff, 0xc2, 0x50, 0x7,
    0x80, 0x7f, 0xf0, 0xa4, 0x0, 0x8a, 0x1, 0xff,
    0xc1, 0x18, 0x0, 0x52, 0x80, 0x7f, 0xf0, 0x5d,
    0x80, 0x15, 0xb0, 0xec, 0x40, 0x1f, 0xd3, 0x0,
    0x2, 0x78, 0x97, 0x0, 0xff, 0x3f, 0x41, 0x80,
    0x7f, 0xf0, 0xc5, 0xf1, 0x40, 0x3f, 0xff, 0xe0,
    0x1f, 0xfc, 0x2f, 0x77, 0x80, 0x3c,

    /* U+0481 "ҁ" */
    0x0, 0xc7, 0x3b, 0xfe, 0xd9, 0x20, 0xf, 0x46,
    0x31, 0x0, 0x9, 0xb5, 0x80, 0x34, 0x38, 0x1,
    0xa6, 0x4a, 0x0, 0x95, 0x0, 0x1b, 0x80, 0xec,
    0xb3, 0x2a, 0xc0, 0x16, 0x0, 0x80, 0x5, 0x90,
    0x6, 0x47, 0x1, 0x51, 0x40, 0x15, 0x0, 0xf6,
    0x0, 0x9, 0x40, 0x8, 0x1, 0xf2, 0x7f, 0x9c,
    0x80, 0x4, 0x1, 0xff, 0x8, 0x3, 0xc0, 0x3f,
    0xe1, 0x0, 0x78, 0x7, 0xfc, 0x40, 0x2, 0x0,
    0xff, 0x94, 0x0, 0x80, 0x1f, 0xf0, 0xa0, 0xa,
    0x80, 0x7f, 0xd0, 0x0, 0xb2, 0x0, 0xff, 0x1b,
    0x80, 0xec, 0xba, 0x98, 0x7, 0xd0, 0xe0, 0x6,
    0x8a, 0xb0, 0xf, 0xd1, 0x8c, 0x20, 0x1f, 0xfc,
    0x3, 0x9b, 0x0, 0xff, 0xff, 0x3b, 0xd8, 0x1,
    0xc0,

    /* U+0482 "҂" */
    0x0, 0xff, 0xe0, 0x9c, 0x40, 0x40, 0x3f, 0xf8,
    0x5c, 0xe6, 0x20, 0x1f, 0xfc, 0x17, 0x20, 0x90,
    0xf, 0x8b, 0x54, 0x2, 0x18, 0x7, 0x20, 0xf,
    0xa0, 0xaa, 0xc8, 0x20, 0x6, 0x0, 0x3f, 0x5a,
    0x82, 0x6d, 0x30, 0x40, 0x7, 0xf0, 0xd6, 0x18,
    0x28, 0xb, 0x0, 0x7f, 0xc7, 0x8c, 0x0, 0x1d,
    0x30, 0xf, 0xfe, 0x3, 0x81, 0x1, 0x65, 0x10,
    0x7, 0xf4, 0x8, 0x7e, 0xa8, 0x2e, 0x88, 0x11,
    0x80, 0x61, 0x70, 0x72, 0x25, 0x59, 0x38, 0x84,
    0xe5, 0x8, 0x2, 0xc0, 0x60, 0x2, 0x4d, 0x80,
    0xc, 0xbc, 0xe8, 0xa1, 0x60, 0x1f, 0xd7, 0x62,
    0x8, 0xb0, 0x35, 0x0, 0xff, 0x26, 0xc0, 0x6,
    0x30, 0xf, 0xfe, 0x3, 0x8, 0x0, 0xf2, 0x44,
    0x3, 0xfd, 0x2, 0x14, 0x60, 0xdc, 0xc0, 0x1f,
    0x89, 0x82, 0x17, 0x28, 0x43, 0x80, 0x3f, 0x48,
    0x13, 0x80, 0x17, 0xa2, 0x0, 0x1f, 0x2a, 0x4,
    0x80, 0x73, 0x80, 0x7e, 0x80, 0x44, 0x0, 0x7f,
    0xf0, 0x0,

    /* U+0483 "҃" */
    0x0, 0xfe, 0x78, 0x40, 0xf, 0xe8, 0x7d, 0x4a,
    0xaf, 0xc0, 0x11, 0x2a, 0xfe, 0x0, 0xf6, 0x7f,
    0xfd, 0x20, 0x1f, 0xfc, 0x0,

    /* U+0484 "҄" */
    0x0, 0xe1, 0x7c, 0xfe, 0xb3, 0x0, 0x85, 0x27,
    0xa0, 0xc0, 0x53, 0x5, 0x3f, 0xad, 0x81, 0x6f,
    0xf4, 0x81, 0x80, 0x23, 0x8e, 0xa4, 0x2, 0xa0,
    0xf0,

    /* U+0485 "҅" */
    0x6f, 0xf3, 0x0, 0x79, 0xc8, 0x3c, 0x7, 0xc1,
    0x84, 0xa, 0xd8, 0x40,

    /* U+0486 "҆" */
    0x8, 0xff, 0x20, 0x7, 0x8c, 0xd, 0xd, 0x7,
    0x40, 0xd7, 0x4, 0x0,

    /* U+0488 "҈" */
    0x0, 0xff, 0xe1, 0x88, 0x7, 0xff, 0x42, 0xbf,
    0xb9, 0x0, 0x1f, 0xfc, 0xd9, 0x57, 0xb4, 0x76,
    0x0, 0xff, 0xe6, 0xb4, 0x25, 0xa8, 0x80, 0x7f,
    0xf3, 0x26, 0x40, 0x1, 0xa7, 0x0, 0xe1, 0x0,
    0xff, 0x47, 0xfc, 0xe0, 0x1f, 0xfc, 0x16, 0xee,
    0x7c, 0x80, 0x7c, 0xee, 0x6b, 0x58, 0x60, 0xf,
    0xf9, 0x25, 0x6d, 0xda, 0x40, 0x3d, 0x85, 0x29,
    0x43, 0x80, 0x1f, 0xf6, 0xc, 0xa4, 0x1a, 0x80,
    0x7a, 0xf4, 0x2, 0xea, 0x0, 0xff, 0xa3, 0x88,
    0x1, 0x98, 0x0, 0xff, 0xff, 0x80, 0x7f, 0xfa,
    0x5b, 0xbf, 0xd4, 0x1, 0xff, 0xc7, 0x7e, 0xff,
    0x48, 0x24, 0x95, 0xc2, 0xd0, 0x7, 0xff, 0x15,
    0xa1, 0x2d, 0x99, 0x6, 0x5e, 0x8e, 0xac, 0x1,
    0xff, 0xc5, 0xf2, 0xb4, 0x93, 0x27, 0xd3, 0x0,
    0x56, 0x0, 0x7f, 0xf1, 0x67, 0x44, 0x1, 0x94,
    0x1, 0xff, 0xff, 0x0, 0xff, 0xef, 0x8, 0x7,
    0xf0, 0xdf, 0xfb, 0x9c, 0x3, 0xff, 0x83, 0x3f,
    0xdf, 0x20, 0x1f, 0x52, 0x45, 0xac, 0x20, 0x7,
    0xfd, 0xc, 0xcb, 0x66, 0x38, 0x7, 0x89, 0xdc,
    0x92, 0xa2, 0x1, 0xff, 0xc0, 0x59, 0x49, 0x50,
    0xf, 0xa6, 0x0, 0x5, 0x4a, 0x1, 0xff, 0x45,
    0x0, 0x54, 0xe0, 0x1f, 0xfc, 0x49, 0xff, 0xa0,
    0x3, 0xff, 0x9a, 0xec, 0xcb, 0x57, 0x70, 0x7,
    0xff, 0x33, 0x8e, 0x52, 0x8f, 0xc0, 0x3f, 0xf8,
    0x0,

    /* U+0489 "҉" */
    0x0, 0xff, 0xe1, 0xe6, 0x0, 0x3f, 0xf9, 0xe4,
    0x6a, 0x1, 0xff, 0xcf, 0xa0, 0xf0, 0xf, 0xfe,
    0x31, 0x10, 0x3, 0xe6, 0x4, 0x0, 0xff, 0xe3,
    0x77, 0x0, 0x3c, 0x82, 0x4, 0x1, 0xf8, 0x40,
    0x3f, 0xac, 0xdc, 0x3, 0x9e, 0x68, 0x3, 0xe4,
    0xce, 0x40, 0xf, 0xce, 0x10, 0x60, 0x18, 0xd9,
    0x40, 0x39, 0xb6, 0xcd, 0xd0, 0x3, 0xf9, 0xc3,
    0x80, 0x3f, 0xe4, 0x92, 0x26, 0x40, 0x7, 0xfa,
    0x41, 0xc0, 0x3f, 0xe4, 0xa7, 0xd3, 0x0, 0xff,
    0x86, 0xe8, 0x3, 0xff, 0x80, 0xb0, 0x1, 0xff,
    0xc2, 0x40, 0xf, 0xff, 0xf8, 0x8, 0x7, 0x2f,
    0xed, 0x31, 0x80, 0x7f, 0xf1, 0xab, 0x5c, 0x40,
    0x8, 0xc6, 0xb3, 0x82, 0x1, 0xff, 0xc6, 0x28,
    0xeb, 0x41, 0x9e, 0xa4, 0x0, 0xff, 0xe3, 0xcd,
    0x31, 0xa7, 0x0, 0x4b, 0x7c, 0x20, 0x1f, 0xfc,
    0x52, 0x59, 0xcf, 0xb0, 0xe, 0x10, 0xf, 0xfe,
    0x58, 0x80, 0x7f, 0xff, 0xc0, 0x3e, 0x91, 0x0,
    0xff, 0xe0, 0xd, 0x71, 0x0, 0x7f, 0xd2, 0xd2,
    0x1, 0xff, 0x2f, 0xa8, 0xd8, 0x7, 0xfd, 0x80,
    0xe2, 0x1, 0xfd, 0x54, 0x15, 0xc9, 0x0, 0xc6,
    0xec, 0x1, 0x95, 0x40, 0xc0, 0x1f, 0xc6, 0xdb,
    0x46, 0x1, 0xd5, 0x18, 0x1, 0xd6, 0x32, 0x1,
    0xfd, 0x32, 0x20, 0xf, 0x90, 0x38, 0x3, 0x86,
    0x8c, 0x40, 0x3f, 0xf8, 0xc4, 0x28, 0x1, 0xe4,
    0xc1, 0x0, 0xff, 0xe2, 0x98, 0x30, 0x7, 0xe1,
    0x0, 0xff, 0xe3, 0x28, 0x50, 0x7, 0xff, 0x8,

    /* U+048A "Ҋ" */
    0x0, 0xc5, 0xfe, 0x30, 0x9, 0x3f, 0xc2, 0x1,
    0xfe, 0x21, 0x8, 0x0, 0xbc, 0x8, 0x40, 0x3f,
    0xea, 0x4, 0xfd, 0xf4, 0x9, 0x0, 0xff, 0xe0,
    0x26, 0x20, 0x90, 0xae, 0x20, 0x7, 0xff, 0x4,
    0xef, 0xbf, 0xa8, 0xc0, 0x3f, 0xfa, 0x27, 0xfe,
    0xc0, 0xf, 0xf2, 0xff, 0xc0, 0x1f, 0xfc, 0x41,
    0xb0, 0xf, 0xfe, 0x3d, 0x88, 0x7, 0xff, 0x19,
    0x54, 0x1, 0xff, 0xc6, 0x1b, 0x0, 0xff, 0xe3,
    0xd8, 0x82, 0x0, 0x7f, 0xf1, 0x15, 0x40, 0x34,
    0x1, 0xff, 0xc3, 0x1b, 0x0, 0x58, 0x80, 0x7f,
    0xf0, 0xec, 0x41, 0x14, 0x3, 0xff, 0x86, 0x8a,
    0x0, 0xa0, 0xf, 0xfe, 0x18, 0xd0, 0x2, 0x44,
    0x3, 0xff, 0x87, 0x2, 0x8, 0xc0, 0x1f, 0xfc,
    0x34, 0x60, 0x5, 0x0, 0x7f, 0xf1, 0x28, 0x1,
    0x22, 0x1, 0xff, 0xc3, 0x91, 0x4, 0x60, 0xf,
    0xfe, 0x1a, 0x30, 0x2, 0x40, 0x3f, 0xf8, 0x63,
    0x40, 0x9, 0x20, 0xf, 0xfe, 0x19, 0x8, 0x23,
    0x0, 0x7f, 0xf1, 0xe4, 0x3, 0xff, 0x8f, 0x24,
    0x1, 0xff, 0x22, 0xc, 0x3, 0x1b, 0x0, 0x7f,
    0xf0, 0x2e, 0xdc, 0x1, 0xb8, 0x3, 0xff, 0x88,
    0x7f, 0xf1, 0x0, 0x7f, 0xbf, 0xe0, 0x0, 0x80,
    0x7f, 0xf1, 0x4c, 0x0, 0xa0, 0x1f, 0xfc, 0x5b,
    0x0, 0x68, 0x7, 0xff, 0x10, 0x58, 0xd, 0x0,
    0x3f, 0xf8, 0x8a, 0x21, 0xc0, 0x1f, 0xfc, 0x54,
    0xdc, 0x20,

    /* U+048B "ҋ" */
    0x0, 0x37, 0xf8, 0x80, 0x2b, 0xfd, 0x0, 0xf9,
    0x88, 0x37, 0x6f, 0x40, 0x80, 0xf, 0xd8, 0xe4,
    0x50, 0xae, 0x28, 0x7, 0xe1, 0x8d, 0xff, 0x75,
    0x18, 0x7, 0xff, 0x2e, 0x3f, 0xca, 0x1, 0xe3,
    0xff, 0x80, 0x3f, 0xf8, 0x3e, 0x1, 0xff, 0xc3,
    0x73, 0x0, 0xff, 0xe1, 0xc, 0x0, 0x7f, 0xf0,
    0xe8, 0x3, 0xff, 0x86, 0xa8, 0xc, 0x20, 0x1f,
    0xf0, 0xd8, 0xc, 0x80, 0x7f, 0xf0, 0x20, 0x42,
    0xc0, 0x3f, 0xf8, 0x6, 0xc0, 0xaa, 0x0, 0xff,
    0xe0, 0x70, 0x2, 0xc0, 0x3f, 0xf8, 0xe, 0x41,
    0x22, 0x1, 0xff, 0x14, 0x1, 0xb0, 0x7, 0xff,
    0x2, 0x0, 0x1c, 0x1, 0xff, 0xc3, 0x72, 0x0,
    0xff, 0xe1, 0x14, 0x0, 0x7e, 0x66, 0x28, 0x6,
    0x90, 0xf, 0xe9, 0x94, 0x0, 0x4a, 0x80, 0x1f,
    0xfc, 0x8, 0xff, 0x50, 0x7, 0xdd, 0xfe, 0x0,
    0xff, 0xe2, 0x10, 0x1, 0xc0, 0x3f, 0xf8, 0x2a,
    0x0, 0xe0, 0xf, 0xfe, 0xc, 0x81, 0x20, 0x7,
    0xff, 0x0, 0xc4, 0x3c, 0x3, 0xff, 0x82, 0x7b,
    0x84, 0x0,

    /* U+048C "Ҍ" */
    0x0, 0x9f, 0xfd, 0x20, 0x1f, 0xfd, 0x53, 0x55,
    0x68, 0x0, 0x95, 0x61, 0x0, 0xfe, 0x8a, 0xa2,
    0x80, 0x12, 0xaa, 0x50, 0xf, 0xfe, 0x8d, 0xff,
    0xa0, 0x0, 0xdf, 0xf2, 0x0, 0x7f, 0xfa, 0xd5,
    0xdf, 0x99, 0x48, 0x3, 0xfe, 0x38, 0x8e, 0x9a,
    0xde, 0x70, 0xf, 0xfe, 0x30, 0xc6, 0x8, 0x7,
    0xcd, 0xff, 0xed, 0x80, 0x1, 0xd0, 0x7, 0xff,
    0x8, 0x9f, 0x40, 0x8, 0x60, 0x1f, 0xfc, 0x32,
    0x70, 0x5, 0x0, 0x7f, 0xf1, 0x30, 0x0, 0x40,
    0x1f, 0xfc, 0x77, 0x0, 0xff, 0xe2, 0x10, 0x1,
    0x80, 0x3f, 0xf8, 0x96, 0x0, 0xc0, 0xf, 0xfe,
    0x1c, 0x90, 0xb, 0x80, 0x78, 0x99, 0xb9, 0xe7,
    0x98, 0x1, 0x62, 0x1, 0xe4, 0x99, 0xe8, 0x61,
    0x1, 0xa5, 0x0, 0xff, 0xe1, 0xa, 0x47, 0xa8,
    0x0,

    /* U+048D "ҍ" */
    0x0, 0x92, 0x20, 0x40, 0x1f, 0xfc, 0x1d, 0x77,
    0x80, 0x3f, 0xfc, 0x13, 0xfe, 0x60, 0x5, 0x7f,
    0xe5, 0x0, 0xff, 0xe5, 0x55, 0x48, 0x0, 0x6a,
    0xac, 0xe0, 0x1c, 0x6a, 0xa2, 0x0, 0x62, 0xae,
    0x20, 0xf, 0xff, 0xf8, 0x7, 0xff, 0x6b, 0x15,
    0x72, 0x10, 0x7, 0xf9, 0xaa, 0xb5, 0xee, 0x94,
    0x3, 0xff, 0x86, 0x55, 0x0, 0x1f, 0x57, 0xfe,
    0xe8, 0x0, 0x3a, 0x0, 0x7f, 0xc2, 0xf0, 0x0,
    0xe0, 0xf, 0xfe, 0xb, 0x0, 0x10, 0x3, 0xff,
    0x82, 0x20, 0x1f, 0xfc, 0x42, 0x0, 0x10, 0x7,
    0xff, 0x6, 0x0, 0x8, 0x1, 0xed, 0x55, 0xcd,
    0x8a, 0x3, 0x20, 0x1e, 0x7a, 0xad, 0x26, 0x3,
    0xa2, 0x1, 0xff, 0xc0, 0x38, 0xf3, 0x0,

    /* U+048E "Ҏ" */
    0x5f, 0xff, 0xee, 0xc7, 0x10, 0xf, 0xfe, 0x10,
    0x9c, 0x73, 0x80, 0x78, 0xe6, 0x7a, 0x1c, 0x80,
    0x11, 0x20, 0x1c, 0xcd, 0xe7, 0x8d, 0x90, 0x3,
    0x20, 0x7, 0xff, 0x5, 0x9c, 0x1, 0xc0, 0x1f,
    0xfc, 0x2a, 0x0, 0x20, 0x7, 0xff, 0x8, 0x80,
    0x2, 0x1, 0xff, 0x16, 0xa0, 0x80, 0x4, 0x3,
    0xfe, 0xf2, 0xbb, 0x0, 0x14, 0x3, 0xfe, 0xf1,
    0x5, 0x0, 0x70, 0x6, 0x66, 0xf3, 0xd1, 0x80,
    0x48, 0xa0, 0x18, 0xe6, 0x7a, 0x1c, 0x80, 0x25,
    0x20, 0xf, 0xf8, 0x4d, 0xe4, 0x7, 0xc4, 0x2,
    0x5f, 0xff, 0x76, 0x43, 0x50, 0x30, 0x80, 0x7f,
    0xf0, 0x96, 0xec, 0x1, 0xff, 0xc4, 0x40, 0xf,
    0xff, 0xf8, 0x7, 0xff, 0x5c,

    /* U+048F "ҏ" */
    0xdf, 0xe0, 0x29, 0xef, 0xf6, 0x38, 0x7, 0x85,
    0xb5, 0x84, 0x0, 0x71, 0xa4, 0x1, 0xd2, 0xb,
    0x10, 0x50, 0x1, 0x78, 0x7, 0xe, 0xd3, 0xba,
    0xb0, 0x40, 0x9c, 0x3, 0x51, 0x0, 0x63, 0xb0,
    0x4, 0x80, 0x65, 0x0, 0xf2, 0x90, 0x9, 0x0,
    0x7f, 0xc8, 0x0, 0x70, 0xf, 0xfb, 0x80, 0x4,
    0x1, 0xff, 0x8, 0x7, 0xff, 0x8, 0x40, 0x3f,
    0xf8, 0x2, 0x1c, 0x0, 0x20, 0xf, 0xcd, 0xe4,
    0x80, 0x7, 0x0, 0x88, 0x2, 0x19, 0x1c, 0x20,
    0x12, 0x0, 0xb8, 0x80, 0x3, 0x60, 0x20, 0x9,
    0x0, 0xc5, 0xb2, 0xcc, 0xd0, 0xc, 0xe0, 0x19,
    0x81, 0xa6, 0x4c, 0x1, 0xa8, 0x3, 0x46, 0x28,
    0x80, 0xe, 0x18, 0x15, 0x0, 0x31, 0xd7, 0x7f,
    0xb1, 0xe5, 0x65, 0x0, 0x3f, 0xf8, 0x14, 0xc0,
    0x1f, 0xff, 0x10,

    /* U+0490 "Ґ" */
    0x0, 0xff, 0x8a, 0x20, 0x80, 0x1f, 0xf3, 0xbd,
    0xa0, 0x1f, 0xff, 0x7, 0xff, 0xff, 0x50, 0x7,
    0xff, 0x25, 0x2a, 0xbe, 0x98, 0x85, 0x0, 0x46,
    0xab, 0xf3, 0x3b, 0x8c, 0x3, 0xff, 0xfe, 0x1,
    0xff, 0xff, 0x0, 0xff, 0xff, 0x80, 0x7f, 0xf8,
    0x40,

    /* U+0491 "ґ" */
    0x0, 0xfc, 0xd1, 0x0, 0xf, 0xeb, 0x77, 0x0,
    0x7f, 0xf6, 0x6f, 0xff, 0xe2, 0x0, 0xff, 0xe3,
    0x45, 0x56, 0x88, 0x80, 0x32, 0xaf, 0x3b, 0xc0,
    0x1f, 0xff, 0xf0, 0xf, 0xff, 0xf8, 0x7, 0xc0,

    /* U+0492 "Ғ" */
    0x0, 0x1f, 0xff, 0xff, 0x7, 0x0, 0x3f, 0xf9,
    0x43, 0x33, 0xff, 0x0, 0x71, 0x33, 0x7f, 0x94,
    0x3, 0xff, 0xfe, 0x1, 0xfe, 0xff, 0x60, 0x0,
    0xff, 0xf0, 0x7, 0xff, 0x32, 0xa9, 0x0, 0x2,
    0xaa, 0xc0, 0x1f, 0x2a, 0x90, 0x0, 0x2a, 0xb8,
    0x3, 0xff, 0xfe, 0x1, 0xff, 0xff, 0x0, 0xff,
    0x0,

    /* U+0493 "ғ" */
    0x0, 0xa7, 0xff, 0xfc, 0x40, 0x1f, 0xfc, 0x97,
    0xaa, 0xf8, 0x80, 0x3d, 0xaa, 0xbf, 0x0, 0x7f,
    0xf8, 0xff, 0xcc, 0x0, 0xaf, 0xfb, 0x80, 0x3f,
    0xf9, 0x15, 0x44, 0x0, 0x3d, 0x55, 0x60, 0x1c,
    0xaa, 0x20, 0x6, 0xaa, 0xe0, 0xf, 0xff, 0xf8,
    0x7, 0xff, 0x1c,

    /* U+0494 "Ҕ" */
    0x3f, 0xff, 0xfe, 0xe, 0x0, 0x7f, 0xf2, 0x6,
    0x67, 0xfe, 0x0, 0xc4, 0xcd, 0xfe, 0x50, 0xf,
    0xff, 0xf8, 0x7, 0xf1, 0xff, 0xed, 0xa6, 0x0,
    0xff, 0xe0, 0x92, 0xcf, 0x30, 0x7, 0x86, 0x22,
    0x75, 0x10, 0x19, 0x90, 0x7, 0x13, 0xbd, 0x15,
    0xd2, 0x0, 0x67, 0x0, 0xff, 0x9a, 0xc0, 0x10,
    0x20, 0x1f, 0xf2, 0x28, 0x1, 0xc0, 0x3f, 0xf8,
    0x1c, 0x0, 0xd0, 0xf, 0xfe, 0x2, 0x80, 0x18,
    0x3, 0xff, 0x80, 0x20, 0x3, 0x0, 0xff, 0xe9,
    0x98, 0x7, 0xff, 0x0, 0xc0, 0xc, 0x1, 0xff,
    0xc0, 0xb0, 0x6, 0x1f, 0xfb, 0x0, 0x3e, 0x27,
    0x0, 0x30, 0x7, 0xf0, 0xb6, 0x0, 0x20, 0x40,
    0x3f, 0x3f, 0x48, 0x83, 0x38, 0x7, 0xff, 0x0,
    0xea, 0x40, 0x3f, 0xcd, 0x9d, 0x8a, 0x1, 0x0,

    /* U+0495 "ҕ" */
    0xbf, 0xff, 0xf0, 0x7, 0xff, 0x1a, 0x2a, 0xbe,
    0x0, 0xe5, 0x5f, 0xc0, 0x1f, 0xfe, 0xd, 0xff,
    0x75, 0xa8, 0x7, 0xf8, 0x52, 0xb4, 0xc0, 0x39,
    0x9d, 0xca, 0x0, 0x2c, 0x40, 0xd, 0x71, 0xa,
    0xe5, 0x0, 0x50, 0x80, 0x7c, 0x34, 0x80, 0x2c,
    0x1, 0xfd, 0x0, 0xb, 0x0, 0xfe, 0x30, 0x1,
    0x80, 0x7f, 0x84, 0x3, 0xff, 0x80, 0x20, 0x40,
    0x1f, 0xca, 0x0, 0x4b, 0xff, 0x10, 0x6, 0x18,
    0x0, 0x58, 0x7, 0xcb, 0x84, 0xc, 0x40, 0x1e,
    0xaa, 0x10, 0x24, 0x80, 0x7d, 0xe0, 0x31, 0x60,
    0x1f, 0x96, 0xf9, 0xc0, 0x20,

    /* U+0496 "Җ" */
    0x9, 0xff, 0x68, 0x7, 0xec, 0xff, 0x18, 0x7,
    0xd5, 0xfe, 0xd0, 0xd, 0x24, 0x5, 0x20, 0x1f,
    0xfc, 0x55, 0x50, 0x3, 0x80, 0x3b, 0x80, 0xc,
    0x60, 0x1f, 0xfc, 0x31, 0xb0, 0x4, 0x18, 0x7,
    0x1c, 0x0, 0x38, 0x3, 0xff, 0x87, 0x62, 0x8,
    0xe0, 0x1f, 0x39, 0x81, 0x48, 0x7, 0xff, 0x5,
    0x54, 0x3, 0x40, 0x1f, 0xdc, 0x0, 0x64, 0x0,
    0xff, 0x86, 0xc0, 0x16, 0x20, 0x1f, 0xc5, 0x40,
    0xa, 0x0, 0xff, 0xac, 0x41, 0x54, 0x1, 0xff,
    0x2a, 0x80, 0x64, 0x3, 0xf9, 0x54, 0x5, 0x40,
    0x1f, 0xfc, 0x1b, 0x10, 0x64, 0x0, 0xf8, 0x6c,
    0x1, 0xc0, 0x1f, 0xfc, 0x21, 0xa0, 0x5, 0xff,
    0x8c, 0x1, 0x9f, 0xc2, 0xe, 0x60, 0x1f, 0xfd,
    0x11, 0x0, 0xff, 0xe2, 0x48, 0x0, 0xe2, 0x2,
    0x0, 0x68, 0x60, 0x3, 0x18, 0x7, 0xff, 0xa,
    0x8, 0x1, 0xae, 0xe2, 0x0, 0x53, 0xca, 0x0,
    0x38, 0x3, 0xff, 0x82, 0x6e, 0x0, 0x91, 0x0,
    0xfd, 0x20, 0x2, 0x70, 0xf, 0xfe, 0x7, 0x80,
    0xd, 0x80, 0x3f, 0x89, 0xc0, 0x10, 0x40, 0x1f,
    0xe7, 0x30, 0x7, 0x80, 0x7f, 0xd0, 0x40, 0x9,
    0x0, 0xfe, 0x28, 0x0, 0x31, 0x80, 0x7f, 0xf0,
    0x24, 0x0, 0x8a, 0x1, 0xfa, 0x40, 0x3, 0x20,
    0x1f, 0xfc, 0x14, 0x50, 0x5, 0x88, 0x7, 0x95,
    0x0, 0x16, 0x1, 0xff, 0xc3, 0xb0, 0x0, 0xd8,
    0x7, 0xd, 0x80, 0x11, 0x40, 0x3f, 0xf8, 0x63,
    0x0, 0x5, 0x76, 0x60, 0x2, 0xc4, 0x1, 0x20,
    0x1f, 0xfc, 0x57, 0x20, 0x4, 0x4c, 0x81, 0x14,
    0x1, 0x4, 0x1, 0xff, 0xc6, 0xe0, 0xf, 0x27,
    0xfc, 0xe0, 0x1f, 0xb3, 0xfc, 0x60, 0x1f, 0x1f,
    0xf8, 0x80, 0x3f, 0xff, 0xe0, 0x1f, 0xff, 0xf0,
    0xd, 0x6e, 0xe0,

    /* U+0497 "җ" */
    0xb, 0xff, 0x58, 0x7, 0x27, 0xfa, 0x80, 0x39,
    0x7f, 0xe3, 0x0, 0x48, 0x1, 0x14, 0x3, 0xff,
    0x83, 0x60, 0x8, 0x30, 0x1, 0x48, 0x2, 0xc4,
    0x3, 0xfe, 0x91, 0x3, 0x70, 0xc, 0xc8, 0x3,
    0x0, 0x1f, 0xe3, 0x60, 0x7, 0x0, 0x7a, 0x80,
    0xc, 0x60, 0x1f, 0xde, 0x0, 0x82, 0x0, 0xf0,
    0xc8, 0x3, 0x80, 0x3f, 0x39, 0x81, 0xb8, 0x7,
    0xe6, 0x40, 0x27, 0x0, 0xf0, 0xc0, 0x3, 0x80,
    0x3f, 0xd4, 0x21, 0x1f, 0x60, 0x5, 0xfe, 0x0,
    0x41, 0x0, 0x7f, 0x84, 0xc0, 0x3f, 0xe3, 0x0,
    0xff, 0xa0, 0x80, 0xdd, 0x40, 0x4, 0xec, 0x0,
    0xa0, 0xf, 0xf1, 0xb8, 0x3, 0xa3, 0x80, 0xf,
    0x12, 0x80, 0x34, 0x1, 0xfd, 0xc0, 0x8, 0x20,
    0xf, 0xa8, 0x0, 0xaa, 0x0, 0xfa, 0x48, 0x9,
    0xc0, 0x3f, 0xc, 0x0, 0x2c, 0x40, 0x39, 0x18,
    0x1, 0xc0, 0x1f, 0xe7, 0x30, 0x1b, 0x0, 0xc3,
    0x40, 0x6, 0x30, 0xf, 0xfb, 0xc0, 0xb, 0xc,
    0xa1, 0x62, 0x3, 0x20, 0x1f, 0xfc, 0x3, 0x70,
    0x3, 0xcd, 0x2a, 0x80, 0x16, 0x1, 0xff, 0xc2,
    0x82, 0x0, 0xcb, 0xff, 0x28, 0x7, 0x27, 0xfa,
    0x80, 0x3d, 0xbe, 0x1, 0xff, 0xff, 0x0, 0xff,
    0xf3, 0x43, 0xc0,

    /* U+0498 "Ҙ" */
    0x0, 0xcb, 0x5b, 0xff, 0x6d, 0x28, 0x7, 0x8f,
    0x69, 0x48, 0x2, 0x25, 0xae, 0x40, 0x8, 0xf0,
    0x80, 0xb, 0x12, 0xea, 0x0, 0x1b, 0x40, 0x7,
    0x0, 0x13, 0xa9, 0xda, 0x2b, 0x90, 0x1, 0x20,
    0x84, 0x3, 0x62, 0x1, 0xc3, 0x40, 0x2, 0x30,
    0x44, 0x40, 0x7, 0xe1, 0x40, 0x3, 0x25, 0xd9,
    0x80, 0x3f, 0x9c, 0x0, 0x20, 0x1f, 0xfc, 0x3,
    0x30, 0xa, 0x0, 0x7f, 0x8e, 0x30, 0x1, 0x40,
    0x1e, 0x2f, 0xfd, 0x8e, 0x5, 0x88, 0x1, 0xff,
    0xc2, 0x53, 0x0, 0xf8, 0xa2, 0x27, 0x51, 0x7,
    0xd2, 0x0, 0xf9, 0xde, 0x8a, 0xe6, 0x2, 0xf0,
    0xf, 0xfe, 0xc, 0x98, 0x12, 0x80, 0x7f, 0xf0,
    0x6c, 0x1, 0x8d, 0x10, 0x20, 0xf, 0xe2, 0x0,
    0x1e, 0x3b, 0x90, 0x3, 0xf8, 0x80, 0x7, 0xa0,
    0xb, 0x0, 0xfe, 0x90, 0x6, 0x30, 0x81, 0x60,
    0x80, 0x71, 0x60, 0x81, 0x28, 0xd0, 0x0, 0xfa,
    0x9d, 0x9e, 0xf4, 0xc0, 0x1c, 0x0, 0x4c, 0x20,
    0x2, 0xc4, 0xc2, 0x0, 0xf, 0x4c, 0x2, 0x3d,
    0xa5, 0x20, 0x8, 0x9a, 0xf0, 0x80, 0x3c, 0xb5,
    0xa0, 0x16, 0xca, 0x0, 0x7f, 0xff, 0xc0, 0x3f,
    0xf8, 0x40,

    /* U+0499 "ҙ" */
    0x0, 0x92, 0xb7, 0xfd, 0xd8, 0xe2, 0x1, 0xd,
    0xd9, 0x48, 0x0, 0x27, 0x1e, 0x60, 0xd, 0x40,
    0x17, 0xaa, 0x41, 0x0, 0xe8, 0x19, 0x80, 0xbe,
    0x15, 0x4f, 0xa6, 0x2, 0x83, 0x10, 0x91, 0x0,
    0xe4, 0x0, 0x9, 0x3b, 0x90, 0x3, 0x85, 0x40,
    0xe, 0x1, 0x96, 0xaa, 0xbe, 0x20, 0x92, 0x0,
    0xde, 0xab, 0x20, 0x2, 0x98, 0x3, 0x88, 0xb0,
    0x5, 0x4c, 0x1, 0xd1, 0xbb, 0x7d, 0x88, 0x49,
    0x80, 0x7f, 0x24, 0x0, 0x2d, 0x62, 0x4, 0x1,
    0xe5, 0x0, 0x1e, 0xbb, 0x94, 0x3, 0xcc, 0x0,
    0x1b, 0x0, 0x41, 0x80, 0x61, 0x80, 0x6, 0x1a,
    0x80, 0x32, 0x55, 0x4f, 0xe4, 0x4, 0xc1, 0x4a,
    0x0, 0x6a, 0xa4, 0x8, 0x16, 0x0, 0x55, 0x8c,
    0x20, 0x12, 0x56, 0x88, 0x6, 0x39, 0xb0, 0x3,
    0x5a, 0x80, 0x7f, 0xff, 0x40,

    /* U+049A "Қ" */
    0x3f, 0xf6, 0x0, 0x7f, 0x2f, 0xfc, 0xc0, 0x1f,
    0xfc, 0x23, 0xa0, 0x3, 0x30, 0x3, 0xff, 0x82,
    0x3a, 0x0, 0x49, 0x0, 0xff, 0xe1, 0x68, 0x81,
    0x50, 0x7, 0xff, 0xa, 0x8c, 0x1, 0xe2, 0x1,
    0xff, 0xc1, 0x85, 0x0, 0x59, 0x0, 0x7f, 0xf0,
    0x55, 0xc0, 0x10, 0x80, 0x1f, 0xfc, 0x13, 0xa0,
    0x2, 0xb8, 0x7, 0xff, 0x4, 0x74, 0x0, 0x74,
    0x1, 0xff, 0x13, 0xbb, 0x44, 0x7, 0x40, 0x3f,
    0xf8, 0x3, 0x10, 0x30, 0x5, 0x88, 0x7, 0xff,
    0x1a, 0x4, 0x3, 0xff, 0x80, 0x7f, 0xee, 0x10,
    0x2a, 0x0, 0xff, 0xe1, 0x8e, 0x80, 0x12, 0x0,
    0x3f, 0xf8, 0x67, 0x20, 0x7, 0x50, 0xf, 0xfe,
    0x1b, 0x30, 0x1, 0x46, 0x1, 0xff, 0xc3, 0x94,
    0x0, 0x68, 0x80, 0x7f, 0xf0, 0xe8, 0x80, 0x74,
    0x3, 0xff, 0x86, 0x3e, 0x0, 0x39, 0x0, 0xff,
    0xe1, 0x95, 0x80, 0x1a, 0x15, 0x40, 0x1f, 0xfc,
    0x14, 0x80, 0x3, 0xd5, 0x4, 0x3, 0xff, 0x82,
    0xea, 0x1, 0xc7, 0xfe, 0xc0, 0xf, 0xf5, 0x79,
    0x0, 0x7f, 0xff, 0xc0, 0x3f, 0xf9, 0x96, 0xee,
    0x10,

    /* U+049B "қ" */
    0x8f, 0xf2, 0x80, 0x79, 0xff, 0xdc, 0x20, 0x1f,
    0xf1, 0xc0, 0x2, 0x84, 0x3, 0xfc, 0x3a, 0x0,
    0x94, 0x0, 0xff, 0xa8, 0x41, 0x58, 0x3, 0xfe,
    0x74, 0x3, 0xa0, 0xf, 0xf8, 0xe0, 0x7, 0x40,
    0x3f, 0xe1, 0xd0, 0x6, 0x88, 0x7, 0xf7, 0xc6,
    0x88, 0x49, 0x80, 0x7f, 0x95, 0xcc, 0x5, 0x80,
    0x3f, 0xf8, 0x63, 0x40, 0x1f, 0xf5, 0x7e, 0x80,
    0x16, 0x0, 0x3f, 0xf8, 0x5, 0x60, 0x7, 0x50,
    0xf, 0xfe, 0x2, 0x48, 0x2, 0x8c, 0x3, 0xff,
    0x80, 0xcc, 0x0, 0x69, 0x0, 0x7f, 0xf0, 0x25,
    0x0, 0x7d, 0x59, 0x80, 0x1f, 0xea, 0x20, 0x2a,
    0x99, 0x0, 0x7f, 0x87, 0xc0, 0x3d, 0x1f, 0xe5,
    0x0, 0xf1, 0x7f, 0x84, 0x3, 0xff, 0xfe, 0x1,
    0xfd, 0x2e, 0xe0,

    /* U+049C "Ҝ" */
    0x7f, 0xf4, 0x80, 0x7f, 0x47, 0xfb, 0x84, 0x3,
    0xff, 0x80, 0x2e, 0x0, 0x81, 0x0, 0xff, 0xe0,
    0x40, 0x0, 0xd8, 0x3, 0xff, 0x80, 0x4c, 0x0,
    0xf0, 0xf, 0xfe, 0xc, 0x0, 0x18, 0xc0, 0x3e,
    0xdf, 0x80, 0x1, 0x28, 0xc, 0x80, 0x7f, 0xf0,
    0x64, 0x1, 0x60, 0x1f, 0xfc, 0x13, 0x40, 0x45,
    0x0, 0xff, 0xe0, 0xf8, 0x2, 0x40, 0x3f, 0x2b,
    0x98, 0x1c, 0x18, 0x39, 0x0, 0x7e, 0x38, 0x10,
    0x47, 0x0, 0x60, 0x7, 0xff, 0x16, 0x0, 0x3f,
    0x9b, 0xc8, 0x1f, 0xc4, 0xd, 0x80, 0x3f, 0xf8,
    0x50, 0x0, 0x81, 0x0, 0xff, 0xe0, 0xb1, 0x0,
    0xc0, 0x7, 0xf2, 0x23, 0x40, 0x12, 0x0, 0x62,
    0x0, 0xfd, 0x36, 0xa0, 0x4, 0x30, 0x7, 0x0,
    0x7f, 0xf0, 0xbc, 0x0, 0x6a, 0x1, 0xff, 0xc1,
    0x35, 0x0, 0x58, 0x7, 0xff, 0xa, 0x0, 0x3,
    0x0, 0x1f, 0xfc, 0x12, 0x60, 0x3, 0x90, 0x7,
    0xff, 0x6, 0x0, 0x29,

    /* U+049D "ҝ" */
    0x9f, 0xf2, 0x80, 0x7c, 0xbf, 0xf1, 0x0, 0x7f,
    0xd0, 0x0, 0x82, 0x0, 0xff, 0x31, 0x1, 0xb8,
    0x7, 0xfd, 0x0, 0xf, 0x0, 0xf0, 0xff, 0x8c,
    0x20, 0x41, 0xcc, 0x3, 0xfc, 0x2e, 0x5, 0x0,
    0x1f, 0xf4, 0x0, 0x24, 0x3, 0xef, 0x90, 0x4,
    0xb0, 0x2a, 0x0, 0x7c, 0xae, 0x0, 0x50, 0x7,
    0x80, 0x7f, 0xf0, 0xec, 0x3, 0xf5, 0x70, 0x3,
    0x10, 0x6, 0x40, 0x3f, 0xf8, 0x14, 0x0, 0x64,
    0x0, 0xff, 0x86, 0x0, 0x14, 0x20, 0x1e, 0x1f,
    0xf1, 0x83, 0x90, 0xd, 0x80, 0x7f, 0xf0, 0x38,
    0x0, 0xaa, 0x0, 0xff, 0x8d, 0x80, 0x16, 0x20,
    0x1f, 0xf4, 0x8, 0xd, 0x80,

    /* U+049E "Ҟ" */
    0x0, 0xbb, 0xfc, 0x20, 0x1f, 0x87, 0xbf, 0xd6,
    0x1, 0xff, 0xc4, 0xd1, 0x2, 0xb0, 0xf, 0xfe,
    0x1d, 0x18, 0xf, 0x80, 0x37, 0xfc, 0x20, 0xe,
    0xff, 0x88, 0x1, 0xa, 0x0, 0xa2, 0x0, 0xff,
    0xe1, 0x2b, 0x80, 0x25, 0x0, 0x29, 0xaa, 0x0,
    0x53, 0x55, 0x11, 0xd0, 0x1, 0x98, 0x1, 0x91,
    0x54, 0x20, 0x7, 0x55, 0x87, 0x40, 0x7, 0x20,
    0x1f, 0xfc, 0x3d, 0x10, 0x2d, 0x0, 0xff, 0xe1,
    0xd1, 0x80, 0x3c, 0x40, 0x3f, 0xf8, 0x12, 0xf4,
    0xa0, 0xa, 0x20, 0xf, 0xfe, 0xb, 0xc2, 0x80,
    0x15, 0x40, 0x1f, 0xfc, 0x75, 0x40, 0xf, 0xfe,
    0x17, 0x7f, 0x90, 0x1, 0x64, 0x1, 0xff, 0xc4,
    0xa2, 0x0, 0x78, 0x7, 0xff, 0x10, 0x7c, 0x40,
    0xac, 0x3, 0xff, 0x88, 0x54, 0x0, 0x48, 0x0,
    0xff, 0xe2, 0x24, 0x80, 0x1d, 0x40, 0x3f, 0xf8,
    0x8c, 0xc0, 0x5, 0x10, 0x7, 0xff, 0x12, 0x4c,
    0x1, 0xe2, 0x1, 0xff, 0xc4, 0xd1, 0x2, 0xa0,
    0xf, 0xfe, 0x20, 0xe0, 0x1, 0x24, 0x3, 0xff,
    0x88, 0x54, 0x0, 0x66, 0x0,

    /* U+049F "ҟ" */
    0x0, 0x8e, 0x20, 0x80, 0x1f, 0xfc, 0x25, 0x77,
    0x60, 0x7, 0xff, 0x46, 0xff, 0xd2, 0x0, 0x7f,
    0xf9, 0x0, 0x3f, 0xf9, 0xb1, 0x54, 0x60, 0x2,
    0xd5, 0x4a, 0x1, 0xf1, 0xaa, 0xbc, 0x0, 0x4a,
    0xb0, 0x80, 0x7f, 0xf1, 0xc7, 0xbf, 0xce, 0x1,
    0xff, 0xc1, 0xb1, 0x4, 0x70, 0xf, 0xfe, 0x2,
    0xa8, 0x6, 0x80, 0x3f, 0xf8, 0x5, 0x40, 0xd,
    0x10, 0xf, 0xfe, 0x7, 0x0, 0x20, 0xc0, 0x3f,
    0xf8, 0xe, 0x60, 0x8e, 0x1, 0xff, 0xc0, 0x38,
    0x1, 0xa0, 0xf, 0xf9, 0xff, 0x0, 0x14, 0x20,
    0x1f, 0xfc, 0x41, 0x0, 0xff, 0xe0, 0x24, 0xb8,
    0x2, 0x88, 0x3, 0xfe, 0x36, 0x85, 0x0, 0x70,
    0x7, 0xff, 0xa, 0x88, 0xe, 0x0, 0x3f, 0xf8,
    0x5e, 0x0, 0x74, 0x0, 0xff, 0xe0, 0x94, 0x80,
    0x28, 0x40, 0x3f, 0xf8, 0x2c, 0xa0, 0x3a, 0x1,
    0xff, 0xc2, 0xa2, 0x3, 0x80, 0xf, 0xfe, 0x17,
    0x0, 0x1d, 0x0,

    /* U+04A0 "Ҡ" */
    0xef, 0xff, 0xe8, 0x0, 0xfe, 0xaf, 0xf8, 0x80,
    0x3f, 0xf9, 0xe, 0xa0, 0xb, 0x20, 0xba, 0xaf,
    0x28, 0x7, 0xf9, 0x20, 0x1, 0x8, 0x0, 0x55,
    0xf8, 0x80, 0x3f, 0x8a, 0xc0, 0xa, 0xe0, 0x1f,
    0xfc, 0x71, 0xc0, 0x1, 0xd0, 0x7, 0xff, 0x23,
    0x44, 0x7, 0x40, 0x3f, 0xf9, 0x14, 0x60, 0xd,
    0x10, 0xf, 0xfe, 0x3b, 0xa8, 0x2, 0x8c, 0x3,
    0xff, 0x8e, 0x90, 0x0, 0x75, 0x0, 0xff, 0xe2,
    0x9b, 0xba, 0xc0, 0x9, 0x0, 0x1f, 0xfc, 0x64,
    0x88, 0x0, 0x54, 0x1, 0xff, 0xcd, 0xb0, 0xf,
    0xfe, 0x3b, 0xff, 0xa8, 0x0, 0xae, 0x1, 0xff,
    0xc9, 0x57, 0x0, 0x42, 0x0, 0x7f, 0xf2, 0x61,
    0x40, 0x14, 0x40, 0x1f, 0xfc, 0x9a, 0x20, 0x1f,
    0x0, 0xff, 0xe5, 0x60, 0x81, 0x58, 0x7, 0xff,
    0x24, 0x74, 0x0, 0x90, 0x1, 0xff, 0xc9, 0x39,
    0x0, 0x3a, 0x80, 0x7f, 0xf2, 0x59, 0x80, 0xa,
    0x20, 0xf, 0xfe, 0x4c, 0xa0, 0x3, 0xc4, 0x3,
    0xff, 0x93, 0x44, 0x5, 0x40,

    /* U+04A1 "ҡ" */
    0xf, 0xff, 0xe5, 0x0, 0xf4, 0x7f, 0xb8, 0x40,
    0x3f, 0xf8, 0x88, 0xe0, 0xd, 0x10, 0xaa, 0xf2,
    0x0, 0x7c, 0x34, 0x0, 0x93, 0x0, 0x2a, 0xf8,
    0x80, 0x3e, 0xd1, 0x6, 0x60, 0x7, 0xff, 0x12,
    0xc, 0xe, 0x40, 0x3f, 0xf8, 0x88, 0xe0, 0x3a,
    0x1, 0xff, 0xc4, 0x1a, 0x0, 0x68, 0x80, 0x7f,
    0xf0, 0xbe, 0x34, 0x42, 0x4c, 0x3, 0xff, 0x86,
    0xae, 0x60, 0x2c, 0x1, 0xff, 0xc8, 0x19, 0x0,
    0xff, 0xe2, 0x57, 0xe8, 0x1, 0x9c, 0x3, 0xff,
    0x8a, 0x56, 0x0, 0x84, 0x0, 0xff, 0xe2, 0xa4,
    0x0, 0x2c, 0xc0, 0x3f, 0xf8, 0xae, 0xa0, 0xd,
    0x10, 0xf, 0xfe, 0x2d, 0x18, 0xe, 0x80, 0x7f,
    0xf1, 0xb4, 0x40, 0xe8, 0x3, 0xff, 0x8a, 0x38,
    0x0, 0x58,

    /* U+04A2 "Ң" */
    0x5f, 0xf5, 0x0, 0x7f, 0xdd, 0xfe, 0x20, 0xf,
    0xff, 0xf8, 0x7, 0xff, 0xfc, 0x3, 0xff, 0x96,
    0xbf, 0xff, 0xf0, 0x80, 0x7f, 0xf4, 0x4e, 0x67,
    0xfe, 0x0, 0xfe, 0x66, 0xff, 0xe0, 0x8, 0x7,
    0xff, 0xfc, 0x3, 0xff, 0xfc, 0xac, 0x60, 0x1f,
    0xfc, 0x68, 0x99, 0x0, 0x7f, 0xf2, 0x57, 0xfd,
    0x40, 0x1f, 0xf7, 0x7d, 0x80, 0x7f, 0xff, 0xc0,
    0x3f, 0xfa, 0x2c, 0xee, 0xf0,

    /* U+04A3 "ң" */
    0x8f, 0xf2, 0x80, 0x7d, 0xdf, 0xe0, 0xf, 0xff,
    0xf8, 0x7, 0xff, 0x57, 0x55, 0x7e, 0x0, 0xfe,
    0x7a, 0xaf, 0x84, 0x3, 0xff, 0x9b, 0x5f, 0xff,
    0x8, 0x7, 0xff, 0xe9, 0x98, 0x60, 0x1f, 0xfc,
    0x29, 0x95, 0x80, 0x7f, 0xf1, 0x63, 0xfc, 0xa0,
    0x1f, 0x77, 0xd0, 0x7, 0xff, 0xfc, 0x3, 0xf9,
    0xde, 0xc0,

    /* U+04A4 "Ҥ" */
    0x5f, 0xf5, 0x0, 0x7f, 0xdd, 0xff, 0xff, 0xc0,
    0x10, 0xf, 0xff, 0x1c, 0x55, 0x7f, 0x8, 0x7,
    0xff, 0x19, 0x57, 0xfc, 0x1, 0xff, 0xff, 0x0,
    0xff, 0xff, 0x2f, 0xff, 0xfc, 0x20, 0x1f, 0xfe,
    0x13, 0x99, 0xff, 0x80, 0x3f, 0xf8, 0xac, 0xdf,
    0xfc, 0x1, 0x0, 0xff, 0xff, 0x80, 0x7f, 0xff,
    0xc0, 0x3f, 0xff, 0xe0, 0x1f, 0xfe, 0x50,

    /* U+04A5 "ҥ" */
    0xbf, 0xf1, 0x0, 0x78, 0x7f, 0xff, 0x50, 0x7,
    0xff, 0x54, 0x6a, 0xba, 0x40, 0x3f, 0xf8, 0x26,
    0xab, 0xc6, 0x1, 0xff, 0xf3, 0x55, 0xf9, 0x0,
    0x3f, 0xf8, 0x11, 0x55, 0xf0, 0x7, 0xff, 0x53,
    0x7f, 0xfd, 0xc0, 0x1f, 0xff, 0xf0, 0xf, 0xff,
    0x50,

    /* U+04A6 "Ҧ" */
    0x4f, 0xff, 0xfe, 0x28, 0x7, 0xff, 0x84, 0xa6,
    0x7f, 0xe0, 0xf, 0xfe, 0x30, 0xb3, 0x7f, 0xc0,
    0x1f, 0xff, 0xf0, 0xf, 0xff, 0xf8, 0x7, 0xff,
    0x57, 0xfe, 0xeb, 0x72, 0x0, 0xff, 0xe7, 0xa,
    0x46, 0xc8, 0x7, 0xff, 0x2a, 0x20, 0xec, 0x40,
    0x6, 0xc1, 0x0, 0xff, 0xe4, 0x3b, 0xa2, 0x76,
    0xc8, 0xe, 0x80, 0x3f, 0xf9, 0xa9, 0x82, 0x8,
    0x80, 0xf, 0xfe, 0x68, 0xc0, 0x3, 0xc0, 0x3f,
    0xf9, 0xcc, 0x0, 0x40, 0xf, 0xfe, 0x79, 0x80,
    0x4, 0x3, 0xff, 0x9c, 0xe0, 0x2, 0x0, 0xff,
    0xe8, 0x88, 0x7, 0xff, 0x39, 0xc0, 0x6, 0x1,
    0xff, 0xce, 0x30, 0x0, 0x80, 0x7f, 0xf3, 0x50,
    0x0, 0x80, 0x9f, 0xec, 0x0, 0xff, 0xbf, 0xe0,
    0xf, 0xa0, 0x1, 0xc0, 0x1f, 0xfc, 0xc4, 0xc3,
    0x4, 0x50, 0xf, 0xfe, 0x51, 0xfd, 0x98, 0x1d,
    0x0, 0x7f, 0xf3, 0x86, 0x30, 0x40, 0x3f, 0xf9,
    0x67, 0x9d, 0xc7, 0x0, 0xc0,

    /* U+04A7 "ҧ" */
    0xbf, 0xff, 0xfe, 0x6, 0x80, 0x7f, 0xf6, 0xe2,
    0xab, 0xd2, 0x1, 0xff, 0xc5, 0x55, 0xf9, 0x80,
    0x3f, 0xff, 0xe0, 0x1f, 0xfc, 0xf2, 0xff, 0xd9,
    0x26, 0x1, 0xff, 0xca, 0x36, 0xcb, 0x10, 0xf,
    0xfe, 0x18, 0xbb, 0xcc, 0x60, 0x4, 0xc1, 0x0,
    0xff, 0xe1, 0x1c, 0x45, 0x39, 0x82, 0x2, 0xa0,
    0xf, 0xfe, 0x41, 0xe0, 0x82, 0x18, 0x7, 0xff,
    0x20, 0x64, 0x1, 0x60, 0x1f, 0xfc, 0x94, 0x0,
    0x18, 0x7, 0xff, 0x24, 0x40, 0x3f, 0xf9, 0x8c,
    0x0, 0x20, 0xf, 0xfe, 0x4e, 0x0, 0x32, 0xff,
    0xc4, 0x1, 0xf7, 0xfb, 0x40, 0x3c, 0x6e, 0x2,
    0xa0, 0x1f, 0xfc, 0x77, 0xc0, 0x5, 0x80, 0x7f,
    0xf1, 0xf6, 0x0, 0x10, 0xa0, 0x1f, 0xfc, 0x75,
    0x2, 0xb7, 0x0, 0xff, 0xe4, 0x4e, 0x6a, 0x0,
    0x40,

    /* U+04A8 "Ҩ" */
    0x0, 0xc3, 0x1b, 0xc0, 0x19, 0xf7, 0xfd, 0x8c,
    0x1, 0xf1, 0xfb, 0x90, 0x80, 0x7, 0x60, 0x80,
    0x7, 0x38, 0x1, 0xc5, 0x82, 0x4, 0xe0, 0xc,
    0x20, 0x27, 0x61, 0x3, 0xb0, 0xd, 0xc0, 0x5,
    0xd8, 0x7, 0x20, 0x3d, 0x89, 0xf2, 0x4, 0x50,
    0x2, 0x18, 0x15, 0x0, 0x52, 0x0, 0xf0, 0x8,
    0x60, 0x1, 0x20, 0xe, 0x0, 0x58, 0x4, 0x62,
    0x4, 0x60, 0x19, 0x40, 0x6, 0x20, 0xa0, 0x7,
    0x0, 0x94, 0x0, 0x80, 0x1e, 0x30, 0x1, 0x8,
    0x0, 0x44, 0x1, 0x8, 0x0, 0x40, 0x3c, 0xc0,
    0x6, 0x20, 0x1, 0x80, 0x6f, 0x0, 0xff, 0xfa,
    0xf8, 0x7, 0xff, 0x24, 0x40, 0x2, 0x1, 0xe1,
    0x0, 0x88, 0x0, 0x40, 0x18, 0x80, 0xa, 0x1,
    0xe6, 0x0, 0x30, 0x88, 0x0, 0x60, 0x12, 0x0,
    0xc, 0x80, 0x31, 0x10, 0x0, 0x60, 0x80, 0xa,
    0x0, 0xcc, 0x0, 0x80, 0xd, 0x60, 0x5, 0x0,
    0x48, 0x1, 0x88, 0x2, 0xb0, 0x2, 0xb0, 0x0,
    0xd8, 0x1, 0x20, 0x3, 0x40, 0x7, 0x88, 0x0,
    0xa4, 0x1, 0x30, 0x9a, 0x0, 0x63, 0x0, 0xa8,
    0x40, 0xbd, 0x40, 0xd, 0x0, 0x7, 0xb1, 0x3,
    0x90, 0xc, 0x3a, 0x20, 0x35, 0xd7, 0x5a, 0x1,
    0xe2, 0xca, 0x50, 0x8, 0xfd, 0x0, 0x2, 0x8a,
    0xa0, 0xf, 0x9, 0xae, 0x80, 0x61, 0xbc, 0x62,
    0x0, 0x89, 0x6b, 0xad, 0xcc, 0x40, 0x0,

    /* U+04A9 "ҩ" */
    0x0, 0x8a, 0xbc, 0xc0, 0xd, 0xbf, 0xd2, 0x20,
    0x1c, 0x9a, 0xa0, 0x14, 0xc8, 0x80, 0x5b, 0xc4,
    0x2, 0x1b, 0x0, 0x29, 0x23, 0x0, 0xba, 0x0,
    0xd0, 0x5, 0x0, 0x7, 0xa1, 0xf0, 0x5, 0x45,
    0x90, 0x21, 0x0, 0x1c, 0x1, 0x20, 0x4, 0x1,
    0x40, 0x5, 0x0, 0x14, 0x8, 0x40, 0xc4, 0x8,
    0x0, 0xa0, 0x11, 0x80, 0x38, 0x18, 0x0, 0xc0,
    0x1, 0x0, 0x8, 0x4, 0xe0, 0x2, 0x0, 0xc6,
    0x1, 0xff, 0xcb, 0x10, 0xf, 0xce, 0x0, 0x20,
    0x1, 0x0, 0x1c, 0x2, 0x70, 0x0, 0x81, 0x80,
    0x14, 0x0, 0x24, 0x6, 0x20, 0x3, 0x0, 0x68,
    0x1, 0x0, 0x4c, 0x0, 0xa0, 0x9, 0x0, 0x58,
    0x1, 0x0, 0x1c, 0x0, 0x80, 0x4, 0x88, 0x3a,
    0xa8, 0xc0, 0xcc, 0x0, 0x53, 0x4, 0x70, 0x1a,
    0x0, 0x55, 0x0, 0x1e, 0x1, 0xb8, 0x42, 0x31,
    0x81, 0x40, 0x30, 0xa2, 0x90, 0x0, 0xb0, 0x80,
    0xe6, 0xd4, 0x3, 0xc, 0x52, 0x80, 0x45, 0xb2,
    0x62, 0x2, 0x71, 0x90, 0x82, 0x0,

    /* U+04AA "Ҫ" */
    0x0, 0xf3, 0x5f, 0x7f, 0xba, 0xdc, 0x40, 0x3f,
    0x27, 0x4a, 0x8, 0x0, 0x52, 0x3d, 0x40, 0x3c,
    0xd6, 0x20, 0x2d, 0x10, 0x62, 0x1, 0xa6, 0x0,
    0xc9, 0x20, 0x8, 0xe9, 0x77, 0x4e, 0xc0, 0x2,
    0x48, 0x2, 0x90, 0x4, 0x38, 0x7, 0x9d, 0xc0,
    0x8, 0x0, 0x29, 0x1, 0xb8, 0x7, 0xe9, 0x0,
    0x28, 0x3, 0xc0, 0x14, 0x1, 0xfc, 0x26, 0x0,
    0x40, 0x40, 0x3, 0x80, 0x7f, 0xbb, 0x30, 0xa0,
    0x20, 0x1, 0x0, 0xff, 0x11, 0x98, 0x44, 0x0,
    0x10, 0xf, 0xfe, 0x19, 0x80, 0x7f, 0xf6, 0x4c,
    0x3, 0xff, 0x8c, 0x20, 0x1, 0x0, 0xff, 0xe2,
    0x8, 0x0, 0x40, 0x3f, 0xc2, 0x44, 0x0, 0x20,
    0x1, 0xc0, 0x3f, 0xdb, 0xb2, 0x7, 0x80, 0x28,
    0x3, 0xf8, 0x4c, 0x0, 0x80, 0xa2, 0x6, 0xc0,
    0x1f, 0xa4, 0x0, 0xa0, 0x15, 0x0, 0x25, 0x80,
    0x3c, 0xee, 0x0, 0x40, 0x4, 0x90, 0x0, 0x9d,
    0x86, 0x79, 0xd8, 0x0, 0x51, 0x0, 0x67, 0xa1,
    0x2, 0x79, 0x86, 0x20, 0x1b, 0x50, 0xf, 0x2f,
    0x4a, 0x0, 0x42, 0x93, 0xc8, 0x1, 0xfc, 0xd6,
    0x60, 0xf, 0xb6, 0x0, 0xff, 0xff, 0x80, 0x7f,
    0xf3, 0x40,

    /* U+04AB "ҫ" */
    0x0, 0xc9, 0x5d, 0xfe, 0xd9, 0x20, 0xf, 0x55,
    0xa8, 0x80, 0x9, 0xb5, 0xc0, 0x35, 0xa8, 0xb,
    0xd4, 0xb0, 0x2, 0x1c, 0x0, 0xc8, 0x5, 0xf0,
    0xad, 0x38, 0x0, 0x81, 0x8, 0x0, 0x78, 0x80,
    0x63, 0x80, 0x3, 0x18, 0x82, 0x10, 0x7, 0x98,
    0x1, 0xca, 0x0, 0x30, 0xf, 0x87, 0xfd, 0x3c,
    0x0, 0xe0, 0xf, 0xfe, 0x11, 0x80, 0x7f, 0xf0,
    0x8c, 0x3, 0xfe, 0xe0, 0x0, 0x80, 0x7f, 0xca,
    0x0, 0xc0, 0xf, 0xd1, 0x5, 0x31, 0x4, 0x20,
    0xf, 0x2b, 0xbb, 0x42, 0x0, 0x1c, 0x20, 0x18,
    0xac, 0x1, 0x40, 0xc8, 0x7, 0xf0, 0xad, 0x3a,
    0x21, 0x4, 0x0, 0xb5, 0x1, 0x7a, 0x96, 0x0,
    0x4b, 0x80, 0x6a, 0xb5, 0x0, 0x89, 0xf9, 0x80,
    0x3c, 0x96, 0x0, 0x3d, 0x81, 0x0, 0xff, 0xff,
    0x80, 0x40,

    /* U+04AC "Ҭ" */
    0x3f, 0xff, 0xfe, 0x2a, 0x80, 0x7f, 0xf1, 0xca,
    0x67, 0xe0, 0xa, 0x26, 0x7c, 0xe2, 0xcd, 0xf0,
    0x80, 0x1d, 0x9b, 0xc4, 0x1, 0xff, 0xff, 0x0,
    0xff, 0xff, 0x80, 0x7f, 0xff, 0xc0, 0x3f, 0xff,
    0x6c, 0xc3, 0x0, 0xff, 0xe2, 0x4c, 0xac, 0x3,
    0xff, 0xa9, 0xdf, 0x20, 0x1f, 0xff, 0xf0, 0xf,
    0xfe, 0x3a, 0xbb, 0xb0, 0x3, 0x80,

    /* U+04AD "ҭ" */
    0x6f, 0xff, 0xfe, 0xe, 0x0, 0x7f, 0xf0, 0xde,
    0xab, 0x84, 0x1, 0x35, 0x5b, 0xc5, 0x57, 0x8c,
    0x0, 0xea, 0xb8, 0xc0, 0x3f, 0xff, 0xe0, 0x1f,
    0xff, 0xf0, 0xf, 0xe6, 0x61, 0x80, 0x7f, 0xf0,
    0x22, 0x64, 0x1, 0xff, 0xcc, 0xdf, 0xb0, 0xf,
    0xff, 0xf3, 0x3b, 0xbc, 0x2,

    /* U+04AE "Ү" */
    0x7f, 0xf7, 0x0, 0x7f, 0xd9, 0xfe, 0xa7, 0x10,
    0x17, 0x0, 0xfe, 0x43, 0x0, 0x58, 0x58, 0x2,
    0x4, 0x3, 0xf4, 0x80, 0x1c, 0x41, 0x4c, 0x1,
    0x20, 0x1f, 0x29, 0x0, 0xc0, 0x5, 0xe0, 0x7,
    0x10, 0xf, 0x40, 0x2, 0x0, 0x31, 0xa8, 0x2,
    0xc0, 0x39, 0x88, 0xd, 0x80, 0x3a, 0xc0, 0xa,
    0x40, 0x1a, 0x0, 0x1e, 0x1, 0xe1, 0x80, 0x4,
    0x80, 0x50, 0x20, 0xa6, 0x1, 0xf3, 0x88, 0x21,
    0x80, 0xb8, 0x2, 0x0, 0x3f, 0xac, 0x1, 0xe1,
    0x0, 0x7, 0x20, 0xf, 0xe5, 0x30, 0x37, 0x60,
    0x18, 0x0, 0xff, 0xbc, 0x1, 0x0, 0x8, 0x0,
    0xff, 0xe0, 0x1a, 0x80, 0x44, 0xc0, 0x1f, 0xfc,
    0x1b, 0x0, 0xa4, 0x3, 0xff, 0x84, 0x22, 0x0,
    0x28, 0x7, 0xff, 0xfc, 0x3, 0xff, 0xea,

    /* U+04AF "ү" */
    0x1f, 0xf6, 0x80, 0x7e, 0xaf, 0xf2, 0x8a, 0x1,
    0x18, 0x7, 0xca, 0x2, 0xa1, 0xc0, 0xa, 0x0,
    0xf2, 0x80, 0x1c, 0x0, 0xa0, 0x7, 0x0, 0xf7,
    0x80, 0x28, 0x2, 0x60, 0x14, 0x0, 0xe5, 0x2,
    0x30, 0xa, 0x80, 0x1c, 0x1, 0x94, 0x1, 0x40,
    0x18, 0xc8, 0x14, 0x3, 0x70, 0x1, 0x80, 0x3a,
    0x80, 0xa, 0x0, 0x14, 0x4, 0x10, 0xe, 0x50,
    0x7, 0x0, 0x1c, 0x1, 0xc0, 0x1e, 0x23, 0x4,
    0x10, 0xd0, 0x2, 0x80, 0x7d, 0x40, 0x7, 0x14,
    0x5, 0x0, 0xfc, 0xc0, 0xa, 0x70, 0x7, 0x0,
    0x7f, 0x28, 0x1d, 0x80, 0xa0, 0x7, 0xf7, 0x0,
    0x8, 0x18, 0x3, 0xfc, 0x82, 0x1, 0x50, 0x7,
    0xfc, 0xc0, 0x3, 0x20, 0xf, 0xfb, 0x40, 0xa,
    0x1, 0xff, 0xff, 0x0, 0xff, 0xe7, 0x80,

    /* U+04B0 "Ұ" */
    0x7f, 0xf7, 0x0, 0x7f, 0xd9, 0xfe, 0xa7, 0x20,
    0x18, 0x0, 0xfe, 0x43, 0x0, 0x58, 0x40, 0x1,
    0xc4, 0x3, 0xf4, 0x80, 0x20, 0x41, 0x4c, 0x1,
    0x0, 0x1f, 0x31, 0x0, 0xb8, 0x5, 0xe0, 0x6,
    0x20, 0xf, 0x40, 0x2, 0xc0, 0x31, 0xb0, 0x2,
    0x0, 0x39, 0xc4, 0xd, 0x40, 0x3a, 0x0, 0xa,
    0x60, 0x10, 0xc0, 0x3, 0xc0, 0x3c, 0x30, 0x0,
    0xf0, 0xa, 0x0, 0xc, 0x60, 0x1f, 0x39, 0x1,
    0xa0, 0x13, 0x0, 0x20, 0x3, 0xfa, 0x40, 0x12,
    0x10, 0x0, 0x81, 0x0, 0xfe, 0x44, 0x1, 0x4a,
    0x81, 0x38, 0x7, 0xf0, 0xa9, 0x80, 0x18, 0x0,
    0x8a, 0x60, 0x1f, 0x92, 0x9c, 0x3, 0x9a, 0xa4,
    0x3, 0xff, 0x9e, 0xbf, 0xf0, 0x80, 0x3b, 0xfd,
    0x40, 0x1f, 0xff, 0xf0, 0xf, 0xff, 0x90,

    /* U+04B1 "ұ" */
    0x1f, 0xf6, 0x80, 0x7e, 0xaf, 0xf2, 0x8a, 0x1,
    0x18, 0x7, 0xca, 0x2, 0xa1, 0xc0, 0xa, 0x0,
    0xf2, 0x80, 0x1c, 0x0, 0xa0, 0x7, 0x0, 0xf7,
    0x80, 0x28, 0x2, 0x60, 0x14, 0x0, 0xe5, 0x2,
    0x30, 0xa, 0x80, 0x1c, 0x1, 0x94, 0x1, 0x40,
    0x18, 0xc8, 0x14, 0x3, 0x70, 0x1, 0x80, 0x3a,
    0x80, 0xa, 0x0, 0x14, 0x4, 0x10, 0xe, 0x50,
    0x7, 0x0, 0x1c, 0x1, 0xc0, 0x1e, 0x23, 0x4,
    0x10, 0xd0, 0x2, 0x80, 0x7d, 0x40, 0x7, 0x14,
    0x5, 0x0, 0xfc, 0xc0, 0xa, 0x70, 0x7, 0x0,
    0x7f, 0x28, 0x1d, 0x80, 0xa0, 0x7, 0xf7, 0x0,
    0x8, 0x18, 0x3, 0xfc, 0x82, 0x1, 0x58, 0x7,
    0xec, 0xff, 0x8, 0x5, 0x9f, 0xe3, 0x0, 0xff,
    0xe4, 0xe7, 0xfa, 0x80, 0xd, 0xff, 0x18, 0x7,
    0xff, 0xfc, 0x3, 0xe0,

    /* U+04B2 "Ҳ" */
    0x9, 0xff, 0x70, 0x7, 0xfb, 0x3f, 0xd6, 0x0,
    0x91, 0x1, 0x90, 0xf, 0xce, 0x60, 0xa, 0x0,
    0xa8, 0x0, 0xc6, 0x1, 0xe2, 0x80, 0x4, 0x88,
    0x4, 0x8c, 0x0, 0xe0, 0xf, 0x48, 0x1, 0x18,
    0x3, 0xa4, 0x40, 0xa0, 0x3, 0x32, 0x0, 0x24,
    0x3, 0xea, 0x0, 0x39, 0x80, 0x6, 0x40, 0x12,
    0x40, 0x1f, 0x22, 0x80, 0x3c, 0x1, 0x40, 0x4,
    0x60, 0xf, 0xeb, 0x10, 0x37, 0x54, 0x0, 0x48,
    0x7, 0xf8, 0x6c, 0x1, 0x16, 0x0, 0x92, 0x0,
    0xff, 0x95, 0x40, 0x1, 0x3, 0x60, 0xf, 0xfe,
    0xd, 0x88, 0x5, 0xc0, 0x1f, 0xfc, 0x23, 0x10,
    0x9, 0x80, 0x3f, 0xf8, 0x5c, 0x1, 0xa8, 0x3,
    0xff, 0x82, 0xe6, 0x2, 0x40, 0x32, 0x1, 0xff,
    0x14, 0x0, 0x2f, 0x80, 0xc, 0x80, 0x1f, 0xee,
    0x0, 0x2a, 0x8d, 0xc0, 0x12, 0x1, 0xfc, 0xe6,
    0x0, 0xb0, 0x4, 0x10, 0x14, 0x80, 0x7c, 0x50,
    0x0, 0x91, 0x0, 0xa4, 0x0, 0xc6, 0x1, 0xee,
    0x0, 0x23, 0x0, 0x64, 0x60, 0x7, 0x0, 0x73,
    0x98, 0x2, 0x40, 0x3d, 0x2, 0x5, 0x4c, 0xa0,
    0x50, 0x0, 0x92, 0x0, 0xf0, 0xd0, 0x1, 0x66,
    0xc3, 0x80, 0x6, 0xc0, 0x1f, 0x91, 0x40, 0x3b,
    0x3f, 0xd8, 0x1, 0xfe, 0xaf, 0x0, 0xff, 0xff,
    0x80, 0x7f, 0xf3, 0x5d, 0xd2,

    /* U+04B3 "ҳ" */
    0xd, 0xff, 0x38, 0x7, 0xaf, 0xfd, 0x40, 0x17,
    0x0, 0x20, 0x40, 0x32, 0x20, 0x6, 0xc0, 0x23,
    0x70, 0x5, 0x80, 0x69, 0x0, 0x58, 0x80, 0x68,
    0x20, 0x53, 0x0, 0x41, 0x2, 0x28, 0x7, 0xb8,
    0x1, 0xc0, 0x4e, 0x0, 0xa0, 0xf, 0x8d, 0x80,
    0x9a, 0x40, 0x12, 0x20, 0x1f, 0xa4, 0x82, 0x50,
    0x11, 0x80, 0x3f, 0xd2, 0x1, 0xa4, 0x3, 0xfe,
    0x42, 0x0, 0x29, 0x0, 0x7f, 0xcc, 0x40, 0x5,
    0x30, 0xf, 0xf0, 0xc8, 0x6, 0xe0, 0xf, 0xf5,
    0x0, 0x25, 0x80, 0xa0, 0x3, 0xf2, 0xa0, 0x1b,
    0x48, 0x83, 0x98, 0x7, 0x86, 0xc0, 0x1e, 0x0,
    0xb0, 0x7, 0x0, 0x7a, 0x84, 0x1c, 0xc0, 0xa,
    0x80, 0x54, 0xcc, 0x0, 0x2a, 0x0, 0xc0, 0x6,
    0x90, 0x2, 0xcc, 0x84, 0x56, 0x0, 0xb0, 0xe,
    0x28, 0x0, 0xe1, 0xef, 0xf2, 0x80, 0x79, 0xfc,
    0xc0, 0x3f, 0xff, 0xe0, 0x1f, 0xd4, 0xee, 0x10,

    /* U+04B4 "Ҵ" */
    0x3f, 0xff, 0xfe, 0x15, 0x80, 0x61, 0xff, 0x70,
    0x7, 0xff, 0x48, 0xaa, 0xb9, 0x80, 0x5, 0x55,
    0xd0, 0x1, 0xff, 0xa, 0xaf, 0x60, 0x1, 0x95,
    0x78, 0xc0, 0x3f, 0xff, 0xe0, 0x1f, 0xff, 0xf0,
    0xf, 0xff, 0xf8, 0x7, 0xff, 0xfc, 0x3, 0xff,
    0xfe, 0x1, 0xff, 0xe6, 0x68, 0x8f, 0xf4, 0x80,
    0x6, 0x20, 0x40, 0x1f, 0xc4, 0xef, 0xff, 0x0,
    0x4e, 0xe6, 0x0, 0xff, 0xe7, 0x38, 0x7, 0x97,
    0xff, 0xff, 0x88, 0xa0, 0x1f, 0xfd, 0x11, 0x0,
    0xff, 0xf4, 0x98, 0x7, 0xff, 0x9b, 0xdd, 0xc2,

    /* U+04B5 "ҵ" */
    0x8f, 0xff, 0xf4, 0x0, 0x51, 0xfe, 0x50, 0xf,
    0xfe, 0x5d, 0x56, 0x70, 0x1, 0xd5, 0x56, 0x1,
    0xfc, 0x4a, 0xb5, 0x80, 0x19, 0x56, 0x30, 0xf,
    0xff, 0xf8, 0x7, 0xff, 0xfc, 0x3, 0xff, 0xfe,
    0xc, 0xab, 0xf1, 0x80, 0x31, 0x44, 0x3, 0xe3,
    0xaa, 0xf9, 0x0, 0xd, 0x48, 0x1, 0xff, 0xc8,
    0x10, 0xc, 0x7f, 0xff, 0xfc, 0x7, 0x0, 0xff,
    0xe5, 0xb8, 0x7, 0xff, 0x20, 0x40, 0x3f, 0xfb,
    0xa6,

    /* U+04B6 "Ҷ" */
    0xaf, 0xf3, 0x0, 0x7f, 0xbb, 0xfc, 0x40, 0x1f,
    0xff, 0xf0, 0xf, 0xff, 0x19, 0x80, 0x7f, 0xf1,
    0xf8, 0x1, 0xe0, 0x1f, 0xfc, 0x44, 0x0, 0x30,
    0x80, 0x7f, 0xf0, 0xcc, 0xc0, 0xf, 0x61, 0x0,
    0x89, 0x1e, 0x84, 0x3, 0xdc, 0x20, 0x33, 0xdf,
    0xf6, 0xdc, 0x28, 0x7, 0xc5, 0xec, 0x1, 0xfc,
    0x60, 0x1f, 0x86, 0x7f, 0x2a, 0x66, 0xad, 0xfc,
    0x10, 0xf, 0xf1, 0xab, 0x34, 0xa4, 0x1, 0xff,
    0xff, 0x0, 0xff, 0xe9, 0x2b, 0x18, 0x7, 0xff,
    0x16, 0x26, 0x80, 0x3f, 0xfa, 0xdd, 0xf6, 0x1,
    0xff, 0xff, 0x0, 0xff, 0xe6, 0x33, 0xbb, 0x40,

    /* U+04B7 "ҷ" */
    0x6f, 0xf4, 0x0, 0x7d, 0xff, 0x0, 0x7f, 0xfe,
    0xcc, 0x3, 0xff, 0x88, 0xc0, 0x2, 0x0, 0xff,
    0xe0, 0x98, 0x1, 0x44, 0x3, 0xff, 0x82, 0xc0,
    0xc, 0x40, 0x0, 0x9b, 0x0, 0x7d, 0x24, 0x5,
    0x7f, 0xee, 0xc9, 0x0, 0xfd, 0xae, 0x1, 0xff,
    0xc4, 0x8f, 0xca, 0xa5, 0xef, 0x80, 0x7f, 0xc6,
    0xaa, 0x42, 0x0, 0xff, 0xed, 0x33, 0x8, 0x3,
    0xff, 0x85, 0x32, 0x50, 0xf, 0xfe, 0x87, 0xfa,
    0x40, 0x3f, 0xff, 0xe0, 0x1f, 0xca, 0xee, 0x40,

    /* U+04B8 "Ҹ" */
    0xaf, 0xf3, 0x0, 0x7f, 0xbb, 0xfc, 0x40, 0x1f,
    0xff, 0xf0, 0xf, 0xfe, 0x5c, 0x49, 0x80, 0x7c,
    0x60, 0x1f, 0x3b, 0x30, 0x3, 0xee, 0x0, 0x78,
    0x7, 0xff, 0x9, 0x0, 0xc, 0x20, 0x1f, 0xfc,
    0x13, 0x30, 0x3, 0xd8, 0x40, 0x22, 0x47, 0xa1,
    0x0, 0xdc, 0x20, 0x33, 0xde, 0x0, 0x8b, 0x85,
    0x0, 0xe2, 0xf6, 0x0, 0xfe, 0x30, 0xf, 0xc,
    0xfe, 0x54, 0x80, 0x1f, 0x7f, 0x4, 0x3, 0xf1,
    0xab, 0x0, 0x34, 0x80, 0x3f, 0xfc, 0xdf, 0xe5,
    0x0, 0xff, 0xff, 0x80, 0x60,

    /* U+04B9 "ҹ" */
    0xff, 0x80, 0x3e, 0x8f, 0xf3, 0x0, 0x7f, 0xf8,
    0xc5, 0xdc, 0x1, 0xe1, 0x0, 0xc5, 0x10, 0x10,
    0xe, 0x20, 0x0, 0x80, 0x7f, 0x94, 0x1, 0x20,
    0x1f, 0xeb, 0x0, 0x3c, 0x30, 0x0, 0x90, 0xc0,
    0x22, 0x90, 0x3, 0xd0, 0x3, 0x2d, 0x0, 0x33,
    0x59, 0x80, 0x7f, 0xf0, 0x13, 0x3a, 0x0, 0x17,
    0xce, 0x1, 0xf0, 0xa0, 0x1, 0x44, 0x3, 0xf8,
    0xa6, 0x42, 0x1, 0xfe, 0x16, 0x60, 0x7, 0xff,
    0x58,

    /* U+04BA "Һ" */
    0xdf, 0xf1, 0x0, 0x7f, 0xff, 0xc0, 0x3f, 0xfe,
    0x9, 0x17, 0xbf, 0xfb, 0x64, 0xc0, 0x3d, 0x2e,
    0x84, 0x1, 0x89, 0xb2, 0xc0, 0x3e, 0x36, 0x78,
    0x83, 0xa0, 0x1, 0x2c, 0x3, 0x57, 0xe4, 0xc3,
    0xba, 0x2f, 0x0, 0x8, 0x80, 0x9, 0xc0, 0x3f,
    0x1b, 0x80, 0x38, 0x3, 0xff, 0x83, 0x60, 0x7,
    0x0, 0xff, 0xe0, 0x90, 0x0, 0xc0, 0x3f, 0xff,
    0xe0, 0x1f, 0xfe, 0x0,

    /* U+04BB "һ" */
    0x8b, 0xb0, 0x80, 0x7f, 0x91, 0x20, 0xf, 0xff,
    0xf8, 0x7, 0xfc, 0xf9, 0xfe, 0xd9, 0x10, 0xe,
    0x5e, 0x83, 0x0, 0x13, 0x79, 0x0, 0x6b, 0x13,
    0x89, 0x60, 0x0, 0xf0, 0x7, 0x56, 0x3b, 0x4e,
    0x80, 0xc, 0x80, 0x28, 0x50, 0xc, 0x4c, 0x0,
    0x40, 0x9, 0x80, 0x3d, 0xe0, 0x1, 0x0, 0xff,
    0xe0, 0xf8, 0x7, 0xff, 0xfc, 0x3, 0xff, 0xea,

    /* U+04BC "Ҽ" */
    0x0, 0xff, 0xb, 0xe7, 0x7f, 0xb6, 0x4c, 0x3,
    0xff, 0x82, 0xbf, 0x6, 0x20, 0x2, 0x6c, 0x90,
    0xf, 0xf9, 0xe8, 0x40, 0x9a, 0x1c, 0xc0, 0xd,
    0x60, 0x1f, 0xc9, 0x0, 0x9, 0xd9, 0x78, 0xcd,
    0x20, 0x48, 0x0, 0xfd, 0x40, 0x9, 0x60, 0xe,
    0x2c, 0x0, 0x38, 0x87, 0xf9, 0x80, 0xa, 0x20,
    0x6c, 0x1, 0xf0, 0xb8, 0x1, 0xc0, 0x83, 0xc0,
    0x1e, 0x0, 0xa0, 0xf, 0xeb, 0x0, 0x60, 0x20,
    0x31, 0x2, 0x0, 0x10, 0x3, 0xf8, 0x80, 0xe,
    0x16, 0x0, 0xc7, 0x10, 0x8, 0x8b, 0xfc, 0x0,
    0x30, 0x2b, 0x1, 0x80, 0xb, 0x77, 0xfd, 0x80,
    0x1, 0x0, 0x26, 0xb9, 0x0, 0x7f, 0xf2, 0xa,
    0x34, 0x2, 0xff, 0xff, 0xe1, 0x0, 0x7f, 0xfa,
    0x4, 0x0, 0x40, 0x1f, 0xfc, 0x74, 0x0, 0x20,
    0x7, 0xff, 0x1f, 0xc0, 0x16, 0x1, 0xff, 0xc7,
    0x51, 0x2, 0x80, 0xf, 0xfe, 0x3d, 0x0, 0x1e,
    0x44, 0x3, 0xc2, 0xe2, 0x1, 0xf9, 0x24, 0x0,
    0xdd, 0x70, 0xee, 0x9c, 0xe8, 0x60, 0xf, 0xe6,
    0xb2, 0x0, 0x23, 0xc4, 0x18, 0xc0, 0x3f, 0xf8,
    0x29, 0xb6, 0xc4, 0x1, 0xa, 0x46, 0xb8, 0x0,

    /* U+04BD "ҽ" */
    0x0, 0xfc, 0x95, 0xdf, 0xec, 0x71, 0x0, 0xff,
    0x55, 0xa8, 0x80, 0xe, 0x3c, 0xc0, 0x3f, 0x62,
    0x80, 0xc5, 0x4a, 0x0, 0xe1, 0x1, 0xaa, 0x0,
    0x20, 0xc1, 0x39, 0xd5, 0xae, 0x0, 0x12, 0x9,
    0x54, 0x1, 0x70, 0x1a, 0x0, 0xe7, 0x20, 0x41,
    0x30, 0x15, 0x70, 0x3, 0x8, 0x7, 0x94, 0x0,
    0x88, 0x30, 0xa8, 0x0, 0x95, 0x7e, 0x10, 0x1,
    0x6, 0x90, 0x8, 0x1, 0xea, 0xbe, 0x60, 0x7,
    0x80, 0xed, 0x8, 0x7, 0xff, 0x4, 0x40, 0x25,
    0x20, 0x6, 0xff, 0xff, 0xa4, 0x3, 0x30, 0x1,
    0x80, 0x3f, 0xf8, 0x7a, 0x0, 0xc0, 0xf, 0xfe,
    0x1a, 0x80, 0x1c, 0x40, 0x3e, 0x61, 0x0, 0xe2,
    0x50, 0x6, 0x8, 0x7, 0x44, 0xe0, 0x80, 0x75,
    0x90, 0x17, 0x4b, 0x2b, 0xeb, 0x83, 0x8, 0x7,
    0xe, 0x20, 0x1, 0xa6, 0xa0, 0x81, 0x6c, 0x3,
    0xe1, 0xbb, 0x28, 0x80, 0x5, 0x6e, 0x80, 0x0,

    /* U+04BE "Ҿ" */
    0x0, 0xff, 0xb, 0xe7, 0x7f, 0xb6, 0x4c, 0x3,
    0xff, 0x82, 0xbf, 0x6, 0x20, 0x2, 0x6c, 0x90,
    0xf, 0xf9, 0xe8, 0x40, 0x9a, 0x1c, 0xc0, 0xd,
    0x60, 0x1f, 0xc9, 0x0, 0x9, 0xd9, 0x78, 0xcd,
    0x20, 0x48, 0x0, 0xfd, 0x40, 0x9, 0x60, 0xe,
    0x2c, 0x0, 0x38, 0x87, 0xf9, 0x80, 0xa, 0x20,
    0x6c, 0x1, 0xf0, 0xb8, 0x1, 0xc0, 0x83, 0xc0,
    0x1e, 0x0, 0xa0, 0xf, 0xeb, 0x0, 0x60, 0x20,
    0x31, 0x2, 0x0, 0x10, 0x3, 0xf8, 0x80, 0xe,
    0x16, 0x0, 0xc7, 0x10, 0x8, 0x8b, 0xfc, 0x0,
    0x30, 0x2b, 0x1, 0x80, 0xb, 0x77, 0xfd, 0x80,
    0x1, 0x0, 0x26, 0xb9, 0x0, 0x7f, 0xf2, 0xa,
    0x34, 0x2, 0xff, 0xff, 0xe1, 0x0, 0x7f, 0xfa,
    0x4, 0x0, 0x40, 0x1f, 0xfc, 0x74, 0x0, 0x20,
    0x7, 0xff, 0x1f, 0xc0, 0x16, 0x1, 0xff, 0xc7,
    0x51, 0x2, 0x80, 0xf, 0xfe, 0x3d, 0x0, 0x1e,
    0x44, 0x3, 0xc2, 0xe2, 0x1, 0xf9, 0x24, 0x0,
    0xdd, 0x70, 0xee, 0x9c, 0xe8, 0x60, 0xf, 0xe6,
    0xb2, 0x0, 0x23, 0xc4, 0x18, 0xc0, 0x3f, 0xf8,
    0x29, 0xb6, 0xc4, 0x1, 0xa, 0x46, 0xb8, 0x7,
    0xff, 0x1, 0x26, 0x40, 0x6, 0xeb, 0x72, 0x0,
    0xff, 0xff, 0x80, 0x7f, 0xf7, 0x80,

    /* U+04BF "ҿ" */
    0x0, 0xfc, 0x95, 0xdf, 0xec, 0x71, 0x0, 0xff,
    0x55, 0xa8, 0x80, 0xe, 0x3c, 0xc0, 0x3f, 0x62,
    0x80, 0xc5, 0x4a, 0x0, 0xe1, 0x1, 0xaa, 0x0,
    0x20, 0xc1, 0x39, 0xd5, 0xae, 0x0, 0x12, 0x9,
    0x54, 0x1, 0x70, 0x1a, 0x0, 0xe7, 0x20, 0x41,
    0x30, 0x15, 0x70, 0x3, 0x8, 0x7, 0x94, 0x0,
    0x88, 0x30, 0xa8, 0x0, 0x95, 0x7e, 0x10, 0x1,
    0x6, 0x90, 0x8, 0x1, 0xea, 0xbe, 0x60, 0x7,
    0x80, 0xed, 0x8, 0x7, 0xff, 0x4, 0x40, 0x25,
    0x20, 0x6, 0xff, 0xff, 0xa4, 0x3, 0x30, 0x1,
    0x80, 0x3f, 0xf8, 0x7a, 0x0, 0xc0, 0xf, 0xfe,
    0x1a, 0x80, 0x1c, 0x40, 0x3e, 0x61, 0x0, 0xe2,
    0x50, 0x6, 0x8, 0x7, 0x44, 0xe0, 0x80, 0x75,
    0x90, 0x17, 0x4b, 0x2b, 0xeb, 0x83, 0x8, 0x7,
    0xe, 0x20, 0x1, 0xa6, 0xa0, 0x81, 0x6c, 0x3,
    0xe1, 0xbb, 0x28, 0x80, 0x5, 0x6e, 0x80, 0x3f,
    0xc9, 0x50, 0x0, 0x6a, 0x40, 0xf, 0xff, 0xf8,
    0x7, 0xff, 0x2c,

    /* U+04C0 "Ӏ" */
    0x2f, 0xf7, 0x0, 0x7f, 0xff, 0xc0, 0x3f, 0x80,

    /* U+04C1 "Ӂ" */
    0x0, 0xff, 0x7f, 0x94, 0x2, 0x2f, 0xf1, 0x80,
    0x7f, 0xf1, 0xcc, 0x24, 0x40, 0x10, 0x2, 0x60,
    0x1f, 0xfc, 0x7f, 0x3, 0xed, 0xf5, 0xb, 0x0,
    0xff, 0xe4, 0x1e, 0xa8, 0x90, 0xa6, 0x28, 0x7,
    0xff, 0x24, 0xab, 0xbf, 0xac, 0xc0, 0x3f, 0xfb,
    0xb3, 0xfe, 0xd0, 0xf, 0xd9, 0xfe, 0x30, 0xf,
    0xab, 0xfd, 0xa0, 0x9, 0x20, 0x29, 0x0, 0xff,
    0xe2, 0xaa, 0x80, 0x1c, 0x1, 0x70, 0x1, 0x8c,
    0x3, 0xff, 0x86, 0x36, 0x0, 0x83, 0x0, 0x8e,
    0x0, 0x1c, 0x1, 0xff, 0xc3, 0xb1, 0x4, 0x70,
    0xe, 0x73, 0x2, 0x90, 0xf, 0xfe, 0xa, 0xa8,
    0x6, 0x80, 0x3e, 0xe0, 0x3, 0x20, 0x7, 0xfc,
    0x36, 0x0, 0xb1, 0x0, 0xf8, 0xa8, 0x1, 0x40,
    0x1f, 0xf5, 0x88, 0x2a, 0x80, 0x3f, 0x95, 0x40,
    0x32, 0x1, 0xfc, 0xaa, 0x2, 0xa0, 0xf, 0xfa,
    0xc4, 0x19, 0x0, 0x3e, 0x1b, 0x0, 0x70, 0x7,
    0xff, 0x0, 0x68, 0x1, 0x7f, 0xe3, 0x0, 0x67,
    0xf0, 0x83, 0x98, 0x7, 0xff, 0x3c, 0x40, 0x3f,
    0xf8, 0x52, 0x0, 0x38, 0x80, 0x80, 0x1a, 0x18,
    0x0, 0xc6, 0x1, 0xff, 0xc0, 0x82, 0x0, 0x6b,
    0xb8, 0x80, 0x14, 0xf2, 0x80, 0xe, 0x0, 0xff,
    0x8d, 0xc0, 0x12, 0x20, 0x1f, 0xa4, 0x0, 0x4e,
    0x1, 0xfe, 0xf0, 0x1, 0xb0, 0x7, 0xf1, 0x38,
    0x2, 0x8, 0x3, 0xf3, 0x98, 0x3, 0xc0, 0x3f,
    0xe8, 0x20, 0x4, 0x80, 0x7c, 0x50, 0x0, 0x63,
    0x0, 0xff, 0xe0, 0x48, 0x1, 0x14, 0x3, 0xd2,
    0x0, 0x19, 0x0, 0xff, 0xe0, 0xa2, 0x80, 0x2c,
    0x40, 0x32, 0xa0, 0x2, 0xc0, 0x3f, 0xf8, 0x76,
    0x0, 0x1b, 0x0, 0x86, 0xc0, 0x8, 0xa0, 0x1f,
    0xfc, 0x31, 0x80, 0x2, 0xa0, 0x2, 0xc4, 0x1,
    0x20, 0x1f, 0xfc, 0x57, 0x20, 0x4, 0x82, 0x28,
    0x2, 0x8, 0x3, 0xff, 0x8d, 0xc0, 0x2, 0x80,

    /* U+04C2 "ӂ" */
    0x0, 0xf9, 0xbf, 0xc4, 0x1, 0x5f, 0xe0, 0x7,
    0xff, 0xd, 0xc8, 0x37, 0x6f, 0x40, 0x90, 0xf,
    0xfe, 0x18, 0xe3, 0x91, 0x42, 0xb8, 0xa0, 0x1f,
    0xfc, 0x41, 0x8d, 0xff, 0x75, 0x18, 0x7, 0xff,
    0x5e, 0xff, 0xd6, 0x1, 0xc9, 0xfe, 0xa0, 0xe,
    0x5f, 0xf8, 0xc0, 0x12, 0x0, 0x45, 0x0, 0xff,
    0xe0, 0xd8, 0x2, 0xc, 0x0, 0x52, 0x0, 0xb1,
    0x0, 0xff, 0xa4, 0x40, 0xdc, 0x3, 0x32, 0x0,
    0xc0, 0x7, 0xf8, 0xd8, 0x1, 0xc0, 0x1e, 0xa0,
    0x3, 0x18, 0x7, 0xf7, 0x80, 0x20, 0x80, 0x3c,
    0x32, 0x0, 0xe0, 0xf, 0xce, 0x60, 0x6e, 0x1,
    0xf9, 0x90, 0x9, 0xc0, 0x3c, 0x30, 0x0, 0xe0,
    0xf, 0xf5, 0x8, 0x47, 0xd8, 0x1, 0x7f, 0x80,
    0x10, 0x40, 0x1f, 0xe1, 0x30, 0xf, 0xf8, 0xc0,
    0x3f, 0xe8, 0x20, 0x37, 0x50, 0x1, 0x3b, 0x0,
    0x28, 0x3, 0xfc, 0x6e, 0x0, 0xe8, 0xe0, 0x3,
    0xc4, 0xa0, 0xd, 0x0, 0x7f, 0x70, 0x2, 0x8,
    0x3, 0xea, 0x0, 0x2a, 0x80, 0x3e, 0x92, 0x2,
    0x70, 0xf, 0xc3, 0x0, 0xb, 0x10, 0xe, 0x46,
    0x0, 0x70, 0x7, 0xf9, 0xcc, 0x6, 0xc0, 0x30,
    0xd0, 0x1, 0x8c, 0x3, 0xfe, 0xf0, 0x2, 0xa8,
    0x2, 0xb1, 0x1, 0x90, 0xf, 0xfe, 0x1, 0xb8,
    0x2, 0xc4, 0x15, 0x40, 0xb, 0x0, 0xff, 0xe1,
    0x41, 0x0, 0xd0, 0x0,

    /* U+04C3 "Ӄ" */
    0x7f, 0xf4, 0x80, 0x7f, 0x5f, 0xfa, 0xc0, 0x3f,
    0xf8, 0x34, 0x80, 0x56, 0x1, 0xff, 0xc0, 0x85,
    0x1, 0xc0, 0xf, 0xfe, 0x3, 0xb8, 0x1, 0x82,
    0x1, 0xff, 0x2c, 0x0, 0x2c, 0x80, 0x3f, 0xe4,
    0xa0, 0x5, 0x20, 0x7, 0xfc, 0x56, 0x0, 0x85,
    0x0, 0xff, 0x87, 0x0, 0xc, 0xe0, 0x1f, 0xf0,
    0xe0, 0x82, 0x48, 0x7, 0xf9, 0xbf, 0x88, 0x0,
    0xb6, 0xe2, 0x1, 0xff, 0xc2, 0x14, 0x8e, 0x80,
    0xf, 0x89, 0x51, 0xc, 0xa6, 0x1, 0x3e, 0x0,
    0x79, 0x2a, 0xed, 0x35, 0x9f, 0x0, 0x3, 0xa0,
    0xf, 0xfe, 0xb, 0xd8, 0x1, 0x4c, 0x3, 0xff,
    0x82, 0x8c, 0x0, 0xa0, 0xf, 0xfe, 0x15, 0x0,
    0x1c, 0x3, 0xff, 0x84, 0x60, 0x1, 0x0, 0xff,
    0xe1, 0x88, 0x0, 0x80, 0x3f, 0xfa, 0x82, 0x0,
    0x20, 0xf, 0xfe, 0x8, 0x80, 0x4, 0x3, 0xff,
    0x84, 0xe0, 0x4, 0x7, 0xff, 0x48, 0x7, 0xe1,
    0x80, 0x7, 0x0, 0x7f, 0xc2, 0xbe, 0x20, 0x88,
    0x0, 0xff, 0x2f, 0x50, 0x81, 0xd0, 0x7, 0xff,
    0x8, 0x63, 0x4, 0x3, 0xfe, 0x4b, 0xde, 0x70,
    0xc,

    /* U+04C4 "ӄ" */
    0x9f, 0xf2, 0x80, 0x7a, 0x3f, 0xdc, 0x20, 0x1f,
    0xca, 0xe0, 0xc, 0x10, 0xf, 0xc7, 0x40, 0xb,
    0x20, 0xf, 0xc3, 0xa0, 0x8, 0x40, 0xf, 0xed,
    0x10, 0x67, 0x0, 0xfe, 0x93, 0x4, 0x90, 0xf,
    0xe6, 0x60, 0x15, 0x0, 0x7e, 0xf8, 0x90, 0x5,
    0x88, 0x7, 0xe5, 0x70, 0xa, 0x7e, 0x88, 0x3,
    0xff, 0x82, 0xba, 0x80, 0x1d, 0x5f, 0xf7, 0x51,
    0x80, 0x2c, 0xc0, 0x3f, 0xa, 0xe3, 0x0, 0x20,
    0x3, 0xfe, 0x90, 0x2, 0x8, 0x7, 0xfc, 0x80,
    0x2, 0x0, 0xff, 0x84, 0x0, 0xe0, 0x1f, 0xf3,
    0x0, 0x14, 0x3, 0xfc, 0x46, 0x6, 0x33, 0xfe,
    0x50, 0xe, 0x1f, 0x0, 0x48, 0x7, 0xe2, 0x9e,
    0x20, 0x55, 0x0, 0x7e, 0x16, 0x0, 0x2d, 0x0,
    0x7f, 0x19, 0x2d, 0xd0, 0x4,

    /* U+04C5 "Ӆ" */
    0x0, 0xe3, 0xff, 0xff, 0xe0, 0xe8, 0x7, 0xff,
    0x4d, 0xc0, 0x5, 0x33, 0xf3, 0x80, 0x7f, 0xc2,
    0x0, 0x76, 0x6f, 0xa8, 0x3, 0xff, 0x84, 0x60,
    0x1f, 0xfc, 0x73, 0x0, 0xff, 0xe5, 0x8, 0x0,
    0x40, 0x3f, 0xf9, 0x5e, 0x1, 0xff, 0xc7, 0xf0,
    0x0, 0x80, 0x7f, 0xf1, 0xc4, 0x0, 0x60, 0x1f,
    0xfd, 0xe3, 0x0, 0x8, 0x7, 0xff, 0x1c, 0x40,
    0xe, 0x1, 0xff, 0xc7, 0x60, 0x1, 0x0, 0x7f,
    0xf1, 0xc8, 0x0, 0x20, 0x1f, 0xfc, 0x61, 0x0,
    0x10, 0x7, 0xff, 0x1d, 0x0, 0xe, 0x1, 0xff,
    0xc7, 0xf0, 0x6, 0x0, 0x7f, 0xf1, 0x91, 0x40,
    0xe, 0x1, 0xff, 0xc3, 0x17, 0xab, 0x0, 0x38,
    0x80, 0x7f, 0xc6, 0x88, 0x35, 0x85, 0x0, 0x24,
    0x0, 0x7f, 0xf0, 0x6, 0xed, 0x20, 0x11, 0xcd,
    0x80, 0x7f, 0xf1, 0x53, 0xfd, 0x8c, 0x1, 0xff,
    0x17, 0xfb, 0x0, 0x6, 0x1, 0xff, 0xc7, 0x60,
    0x7, 0x80, 0x7f, 0xf1, 0xfc, 0x0, 0xe0, 0x1f,
    0xfc, 0x62, 0x50, 0x61, 0x0, 0xff, 0xe3, 0x20,
    0x14, 0x0, 0x7f, 0xf1, 0xda, 0xf0, 0x40,

    /* U+04C6 "ӆ" */
    0x0, 0xcd, 0xff, 0xff, 0x0, 0x7c, 0x20, 0x1f,
    0xfc, 0x96, 0xaa, 0xe1, 0x0, 0xfe, 0xf0, 0x6,
    0x2a, 0xf1, 0x80, 0x7f, 0x8, 0x0, 0x40, 0x3f,
    0xf8, 0xce, 0x1, 0xff, 0xc3, 0x30, 0x0, 0x80,
    0x7f, 0xf0, 0xc4, 0x3, 0xff, 0x92, 0x60, 0x1f,
    0xfc, 0x36, 0x0, 0x8, 0x7, 0xff, 0xc, 0xc0,
    0x40, 0x3f, 0xf8, 0x62, 0x20, 0x20, 0xf, 0xfe,
    0x1a, 0x0, 0x10, 0x3, 0xff, 0x87, 0x0, 0xc,
    0x0, 0xff, 0xe0, 0x14, 0xe9, 0x1, 0x20, 0x7,
    0xf4, 0xca, 0x1d, 0x88, 0x1, 0x20, 0x1f, 0xe6,
    0x68, 0x0, 0x29, 0x88, 0x1, 0xff, 0xc1, 0x5f,
    0xeb, 0x30, 0xf, 0xdb, 0xfe, 0x0, 0x18, 0x7,
    0xff, 0xc, 0x80, 0xe, 0x1, 0xff, 0xc3, 0x50,
    0x7, 0x0, 0x7f, 0xf0, 0xe4, 0xd, 0x0, 0x3f,
    0xf8, 0x46, 0x21, 0xc0, 0x1f, 0xfc, 0x33, 0xdc,
    0x20,

    /* U+04C7 "Ӈ" */
    0x3f, 0xf6, 0x0, 0x7f, 0xdf, 0xf0, 0x7, 0xff,
    0xfc, 0x3, 0xff, 0xf8, 0x7f, 0xff, 0xf0, 0x7,
    0xff, 0x30, 0x66, 0x7f, 0xd0, 0x1, 0xe2, 0x66,
    0xff, 0x38, 0x7, 0xff, 0xfc, 0x3, 0xff, 0xfe,
    0x1, 0xff, 0xc3, 0x3f, 0xf6, 0x0, 0x7f, 0xf4,
    0x4, 0x3, 0xff, 0x8a, 0xc0, 0x3, 0x0, 0xff,
    0x99, 0xe6, 0x0, 0x14, 0x1, 0xff, 0x54, 0x30,
    0x1, 0x18, 0x3, 0xff, 0x84, 0x73, 0x60,

    /* U+04C8 "ӈ" */
    0xbf, 0xf1, 0x0, 0x78, 0x7f, 0xda, 0x1, 0xff,
    0xfd, 0x45, 0x5f, 0x20, 0x7, 0xa6, 0xab, 0xe0,
    0xf, 0xfe, 0x46, 0xff, 0xfb, 0x80, 0x3f, 0xff,
    0xe0, 0x1f, 0xfc, 0xeb, 0xff, 0x10, 0x7, 0xff,
    0x20, 0xc0, 0x2, 0x1, 0xfe, 0x50, 0x3, 0x0,
    0x7c, 0xaa, 0x78, 0x0, 0x70, 0x7, 0xd1, 0x50,
    0x0, 0x64, 0x0, 0xf8, 0x40, 0x7, 0x52, 0x0,

    /* U+04C9 "Ӊ" */
    0x5f, 0xf5, 0x0, 0x7f, 0xdd, 0xfe, 0x20, 0xf,
    0xff, 0xf8, 0x7, 0xff, 0xfc, 0x3, 0xff, 0x96,
    0xbf, 0xff, 0xf0, 0x80, 0x7f, 0xf4, 0x4e, 0x67,
    0xfe, 0x0, 0xfe, 0x66, 0xff, 0xe0, 0x8, 0x7,
    0xff, 0xfc, 0x3, 0xff, 0xfc, 0xac, 0xa0, 0x1f,
    0xfc, 0x68, 0x9a, 0x0, 0xff, 0xe4, 0xaf, 0xfa,
    0x80, 0x3f, 0xee, 0xff, 0x8, 0x8, 0x7, 0xff,
    0x14, 0x44, 0xa, 0x1, 0xff, 0xc5, 0x40, 0x6,
    0x80, 0x7f, 0xf1, 0x60, 0x5, 0x80, 0x3f, 0xf8,
    0x84, 0x61, 0x40, 0x1f, 0xfc, 0x52, 0xfb, 0x40,

    /* U+04CA "ӊ" */
    0x8f, 0xf2, 0x80, 0x7d, 0xdf, 0xe0, 0xf, 0xff,
    0xf8, 0x7, 0xff, 0x57, 0x55, 0x7e, 0x0, 0xfe,
    0x7a, 0xaf, 0x84, 0x3, 0xff, 0x9b, 0x5f, 0xff,
    0x8, 0x7, 0xff, 0xe9, 0x12, 0x0, 0xff, 0xe1,
    0x5d, 0xa4, 0x3, 0xff, 0x8b, 0x1f, 0xe5, 0x0,
    0xfb, 0xbf, 0xc0, 0x1, 0x0, 0xff, 0xe0, 0x90,
    0x1, 0x80, 0x3f, 0xf8, 0x2a, 0x0, 0xe0, 0xf,
    0xfe, 0xc, 0x81, 0xa0, 0x7, 0xff, 0x1, 0x4,
    0x38, 0x3, 0xff, 0x82, 0x9b, 0x84, 0x0,

    /* U+04CB "Ӌ" */
    0xaf, 0xf3, 0x0, 0x7f, 0xbb, 0xfc, 0x40, 0x1f,
    0xff, 0xf0, 0xf, 0xfe, 0xa9, 0x80, 0x7f, 0xf1,
    0x78, 0x1, 0xe0, 0x1f, 0xfc, 0x24, 0x0, 0x30,
    0x80, 0x7f, 0xf0, 0x4c, 0xc0, 0xf, 0x61, 0x0,
    0x89, 0x1e, 0x84, 0x3, 0x70, 0x80, 0xcf, 0x7f,
    0xdb, 0x70, 0xa0, 0x1c, 0x5e, 0xc0, 0x1f, 0xc6,
    0x1, 0xe1, 0x9f, 0xca, 0x99, 0xab, 0x7f, 0x4,
    0x3, 0xf1, 0xab, 0x34, 0xa4, 0x1, 0xff, 0xff,
    0x0, 0xff, 0xe1, 0x13, 0x30, 0x40, 0x3f, 0xf8,
    0x49, 0x32, 0x0, 0xff, 0xec, 0x47, 0xf8, 0x80,
    0x3f, 0xff, 0xe0, 0x1f, 0x95, 0xdc, 0x80, 0x10,

    /* U+04CC "ӌ" */
    0x6f, 0xf4, 0x0, 0x7d, 0xff, 0x0, 0x7f, 0xfb,
    0xc, 0x3, 0xff, 0x82, 0xc0, 0x2, 0x0, 0xff,
    0x18, 0x1, 0x44, 0x3, 0xfc, 0xc0, 0xc, 0x40,
    0x0, 0x9b, 0x0, 0x69, 0x20, 0x2b, 0xff, 0x76,
    0x48, 0x7, 0x6b, 0x80, 0x7f, 0xf0, 0x63, 0xf2,
    0xa9, 0x7b, 0xe0, 0x1f, 0x8d, 0x54, 0x84, 0x1,
    0xff, 0xce, 0x36, 0x60, 0x7, 0xfd, 0x73, 0x20,
    0xf, 0xfe, 0x85, 0x7f, 0x80, 0x3f, 0xfe, 0x98,
    0xef, 0x0, 0x0,

    /* U+04CD "Ӎ" */
    0x5f, 0xfa, 0xc0, 0x3f, 0xf8, 0x59, 0xff, 0x20,
    0x7, 0x90, 0x80, 0x3f, 0xf8, 0x6, 0x60, 0xf,
    0xfa, 0x80, 0x3f, 0xf8, 0x12, 0x1, 0xff, 0xc0,
    0x60, 0xf, 0xf8, 0x54, 0x3, 0xfc, 0x20, 0x2c,
    0x1, 0xfe, 0x60, 0x0, 0x80, 0x7e, 0x60, 0x5,
    0x0, 0x7f, 0xa8, 0x0, 0xc0, 0x1f, 0xb9, 0x40,
    0xcc, 0x1, 0xf9, 0x8, 0x18, 0x3, 0xf8, 0x78,
    0x1, 0x20, 0x1f, 0xbc, 0x1, 0x40, 0x1f, 0xe4,
    0x20, 0x51, 0x0, 0xf1, 0x20, 0x19, 0x84, 0x3,
    0xf7, 0x85, 0x80, 0x18, 0x3, 0xd4, 0x0, 0x90,
    0xf, 0xfe, 0x3, 0x0, 0x24, 0x3, 0xcc, 0x2,
    0xa0, 0x60, 0x1f, 0x84, 0x0, 0xc0, 0x28, 0x1,
    0x98, 0x41, 0x80, 0x3f, 0xf8, 0x56, 0x0, 0xf0,
    0xd, 0x40, 0x9, 0x0, 0x8, 0x7, 0xe3, 0x0,
    0x11, 0x82, 0x10, 0x0, 0xcc, 0xa, 0x20, 0x1f,
    0xfc, 0x39, 0x0, 0x50, 0x2, 0x40, 0x12, 0x1,
    0xff, 0xc4, 0x51, 0x6, 0x1, 0x50, 0x23, 0x0,
    0xff, 0xe2, 0xc8, 0xb, 0x30, 0x1, 0x60, 0x1f,
    0xfc, 0x66, 0x0, 0x55, 0x0, 0xc, 0x1, 0xff,
    0xc6, 0x15, 0x3, 0x20, 0x60, 0xf, 0xfe, 0x44,
    0x80, 0x6b, 0x0, 0xfd, 0x8a, 0xa0, 0xf, 0xe3,
    0x20, 0x2, 0x10, 0x7, 0xe7, 0xab, 0x0, 0xff,
    0x58, 0x3, 0xc0, 0x3f, 0xf8, 0xb, 0xfe, 0xa0,
    0xf, 0x37, 0xf9, 0x0, 0x3d, 0x7f, 0xe0, 0x1,
    0x80, 0x7f, 0xf2, 0x84, 0x0, 0xc0, 0x1f, 0xfc,
    0xa7, 0x0, 0x70, 0x7, 0xff, 0x2a, 0xc0, 0x94,
    0x3, 0xff, 0x92, 0x64, 0x1c, 0x1, 0xff, 0xca,
    0x3d, 0xc3, 0x0,

    /* U+04CE "ӎ" */
    0x8f, 0xf9, 0x80, 0x3f, 0xd1, 0xff, 0x20, 0x7,
    0xd6, 0x1, 0xfe, 0x70, 0xf, 0xf8, 0x90, 0x3,
    0xf3, 0x80, 0x7f, 0xf0, 0x60, 0x3, 0xf5, 0x0,
    0x7f, 0xc2, 0x6, 0x60, 0xf, 0x29, 0x0, 0x7f,
    0xcc, 0x0, 0x90, 0xf, 0x48, 0x1, 0x40, 0x3f,
    0xb5, 0x1, 0x44, 0x3, 0x19, 0x81, 0x8c, 0x3,
    0xfd, 0xe0, 0x9, 0x0, 0xd2, 0x0, 0xb0, 0xf,
    0xf9, 0x8, 0x18, 0x2, 0x25, 0x4, 0x20, 0xf,
    0xfe, 0x5, 0x80, 0xb0, 0x2, 0xc0, 0x10, 0x1,
    0xff, 0xc1, 0x61, 0xb, 0x1, 0x60, 0x33, 0x0,
    0x7f, 0xf0, 0x98, 0x9, 0x18, 0x1, 0x20, 0x1f,
    0xfc, 0x39, 0x0, 0x44, 0x80, 0xa8, 0x7, 0xff,
    0xc, 0x58, 0xc, 0x42, 0x40, 0x3f, 0xf8, 0xb6,
    0x1, 0x98, 0x3, 0xda, 0xcc, 0x0, 0xfc, 0x48,
    0x0, 0x61, 0x0, 0xf3, 0x4c, 0x88, 0x3, 0xf7,
    0x80, 0x2c, 0x3, 0xfe, 0x8f, 0xf2, 0x80, 0x64,
    0xff, 0x10, 0x6, 0x9f, 0xf2, 0x0, 0xc, 0x3,
    0xff, 0x8e, 0xa0, 0x22, 0x0, 0xff, 0xe3, 0x18,
    0x83, 0x80, 0x7f, 0xf1, 0xe4, 0x1, 0x0, 0x1f,
    0xfc, 0x61, 0x70, 0x91, 0x0, 0xff, 0xe3, 0xe,
    0xd3, 0x0, 0x0,

    /* U+04CF "ӏ" */
    0x2f, 0xf7, 0x0, 0x7f, 0xff, 0xc0, 0x3f, 0x80,

    /* U+04D0 "Ӑ" */
    0x0, 0xe2, 0xff, 0x18, 0x4, 0x9f, 0xe2, 0x0,
    0xff, 0x10, 0x84, 0x0, 0x5e, 0x4, 0x40, 0xf,
    0xfa, 0x81, 0x3f, 0x7d, 0x2, 0x40, 0x3f, 0xf8,
    0x9, 0x8a, 0x24, 0x2b, 0x88, 0x1, 0xff, 0xc1,
    0x3a, 0xef, 0xea, 0x30, 0xf, 0xfe, 0xc0, 0xff,
    0xb8, 0x3, 0xff, 0x8a, 0xc0, 0x1, 0x50, 0xf,
    0xfe, 0x25, 0x0, 0x52, 0x1, 0xff, 0xc3, 0x42,
    0x1, 0x3, 0x20, 0xf, 0xfe, 0x17, 0x0, 0x28,
    0x1, 0x40, 0x1f, 0xfc, 0x11, 0x50, 0x44, 0x10,
    0x30, 0x7, 0xff, 0x5, 0x80, 0x1c, 0x14, 0x2,
    0xa0, 0x1f, 0xfc, 0xa, 0x0, 0x28, 0x30, 0x3,
    0x80, 0x3f, 0xe3, 0x20, 0x60, 0x0, 0xa0, 0x21,
    0x0, 0x7f, 0xa8, 0x1, 0x40, 0x17, 0x0, 0x28,
    0x3, 0xfc, 0xc0, 0x46, 0x1, 0x28, 0x83, 0x0,
    0x7f, 0x30, 0x2, 0x80, 0x39, 0xc0, 0x54, 0x3,
    0xf5, 0x0, 0x18, 0x3, 0xa8, 0x1, 0xc0, 0x1f,
    0x19, 0x80, 0x59, 0xdf, 0x90, 0x0, 0x82, 0x1,
    0xea, 0x0, 0xc, 0x47, 0xc0, 0x14, 0x80, 0x79,
    0x80, 0x3f, 0xf8, 0x2c, 0x1, 0xcc, 0x0, 0x6f,
    0xff, 0xe4, 0x1, 0x40, 0xd, 0x40, 0xa, 0x0,
    0xfe, 0xe0, 0x7, 0x80, 0x44, 0x60, 0x46, 0x1,
    0xfc, 0xa2, 0x8, 0x20, 0xb, 0x0, 0x50, 0x7,
    0xfc, 0xe0, 0x6, 0x0, 0x38, 0x1, 0x80, 0x3f,
    0xea, 0x0, 0x50, 0x28, 0x82, 0x8, 0x7, 0xfc,
    0x64, 0x4, 0x80,

    /* U+04D1 "ӑ" */
    0x0, 0xa3, 0xf4, 0x3, 0x57, 0xd8, 0x7, 0x60,
    0x13, 0x80, 0x15, 0x41, 0xa0, 0x1c, 0x8c, 0x11,
    0xfe, 0xa0, 0x46, 0x0, 0xf4, 0xda, 0x99, 0x96,
    0xac, 0x3, 0xf2, 0x56, 0x62, 0x94, 0x3, 0xff,
    0x96, 0xb7, 0xdf, 0xed, 0x92, 0x0, 0xe2, 0xda,
    0x41, 0x0, 0x13, 0x6b, 0x0, 0x43, 0x84, 0x7,
    0x35, 0x2a, 0x0, 0x94, 0x0, 0x40, 0x83, 0x63,
    0x2b, 0x54, 0x0, 0x20, 0x0, 0xe0, 0x9, 0x0,
    0xe7, 0x0, 0x18, 0x3, 0xbf, 0xc0, 0x1f, 0x10,
    0x7, 0xff, 0x14, 0x40, 0x21, 0x7b, 0xef, 0xfc,
    0x40, 0x1c, 0xfd, 0x8, 0x20, 0x1f, 0xcf, 0x0,
    0x31, 0x9f, 0xf8, 0x80, 0x34, 0x0, 0x31, 0xcc,
    0x3, 0xf1, 0x80, 0x14, 0x80, 0x3f, 0xce, 0x0,
    0x10, 0xf, 0x9, 0x0, 0x4a, 0x0, 0x44, 0x0,
    0x63, 0xc0, 0xc, 0x2a, 0x0, 0xbb, 0x44, 0x33,
    0x4, 0x1, 0x18, 0x51, 0x80, 0x11, 0xdc, 0x60,
    0xa8, 0x0, 0x70, 0x6, 0x49, 0x88, 0xa, 0xdd,
    0x72, 0x20, 0xc0,

    /* U+04D2 "Ӓ" */
    0x0, 0xf0, 0x98, 0x7, 0x19, 0x0, 0x7f, 0xc9,
    0xd9, 0x20, 0x14, 0x66, 0xa8, 0x7, 0xfb, 0x0,
    0x8, 0x1, 0x20, 0x3, 0x0, 0x3f, 0xd4, 0x41,
    0x60, 0x14, 0x80, 0xd0, 0x7, 0xf8, 0xb7, 0xd8,
    0x2, 0x5f, 0xe3, 0x0, 0xff, 0xeb, 0xf, 0xfb,
    0x80, 0x3f, 0xf8, 0xac, 0x0, 0x15, 0x0, 0xff,
    0xe2, 0x50, 0x5, 0x20, 0x1f, 0xfc, 0x34, 0x20,
    0x10, 0x32, 0x0, 0xff, 0xe1, 0x70, 0x2, 0x80,
    0x14, 0x1, 0xff, 0xc1, 0x15, 0x4, 0x41, 0x3,
    0x0, 0x7f, 0xf0, 0x58, 0x1, 0xc1, 0x40, 0x2a,
    0x1, 0xff, 0xc0, 0xa0, 0x2, 0x83, 0x0, 0x38,
    0x3, 0xfe, 0x32, 0x6, 0x0, 0xa, 0x2, 0x10,
    0x7, 0xfa, 0x80, 0x14, 0x1, 0x70, 0x2, 0x80,
    0x3f, 0xcc, 0x4, 0x60, 0x12, 0x88, 0x30, 0x7,
    0xf3, 0x0, 0x28, 0x3, 0x9c, 0x5, 0x40, 0x3f,
    0x50, 0x1, 0x80, 0x3a, 0x80, 0x1c, 0x1, 0xf1,
    0x98, 0x5, 0x9d, 0xf9, 0x0, 0x8, 0x20, 0x1e,
    0xa0, 0x0, 0xc4, 0x7c, 0x1, 0x48, 0x7, 0x98,
    0x3, 0xff, 0x82, 0xc0, 0x1c, 0xc0, 0x6, 0xff,
    0xfe, 0x40, 0x14, 0x0, 0xd4, 0x0, 0xa0, 0xf,
    0xee, 0x0, 0x78, 0x4, 0x46, 0x4, 0x60, 0x1f,
    0xca, 0x20, 0x82, 0x0, 0xb0, 0x5, 0x0, 0x7f,
    0xce, 0x0, 0x60, 0x3, 0x80, 0x18, 0x3, 0xfe,
    0xa0, 0x5, 0x2, 0x88, 0x20, 0x80, 0x7f, 0xc6,
    0x40, 0x48,

    /* U+04D3 "ӓ" */
    0x0, 0x9f, 0xf4, 0x40, 0x2b, 0xfb, 0x0, 0xe9,
    0x2, 0x60, 0x1, 0x20, 0x21, 0x80, 0x64, 0x0,
    0x20, 0x0, 0x84, 0x4, 0xc0, 0x35, 0x67, 0x18,
    0x5, 0xd9, 0xc0, 0x1e, 0x31, 0x0, 0xe3, 0x0,
    0xf9, 0x6f, 0xbf, 0xdb, 0x24, 0x1, 0xc5, 0xb4,
    0x82, 0x0, 0x26, 0xd6, 0x0, 0x87, 0x8, 0xe,
    0x6a, 0x54, 0x1, 0x28, 0x0, 0x81, 0x6, 0xc6,
    0x56, 0xa8, 0x0, 0x40, 0x1, 0xc0, 0x12, 0x1,
    0xce, 0x0, 0x30, 0x7, 0x7f, 0x80, 0x3e, 0x20,
    0xf, 0xfe, 0x28, 0x80, 0x42, 0xf7, 0xdf, 0xf8,
    0x80, 0x39, 0xfa, 0x10, 0x40, 0x3f, 0x9e, 0x0,
    0x63, 0x3f, 0xf1, 0x0, 0x68, 0x0, 0x63, 0x98,
    0x7, 0xe3, 0x0, 0x29, 0x0, 0x7f, 0x9c, 0x0,
    0x20, 0x1e, 0x12, 0x0, 0x94, 0x0, 0x88, 0x0,
    0xc7, 0x80, 0x18, 0x54, 0x1, 0x76, 0x88, 0x66,
    0x8, 0x2, 0x30, 0xa3, 0x0, 0x23, 0xb8, 0xc1,
    0x50, 0x0, 0xe0, 0xc, 0x93, 0x10, 0x15, 0xba,
    0xe4, 0x41, 0x80,

    /* U+04D4 "Ӕ" */
    0x0, 0xff, 0xe1, 0x67, 0xff, 0xff, 0x9, 0x80,
    0x3f, 0xf8, 0x4c, 0x60, 0x1f, 0xfd, 0x1, 0x90,
    0xc, 0x75, 0x5f, 0xe4, 0x0, 0xff, 0xe0, 0xd8,
    0x1, 0x40, 0xc, 0xab, 0xfe, 0x20, 0xf, 0xfe,
    0x2, 0x28, 0x1c, 0x80, 0x4, 0x3, 0xff, 0x97,
    0x20, 0xf, 0x10, 0x3, 0x80, 0x7f, 0xf2, 0xa0,
    0x81, 0x8c, 0xc0, 0x1f, 0xfc, 0xc2, 0x70, 0x18,
    0x0, 0xc2, 0x1, 0xff, 0xc9, 0xe0, 0x4, 0x8,
    0x8, 0x0, 0xc0, 0x3f, 0xf9, 0xc, 0x60, 0x6c,
    0x1, 0xc3, 0xff, 0xfc, 0x40, 0x1f, 0xc3, 0x20,
    0xf, 0x0, 0xff, 0xe7, 0x58, 0x1, 0x8c, 0x3,
    0x8, 0x2, 0xab, 0xf8, 0x80, 0x3f, 0x22, 0x80,
    0xc0, 0x7, 0x18, 0x1, 0x57, 0xf8, 0x3, 0xfa,
    0x80, 0x10, 0x20, 0x1c, 0x20, 0x1, 0x0, 0xff,
    0xe2, 0x40, 0x80, 0x27, 0xff, 0xc6, 0x0, 0x30,
    0xf, 0xfe, 0x19, 0xb8, 0x7, 0xff, 0x4, 0x40,
    0x3f, 0xf8, 0x7e, 0x0, 0x24, 0x4f, 0xc2, 0x1,
    0xff, 0xc5, 0x63, 0x1, 0xcb, 0xbf, 0xc8, 0x0,
    0x70, 0xf, 0xfe, 0x8, 0xc8, 0x2, 0x4, 0x3,
    0xf1, 0x80, 0x4, 0x3, 0xff, 0x83, 0x60, 0x3,
    0x60, 0xf, 0xe1, 0x0, 0x62, 0xaf, 0xf8, 0x81,
    0x14, 0x1, 0xe0, 0x1f, 0xfc, 0x16, 0xaa, 0xff,
    0x20, 0x50, 0x1, 0x8c, 0x3, 0xfd, 0xe0, 0x1f,
    0xfc, 0x20,

    /* U+04D5 "ӕ" */
    0x0, 0x8e, 0x77, 0xfd, 0xd6, 0xa0, 0x10, 0xc6,
    0xff, 0xba, 0x90, 0x3, 0xa7, 0x18, 0x80, 0x2,
    0x95, 0x80, 0xbc, 0xe4, 0x0, 0x15, 0xba, 0x0,
    0xa5, 0x80, 0xb, 0x34, 0xe2, 0x7, 0x94, 0x0,
    0x59, 0xa7, 0x10, 0x59, 0x1, 0x60, 0x5, 0xd3,
    0x2c, 0x78, 0x81, 0x80, 0x2e, 0x99, 0x63, 0xc8,
    0x18, 0xc8, 0x41, 0x50, 0x3, 0xc, 0x80, 0x50,
    0x80, 0x18, 0x64, 0x1, 0x47, 0xdf, 0x40, 0x1e,
    0x20, 0x9, 0xc0, 0x3c, 0x80, 0x5, 0x0, 0xf1,
    0x16, 0x30, 0x1, 0x91, 0x7e, 0x0, 0x10, 0x0,
    0xa7, 0x7f, 0x77, 0x48, 0x0, 0xf7, 0x7f, 0x0,
    0x4, 0x17, 0x58, 0x80, 0x3f, 0xf9, 0x5, 0x40,
    0x4, 0xbf, 0xfd, 0x60, 0x5, 0xff, 0xff, 0xac,
    0x0, 0xb6, 0x80, 0x1f, 0x30, 0x7, 0xfc, 0x40,
    0x9, 0x0, 0xfe, 0x30, 0xf, 0xfe, 0x10, 0x80,
    0x78, 0x40, 0x27, 0x0, 0xff, 0x10, 0x2, 0xc0,
    0x39, 0x68, 0x2, 0x85, 0x0, 0xf2, 0x58, 0x58,
    0x1, 0xad, 0x95, 0xf6, 0x80, 0xe, 0x0, 0xac,
    0x75, 0x54, 0x65, 0xa3, 0x14, 0x0, 0x12, 0x6a,
    0x8, 0xb, 0x22, 0xc4, 0xe, 0x2a, 0x8e, 0x60,
    0x4a, 0xf, 0x8a, 0x20, 0x1, 0x5a, 0xd3, 0x4,
    0xe8, 0x31, 0x0, 0x12, 0xd6, 0x98,

    /* U+04D6 "Ӗ" */
    0x0, 0xbf, 0xcc, 0x1, 0xf, 0xf9, 0x0, 0x3c,
    0x81, 0x62, 0x0, 0x80, 0x2, 0x80, 0x7a, 0x44,
    0xbb, 0x79, 0x82, 0x4, 0x3, 0xc5, 0x8c, 0x24,
    0x29, 0x6e, 0x1, 0xf8, 0xa7, 0xbf, 0xd6, 0x80,
    0x1f, 0xfc, 0x95, 0xff, 0xff, 0xe1, 0x0, 0x7f,
    0xf2, 0xe, 0x67, 0xfe, 0x0, 0xcc, 0xdf, 0xfc,
    0x0, 0xf, 0xff, 0xf8, 0x7, 0xf2, 0xff, 0xff,
    0x40, 0x7, 0xff, 0x24, 0xe6, 0x7f, 0xac, 0x3,
    0x99, 0xbf, 0xc6, 0x1, 0xff, 0xff, 0x0, 0xff,
    0xe7, 0x33, 0x7f, 0xf0, 0x0, 0x31, 0xcc, 0xff,
    0xc2, 0x1, 0xff, 0xc4,

    /* U+04D7 "ӗ" */
    0x0, 0x9a, 0x10, 0x3, 0x34, 0x18, 0x7, 0x6b,
    0xf0, 0x6, 0x97, 0x50, 0xe, 0xd0, 0x56, 0x1,
    0xa0, 0x3, 0x80, 0x73, 0x28, 0x4f, 0xf2, 0x85,
    0x8, 0x7, 0xaa, 0x88, 0x46, 0xda, 0xa0, 0x1f,
    0x96, 0xf7, 0x24, 0x80, 0x3f, 0xf9, 0x65, 0x3b,
    0xfe, 0xd9, 0x20, 0xf, 0x3e, 0xb1, 0x0, 0x9,
    0xb5, 0x80, 0x34, 0x40, 0x0, 0xd5, 0x2a, 0x0,
    0x95, 0x0, 0x23, 0x80, 0xec, 0xab, 0x55, 0x80,
    0x2c, 0x1, 0x0, 0xa, 0x20, 0xc, 0x8c, 0x2,
    0xa4, 0x60, 0x68, 0x1, 0xed, 0x0, 0x62, 0x0,
    0x1d, 0x57, 0xe2, 0x0, 0x17, 0x0, 0x12, 0xab,
    0xe9, 0x0, 0x38, 0x7, 0xff, 0x1a, 0x7f, 0xff,
    0xd9, 0xc0, 0xe, 0x0, 0xff, 0x94, 0x0, 0x80,
    0x1f, 0xf1, 0x88, 0x1a, 0x0, 0x7c, 0x84, 0x0,
    0x80, 0x5, 0xa0, 0x7, 0x2d, 0xea, 0x3, 0x28,
    0x2, 0xe9, 0x95, 0xee, 0x80, 0x54, 0x1, 0x4e,
    0x0, 0x59, 0xa8, 0x40, 0x2c, 0x10, 0xa, 0x35,
    0x88, 0x0, 0x29, 0x3a, 0x40,

    /* U+04D8 "Ә" */
    0x0, 0xcb, 0x3b, 0xff, 0x76, 0x41, 0x80, 0x7e,
    0x3e, 0xa6, 0x20, 0x8, 0x4d, 0xf2, 0xc8, 0x3,
    0xc4, 0x20, 0x4a, 0xf1, 0x6, 0x30, 0x2, 0x6a,
    0x0, 0x70, 0xd6, 0xea, 0xa1, 0xdd, 0x39, 0xa6,
    0x0, 0xb3, 0x0, 0xe5, 0x20, 0xf, 0x8b, 0x14,
    0x1, 0xc0, 0x1f, 0xfc, 0x4a, 0x10, 0x25, 0x0,
    0xff, 0xe2, 0x40, 0x3, 0x80, 0x3f, 0xf8, 0x8e,
    0x0, 0x40, 0xf, 0xfe, 0x20, 0x90, 0x0, 0x88,
    0x89, 0xff, 0xc3, 0x0, 0x9a, 0xae, 0xff, 0xf8,
    0x64, 0x1, 0xff, 0xce, 0x8f, 0xff, 0xfe, 0x1,
    0x80, 0x5c, 0x0, 0xf0, 0xf, 0xfe, 0x0, 0x80,
    0x18, 0x80, 0x4, 0x1, 0xff, 0x9, 0x0, 0x9,
    0x0, 0x8, 0x1, 0xff, 0x38, 0x1, 0x40, 0x8,
    0x2, 0x80, 0x1f, 0xeb, 0x0, 0x70, 0x3, 0xc0,
    0x12, 0x20, 0x1f, 0xa4, 0x81, 0x10, 0x0, 0x45,
    0x2, 0xc3, 0x0, 0xe1, 0xa6, 0x1, 0x90, 0xd,
    0x46, 0x5, 0x98, 0x97, 0x8a, 0xe5, 0x1, 0xd2,
    0x0, 0xec, 0x60, 0x1, 0xb4, 0x3a, 0x80, 0x13,
    0xc, 0x3, 0xe9, 0xd7, 0x31, 0x0, 0x13, 0x5d,
    0x88, 0x3, 0x0,

    /* U+04D9 "ә" */
    0x0, 0x9a, 0xfb, 0xfd, 0xb4, 0x60, 0x1c, 0x9d,
    0x28, 0x20, 0x2, 0x5c, 0xa0, 0xd, 0xe2, 0xb,
    0x15, 0x2c, 0x0, 0x5b, 0x0, 0xa9, 0x7a, 0x9d,
    0x5a, 0x74, 0x81, 0x1c, 0x0, 0x34, 0x20, 0x1c,
    0x5e, 0x0, 0x90, 0xf, 0xf8, 0x90, 0x5, 0x0,
    0x3f, 0xed, 0x0, 0x61, 0x2a, 0xff, 0xb8, 0x0,
    0x4b, 0x55, 0xfe, 0x70, 0xf, 0xfe, 0x30, 0x80,
    0x23, 0xff, 0xe9, 0x0, 0x11, 0x0, 0x1c, 0x1,
    0xf6, 0x80, 0x31, 0x0, 0xe, 0x1, 0xe3, 0x40,
    0x14, 0x5, 0x1, 0x80, 0xc, 0x3c, 0x0, 0x80,
    0x5, 0x88, 0x3e, 0x3a, 0xc7, 0x90, 0x2b, 0x0,
    0x7, 0x44, 0xe, 0x29, 0xc4, 0x1a, 0x80, 0x31,
    0xfc, 0x18, 0x0, 0x57, 0x24, 0x2,

    /* U+04DA "Ӛ" */
    0x0, 0xe3, 0x10, 0xc, 0x26, 0x1, 0xff, 0x6e,
    0x78, 0x80, 0xb, 0xb3, 0x0, 0x1f, 0xc2, 0x40,
    0x2a, 0x0, 0x70, 0x1, 0x80, 0x7f, 0xb, 0x1,
    0xa0, 0x1, 0xc, 0x1c, 0x3, 0xfd, 0x3f, 0x80,
    0x10, 0xe7, 0xc0, 0x7, 0xff, 0x49, 0x67, 0x7f,
    0xee, 0xc8, 0x30, 0xf, 0xc7, 0xd4, 0xc4, 0x1,
    0x9, 0xbe, 0x59, 0x0, 0x78, 0x84, 0x9, 0x5e,
    0x20, 0xc6, 0x0, 0x4d, 0x40, 0xe, 0x1a, 0xdd,
    0x54, 0x3b, 0xa7, 0x34, 0xc0, 0x16, 0x60, 0x1c,
    0xa4, 0x1, 0xf1, 0x62, 0x80, 0x38, 0x3, 0xff,
    0x89, 0x42, 0x4, 0xa0, 0x1f, 0xfc, 0x48, 0x0,
    0x70, 0x7, 0xff, 0x11, 0xc0, 0x8, 0x1, 0xff,
    0xc4, 0x12, 0x0, 0x11, 0x11, 0x3f, 0xf8, 0x60,
    0x13, 0x55, 0xdf, 0xff, 0xc, 0x80, 0x3f, 0xf9,
    0xd1, 0xff, 0xff, 0xc0, 0x30, 0xb, 0x80, 0x1e,
    0x1, 0xff, 0xc0, 0x10, 0x3, 0x10, 0x0, 0x80,
    0x3f, 0xe1, 0x20, 0x1, 0x20, 0x1, 0x0, 0x3f,
    0xe7, 0x0, 0x28, 0x1, 0x0, 0x50, 0x3, 0xfd,
    0x60, 0xe, 0x0, 0x78, 0x2, 0x44, 0x3, 0xf4,
    0x90, 0x22, 0x0, 0x8, 0xa0, 0x58, 0x60, 0x1c,
    0x34, 0xc0, 0x32, 0x1, 0xa8, 0xc0, 0xb3, 0x12,
    0xf1, 0x5c, 0xa0, 0x3a, 0x40, 0x1d, 0x8c, 0x0,
    0x36, 0x87, 0x50, 0x2, 0x61, 0x80, 0x7d, 0x3a,
    0xe6, 0x20, 0x2, 0x6b, 0xb1, 0x0, 0x60,

    /* U+04DB "ӛ" */
    0x0, 0xaf, 0xe4, 0x2, 0x2e, 0xf6, 0x0, 0xc8,
    0x80, 0x61, 0x0, 0x50, 0x85, 0x80, 0x65, 0x10,
    0x21, 0x0, 0x60, 0x1, 0x0, 0x30, 0xfe, 0x68,
    0x4, 0x9b, 0x92, 0x1, 0xc2, 0x60, 0x1c, 0x46,
    0x1, 0xe6, 0xbe, 0xff, 0x6d, 0x18, 0x7, 0x27,
    0x4a, 0x8, 0x0, 0x97, 0x28, 0x3, 0x78, 0x82,
    0xc5, 0x4b, 0x0, 0x16, 0xc0, 0x2a, 0x5e, 0xa7,
    0x56, 0x9d, 0x20, 0x47, 0x0, 0xd, 0x8, 0x7,
    0x17, 0x80, 0x24, 0x3, 0xfe, 0x24, 0x1, 0x40,
    0xf, 0xfb, 0x40, 0x18, 0x4a, 0xbf, 0xee, 0x0,
    0x12, 0xd5, 0x7f, 0x9c, 0x3, 0xff, 0x8c, 0x20,
    0x8, 0xff, 0xfa, 0x40, 0x4, 0x40, 0x7, 0x0,
    0x7d, 0xa0, 0xc, 0x40, 0x3, 0x80, 0x78, 0xd0,
    0x5, 0x1, 0x40, 0x60, 0x3, 0xf, 0x0, 0x20,
    0x1, 0x62, 0xf, 0x8e, 0xb1, 0xe4, 0xa, 0xc0,
    0x1, 0xd1, 0x3, 0x8a, 0x71, 0x6, 0xa0, 0xc,
    0x7f, 0x6, 0x0, 0x15, 0xc9, 0x0, 0x80,

    /* U+04DC "Ӝ" */
    0x0, 0xfe, 0x1d, 0xf7, 0x0, 0x93, 0xb8, 0x80,
    0x1f, 0xfc, 0x67, 0x20, 0x80, 0xb, 0xc4, 0x5c,
    0x1, 0xff, 0xc6, 0x50, 0x2, 0x0, 0x58, 0x0,
    0xc0, 0xf, 0xfe, 0x31, 0xf6, 0x58, 0x4, 0xfb,
    0xa6, 0x0, 0xff, 0xe3, 0x89, 0x80, 0x71, 0x10,
    0x3, 0xff, 0xb9, 0x3f, 0xed, 0x0, 0xfd, 0x9f,
    0xe3, 0x0, 0xfa, 0xbf, 0xda, 0x0, 0x92, 0x2,
    0x90, 0xf, 0xfe, 0x2a, 0xa8, 0x1, 0xc0, 0x17,
    0x0, 0x18, 0xc0, 0x3f, 0xf8, 0x63, 0x60, 0x8,
    0x30, 0x8, 0xe0, 0x1, 0xc0, 0x1f, 0xfc, 0x3b,
    0x10, 0x47, 0x0, 0xe7, 0x30, 0x29, 0x0, 0xff,
    0xe0, 0xaa, 0x80, 0x68, 0x3, 0xee, 0x0, 0x32,
    0x0, 0x7f, 0xc3, 0x60, 0xb, 0x10, 0xf, 0x8a,
    0x80, 0x14, 0x1, 0xff, 0x58, 0x82, 0xa8, 0x3,
    0xf9, 0x54, 0x3, 0x20, 0x1f, 0xca, 0xa0, 0x2a,
    0x0, 0xff, 0xac, 0x41, 0x90, 0x3, 0xe1, 0xb0,
    0x7, 0x0, 0x7f, 0xf0, 0x6, 0x80, 0x17, 0xfe,
    0x30, 0x6, 0x7f, 0x8, 0x39, 0x80, 0x7f, 0xf3,
    0xc4, 0x3, 0xff, 0x85, 0x20, 0x3, 0x88, 0x8,
    0x1, 0xa1, 0x80, 0xc, 0x60, 0x1f, 0xfc, 0x8,
    0x20, 0x6, 0xbb, 0x88, 0x1, 0x4f, 0x28, 0x0,
    0xe0, 0xf, 0xf8, 0xdc, 0x1, 0x22, 0x1, 0xfa,
    0x40, 0x4, 0xe0, 0x1f, 0xef, 0x0, 0x1b, 0x0,
    0x7f, 0x13, 0x80, 0x20, 0x80, 0x3f, 0x39, 0x80,
    0x3c, 0x3, 0xfe, 0x82, 0x0, 0x48, 0x7, 0xc5,
    0x0, 0x6, 0x30, 0xf, 0xfe, 0x4, 0x80, 0x11,
    0x40, 0x3d, 0x20, 0x1, 0x90, 0xf, 0xfe, 0xa,
    0x28, 0x2, 0xc4, 0x3, 0x2a, 0x0, 0x2c, 0x3,
    0xff, 0x87, 0x60, 0x1, 0xb0, 0x8, 0x6c, 0x0,
    0x8a, 0x1, 0xff, 0xc3, 0x18, 0x0, 0x2a, 0x0,
    0x2c, 0x40, 0x12, 0x1, 0xff, 0xc5, 0x72, 0x0,
    0x48, 0x22, 0x80, 0x20, 0x80, 0x3f, 0xf8, 0xdc,
    0x0, 0x28,

    /* U+04DD "ӝ" */
    0x0, 0xf9, 0xbf, 0x88, 0x2, 0x9f, 0xb0, 0xf,
    0xfe, 0x1d, 0x80, 0xd0, 0x0, 0x58, 0x11, 0x0,
    0x1f, 0xfc, 0x24, 0x0, 0x60, 0x0, 0x48, 0x5,
    0x40, 0x3f, 0xf8, 0x53, 0x9a, 0x80, 0x16, 0xe7,
    0x88, 0x7, 0xff, 0xc, 0xc8, 0x3, 0x8c, 0x40,
    0x3f, 0xaf, 0xfd, 0x60, 0x1c, 0x9f, 0xea, 0x0,
    0xe5, 0xff, 0x8c, 0x1, 0x20, 0x4, 0x50, 0xf,
    0xfe, 0xd, 0x80, 0x20, 0xc0, 0x5, 0x20, 0xb,
    0x10, 0xf, 0xfa, 0x44, 0xd, 0xc0, 0x33, 0x20,
    0xc, 0x0, 0x7f, 0x8d, 0x80, 0x1c, 0x1, 0xea,
    0x0, 0x31, 0x80, 0x7f, 0x78, 0x2, 0x8, 0x3,
    0xc3, 0x20, 0xe, 0x0, 0xfc, 0xe6, 0x6, 0xe0,
    0x1f, 0x99, 0x0, 0x9c, 0x3, 0xc3, 0x0, 0xe,
    0x0, 0xff, 0x50, 0x84, 0x7d, 0x80, 0x17, 0xf8,
    0x1, 0x4, 0x1, 0xfe, 0x13, 0x0, 0xff, 0x8c,
    0x3, 0xfe, 0x82, 0x3, 0x75, 0x0, 0x13, 0xb0,
    0x2, 0x80, 0x3f, 0xc6, 0xe0, 0xe, 0x8e, 0x0,
    0x3c, 0x4a, 0x0, 0xd0, 0x7, 0xf7, 0x0, 0x20,
    0x80, 0x3e, 0xa0, 0x2, 0xa8, 0x3, 0xe9, 0x20,
    0x27, 0x0, 0xfc, 0x30, 0x0, 0xb1, 0x0, 0xe4,
    0x60, 0x7, 0x0, 0x7f, 0x9c, 0xc0, 0x6c, 0x3,
    0xd, 0x0, 0x18, 0xc0, 0x3f, 0xef, 0x0, 0x2a,
    0x80, 0x2b, 0x10, 0x19, 0x0, 0xff, 0xe0, 0x1b,
    0x80, 0x2c, 0x41, 0x54, 0x0, 0xb0, 0xf, 0xfe,
    0x14, 0x10, 0xd, 0x0,

    /* U+04DE "Ӟ" */
    0x0, 0xc4, 0x60, 0x1c, 0x64, 0x1, 0xf2, 0x6e,
    0x48, 0x5, 0x19, 0xaa, 0x1, 0xec, 0x0, 0x20,
    0x4, 0x80, 0xc, 0x0, 0xf5, 0x8, 0x58, 0x5,
    0x40, 0x34, 0x1, 0xe2, 0xef, 0x60, 0x9, 0xbf,
    0x8c, 0x3, 0xff, 0xba, 0xb5, 0xbf, 0xf6, 0xd2,
    0x80, 0x78, 0xf6, 0x94, 0x80, 0x22, 0x5a, 0xe4,
    0x0, 0x8f, 0x8, 0x0, 0xb1, 0x2e, 0xa0, 0x1,
    0xb4, 0x0, 0x70, 0x1, 0x3a, 0x9d, 0xa2, 0xb9,
    0x0, 0x12, 0x8, 0x40, 0x36, 0x20, 0x1c, 0x34,
    0x0, 0x23, 0x4, 0x44, 0x0, 0x7e, 0x14, 0x0,
    0x32, 0x5d, 0x98, 0x3, 0xf9, 0xc0, 0x2, 0x1,
    0xff, 0xc0, 0x33, 0x0, 0xa0, 0x7, 0xf8, 0xe3,
    0x0, 0x14, 0x1, 0xe2, 0xff, 0xd8, 0xe0, 0x58,
    0x80, 0x1f, 0xfc, 0x25, 0x30, 0xf, 0x8a, 0x22,
    0x75, 0x10, 0x7d, 0x20, 0xf, 0x9d, 0xe8, 0xae,
    0x60, 0x2f, 0x0, 0xff, 0xe0, 0xc9, 0x81, 0x28,
    0x7, 0xff, 0x6, 0xc0, 0x18, 0xd1, 0x2, 0x0,
    0xfe, 0x20, 0x1, 0xe3, 0xb9, 0x0, 0x3f, 0x88,
    0x0, 0x7a, 0x0, 0xb0, 0xf, 0xe9, 0x0, 0x63,
    0x8, 0x16, 0x8, 0x7, 0x16, 0x8, 0x12, 0x8d,
    0x0, 0xf, 0xa9, 0xd9, 0xef, 0x4c, 0x1, 0xc0,
    0x4, 0xc2, 0x0, 0x2c, 0x4c, 0x20, 0x0, 0xf4,
    0xc0, 0x23, 0xda, 0x52, 0x0, 0x89, 0xaf, 0x8,
    0x0,

    /* U+04DF "ӟ" */
    0x0, 0x3f, 0xe8, 0x80, 0x57, 0xf6, 0x1, 0xa4,
    0x9, 0x80, 0x4, 0x80, 0x86, 0x1, 0x20, 0x1,
    0x0, 0x4, 0x20, 0x26, 0x1, 0x56, 0x71, 0x80,
    0x5d, 0x9c, 0x1, 0xc6, 0x20, 0x1c, 0x60, 0x1e,
    0x39, 0xdf, 0xf7, 0x5b, 0x0, 0x74, 0xe3, 0x10,
    0x0, 0x52, 0x74, 0x80, 0x12, 0xc0, 0x6, 0xaa,
    0x40, 0x81, 0x70, 0xb, 0x0, 0x32, 0x55, 0x4f,
    0xe2, 0x6, 0x64, 0x0, 0x31, 0x80, 0x61, 0x70,
    0x3, 0x2f, 0xfa, 0x40, 0x3f, 0xf8, 0xe4, 0xe0,
    0x2a, 0x1, 0x96, 0xaa, 0xbd, 0x10, 0xa0, 0xe,
    0xf5, 0x59, 0x0, 0x14, 0x80, 0x1d, 0xa6, 0x71,
    0x0, 0x2a, 0x0, 0x39, 0xf3, 0x2d, 0xd1, 0x3,
    0xa8, 0x7, 0xf1, 0x48, 0x3, 0xe7, 0xfc, 0xa0,
    0x1f, 0xec, 0x0, 0x40, 0x80, 0x77, 0x80, 0x9,
    0x48, 0xb, 0xe1, 0x54, 0xfa, 0x80, 0x9, 0xc,
    0x30, 0x17, 0xaa, 0x41, 0x0, 0xe0, 0x80, 0xe5,
    0xa9, 0x0, 0x5, 0x27, 0x8c, 0x0,

    /* U+04E0 "Ӡ" */
    0xb, 0xff, 0xff, 0xe0, 0x80, 0x7f, 0xf1, 0xbe,
    0x67, 0xf8, 0x40, 0x10, 0x0, 0x46, 0x6f, 0xde,
    0x20, 0xee, 0x0, 0xff, 0x43, 0x2, 0xc0, 0x7,
    0xfa, 0x1c, 0x12, 0x80, 0x3f, 0xce, 0xe0, 0x3b,
    0x0, 0xff, 0x3c, 0x1, 0x68, 0x7, 0xf9, 0xa0,
    0x1, 0x22, 0x1, 0xfe, 0xd0, 0xa, 0xfe, 0xd0,
    0x3, 0xf0, 0x80, 0x72, 0x5c, 0x80, 0x7d, 0x5f,
    0xf6, 0x38, 0x1, 0xa0, 0x3, 0xfc, 0x71, 0x80,
    0x7, 0x10, 0xf, 0xf8, 0xd4, 0x0, 0xc0, 0x1f,
    0xfc, 0xc, 0x0, 0x71, 0x3b, 0x94, 0x3, 0xf1,
    0x80, 0xd, 0xa2, 0x12, 0x1, 0xf8, 0x80, 0x6,
    0xa0, 0x3, 0x20, 0xf, 0xa8, 0x1, 0xe2, 0x80,
    0xf, 0x20, 0xe, 0xa2, 0x1, 0x60, 0x91, 0x2,
    0xda, 0x77, 0x4f, 0x28, 0x2, 0xc0, 0x5, 0x86,
    0x0, 0x58, 0x83, 0x8, 0xd, 0xa8, 0x4, 0x59,
    0x4a, 0x20, 0x1, 0x49, 0xe4, 0x0, 0x0,

    /* U+04E1 "ӡ" */
    0xb, 0xff, 0xff, 0xe0, 0x70, 0x7, 0xff, 0x1a,
    0x2a, 0xbf, 0x48, 0x5, 0x0, 0x3, 0x55, 0xfd,
    0xa0, 0x6, 0x60, 0x7, 0xfa, 0x10, 0xe, 0x40,
    0x3f, 0xc8, 0xe0, 0x3a, 0x1, 0xfe, 0x2b, 0x0,
    0x50, 0x80, 0x7f, 0xbc, 0x1, 0x8, 0x1, 0xfe,
    0xa2, 0x5, 0x70, 0xf, 0xf3, 0xa8, 0xc, 0x0,
    0x7f, 0xd8, 0x0, 0x1d, 0xea, 0x30, 0xf, 0xc2,
    0x1, 0x85, 0x72, 0x0, 0x3e, 0xaf, 0xfb, 0x1c,
    0x0, 0xee, 0x0, 0xff, 0x1c, 0x60, 0x2, 0x4,
    0x3, 0xfe, 0x36, 0x0, 0x38, 0x7, 0xff, 0x3,
    0x0, 0x1e, 0x4e, 0xe4, 0x0, 0xfc, 0x20, 0x3,
    0x68, 0x87, 0x0, 0x7e, 0x20, 0x1, 0xa8, 0x1,
    0x44, 0x3, 0xea, 0x0, 0x60, 0xa8, 0x3, 0x44,
    0x3, 0xa0, 0xc0, 0x54, 0x2c, 0x40, 0xfe, 0x59,
    0x63, 0x5c, 0x1, 0x40, 0x1, 0xc3, 0x1, 0x69,
    0xa7, 0x20, 0x1b, 0x40, 0x8, 0xb2, 0x94, 0x40,
    0x2, 0x93, 0xc8, 0x0,

    /* U+04E2 "Ӣ" */
    0x0, 0xc4, 0x67, 0xfc, 0x40, 0x1f, 0x4e, 0x67,
    0xf7, 0x0, 0x7f, 0xf3, 0x6f, 0xff, 0xfb, 0x0,
    0x3f, 0xfb, 0x67, 0xfe, 0xc0, 0xf, 0xf2, 0xff,
    0xc0, 0x1f, 0xfc, 0x11, 0xb0, 0xf, 0xfe, 0x25,
    0x88, 0x7, 0xff, 0xd, 0x54, 0x1, 0xff, 0xc3,
    0x1b, 0x0, 0xff, 0xe2, 0x58, 0x82, 0x0, 0x7f,
    0xf0, 0x55, 0x40, 0x34, 0x1, 0xff, 0xc0, 0x1b,
    0x0, 0x58, 0x80, 0x7f, 0xf0, 0x2c, 0x41, 0x14,
    0x3, 0xff, 0x80, 0x8a, 0x0, 0xa0, 0xf, 0xfe,
    0x0, 0xd0, 0x2, 0x44, 0x3, 0xff, 0x81, 0x2,
    0x8, 0xc0, 0x1f, 0xfc, 0x4, 0x60, 0x5, 0x0,
    0x7f, 0xf0, 0x68, 0x1, 0x22, 0x1, 0xff, 0xc0,
    0x91, 0x4, 0x60, 0xf, 0xfe, 0x2, 0x30, 0x2,
    0x40, 0x3f, 0xf8, 0x3, 0x40, 0x9, 0x20, 0xf,
    0xfe, 0x1, 0x8, 0x23, 0x0, 0x7f, 0xf1, 0x24,
    0x3, 0xff, 0x89, 0x24, 0x1, 0xff, 0xc3, 0x36,
    0x0, 0xff, 0xe2, 0x70, 0x7, 0xff, 0x4,

    /* U+04E3 "ӣ" */
    0x0, 0x7f, 0xff, 0xa0, 0x3, 0xff, 0x8f, 0xb9,
    0x9f, 0xd2, 0x1, 0x88, 0xcf, 0xf8, 0x40, 0x3f,
    0xf8, 0xb1, 0xfe, 0x50, 0xf, 0x1f, 0xfc, 0x1,
    0xff, 0x78, 0x7, 0xff, 0x5, 0xcc, 0x3, 0xff,
    0x80, 0x30, 0x1, 0xff, 0xc1, 0xa0, 0xf, 0xfe,
    0xa, 0xa0, 0x30, 0x80, 0x7f, 0xd, 0x80, 0xc8,
    0x7, 0xfa, 0x4, 0x2c, 0x3, 0xfc, 0x6c, 0xa,
    0xa0, 0xf, 0xf7, 0x0, 0x2c, 0x3, 0xfc, 0xe4,
    0x12, 0x20, 0x1f, 0xc5, 0x0, 0x6c, 0x1, 0xfe,
    0x80, 0x7, 0x0, 0x7f, 0xf0, 0x5c, 0x80, 0x3f,
    0xf8, 0x5, 0x0, 0x1f, 0xfc, 0x19, 0x0, 0xff,
    0xe0, 0xaa, 0x0, 0x7f, 0x80,

    /* U+04E4 "Ӥ" */
    0x0, 0xc5, 0xde, 0xc0, 0x13, 0x7f, 0x10, 0x7,
    0xd4, 0x21, 0x60, 0x15, 0x80, 0xd0, 0x7, 0xd8,
    0x0, 0x40, 0x9, 0x0, 0x18, 0x1, 0xf2, 0x6e,
    0x48, 0x5, 0x39, 0xa8, 0x1, 0xf8, 0x8c, 0x3,
    0x8c, 0x80, 0x3f, 0xf9, 0x47, 0xfe, 0xc0, 0xf,
    0xf2, 0xff, 0xc0, 0x1f, 0xfc, 0x11, 0xb0, 0xf,
    0xfe, 0x25, 0x88, 0x7, 0xff, 0xd, 0x54, 0x1,
    0xff, 0xc3, 0x1b, 0x0, 0xff, 0xe2, 0x58, 0x82,
    0x0, 0x7f, 0xf0, 0x55, 0x40, 0x34, 0x1, 0xff,
    0xc0, 0x1b, 0x0, 0x58, 0x80, 0x7f, 0xf0, 0x2c,
    0x41, 0x14, 0x3, 0xff, 0x80, 0x8a, 0x0, 0xa0,
    0xf, 0xfe, 0x0, 0xd0, 0x2, 0x44, 0x3, 0xff,
    0x81, 0x2, 0x8, 0xc0, 0x1f, 0xfc, 0x4, 0x60,
    0x5, 0x0, 0x7f, 0xf0, 0x68, 0x1, 0x22, 0x1,
    0xff, 0xc0, 0x91, 0x4, 0x60, 0xf, 0xfe, 0x2,
    0x30, 0x2, 0x40, 0x3f, 0xf8, 0x3, 0x40, 0x9,
    0x20, 0xf, 0xfe, 0x1, 0x8, 0x23, 0x0, 0x7f,
    0xf1, 0x24, 0x3, 0xff, 0x89, 0x24, 0x1, 0xff,
    0xc3, 0x36, 0x0, 0xff, 0xe2, 0x70, 0x7, 0xff,
    0x4,

    /* U+04E5 "ӥ" */
    0x0, 0x2f, 0xf1, 0x80, 0x53, 0xf8, 0x1, 0xd2,
    0x3, 0x40, 0x13, 0x1, 0xa8, 0x6, 0x40, 0x6,
    0x0, 0x46, 0x0, 0x40, 0xd, 0x19, 0xaa, 0x1,
    0x66, 0x38, 0x40, 0x38, 0xc8, 0x3, 0x8c, 0x40,
    0x28, 0xff, 0x28, 0x7, 0x8f, 0xfe, 0x0, 0xff,
    0xbc, 0x3, 0xff, 0x82, 0xe6, 0x1, 0xff, 0xc0,
    0x18, 0x0, 0xff, 0xe0, 0xd0, 0x7, 0xff, 0x5,
    0x50, 0x18, 0x40, 0x3f, 0x86, 0xc0, 0x64, 0x3,
    0xfd, 0x2, 0x16, 0x1, 0xfe, 0x36, 0x5, 0x50,
    0x7, 0xfb, 0x80, 0x16, 0x1, 0xfe, 0x72, 0x9,
    0x10, 0xf, 0xe2, 0x80, 0x36, 0x0, 0xff, 0x40,
    0x3, 0x80, 0x3f, 0xf8, 0x2e, 0x40, 0x1f, 0xfc,
    0x2, 0x80, 0xf, 0xfe, 0xc, 0x80, 0x7f, 0xf0,
    0x55, 0x0, 0x3f, 0xc0,

    /* U+04E6 "Ӧ" */
    0x0, 0xe7, 0xfd, 0x10, 0xa, 0xfe, 0x80, 0x3f,
    0xd0, 0x4, 0xe0, 0x3, 0x40, 0x52, 0x0, 0xfe,
    0x40, 0x2, 0x80, 0x8, 0x40, 0x88, 0x1, 0xfd,
    0x79, 0xc6, 0x0, 0x1f, 0xcd, 0x0, 0xff, 0x8c,
    0x40, 0x30, 0x98, 0x7, 0xff, 0x51, 0x6b, 0xbf,
    0xdd, 0x6c, 0x1, 0xfe, 0x3d, 0xa5, 0x10, 0x0,
    0xa4, 0xf2, 0x0, 0x7c, 0xb8, 0x40, 0x4, 0x77,
    0x20, 0x0, 0x6d, 0x80, 0x38, 0xe8, 0x0, 0xdd,
    0x71, 0xb, 0xf6, 0x0, 0x49, 0x80, 0x6f, 0x0,
    0x34, 0x88, 0x7, 0x4b, 0x80, 0x38, 0x2, 0x43,
    0x2, 0x90, 0xf, 0xd0, 0x40, 0x48, 0x0, 0xe0,
    0x5, 0x0, 0x7f, 0xac, 0x1, 0xc0, 0x7, 0x0,
    0x28, 0x7, 0xf9, 0xc0, 0x8, 0x0, 0x20, 0x1,
    0x0, 0x7f, 0x84, 0x0, 0x20, 0x20, 0x2, 0x0,
    0xff, 0xe0, 0x10, 0x0, 0x8c, 0x3, 0xff, 0xb6,
    0x60, 0x1f, 0xfc, 0x71, 0x0, 0x10, 0x7, 0xff,
    0x0, 0x80, 0x4, 0x4, 0x0, 0x20, 0xf, 0xf0,
    0x80, 0x4, 0x0, 0x80, 0x5, 0x0, 0xff, 0x38,
    0x1, 0x0, 0x1a, 0x0, 0x90, 0xf, 0xf5, 0x80,
    0x3c, 0x0, 0x86, 0x3, 0x20, 0x1f, 0x9c, 0x80,
    0x94, 0x2, 0xf0, 0x3, 0x50, 0x80, 0x74, 0x40,
    0x1, 0x20, 0x18, 0xe8, 0x0, 0xbd, 0x71, 0xa,
    0xf7, 0x0, 0x4a, 0x0, 0x72, 0xe1, 0x0, 0x11,
    0xdc, 0xa0, 0x1, 0xb6, 0x0, 0xf8, 0xf6, 0x94,
    0x40, 0x2, 0x93, 0xc8, 0x1, 0x80,

    /* U+04E7 "ӧ" */
    0x0, 0xa3, 0xf0, 0x40, 0x2c, 0xf9, 0x0, 0xf3,
    0x81, 0xa0, 0x1, 0xc, 0x18, 0x40, 0x38, 0xc0,
    0xe, 0x0, 0x50, 0x1, 0x8, 0x7, 0x66, 0x38,
    0x80, 0x3, 0xd9, 0xa0, 0x1f, 0x18, 0x80, 0x61,
    0x30, 0xf, 0xc5, 0x3b, 0xfe, 0xea, 0x40, 0xf,
    0xa3, 0x58, 0x80, 0x2, 0xb7, 0x61, 0x0, 0xd2,
    0xe0, 0x5, 0x9a, 0x71, 0x4, 0xd0, 0x9, 0x18,
    0x7, 0x29, 0x96, 0x3c, 0xc0, 0xe0, 0x1, 0x0,
    0xa, 0x30, 0xc, 0x3a, 0x0, 0x71, 0x23, 0x2,
    0x40, 0xf, 0xb, 0x0, 0x1d, 0x0, 0xa, 0x1,
    0xfb, 0x40, 0x19, 0xc0, 0xd, 0x0, 0xfc, 0xc0,
    0x6, 0x10, 0xf, 0xf8, 0xc0, 0x2, 0x20, 0xf,
    0xfe, 0x10, 0xf0, 0x3, 0x40, 0x3f, 0x28, 0x1,
    0x90, 0x0, 0x80, 0x1f, 0xb4, 0x1, 0xa4, 0x40,
    0x34, 0x0, 0xf0, 0xb0, 0x1, 0x82, 0x40, 0x14,
    0x60, 0x18, 0x74, 0x0, 0xc2, 0x8, 0xc0, 0x39,
    0x4c, 0xb1, 0xe6, 0x7, 0x20, 0x14, 0xb8, 0x1,
    0x66, 0x9c, 0x41, 0x34, 0x3, 0xa3, 0x58, 0x80,
    0x2, 0xb7, 0x61, 0x0, 0x0,

    /* U+04E8 "Ө" */
    0x0, 0xe1, 0x7b, 0xef, 0xf6, 0xd2, 0x0, 0x7f,
    0x37, 0x42, 0x8, 0x0, 0x96, 0xf0, 0x80, 0x3d,
    0x32, 0x0, 0xa, 0xbb, 0x20, 0x0, 0xf4, 0xc0,
    0x33, 0x30, 0x1, 0x3d, 0x51, 0x37, 0xca, 0x0,
    0xd1, 0x0, 0xc, 0x80, 0x31, 0x80, 0x38, 0x69,
    0x80, 0x60, 0x1, 0x20, 0x7, 0x30, 0xf, 0xd2,
    0x20, 0xc2, 0xc, 0x0, 0x90, 0xf, 0xf3, 0x0,
    0x1c, 0x44, 0x4, 0x20, 0x1f, 0xec, 0x0, 0x62,
    0x80, 0x1c, 0x3, 0xfe, 0x60, 0x3, 0x8, 0x1,
    0xe6, 0x7f, 0xeb, 0x0, 0x11, 0x80, 0x9, 0x9b,
    0xff, 0x80, 0x1, 0xff, 0xca, 0x30, 0x2, 0xff,
    0xff, 0xdc, 0x1, 0x8, 0x1, 0x80, 0x3f, 0xe2,
    0x0, 0x12, 0x80, 0x8, 0x3, 0xfe, 0x50, 0x3,
    0x9, 0x0, 0xa0, 0x7, 0xfb, 0x40, 0x18, 0xa,
    0x0, 0xf0, 0xf, 0xe2, 0x40, 0x3, 0x84, 0x80,
    0x11, 0x80, 0x3f, 0x70, 0x1, 0x84, 0x6, 0x40,
    0x12, 0xe0, 0x1c, 0x56, 0x60, 0x30, 0x1, 0x33,
    0x80, 0x23, 0xaa, 0x26, 0xf5, 0x0, 0x1a, 0x20,
    0x1a, 0x24, 0x0, 0x2a, 0xec, 0x80, 0x3, 0xd3,
    0x0, 0xf3, 0x74, 0x20, 0x80, 0x9, 0x6f, 0x8,
    0x2,

    /* U+04E9 "ө" */
    0x0, 0xc5, 0x3b, 0xfe, 0xea, 0x40, 0xf, 0xa3,
    0x58, 0x80, 0x2, 0xb7, 0x61, 0x0, 0xd2, 0xe0,
    0x6, 0x9a, 0x71, 0x4, 0xd0, 0x9, 0x18, 0x7,
    0x65, 0x96, 0x3d, 0x0, 0xe0, 0x1, 0x0, 0xd,
    0x20, 0xc, 0x34, 0x20, 0xe2, 0x46, 0x6, 0x60,
    0xf, 0xb, 0x0, 0x1d, 0x0, 0x16, 0x1, 0xfa,
    0xc0, 0x19, 0xc0, 0x8, 0xff, 0xfd, 0x80, 0x6,
    0x10, 0xf, 0xfe, 0x18, 0x80, 0x1a, 0xab, 0xf4,
    0x0, 0x5c, 0x1, 0x2a, 0xfe, 0x20, 0x3, 0x20,
    0x1, 0x0, 0x3f, 0x78, 0x3, 0x8, 0x80, 0x4a,
    0x1, 0xe2, 0x50, 0x3, 0x84, 0x80, 0x28, 0xc0,
    0x30, 0xf8, 0x1, 0xc4, 0x11, 0x80, 0x19, 0x4c,
    0xb1, 0xe4, 0x7, 0x0, 0x14, 0xb8, 0x1, 0x66,
    0x9c, 0x41, 0x34, 0x3, 0xa3, 0x58, 0x80, 0x2,
    0xb7, 0x61, 0x0, 0x0,

    /* U+04EA "Ӫ" */
    0x0, 0xe5, 0xfe, 0x30, 0xa, 0x7f, 0x0, 0x3f,
    0xa4, 0x6, 0x80, 0x26, 0x3, 0x50, 0xf, 0xc8,
    0x0, 0xc0, 0x8, 0xc0, 0xe, 0x1, 0xfa, 0x33,
    0x54, 0x2, 0xcc, 0x71, 0x0, 0x7f, 0x19, 0x0,
    0x71, 0x88, 0x7, 0xff, 0x40, 0x5e, 0xfb, 0xfd,
    0xb4, 0x80, 0x1f, 0xcd, 0xd0, 0x82, 0x0, 0x25,
    0xbc, 0x20, 0xf, 0x4c, 0x80, 0x2, 0xae, 0xc8,
    0x0, 0x3d, 0x30, 0xc, 0xcc, 0x0, 0x4f, 0x54,
    0x4d, 0xf2, 0x80, 0x34, 0x40, 0x3, 0x20, 0xc,
    0x60, 0xe, 0x1a, 0x60, 0x18, 0x0, 0x48, 0x1,
    0xcc, 0x3, 0xf4, 0x88, 0x30, 0x83, 0x0, 0x24,
    0x3, 0xfc, 0xc0, 0x7, 0x11, 0x1, 0x8, 0x7,
    0xfb, 0x0, 0x18, 0xa0, 0x7, 0x0, 0xff, 0x98,
    0x0, 0xc2, 0x0, 0x79, 0x9f, 0xfa, 0xc0, 0x4,
    0x60, 0x2, 0x66, 0xff, 0xe0, 0x0, 0x7f, 0xf2,
    0x8c, 0x0, 0xbf, 0xff, 0xf7, 0x0, 0x42, 0x0,
    0x60, 0xf, 0xf8, 0x80, 0x4, 0xa0, 0x2, 0x0,
    0xff, 0x94, 0x0, 0xc2, 0x40, 0x28, 0x1, 0xfe,
    0xd0, 0x6, 0x2, 0x80, 0x3c, 0x3, 0xf8, 0x90,
    0x0, 0xe1, 0x20, 0x4, 0x60, 0xf, 0xdc, 0x0,
    0x61, 0x1, 0x90, 0x4, 0xb8, 0x7, 0x15, 0x98,
    0xc, 0x0, 0x4c, 0xe0, 0x8, 0xea, 0x89, 0xbd,
    0x40, 0x6, 0x88, 0x6, 0x89, 0x0, 0xa, 0xbb,
    0x20, 0x0, 0xf4, 0xc0, 0x3c, 0xdd, 0x8, 0x20,
    0x2, 0x5b, 0xc2, 0x0, 0x80,

    /* U+04EB "ӫ" */
    0x0, 0xaf, 0xe4, 0x2, 0x2e, 0xf6, 0x0, 0xe4,
    0x40, 0x30, 0x80, 0x28, 0x42, 0xc0, 0x39, 0x44,
    0x8, 0x40, 0x18, 0x0, 0x40, 0xe, 0x1f, 0xcd,
    0x0, 0x93, 0x72, 0x40, 0x3c, 0x26, 0x1, 0xc4,
    0x60, 0x1f, 0x8a, 0x77, 0xfd, 0xd4, 0x80, 0x1f,
    0x46, 0xb1, 0x0, 0x5, 0x6e, 0xc2, 0x1, 0xa5,
    0xc0, 0xd, 0x34, 0xe2, 0x9, 0xa0, 0x12, 0x30,
    0xe, 0xcb, 0x2c, 0x7a, 0x1, 0xc0, 0x2, 0x0,
    0x1a, 0x40, 0x18, 0x68, 0x41, 0xc4, 0x8c, 0xc,
    0xc0, 0x1e, 0x16, 0x0, 0x3a, 0x0, 0x2c, 0x3,
    0xf5, 0x80, 0x33, 0x80, 0x11, 0xff, 0xfb, 0x0,
    0xc, 0x20, 0x1f, 0xfc, 0x31, 0x0, 0x35, 0x57,
    0xe8, 0x0, 0xb8, 0x2, 0x55, 0xfc, 0x40, 0x6,
    0x40, 0x2, 0x0, 0x7e, 0xf0, 0x6, 0x11, 0x0,
    0x94, 0x3, 0xc4, 0xa0, 0x7, 0x9, 0x0, 0x51,
    0x80, 0x61, 0xf0, 0x3, 0x88, 0x23, 0x0, 0x32,
    0x99, 0x63, 0xc8, 0xe, 0x0, 0x29, 0x70, 0x2,
    0xcd, 0x38, 0x82, 0x68, 0x7, 0x46, 0xb1, 0x0,
    0x5, 0x6e, 0xc2, 0x0,

    /* U+04EC "Ӭ" */
    0x0, 0xe3, 0x0, 0xe1, 0x30, 0xf, 0xee, 0xce,
    0x0, 0x8f, 0xb2, 0x80, 0x3e, 0x31, 0x1, 0x20,
    0x2, 0x0, 0x10, 0x3, 0xe3, 0x40, 0x42, 0x0,
    0x29, 0x4, 0x80, 0x7e, 0xbf, 0xb0, 0x8, 0xb7,
    0xdc, 0x3, 0xff, 0xc0, 0x73, 0x9f, 0xf6, 0xca,
    0x0, 0x7c, 0x35, 0x8c, 0x60, 0x11, 0x35, 0xe1,
    0x0, 0x61, 0xc5, 0x0, 0x23, 0xc4, 0x10, 0x0,
    0x78, 0x60, 0x15, 0x90, 0x16, 0xdc, 0x3b, 0xaf,
    0x90, 0x7, 0x44, 0x9, 0x40, 0x1e, 0x40, 0x1c,
    0x36, 0x60, 0x30, 0xa, 0x0, 0x52, 0x0, 0xfd,
    0xc0, 0x6, 0x11, 0x2a, 0xb8, 0x3, 0xf8, 0x90,
    0x0, 0x8d, 0x54, 0x40, 0xf, 0xf6, 0x0, 0x30,
    0x3, 0xff, 0x84, 0x60, 0x2, 0x0, 0xe2, 0xff,
    0xfd, 0x60, 0x7, 0x0, 0xff, 0xe2, 0x88, 0x7,
    0x1c, 0x47, 0xe7, 0x0, 0xfc, 0x2e, 0xff, 0xac,
    0x0, 0x20, 0x1f, 0xfc, 0x27, 0x0, 0x3b, 0x55,
    0xc, 0x3, 0xfc, 0x60, 0x2, 0x15, 0x55, 0x80,
    0x7f, 0xb0, 0x1, 0x88, 0x0, 0x50, 0xf, 0xe2,
    0x40, 0x2, 0x19, 0x1, 0x28, 0x7, 0xe9, 0x0,
    0x30, 0x84, 0x80, 0x29, 0x0, 0x3d, 0x48, 0x3,
    0x0, 0x4, 0x70, 0x5, 0xe4, 0x3b, 0xa7, 0x94,
    0x1, 0xa2, 0x1, 0x44, 0x80, 0xd, 0xe2, 0xc,
    0x20, 0x7a, 0x60, 0x1c, 0xdd, 0x8, 0x20, 0x2,
    0x5b, 0xc2, 0x0, 0x80,

    /* U+04ED "ӭ" */
    0x0, 0xe, 0xfb, 0x80, 0x49, 0xdc, 0x30, 0xc,
    0xc4, 0x12, 0x1, 0x78, 0x8a, 0x40, 0x32, 0x0,
    0x10, 0x2, 0xc0, 0x6, 0x0, 0x63, 0xec, 0xa0,
    0x9, 0xf7, 0x4c, 0x1, 0xc2, 0x60, 0x1c, 0x44,
    0x0, 0xf0, 0xbe, 0x7f, 0xba, 0x8c, 0x3, 0xc9,
    0xf0, 0x60, 0x1, 0x5c, 0x90, 0xc, 0x96, 0x20,
    0xb3, 0x4c, 0x0, 0x6a, 0x0, 0xa8, 0x1, 0x94,
    0xcb, 0x3a, 0x20, 0xaa, 0x5, 0x10, 0x73, 0x0,
    0xc5, 0x40, 0x8, 0x7, 0x99, 0x50, 0x7, 0x90,
    0x80, 0x8a, 0x66, 0x10, 0x7, 0xca, 0x0, 0x40,
    0xe, 0xcf, 0xfe, 0x70, 0x0, 0x80, 0x7f, 0xf0,
    0xbc, 0x3, 0xa2, 0xab, 0x98, 0x1, 0xe0, 0x1c,
    0x8a, 0xbc, 0x20, 0x2, 0x6f, 0xf3, 0x0, 0x7c,
    0xa0, 0x7, 0x50, 0x6, 0x0, 0x79, 0x8, 0xc,
    0x8c, 0x81, 0x58, 0x3, 0x15, 0x0, 0x20, 0x1,
    0x20, 0x9, 0xb6, 0x59, 0xd1, 0x6, 0x40, 0x2,
    0x58, 0x1, 0x26, 0x98, 0x0, 0xd2, 0x1, 0x93,
    0x9c, 0x80, 0x2, 0xb9, 0x20, 0x10,

    /* U+04EE "Ӯ" */
    0x0, 0x87, 0xff, 0xfc, 0xc0, 0x1f, 0xfc, 0xe1,
    0xcc, 0xff, 0x38, 0x7, 0xe3, 0x3f, 0xf0, 0x80,
    0x7f, 0xf7, 0xa3, 0xfd, 0xa0, 0x1f, 0xe8, 0xff,
    0x70, 0x48, 0x0, 0x90, 0x3, 0xf9, 0x80, 0xc,
    0x2, 0xc0, 0x8, 0x0, 0xfc, 0xa2, 0x0, 0x90,
    0x4, 0x0, 0xc, 0xc0, 0x1f, 0x48, 0x1, 0x84,
    0x0, 0x2c, 0x0, 0x80, 0xf, 0x11, 0x80, 0x2c,
    0x3, 0x58, 0x1, 0x8, 0x3, 0xac, 0x0, 0x84,
    0x1, 0x89, 0x40, 0x10, 0x1, 0xcc, 0x0, 0xf0,
    0xf, 0x40, 0x1, 0x48, 0x2, 0x60, 0x1, 0x20,
    0x7, 0x89, 0x40, 0x16, 0x1, 0x58, 0x2, 0xc0,
    0x3f, 0x40, 0x1, 0x84, 0x10, 0x80, 0x58, 0x3,
    0xf1, 0x20, 0x2, 0x43, 0x80, 0x12, 0x1, 0xfe,
    0x80, 0x3, 0x12, 0x80, 0x18, 0x3, 0xfc, 0x68,
    0x3, 0x80, 0x6, 0x10, 0xf, 0xfa, 0x0, 0x2,
    0x0, 0xb0, 0xf, 0xfe, 0x1, 0xa0, 0x4, 0x84,
    0x1, 0xff, 0xc1, 0xf0, 0xb, 0xc0, 0x3f, 0xf8,
    0xa4, 0x80, 0x1f, 0xfc, 0x28, 0x0, 0x58, 0x7,
    0xff, 0x9, 0x8c, 0x5, 0x80, 0x3f, 0xe6, 0x79,
    0x90, 0x2, 0xc0, 0x3f, 0xf8, 0x11, 0x6, 0x0,
    0x32, 0x80, 0x7f, 0xf0, 0xce, 0xa4, 0x3, 0xfc,

    /* U+04EF "ӯ" */
    0x0, 0x1f, 0xff, 0xf9, 0x0, 0x3f, 0xf8, 0xc7,
    0x99, 0xfe, 0x40, 0xc, 0x67, 0xfe, 0x0, 0xff,
    0xe2, 0xbf, 0xfa, 0x80, 0x3e, 0x8f, 0xf4, 0xb0,
    0x1, 0x40, 0x3e, 0x50, 0x5, 0xa, 0x0, 0x14,
    0x3, 0x88, 0x80, 0x46, 0x1c, 0x0, 0xe0, 0xe,
    0x50, 0x5, 0x0, 0x14, 0x0, 0x82, 0x1, 0xac,
    0x0, 0xa0, 0x13, 0x0, 0x1c, 0x2, 0x13, 0x3,
    0x20, 0xa, 0x80, 0x14, 0x1, 0x38, 0x2, 0x80,
    0x31, 0x90, 0x18, 0x80, 0x28, 0x0, 0xe0, 0x1d,
    0x40, 0x6, 0x1, 0x30, 0x41, 0x0, 0xe6, 0x0,
    0x58, 0x38, 0x3, 0x80, 0x3c, 0x28, 0x6, 0x5a,
    0x0, 0x50, 0xf, 0xb8, 0x1, 0x48, 0xa, 0x1,
    0xf9, 0x40, 0xe, 0x0, 0xe0, 0xf, 0xe5, 0x0,
    0x85, 0x0, 0x3f, 0xb8, 0x2, 0x60, 0xf, 0xf2,
    0x8, 0x2, 0xc0, 0x3f, 0xe2, 0x2, 0x30, 0xf,
    0xf1, 0x18, 0x50, 0x7, 0xfd, 0x40, 0x5, 0x0,
    0xff, 0x1b, 0x82, 0x10, 0x7, 0xcb, 0x15, 0x80,
    0x8, 0x0, 0xfd, 0xee, 0xa0, 0x9, 0x30, 0xf,
    0xc6, 0x0, 0x3b, 0x60, 0xf, 0xc0,

    /* U+04F0 "Ӱ" */
    0x0, 0xcf, 0xfa, 0x20, 0x15, 0xfd, 0x80, 0x7f,
    0x48, 0x13, 0x0, 0x9, 0x1, 0xc, 0x3, 0xf2,
    0x0, 0x10, 0x0, 0x42, 0x2, 0x60, 0x1f, 0xab,
    0x38, 0xc0, 0x2e, 0xce, 0x0, 0xff, 0x18, 0x80,
    0x71, 0x80, 0x7f, 0xf3, 0x63, 0xfd, 0xa0, 0x1f,
    0xe8, 0xff, 0x70, 0x48, 0x0, 0x90, 0x3, 0xf9,
    0x80, 0xc, 0x2, 0xc0, 0x8, 0x0, 0xfc, 0xa2,
    0x0, 0x90, 0x4, 0x0, 0xc, 0xc0, 0x1f, 0x48,
    0x1, 0x84, 0x0, 0x2c, 0x0, 0x80, 0xf, 0x11,
    0x80, 0x2c, 0x3, 0x58, 0x1, 0x8, 0x3, 0xac,
    0x0, 0x84, 0x1, 0x89, 0x40, 0x10, 0x1, 0xcc,
    0x0, 0xf0, 0xf, 0x40, 0x1, 0x48, 0x2, 0x60,
    0x1, 0x20, 0x7, 0x89, 0x40, 0x16, 0x1, 0x58,
    0x2, 0xc0, 0x3f, 0x40, 0x1, 0x84, 0x10, 0x80,
    0x58, 0x3, 0xf1, 0x20, 0x2, 0x43, 0x80, 0x12,
    0x1, 0xfe, 0x80, 0x3, 0x12, 0x80, 0x18, 0x3,
    0xfc, 0x68, 0x3, 0x80, 0x6, 0x10, 0xf, 0xfa,
    0x0, 0x2, 0x0, 0xb0, 0xf, 0xfe, 0x1, 0xa0,
    0x4, 0x84, 0x1, 0xff, 0xc1, 0xf0, 0xb, 0xc0,
    0x3f, 0xf8, 0xa4, 0x80, 0x1f, 0xfc, 0x28, 0x0,
    0x58, 0x7, 0xff, 0x9, 0x8c, 0x5, 0x80, 0x3f,
    0xe6, 0x79, 0x90, 0x2, 0xc0, 0x3f, 0xf8, 0x11,
    0x6, 0x0, 0x32, 0x80, 0x7f, 0xf0, 0xce, 0xa4,
    0x3, 0xfc,

    /* U+04F1 "ӱ" */
    0x0, 0xa7, 0xf0, 0x3, 0x67, 0xc0, 0x6, 0x16,
    0x3, 0x40, 0x2, 0x98, 0x38, 0x6, 0x12, 0x0,
    0x28, 0x1, 0xc0, 0x6, 0x1, 0xdb, 0x9c, 0x20,
    0x2, 0xec, 0xc0, 0x7, 0x8c, 0x40, 0x30, 0x98,
    0x4, 0xff, 0xea, 0x0, 0xfa, 0x3f, 0xd2, 0xc0,
    0x5, 0x0, 0xf9, 0x40, 0x14, 0x28, 0x0, 0x50,
    0xe, 0x22, 0x1, 0x18, 0x70, 0x3, 0x80, 0x39,
    0x40, 0x14, 0x0, 0x50, 0x2, 0x8, 0x6, 0xb0,
    0x2, 0x80, 0x4c, 0x0, 0x70, 0x8, 0x4c, 0xc,
    0x80, 0x2a, 0x0, 0x50, 0x4, 0xe0, 0xa, 0x0,
    0xc6, 0x40, 0x62, 0x0, 0xa0, 0x3, 0x80, 0x75,
    0x0, 0x18, 0x4, 0xc1, 0x4, 0x3, 0x98, 0x1,
    0x60, 0xe0, 0xe, 0x0, 0xf0, 0xa0, 0x19, 0x68,
    0x1, 0x40, 0x3e, 0xe0, 0x5, 0x20, 0x28, 0x7,
    0xe5, 0x0, 0x38, 0x3, 0x80, 0x3f, 0x94, 0x2,
    0x14, 0x0, 0xfe, 0xe0, 0x9, 0x80, 0x3f, 0xc8,
    0x20, 0xb, 0x0, 0xff, 0x88, 0x8, 0xc0, 0x3f,
    0xc4, 0x61, 0x40, 0x1f, 0xf5, 0x0, 0x14, 0x3,
    0xfc, 0x6e, 0x8, 0x40, 0x1f, 0x2c, 0x56, 0x0,
    0x20, 0x3, 0xf7, 0xba, 0x80, 0x24, 0xc0, 0x3f,
    0x18, 0x0, 0xed, 0x80, 0x3f, 0x0,

    /* U+04F2 "Ӳ" */
    0x0, 0xf9, 0xbf, 0xd2, 0x7, 0xfe, 0xd1, 0x0,
    0xfc, 0x30, 0x5, 0x23, 0xa0, 0x3e, 0x20, 0x1f,
    0xa0, 0x43, 0xc2, 0x84, 0x34, 0x80, 0x3f, 0x13,
    0x4, 0x94, 0x20, 0x59, 0x80, 0x7f, 0x22, 0xbb,
    0x9, 0x2d, 0x20, 0x7, 0xf9, 0xaa, 0x0, 0x6a,
    0x8a, 0x1, 0xff, 0xcd, 0x8f, 0xf6, 0x80, 0x7f,
    0xa3, 0xfd, 0xc1, 0x20, 0x2, 0x40, 0xf, 0xe6,
    0x0, 0x30, 0xb, 0x0, 0x20, 0x3, 0xf2, 0x88,
    0x2, 0x40, 0x10, 0x0, 0x33, 0x0, 0x7d, 0x20,
    0x6, 0x10, 0x0, 0xb0, 0x2, 0x0, 0x3c, 0x46,
    0x0, 0xb0, 0xd, 0x60, 0x4, 0x20, 0xe, 0xb0,
    0x2, 0x10, 0x6, 0x25, 0x0, 0x40, 0x7, 0x30,
    0x3, 0xc0, 0x3d, 0x0, 0x5, 0x20, 0x9, 0x80,
    0x4, 0x80, 0x1e, 0x25, 0x0, 0x58, 0x5, 0x60,
    0xb, 0x0, 0xfd, 0x0, 0x6, 0x10, 0x42, 0x1,
    0x60, 0xf, 0xc4, 0x80, 0x9, 0xe, 0x0, 0x48,
    0x7, 0xfa, 0x0, 0xc, 0x4a, 0x0, 0x60, 0xf,
    0xf1, 0xa0, 0xe, 0x0, 0x18, 0x40, 0x3f, 0xe8,
    0x0, 0x8, 0x2, 0xc0, 0x3f, 0xf8, 0x6, 0x80,
    0x12, 0x10, 0x7, 0xff, 0x7, 0xc0, 0x2f, 0x0,
    0xff, 0xe2, 0x92, 0x0, 0x7f, 0xf0, 0xa0, 0x1,
    0x60, 0x1f, 0xfc, 0x26, 0x30, 0x16, 0x0, 0xff,
    0x99, 0xe6, 0x40, 0xb, 0x0, 0xff, 0xe0, 0x44,
    0x18, 0x0, 0xca, 0x1, 0xff, 0xc3, 0x3a, 0x90,
    0xf, 0xf0,

    /* U+04F3 "ӳ" */
    0x0, 0xf2, 0xd5, 0x14, 0xa, 0xa9, 0x20, 0x1f,
    0x5a, 0xa2, 0x3, 0xd5, 0x54, 0x1, 0xe8, 0x10,
    0xd1, 0xa2, 0xa, 0x30, 0xe, 0x27, 0x8, 0x36,
    0x50, 0x95, 0x0, 0xf4, 0x2, 0x39, 0xc8, 0x3b,
    0x0, 0x7d, 0x5f, 0x60, 0x7f, 0xe8, 0x0, 0xff,
    0xec, 0x3f, 0xfa, 0x80, 0x3e, 0x8f, 0xf4, 0x83,
    0x0, 0x14, 0x3, 0xe5, 0x0, 0x50, 0xa, 0x0,
    0x14, 0x3, 0x88, 0x80, 0x46, 0x0, 0xe0, 0x7,
    0x0, 0x72, 0x80, 0x28, 0x2, 0x50, 0x2, 0x8,
    0x6, 0xb0, 0x2, 0x80, 0x66, 0x0, 0x38, 0x4,
    0x26, 0x6, 0x40, 0x1a, 0x80, 0x14, 0x1, 0x38,
    0x2, 0x80, 0x38, 0xc8, 0xc, 0x40, 0x14, 0x0,
    0x70, 0xf, 0x50, 0x1, 0x80, 0x4c, 0x10, 0x40,
    0x3c, 0xc0, 0xb, 0x7, 0x0, 0x70, 0x7, 0xc2,
    0x80, 0x65, 0xa0, 0x5, 0x0, 0xfd, 0xc0, 0xa,
    0x40, 0x50, 0xf, 0xe5, 0x0, 0x38, 0x3, 0x80,
    0x3f, 0xca, 0x1, 0xa, 0x0, 0x7f, 0xb8, 0x2,
    0x60, 0xf, 0xf9, 0x4, 0x1, 0x60, 0x1f, 0xfc,
    0x2, 0x2, 0x30, 0xf, 0xf8, 0x8c, 0x28, 0x3,
    0xff, 0x81, 0x40, 0x5, 0x0, 0xff, 0x8d, 0xc1,
    0x8, 0x3, 0xf2, 0xc5, 0x60, 0x2, 0x0, 0x3f,
    0xbd, 0xd4, 0x1, 0x26, 0x1, 0xfc, 0x60, 0x3,
    0xb6, 0x0, 0xfe,

    /* U+04F4 "Ӵ" */
    0x0, 0xd7, 0xf4, 0x1, 0x17, 0x7b, 0x0, 0x7c,
    0x88, 0x5, 0x10, 0x5, 0x8, 0x58, 0x7, 0xca,
    0x20, 0x42, 0x0, 0xc0, 0x2, 0x0, 0x7c, 0x3f,
    0x9a, 0x1, 0x26, 0xe4, 0x80, 0x7e, 0x13, 0x0,
    0xe2, 0x30, 0xf, 0xfe, 0x5d, 0x7f, 0x98, 0x3,
    0xfd, 0xdf, 0xe2, 0x0, 0xff, 0xff, 0x80, 0x7f,
    0xf5, 0x4c, 0x3, 0xff, 0x8b, 0xc0, 0xf, 0x0,
    0xff, 0xe1, 0x20, 0x1, 0x84, 0x3, 0xff, 0x82,
    0x66, 0x0, 0x7b, 0x8, 0x4, 0x48, 0xf4, 0x20,
    0x1b, 0x84, 0x6, 0x7b, 0xfe, 0xdb, 0x85, 0x0,
    0xe2, 0xf6, 0x0, 0xfe, 0x30, 0xf, 0xc, 0xfe,
    0x54, 0xcd, 0x5b, 0xf8, 0x20, 0x1f, 0x8d, 0x59,
    0xa5, 0x20, 0xf, 0xff, 0xf8, 0x7, 0xff, 0xb4,

    /* U+04F5 "ӵ" */
    0x0, 0x37, 0xf1, 0x0, 0x53, 0xf6, 0x1, 0xac,
    0x6, 0x80, 0x2, 0xc0, 0x88, 0x0, 0x90, 0x1,
    0x80, 0x1, 0x20, 0x15, 0x0, 0xa7, 0x35, 0x0,
    0x2d, 0xcf, 0x10, 0xc, 0x64, 0x1, 0xc6, 0x20,
    0x6, 0xff, 0x40, 0x7, 0xdf, 0xf0, 0x7, 0xff,
    0xb0, 0xc0, 0x3f, 0xf8, 0x2c, 0x0, 0x20, 0xf,
    0xf1, 0x80, 0x14, 0x40, 0x3f, 0xcc, 0x0, 0xc4,
    0x0, 0x9, 0xb0, 0x6, 0x92, 0x2, 0xbf, 0xf7,
    0x64, 0x80, 0x76, 0xb8, 0x7, 0xff, 0x6, 0x3f,
    0x2a, 0x97, 0xbe, 0x1, 0xf8, 0xd5, 0x48, 0x40,
    0x1f, 0xff, 0x0,

    /* U+04F6 "Ӷ" */
    0x3f, 0xff, 0xfe, 0xe, 0x0, 0x7f, 0xf1, 0x86,
    0x67, 0xfe, 0x0, 0x89, 0x9b, 0xfc, 0xa0, 0x1f,
    0xff, 0xf0, 0xf, 0xff, 0xf8, 0x7, 0xff, 0xfc,
    0x2, 0x16, 0x60, 0x80, 0x7f, 0xc5, 0x32, 0x50,
    0xf, 0xfe, 0x59, 0xff, 0x94, 0x3, 0xff, 0xfd,
    0xee, 0xe6, 0x0, 0xfc,

    /* U+04F7 "ӷ" */
    0x9f, 0xff, 0xf1, 0x0, 0x7f, 0xf0, 0xde, 0xab,
    0xe2, 0x0, 0xb5, 0x57, 0xe0, 0xf, 0xff, 0xf8,
    0x7, 0xff, 0x97, 0x19, 0x40, 0x3f, 0x9a, 0x60,
    0x3, 0xff, 0x8d, 0x3f, 0xe0, 0xf, 0xff, 0x83,
    0xba, 0xc0, 0x3c,

    /* U+04F8 "Ӹ" */
    0x0, 0xfa, 0xbe, 0xc0, 0x21, 0xcf, 0x80, 0xf,
    0xfe, 0x0, 0xa8, 0x22, 0x0, 0x8, 0x60, 0xe0,
    0x1f, 0xfc, 0x1, 0x20, 0x15, 0x0, 0x38, 0x0,
    0xc0, 0x3f, 0xf8, 0x3b, 0x9e, 0x20, 0x2, 0xec,
    0xc0, 0x7, 0xff, 0x8, 0xc4, 0x3, 0x9, 0x80,
    0x7f, 0xf4, 0x8f, 0xfd, 0x80, 0x1f, 0xfc, 0x34,
    0xff, 0x60, 0x7, 0xff, 0xfc, 0x3, 0xff, 0xfe,
    0x1, 0xff, 0xc2, 0x27, 0x7e, 0x65, 0x30, 0xf,
    0xfe, 0x10, 0xc4, 0x74, 0xd6, 0x7c, 0x88, 0x7,
    0xff, 0x25, 0xbc, 0x80, 0x3f, 0xc7, 0xff, 0xee,
    0xa2, 0x1, 0xc0, 0xf, 0xfe, 0x28, 0xae, 0x10,
    0xb, 0x80, 0x7f, 0xf1, 0x86, 0x0, 0x16, 0x1,
    0xff, 0xc7, 0x40, 0x1, 0x80, 0x7f, 0xf1, 0xc4,
    0x3, 0xff, 0x94, 0x60, 0x1, 0x0, 0xff, 0xe3,
    0xd0, 0x1, 0x0, 0x3f, 0xf8, 0xcc, 0xc0, 0x4,
    0x80, 0x7f, 0x13, 0x37, 0xa3, 0x64, 0x0, 0xe6,
    0x1, 0xfc, 0x33, 0x3e, 0x72, 0x0, 0x3c, 0x0,
    0x7f, 0xf1, 0x44, 0xdf, 0x60, 0x3, 0xf0,

    /* U+04F9 "ӹ" */
    0x0, 0xe4, 0xee, 0x20, 0x4, 0xff, 0xa2, 0x1,
    0xfd, 0xe2, 0x2e, 0x0, 0xa0, 0x9, 0xc0, 0x3f,
    0xb0, 0x1, 0x80, 0x12, 0x0, 0x10, 0x3, 0xf9,
    0xf7, 0x4c, 0x1, 0x5e, 0x71, 0x0, 0x7f, 0x88,
    0x80, 0x1c, 0x62, 0x1, 0xd1, 0xfe, 0x50, 0xf,
    0xfe, 0xf, 0x7f, 0x80, 0x3f, 0xff, 0xe0, 0x1f,
    0xfd, 0xa, 0xff, 0xed, 0x81, 0x0, 0xff, 0xe2,
    0x93, 0xf2, 0x0, 0x7f, 0x9a, 0xab, 0x49, 0x80,
    0x2c, 0x80, 0x3f, 0xb1, 0x57, 0x36, 0x28, 0x2,
    0x0, 0x3f, 0xf8, 0x96, 0x0, 0x40, 0xf, 0xfe,
    0x20, 0x80, 0x4, 0x3, 0xff, 0x88, 0x20, 0x2,
    0x0, 0xff, 0xe2, 0x40, 0x1, 0x0, 0x3f, 0xb1,
    0x57, 0x35, 0xb0, 0x2, 0xc0, 0x3f, 0x9a, 0xab,
    0x4a, 0x0, 0xd9, 0x0, 0x7f, 0xf0, 0xc9, 0xfd,
    0x0, 0x3e,

    /* U+04FA "Ӻ" */
    0x0, 0x8b, 0xff, 0xff, 0x83, 0xa0, 0x1f, 0xfc,
    0xc1, 0x99, 0xff, 0x40, 0x7, 0x8d, 0x9b, 0xfc,
    0xa0, 0x1f, 0xff, 0xc1, 0xff, 0x68, 0x0, 0xbf,
    0xed, 0x0, 0xff, 0xe6, 0x8d, 0x52, 0x0, 0x3,
    0x55, 0x48, 0x7, 0xe5, 0x58, 0x0, 0x6a, 0xb2,
    0x0, 0x7f, 0xff, 0xc0, 0x3f, 0xfe, 0x86, 0xaa,
    0x20, 0xf, 0xfe, 0x10, 0xd5, 0x10, 0x3, 0xff,
    0xa2, 0x5f, 0xe7, 0x0, 0xff, 0xe4, 0x18, 0x7,
    0xff, 0x9, 0x40, 0xc, 0x1, 0xfe, 0x28, 0x86,
    0x10, 0x9, 0x80, 0x7f, 0x99, 0xdc, 0x60, 0xa,
    0x0, 0xff, 0xe1, 0xa, 0xea, 0x0, 0x7f, 0x0,

    /* U+04FB "ӻ" */
    0x0, 0x97, 0xff, 0xfc, 0xa0, 0x1f, 0xfc, 0x94,
    0xaa, 0xf9, 0xc0, 0x3c, 0x6a, 0xbf, 0x10, 0x7,
    0xff, 0x11, 0x55, 0x80, 0x3, 0x55, 0x90, 0x3,
    0xd, 0x51, 0x80, 0x9, 0x55, 0x48, 0x7, 0xff,
    0x1c, 0x7f, 0xd4, 0x0, 0x7f, 0xfb, 0x40, 0x3f,
    0xff, 0xe0, 0x1f, 0xe3, 0x55, 0x0, 0x7f, 0xf0,
    0x12, 0xa8, 0x40, 0x1f, 0xfc, 0xb5, 0xff, 0x18,
    0x7, 0xff, 0x14, 0xc0, 0x3f, 0xc4, 0x60, 0x1,
    0x0, 0xf9, 0x22, 0x18, 0x0, 0x50, 0xf, 0xd8,
    0xee, 0x10, 0x1b, 0x0, 0xff, 0x89, 0xfc, 0x40,
    0x3c,

    /* U+04FC "Ӽ" */
    0x9, 0xff, 0x70, 0x7, 0xfb, 0x3f, 0xd6, 0x1,
    0x48, 0x80, 0xc8, 0x7, 0xe7, 0x30, 0x5, 0x0,
    0x6a, 0x0, 0x31, 0x80, 0x78, 0xa0, 0x1, 0x22,
    0x1, 0x91, 0x80, 0x1c, 0x1, 0xe9, 0x0, 0x23,
    0x0, 0x7a, 0x44, 0xa, 0x0, 0x33, 0x20, 0x2,
    0x40, 0x3f, 0x50, 0x1, 0xcc, 0x0, 0x32, 0x0,
    0x92, 0x0, 0xfc, 0x8a, 0x0, 0xf0, 0x5, 0x0,
    0x11, 0x80, 0x3f, 0xd6, 0x20, 0x6e, 0xa8, 0x0,
    0x90, 0xf, 0xf8, 0x6c, 0x1, 0x16, 0x0, 0x92,
    0x0, 0xff, 0xe0, 0x2a, 0x80, 0x2, 0x6, 0xc0,
    0x1f, 0xfc, 0x2b, 0x10, 0xb, 0x80, 0x3f, 0xf8,
    0x66, 0x20, 0x13, 0x0, 0x7f, 0xf0, 0xf8, 0x3,
    0x50, 0x7, 0xff, 0x9, 0xcc, 0x4, 0x80, 0x64,
    0x3, 0xff, 0x80, 0x50, 0x0, 0xbe, 0x0, 0x32,
    0x0, 0x7f, 0xdc, 0x0, 0x55, 0x1b, 0x80, 0x24,
    0x3, 0xfc, 0xe6, 0x0, 0xb0, 0x4, 0x10, 0x14,
    0x80, 0x7e, 0x28, 0x0, 0x48, 0x80, 0x52, 0x0,
    0x63, 0x0, 0xfb, 0x80, 0x8, 0xc0, 0x19, 0x18,
    0x1, 0xc0, 0x1e, 0x73, 0x0, 0x48, 0x7, 0xa0,
    0x40, 0xa9, 0x54, 0x20, 0x50, 0x0, 0x92, 0x0,
    0xf0, 0xd0, 0x1, 0x6a, 0x84, 0x1c, 0x0, 0x36,
    0x0, 0xfc, 0x8a, 0x1, 0xec, 0xff, 0x60, 0x7,
    0xfa, 0xbd, 0x40, 0x3f, 0xf9, 0x2, 0x1, 0xff,
    0xc7, 0x14, 0x0, 0x10, 0x7, 0xff, 0x4, 0xe2,
    0x18, 0x0, 0x41, 0x0, 0xff, 0xe0, 0xa3, 0xb8,
    0x80, 0x64, 0x3, 0xff, 0x84, 0x20, 0x1, 0x6f,
    0x20,

    /* U+04FD "ӽ" */
    0xd, 0xff, 0x38, 0x7, 0xaf, 0xfd, 0x40, 0x17,
    0x0, 0x20, 0x40, 0x32, 0x20, 0x6, 0xc0, 0x23,
    0x70, 0x5, 0x80, 0x69, 0x0, 0x58, 0x80, 0x68,
    0x20, 0x53, 0x0, 0x41, 0x2, 0x28, 0x7, 0xb8,
    0x1, 0xc0, 0x4e, 0x0, 0xa0, 0xf, 0x8d, 0x80,
    0x9a, 0x40, 0x12, 0x20, 0x1f, 0xa4, 0x82, 0x50,
    0x11, 0x80, 0x3f, 0xd2, 0x1, 0xa4, 0x3, 0xfe,
    0x42, 0x0, 0x29, 0x0, 0x7f, 0xcc, 0x40, 0x5,
    0x30, 0xf, 0xf0, 0xc8, 0x6, 0xe0, 0xf, 0xf5,
    0x0, 0x25, 0x80, 0xa0, 0x3, 0xf2, 0xa0, 0x1b,
    0x48, 0x83, 0x98, 0x7, 0x86, 0xc0, 0x1e, 0x0,
    0xb0, 0x7, 0x0, 0x7a, 0x84, 0x1c, 0xc0, 0xa,
    0x80, 0x52, 0xaa, 0x20, 0x54, 0x1, 0x80, 0xd,
    0x20, 0x6, 0xaa, 0x28, 0xd8, 0x2, 0xc0, 0x38,
    0xa0, 0x3, 0x87, 0xbf, 0xca, 0x1, 0xe7, 0xf8,
    0x0, 0xff, 0xe3, 0x88, 0x7, 0xff, 0x6, 0xc0,
    0x4, 0x1, 0xfc, 0x31, 0xc, 0x30, 0x14, 0x0,
    0xfe, 0x27, 0x71, 0x80, 0x2c, 0x3, 0xff, 0x82,
    0x2b, 0x8a, 0x0,

    /* U+04FE "Ӿ" */
    0x9, 0xff, 0x68, 0x7, 0xfb, 0x3f, 0xd6, 0x0,
    0x91, 0x2, 0x90, 0xf, 0xcc, 0x60, 0xa, 0x0,
    0xa8, 0x0, 0xc6, 0x1, 0xe2, 0x90, 0x4, 0x88,
    0x4, 0x8a, 0x0, 0xe0, 0xf, 0x48, 0x0, 0xd8,
    0x3, 0xac, 0x40, 0xa0, 0x3, 0x32, 0x0, 0x38,
    0x3, 0xc3, 0x60, 0x7, 0x20, 0x0, 0xc0, 0x2,
    0x8, 0x3, 0xe5, 0x50, 0x3, 0x80, 0x16, 0x20,
    0x6e, 0x1, 0xfd, 0x62, 0x6, 0xca, 0xa0, 0x7,
    0x0, 0x7f, 0x86, 0xc0, 0x13, 0x60, 0x8, 0x20,
    0xf, 0xf2, 0x0, 0x80, 0x4, 0x0, 0x2a, 0x1,
    0xfe, 0x9a, 0x10, 0xe, 0x9a, 0x10, 0xf, 0xfe,
    0x8e, 0xf9, 0x80, 0x62, 0xff, 0x8, 0x7, 0xf9,
    0x8c, 0x0, 0x20, 0x50, 0x1, 0xff, 0x14, 0x80,
    0x26, 0x80, 0xe, 0x60, 0x1f, 0xee, 0x0, 0x23,
    0x23, 0x0, 0x38, 0x3, 0xf9, 0x8c, 0x1, 0x20,
    0x8, 0x10, 0x28, 0x0, 0xf8, 0xa4, 0x1, 0x24,
    0x0, 0x1a, 0x0, 0x39, 0x80, 0x7b, 0x80, 0x6,
    0xc0, 0x19, 0x14, 0x1, 0xc0, 0x1c, 0xc6, 0x0,
    0xe0, 0xf, 0x58, 0x81, 0x40, 0x4, 0x52, 0x0,
    0x82, 0x0, 0xf0, 0xd8, 0x1, 0xcc, 0x1, 0xc0,
    0x3, 0x70, 0xf, 0xca, 0xa0, 0x7, 0x0,

    /* U+04FF "ӿ" */
    0xd, 0xff, 0x38, 0x7, 0xaf, 0xfd, 0x40, 0xe,
    0x0, 0x40, 0x80, 0x65, 0x40, 0x1b, 0x0, 0x1b,
    0x80, 0x2c, 0x3, 0x58, 0x2, 0xc4, 0x2, 0x82,
    0x5, 0x40, 0x4, 0x8, 0x2a, 0x80, 0x3b, 0x80,
    0x12, 0x4, 0xe0, 0x36, 0x1, 0xe3, 0x70, 0x27,
    0xe0, 0x5, 0x88, 0x7, 0xd0, 0x41, 0x6, 0xa,
    0xa0, 0xf, 0xbf, 0xc4, 0x1, 0x97, 0xfc, 0x1,
    0xff, 0xca, 0xaa, 0x20, 0x6, 0x6a, 0xa0, 0x7,
    0x95, 0xd0, 0x4, 0x0, 0x8a, 0xa0, 0xf, 0xa4,
    0x1, 0x70, 0x5, 0x20, 0x1f, 0x32, 0x2, 0x2b,
    0x90, 0x31, 0x80, 0x70, 0xc8, 0x2, 0x40, 0x12,
    0x0, 0xe0, 0xe, 0xa0, 0x3, 0x90, 0x1, 0x14,
    0xa, 0x0, 0x25, 0x40, 0x18, 0x0, 0xd6, 0x0,
    0x73, 0x1, 0xb0, 0x5, 0x80, 0x70, 0xc0, 0x3,
    0x80,

    /* U+0500 "Ԁ" */
    0x0, 0xff, 0xe0, 0xbf, 0xfa, 0x40, 0x3f, 0xff,
    0xe0, 0x1f, 0xfe, 0x52, 0x56, 0x77, 0xec, 0x0,
    0xf3, 0x6e, 0xaa, 0x62, 0x39, 0x0, 0x3a, 0xa4,
    0x80, 0x3f, 0xf8, 0x32, 0xa0, 0x7, 0xdf, 0xff,
    0x40, 0x4, 0x4c, 0x0, 0xb8, 0x20, 0xf, 0xf2,
    0x0, 0x11, 0x0, 0x1f, 0xfc, 0xf, 0x0, 0x60,
    0x7, 0xff, 0x4, 0xc0, 0x2, 0x1, 0xff, 0xc1,
    0x20, 0x7, 0x80, 0x7f, 0xf0, 0x70, 0x0, 0xe0,
    0x1f, 0xfc, 0x14, 0x20, 0x1b, 0x10, 0xf, 0xfe,
    0x7, 0x0, 0x13, 0xe5, 0xd9, 0xbb, 0x40, 0x31,
    0xe1, 0x0, 0xb4, 0x4c, 0xf2, 0x80, 0x71, 0xec,
    0xa0, 0x80, 0x7f, 0x80,

    /* U+0501 "ԁ" */
    0x0, 0xff, 0x86, 0xed, 0x0, 0x1f, 0xf1, 0xa2,
    0x40, 0x1f, 0xff, 0xf0, 0xc, 0xd9, 0xfe, 0xea,
    0x20, 0xf, 0xe, 0x49, 0x80, 0x5, 0x76, 0x80,
    0x3b, 0x4c, 0x0, 0xd3, 0xa, 0xe, 0x1, 0x98,
    0xc0, 0x76, 0x59, 0xeb, 0x4, 0x3, 0x40, 0x2,
    0x88, 0x3, 0x1d, 0x80, 0x46, 0x20, 0x48, 0x1,
    0xe7, 0x0, 0x94, 0x0, 0x80, 0x1f, 0xf0, 0x80,
    0x3c, 0x3, 0xfe, 0xf0, 0xf, 0xfe, 0x17, 0x80,
    0x7f, 0xf0, 0x88, 0x1, 0xc0, 0x1f, 0xf3, 0x80,
    0x10, 0x3, 0xfe, 0x22, 0x1, 0xa0, 0x7, 0x90,
    0x3, 0x58, 0x2, 0x88, 0x3, 0x1c, 0x80, 0x66,
    0x30, 0x1d, 0xa7, 0x75, 0xe0, 0x7, 0xb4, 0xc0,
    0xb, 0x10, 0x40, 0x90, 0xe, 0x1c, 0x93, 0x0,
    0xb, 0x6b, 0x8, 0x0,

    /* U+0502 "Ԃ" */
    0x0, 0xff, 0xe0, 0xb7, 0xfa, 0x80, 0x3f, 0xff,
    0xe0, 0x1f, 0xff, 0xf0, 0xf, 0xfe, 0xd1, 0x2b,
    0x3b, 0xf6, 0x0, 0x7f, 0xf0, 0x97, 0x75, 0x53,
    0x11, 0xca, 0x1, 0xff, 0xc1, 0xaa, 0x10, 0x7,
    0xff, 0xc, 0x9d, 0xc8, 0x0, 0x85, 0x0, 0x36,
    0x7f, 0xfa, 0x40, 0x3c, 0x71, 0x9, 0x1, 0x70,
    0x5, 0x49, 0x80, 0x7f, 0xf0, 0x44, 0xc0, 0x88,
    0xe0, 0x3, 0x50, 0xf, 0xfe, 0x22, 0x80, 0x13,
    0x80, 0x8, 0x1, 0xff, 0xc5, 0xe0, 0x7, 0x8,
    0x3, 0xc0, 0x3f, 0xf9, 0x3, 0xc0, 0xd, 0x0,
    0xff, 0xe2, 0xf8, 0x3, 0x90, 0x0, 0xa2, 0x1,
    0xff, 0xc4, 0x50, 0x1, 0x9c, 0x0, 0xd1, 0x0,
    0xff, 0xe1, 0x39, 0x0, 0xa0, 0x70, 0x0, 0xfa,
    0x9d, 0x9b, 0xb0, 0x0, 0xcc, 0x7b, 0x80, 0x5,
    0x80, 0xb, 0x8, 0x0, 0xb1, 0x33, 0xca, 0x0,
    0x39, 0x84, 0x0, 0x4a, 0x80, 0x47, 0xb4, 0x82,
    0x1, 0xff, 0xc0, 0x26, 0xd6, 0x0, 0x0,

    /* U+0503 "ԃ" */
    0x0, 0xff, 0x8a, 0x20, 0x80, 0x1f, 0xfc, 0x97,
    0x7b, 0x40, 0x3f, 0xff, 0xe0, 0x1f, 0xff, 0xf0,
    0xf, 0xfe, 0x13, 0x67, 0xfb, 0xa4, 0x80, 0x3f,
    0xf8, 0x83, 0x92, 0x60, 0x1, 0x6d, 0xc0, 0xf,
    0xfe, 0x1d, 0x18, 0x1, 0x66, 0x14, 0x18, 0x3,
    0xf9, 0x98, 0x80, 0x5, 0x40, 0x6, 0x53, 0x3d,
    0x60, 0x80, 0x7f, 0x44, 0xd0, 0x2, 0x40, 0x12,
    0x60, 0x18, 0xe0, 0x3, 0xf9, 0x0, 0x48, 0x4c,
    0x5, 0x80, 0x3c, 0x60, 0x1f, 0xda, 0x0, 0x45,
    0x0, 0x28, 0x7, 0xff, 0x14, 0x80, 0x1c, 0x40,
    0x3, 0x0, 0xff, 0xe2, 0xb0, 0x0, 0x80, 0x2f,
    0x0, 0xff, 0xe4, 0x8, 0x7, 0xff, 0x25, 0xc0,
    0x2, 0x60, 0xe, 0x0, 0xff, 0xe2, 0x90, 0x0,
    0x98, 0x0, 0xa0, 0x1f, 0x8, 0x7, 0xf6, 0x0,
    0x34, 0xc4, 0xc, 0xc0, 0x1e, 0x20, 0x1, 0x0,
    0x71, 0x28, 0x1, 0x41, 0x80, 0x1c, 0x40, 0x18,
    0xe4, 0x0, 0x86, 0x1, 0xf, 0x80, 0x1c, 0x1,
    0x4, 0x5, 0xb2, 0xee, 0xbc, 0x5, 0x0, 0x64,
    0x3c, 0xf1, 0x1, 0xc0, 0x5, 0xe4, 0x0, 0x68,
    0x82, 0x5, 0xd1, 0x80, 0x1e, 0x18, 0x0, 0x9a,
    0x1, 0x8b, 0x60, 0xc0, 0x4, 0xda, 0x81, 0x90,
    0x60, 0x1, 0x5b, 0xb0, 0x80, 0x0,

    /* U+0504 "Ԅ" */
    0x2f, 0xff, 0xb6, 0x98, 0x3, 0xff, 0x92, 0x4b,
    0x3c, 0x60, 0x1f, 0xf1, 0xcc, 0xfa, 0x14, 0x0,
    0x38, 0x40, 0x1f, 0xe1, 0x66, 0xf3, 0xd7, 0x18,
    0x2, 0x40, 0x3f, 0xf8, 0xe3, 0xa0, 0x4, 0x0,
    0xff, 0xe4, 0x9, 0x0, 0x8, 0x3, 0xff, 0xbe,
    0x24, 0x2, 0x40, 0x19, 0x19, 0x82, 0x1, 0xfe,
    0x1a, 0x0, 0x48, 0x7, 0x14, 0xc9, 0x80, 0x39,
    0xde, 0x8a, 0xe4, 0x6, 0x70, 0xe, 0x50, 0x6,
    0x0, 0x74, 0x44, 0xea, 0x3, 0x52, 0x1, 0xe3,
    0x0, 0x20, 0x7, 0xfc, 0x30, 0x60, 0x1f, 0x10,
    0x0, 0x80, 0x37, 0xfe, 0xc4, 0x2, 0xc2, 0x0,
    0xf3, 0x0, 0x4, 0x3, 0xf1, 0xd9, 0x80, 0x2c,
    0x3, 0xf9, 0xc0, 0x3f, 0xd0, 0x0, 0x40, 0xf,
    0x38, 0x1, 0xc0, 0x3f, 0xc8, 0x0, 0x20, 0xf,
    0x10, 0x0, 0x80, 0x3f, 0xf8, 0xe4, 0x20, 0x22,
    0x0, 0xff, 0xe3, 0xd0, 0x1, 0xc0, 0x3f, 0xf8,
    0x6, 0x0, 0x60, 0x9, 0x1c, 0x1, 0x60, 0x1f,
    0xfc, 0xb, 0x0, 0x4c, 0x9e, 0xac, 0x1, 0x4,
    0x1, 0xff, 0xc0, 0x73, 0x0, 0x34, 0x28, 0x1,
    0xdc, 0x1, 0xff, 0xc2, 0xc8, 0x30, 0x0, 0xb6,
    0x40, 0x4,

    /* U+0505 "ԅ" */
    0x3f, 0xfe, 0xeb, 0x60, 0xf, 0xf8, 0x40, 0x38,
    0x52, 0x78, 0xc0, 0x3f, 0x8a, 0xef, 0x54, 0x10,
    0xe, 0x80, 0x7f, 0x91, 0x32, 0xbe, 0x98, 0xb,
    0x0, 0x7f, 0xf1, 0x24, 0x1, 0xe0, 0x1f, 0xfc,
    0x41, 0x0, 0xf0, 0xd5, 0x18, 0x3, 0xfb, 0xc0,
    0x1a, 0x1, 0xb, 0xac, 0x0, 0x48, 0xab, 0x3e,
    0x20, 0x3a, 0x0, 0x64, 0x1, 0x30, 0x5, 0x56,
    0x83, 0xa, 0x80, 0xe, 0xf0, 0x2, 0x0, 0x7f,
    0x53, 0x80, 0x71, 0x0, 0x38, 0x1, 0xdf, 0xf7,
    0x48, 0x2, 0xc, 0x3, 0xff, 0x84, 0x2d, 0x20,
    0xb, 0x0, 0xc4, 0x0, 0xe0, 0xf, 0xc4, 0x0,
    0x10, 0xd, 0xa0, 0x3, 0x0, 0xff, 0x8c, 0x2,
    0x54, 0x1, 0x40, 0xf, 0xca, 0x0, 0x57, 0x6a,
    0xa0, 0x2, 0x80, 0x3f, 0x85, 0x0, 0x11, 0x2a,
    0x0, 0x94, 0x0, 0xff, 0x5b, 0x90, 0x0, 0x9b,
    0x58, 0x0,

    /* U+0506 "Ԇ" */
    0xbf, 0xfe, 0xeb, 0x60, 0xf, 0xfe, 0x0, 0xa4,
    0xf2, 0x0, 0x68, 0xaa, 0xd2, 0xe4, 0x3, 0x66,
    0x1, 0x1a, 0xae, 0x68, 0xd6, 0x0, 0x78, 0x7,
    0xfd, 0x22, 0x6, 0x20, 0x1f, 0xf2, 0x0, 0x8,
    0x3, 0xff, 0x9c, 0x80, 0x3, 0x0, 0xff, 0x40,
    0x83, 0x0, 0x61, 0x55, 0x9a, 0x35, 0xc1, 0x24,
    0x3, 0x2d, 0x55, 0x2e, 0x41, 0x16, 0x1, 0xff,
    0xc1, 0xa3, 0x0, 0xe4, 0xff, 0xd8, 0xa0, 0x58,
    0x60, 0x1f, 0xc7, 0x4e, 0x0, 0x80, 0xf, 0xfa,
    0x0, 0x8, 0x1, 0xff, 0xc0, 0x30, 0x1, 0x0,
    0x7f, 0xce, 0x0, 0x10, 0xf, 0xfe, 0x8a, 0xa1,
    0x80, 0x7f, 0x8, 0x2, 0x6f, 0x80, 0x3f, 0xb4,
    0x3, 0xff, 0x84, 0xa0, 0x1f, 0xfc, 0x22, 0xfd,
    0x0, 0x38, 0x7, 0xfc, 0xa0, 0xf, 0x0, 0xff,
    0xa4, 0x9, 0x40, 0x3f, 0xc8, 0x21, 0xc0, 0x1f,
    0xf2, 0x65, 0x98, 0x0,

    /* U+0507 "ԇ" */
    0x1f, 0xff, 0x6c, 0x90, 0x7, 0xff, 0x0, 0x9b,
    0x5c, 0x3, 0xd, 0x57, 0x4a, 0x80, 0x21, 0x40,
    0x32, 0xaf, 0x35, 0x48, 0x2, 0x40, 0x3f, 0xe6,
    0x0, 0x18, 0x7, 0xff, 0x39, 0x40, 0xa, 0x1,
    0xc8, 0xab, 0x35, 0x50, 0xa, 0xc0, 0x3a, 0xea,
    0xa9, 0x50, 0x5d, 0x10, 0xf, 0xfe, 0x2, 0xd0,
    0x7, 0xbf, 0xfa, 0xc8, 0x16, 0x0, 0x3f, 0xc9,
    0xe0, 0x5, 0x0, 0xff, 0x88, 0x40, 0x80, 0x3f,
    0xf8, 0x66, 0x61, 0x0, 0xff, 0xe0, 0x66, 0x1c,
    0x3, 0xf8, 0x80, 0x3f, 0xf8, 0x52, 0x42, 0x0,
    0x30, 0xf, 0xe5, 0xd7, 0x0, 0x30, 0x7, 0xfc,
    0x80, 0x26, 0x1, 0xfe, 0x52, 0x9, 0x0, 0xff,
    0xb8, 0xd, 0xc0, 0x3f, 0xeb, 0x8d, 0x0, 0x0,

    /* U+0508 "Ԉ" */
    0x0, 0xed, 0xff, 0xff, 0xe0, 0x50, 0x7, 0xff,
    0xc, 0xc0, 0x3f, 0xfa, 0x2, 0x0, 0x89, 0x9f,
    0x28, 0x7, 0xff, 0x25, 0xd9, 0xbd, 0x80, 0x1f,
    0xfe, 0x21, 0x0, 0x8, 0x7, 0xff, 0x34, 0xc0,
    0x6, 0x1, 0xff, 0xd0, 0x10, 0xf, 0xfe, 0x29,
    0x10, 0x40, 0x38, 0x40, 0x3f, 0xf8, 0xe3, 0xba,
    0xc0, 0xe, 0x70, 0x3, 0x80, 0x7f, 0xf1, 0x4,
    0xc0, 0x88, 0x1, 0xf0, 0x80, 0x7f, 0xf1, 0x54,
    0x0, 0xe0, 0x18, 0x40, 0x6, 0x1, 0xff, 0xc5,
    0xf0, 0x6, 0x0, 0x63, 0x0, 0x8, 0x7, 0xff,
    0x14, 0xc0, 0x4, 0x1, 0xb8, 0x1, 0xe0, 0x1f,
    0xfc, 0x51, 0x0, 0xf8, 0x80, 0x4, 0x1, 0xff,
    0xc5, 0x10, 0xf, 0x9c, 0x0, 0xe0, 0x1f, 0xfc,
    0x52, 0x0, 0x10, 0x4, 0x24, 0x0, 0x20, 0xf,
    0x8c, 0x3, 0xfb, 0x0, 0x1e, 0x1, 0x48, 0x1,
    0x0, 0x3f, 0x8, 0x1, 0x80, 0x38, 0x90, 0x0,
    0xe0, 0x5, 0x70, 0x7, 0x0, 0x7e, 0x60, 0x1,
    0x98, 0x2, 0x1f, 0x0, 0x30, 0xdf, 0x50, 0x0,
    0x94, 0x3, 0xf1, 0x18, 0x3, 0x21, 0xe7, 0x88,
    0xa, 0x41, 0x44, 0x0, 0x3e, 0x1, 0xfe, 0xe1,
    0x0, 0x3c, 0x30, 0x1, 0x30, 0x3, 0x13, 0x79,
    0x0, 0x7f, 0x8b, 0xdc, 0x80, 0x2, 0xb7, 0x61,
    0x0, 0x0,

    /* U+0509 "ԉ" */
    0x0, 0xc3, 0xff, 0xfe, 0xa0, 0xf, 0xfe, 0x9,
    0x80, 0x7f, 0xf3, 0xce, 0xab, 0x38, 0x7, 0xff,
    0x10, 0x40, 0xc, 0xab, 0xac, 0x3, 0xf4, 0xd4,
    0x80, 0x73, 0x80, 0xc, 0x3, 0xff, 0x82, 0x6a,
    0xc4, 0x1, 0xf0, 0x80, 0x7f, 0xf0, 0x70, 0x0,
    0x80, 0x18, 0x40, 0x1e, 0x1, 0xff, 0xc1, 0x50,
    0x7, 0x80, 0x63, 0x0, 0x8, 0x7, 0xff, 0x4,
    0x80, 0xa, 0x1, 0x84, 0x0, 0x60, 0x1f, 0xfc,
    0x11, 0x0, 0x8, 0x6, 0xf0, 0x0, 0x80, 0x7f,
    0xf2, 0x48, 0x0, 0xe0, 0x1f, 0xfc, 0x12, 0x0,
    0x8, 0x6, 0x70, 0x1, 0x80, 0x7f, 0xf0, 0x5c,
    0x0, 0xc0, 0x11, 0x10, 0x8, 0x3, 0x84, 0x0,
    0xe0, 0x1d, 0xe0, 0xf, 0x0, 0xf, 0x0, 0x10,
    0x3, 0x88, 0x0, 0x46, 0x1, 0x22, 0x80, 0xa8,
    0x77, 0xc, 0x1, 0x40, 0x1e, 0x60, 0x6, 0x42,
    0xcd, 0x80, 0x2c, 0x0, 0x20, 0x13, 0x98, 0x7,
    0xa4, 0xc0, 0xf, 0x4c, 0x0, 0x95, 0x0, 0xc7,
    0x50, 0x1, 0xfb, 0x20, 0xc0, 0x2, 0xda, 0xc0,
    0x0,

    /* U+050A "Ԋ" */
    0x5f, 0xf5, 0x0, 0x7f, 0x97, 0xfd, 0x40, 0x1f,
    0xff, 0xf0, 0xf, 0xff, 0xf8, 0x7, 0xff, 0x9c,
    0x59, 0x88, 0x1, 0xff, 0xcc, 0x19, 0x95, 0x0,
    0x67, 0x7f, 0xfb, 0xc0, 0x3f, 0x90, 0x4, 0x80,
    0x22, 0x88, 0xff, 0x28, 0x7, 0xf1, 0x80, 0x10,
    0x3, 0xff, 0x99, 0xc0, 0xf, 0x0, 0x97, 0xff,
    0xfd, 0x40, 0x1f, 0xc4, 0x0, 0x20, 0xf, 0xff,
    0x40, 0x80, 0x7f, 0xf3, 0xc8, 0x0, 0x40, 0x1f,
    0xfc, 0xcc, 0x0, 0x60, 0x7, 0xff, 0x8, 0x40,
    0xc, 0x1, 0xc4, 0x80, 0x4, 0x0, 0xff, 0xe1,
    0x20, 0x0, 0xcc, 0x1, 0x17, 0x80, 0x1c, 0x40,
    0x3f, 0xf8, 0x6a, 0x0, 0xc9, 0x79, 0xd2, 0x3,
    0x80, 0xf, 0xfe, 0x25, 0x90, 0x1, 0xa1, 0x80,
    0x9, 0xa0, 0x1f, 0xfc, 0x51, 0xc7, 0x30, 0x0,
    0xad, 0xd8, 0x40, 0x0,

    /* U+050B "ԋ" */
    0xcf, 0xf1, 0x0, 0x7d, 0xff, 0x0, 0x7f, 0xff,
    0xc0, 0xf, 0x98, 0x20, 0xf, 0xfe, 0x41, 0x19,
    0x94, 0x3, 0xff, 0x90, 0x80, 0xc, 0x0, 0xff,
    0xe4, 0x8, 0x81, 0x40, 0x36, 0xff, 0xfc, 0x1,
    0xfc, 0x40, 0x22, 0x0, 0xff, 0xe4, 0x38, 0x0,
    0xc0, 0x29, 0xaa, 0xf8, 0x3, 0xf9, 0xc0, 0x3c,
    0x8a, 0xbf, 0x0, 0x7f, 0x8, 0x0, 0xc0, 0x3f,
    0xf9, 0x4, 0x2, 0x20, 0xf, 0xf8, 0x80, 0x2,
    0x1, 0x98, 0x0, 0x80, 0x1f, 0xfc, 0x4, 0x0,
    0x48, 0x4, 0x30, 0x0, 0x90, 0xf, 0xfe, 0x5,
    0x0, 0x1e, 0x99, 0xfc, 0x41, 0x8c, 0x3, 0xff,
    0x80, 0x6e, 0x0, 0x59, 0x81, 0x5, 0x90, 0xf,
    0xfe, 0x14, 0x5a, 0x8, 0xa, 0x55, 0x0, 0x20,

    /* U+050C "Ԍ" */
    0x0, 0xf3, 0x5f, 0x7f, 0xbb, 0x20, 0x80, 0x3e,
    0x5e, 0x94, 0x10, 0x0, 0x9b, 0xea, 0x0, 0x74,
    0x50, 0x80, 0xb4, 0x41, 0xd0, 0x5, 0x0, 0x33,
    0x38, 0x2, 0x3a, 0x5d, 0xd1, 0x7f, 0xa0, 0x18,
    0x64, 0x1, 0x2e, 0x1, 0xf1, 0x80, 0x69, 0x0,
    0x23, 0x0, 0x7f, 0xf0, 0x54, 0x1, 0xe0, 0x1f,
    0xfc, 0x22, 0x0, 0x20, 0x7, 0xff, 0x4, 0x80,
    0x2, 0x1, 0xff, 0xc5, 0x30, 0xf, 0xfe, 0x79,
    0x6e, 0xa4, 0x3, 0xff, 0x84, 0x45, 0x38, 0x7,
    0xff, 0xc, 0xc0, 0x48, 0x2, 0x30, 0xf, 0xf2,
    0x80, 0x1c, 0x80, 0x2, 0x1, 0xfe, 0x10, 0x1,
    0x1, 0x0, 0x10, 0x3, 0xff, 0x84, 0xa0, 0xf,
    0x0, 0xfe, 0x20, 0x0, 0x84, 0x80, 0x11, 0x80,
    0x3e, 0x15, 0x0, 0x28, 0xc, 0x80, 0x25, 0xc0,
    0x38, 0x74, 0x0, 0x66, 0x0, 0x33, 0x80, 0x23,
    0xa5, 0xdd, 0x3c, 0x60, 0x3c, 0x1, 0xa2, 0x84,
    0x5, 0xa2, 0xc, 0x0, 0x3c, 0x20, 0xe, 0x5e,
    0x94, 0x10, 0x1, 0x2d, 0x61, 0x0, 0x0,

    /* U+050D "ԍ" */
    0x0, 0xc5, 0x3b, 0xfe, 0xeb, 0x60, 0xf, 0x46,
    0xb1, 0x0, 0x5, 0x24, 0x80, 0x34, 0x38, 0x1,
    0xa6, 0x50, 0x84, 0x40, 0x8, 0xdc, 0x7, 0x25,
    0x98, 0xf7, 0xa0, 0x1a, 0x0, 0x16, 0x60, 0x1f,
    0xe4, 0x1, 0x50, 0xf, 0xf2, 0x0, 0x10, 0x3,
    0xfe, 0x20, 0x1, 0x0, 0x7f, 0xf0, 0xbc, 0x3,
    0xe7, 0x72, 0x80, 0x6f, 0x0, 0xfa, 0x22, 0x2,
    0x0, 0x10, 0x7, 0xc4, 0x4, 0x8, 0x0, 0x40,
    0xf, 0xf0, 0x82, 0x80, 0xb0, 0x7, 0xfd, 0x0,
    0x9, 0x40, 0xc, 0x44, 0x1, 0x10, 0x14, 0x0,
    0x2e, 0x99, 0x5f, 0x0, 0x12, 0x1, 0x3c, 0x80,
    0x16, 0x6a, 0x4, 0x15, 0xc0, 0x33, 0x73, 0x90,
    0x0, 0x52, 0xa8, 0x0,

    /* U+050E "Ԏ" */
    0x7f, 0xff, 0xfe, 0x2c, 0x80, 0x7f, 0xf3, 0x56,
    0x67, 0xe0, 0xa, 0x67, 0xea, 0x0, 0x89, 0x9b,
    0xe0, 0x9, 0x9b, 0xe3, 0x0, 0xff, 0xff, 0x80,
    0x7f, 0xc4, 0x50, 0x7, 0xff, 0x1e, 0x77, 0x46,
    0x1, 0xff, 0xc6, 0xc0, 0x2, 0x0, 0x7f, 0xf1,
    0x90, 0x1, 0x80, 0x1f, 0xfc, 0x63, 0x0, 0x28,
    0x7, 0xff, 0x24, 0x40, 0x3f, 0xf8, 0xe2, 0x0,
    0x10, 0xf, 0xfe, 0x30, 0x80, 0x4, 0x3, 0xff,
    0x8a, 0x20, 0x1, 0x0, 0xff, 0xe3, 0x20, 0x1,
    0x40, 0x3f, 0x84, 0x0, 0x40, 0x1d, 0x20, 0xd,
    0x0, 0xfe, 0x50, 0x5, 0x80, 0x69, 0x30, 0x16,
    0x0, 0xfe, 0xf0, 0x3, 0x5b, 0xc6, 0xb0, 0x3,
    0x40, 0x3f, 0xc8, 0xc0, 0x4, 0x87, 0x20, 0x1b,
    0x30, 0xf, 0xfa, 0x69, 0x4, 0x0, 0x71, 0xc8,
    0x1, 0x0,

    /* U+050F "ԏ" */
    0xef, 0xff, 0xfe, 0xa, 0x0, 0x7f, 0xf2, 0x6a,
    0xb9, 0xc0, 0x9, 0x55, 0xca, 0x1, 0x22, 0xae,
    0xc0, 0x1, 0x2a, 0xf0, 0x80, 0x7f, 0xf5, 0xf3,
    0xb4, 0x3, 0xff, 0x86, 0x82, 0x46, 0x1, 0xff,
    0xc2, 0xc0, 0x5, 0x80, 0x7f, 0xf0, 0x98, 0x0,
    0x60, 0x1f, 0xfc, 0x22, 0x0, 0x30, 0x7, 0xff,
    0x8, 0x40, 0x3f, 0xf8, 0xa4, 0x0, 0x60, 0xe,
    0x60, 0x1, 0x0, 0x75, 0x80, 0x30, 0x3, 0x88,
    0x41, 0xc, 0x2, 0x27, 0x0, 0x30, 0x7, 0x98,
    0x1, 0xae, 0xd3, 0xa0, 0x7, 0x10, 0xf, 0x41,
    0x80, 0xc4, 0xb0, 0x1, 0xe0, 0x3, 0xf6, 0x41,
    0x80, 0x5, 0x72, 0x0, 0x0,

    /* U+0510 "Ԑ" */
    0x0, 0xc7, 0x19, 0xdf, 0xf6, 0xca, 0x0, 0x78,
    0xaf, 0x1c, 0xc4, 0x2, 0x26, 0xbd, 0x30, 0x8,
    0xb1, 0x0, 0x4, 0xd1, 0x7, 0x40, 0x1, 0x62,
    0x0, 0x24, 0x40, 0x73, 0x65, 0xdd, 0x17, 0xca,
    0x0, 0xb1, 0x12, 0x0, 0x30, 0xc0, 0x3c, 0x34,
    0x60, 0x6, 0x50, 0x1, 0x90, 0x7, 0xf4, 0x88,
    0xb9, 0xc0, 0x3f, 0xf8, 0x2b, 0xdc, 0x93, 0x10,
    0x32, 0x0, 0xff, 0xe1, 0x58, 0x3, 0xd0, 0x3,
    0xff, 0x82, 0xb4, 0x25, 0x7d, 0x75, 0x33, 0x0,
    0x7e, 0x5c, 0x20, 0x14, 0x56, 0x68, 0x40, 0x3e,
    0x7d, 0x20, 0x0, 0x91, 0x9c, 0x20, 0x1e, 0x98,
    0x1, 0x9e, 0xe6, 0xe6, 0x40, 0x1e, 0x36, 0x1,
    0xf6, 0x10, 0xf, 0xfa, 0xc0, 0xc, 0x20, 0x1f,
    0xfc, 0x12, 0x0, 0x70, 0x7, 0xfc, 0xcd, 0x18,
    0x3, 0x80, 0x3f, 0xc5, 0x32, 0x8c, 0x0, 0x30,
    0x80, 0x7f, 0x40, 0x1, 0x54, 0x40, 0x38, 0x60,
    0x1e, 0x1a, 0x50, 0x4, 0x7, 0x88, 0x16, 0x6c,
    0xbb, 0x45, 0xf2, 0x80, 0x20, 0xc0, 0xbd, 0x40,
    0x4, 0xd1, 0x2e, 0x80, 0x1, 0xa7, 0x0, 0x86,
    0xb6, 0x10, 0x40, 0x22, 0x6a, 0xe5, 0x0, 0x0,

    /* U+0511 "ԑ" */
    0x0, 0x8e, 0x77, 0xfe, 0xd9, 0x20, 0xe, 0x9c,
    0x62, 0x0, 0x89, 0xb6, 0x40, 0x27, 0x60, 0x2,
    0xcd, 0x4a, 0x80, 0x1a, 0x40, 0x12, 0x0, 0xaa,
    0x32, 0xb5, 0x60, 0x1, 0x88, 0x44, 0x4, 0xa0,
    0x1c, 0x6c, 0x0, 0x70, 0xf, 0xfa, 0x7f, 0xca,
    0x28, 0x4, 0xc0, 0x1f, 0xf5, 0x18, 0x4e, 0xd4,
    0xcc, 0xa0, 0x1c, 0x3a, 0x60, 0x4a, 0xcd, 0x48,
    0x7, 0x1f, 0x98, 0x9, 0xa2, 0x56, 0x1, 0x87,
    0x4, 0x2b, 0xb2, 0xee, 0x70, 0xc, 0x80, 0x6,
    0x50, 0xf, 0xf1, 0x80, 0x4, 0x3, 0xe4, 0xff,
    0x52, 0x80, 0x18, 0x80, 0x38, 0x64, 0x1, 0x86,
    0x80, 0x3b, 0x4c, 0xad, 0x3c, 0x40, 0x4c, 0x16,
    0xa0, 0x5, 0x9a, 0x96, 0x0, 0x26, 0x0, 0x55,
    0x8c, 0x40, 0x11, 0x35, 0xd8, 0x40,

    /* U+0512 "Ԓ" */
    0x0, 0xe3, 0xff, 0xff, 0xe0, 0xe8, 0x7, 0xff,
    0x4d, 0xc0, 0x5, 0x33, 0xf3, 0x80, 0x7f, 0xc2,
    0x0, 0x76, 0x6f, 0xa8, 0x3, 0xff, 0x84, 0x60,
    0x1f, 0xfc, 0x73, 0x0, 0xff, 0xe5, 0x8, 0x0,
    0x40, 0x3f, 0xf9, 0x5e, 0x1, 0xff, 0xc7, 0xf0,
    0x0, 0x80, 0x7f, 0xf1, 0xc4, 0x0, 0x60, 0x1f,
    0xfd, 0xe3, 0x0, 0x8, 0x7, 0xff, 0x1c, 0x40,
    0xe, 0x1, 0xff, 0xc7, 0x60, 0x1, 0x0, 0x7f,
    0xf1, 0xc8, 0x0, 0x20, 0x1f, 0xfc, 0x61, 0x0,
    0x10, 0x7, 0xff, 0x1d, 0x0, 0xe, 0x1, 0xff,
    0xc7, 0xf0, 0x6, 0x0, 0x7f, 0xf1, 0x91, 0x40,
    0xe, 0x1, 0xff, 0xc3, 0x17, 0xab, 0x0, 0x38,
    0x80, 0x7f, 0xc6, 0xaa, 0x35, 0x85, 0x0, 0x24,
    0x0, 0x7f, 0xf0, 0x6, 0xa9, 0x0, 0x11, 0xcd,
    0x80, 0x7f, 0xf1, 0x53, 0xfd, 0x8c, 0x1, 0xff,
    0x17, 0xfb, 0x0, 0x3f, 0xf9, 0xa2, 0x1, 0xff,
    0xc7, 0xb0, 0x1, 0x0, 0x7f, 0xf1, 0x22, 0x14,
    0xe0, 0xb, 0x0, 0xff, 0xe2, 0x3b, 0x94, 0x0,
    0xe6, 0x1, 0xff, 0xc4, 0x10, 0x1, 0xd4, 0x0,

    /* U+0513 "ԓ" */
    0x0, 0xcd, 0xff, 0xff, 0x0, 0x7c, 0x20, 0x1f,
    0xfc, 0x96, 0xaa, 0xe1, 0x0, 0xfe, 0xf0, 0x6,
    0x2a, 0xf1, 0x80, 0x7f, 0x8, 0x0, 0x40, 0x3f,
    0xf8, 0xce, 0x1, 0xff, 0xc3, 0x30, 0x0, 0x80,
    0x7f, 0xf0, 0xc4, 0x3, 0xff, 0x92, 0x60, 0x1f,
    0xfc, 0x36, 0x0, 0x8, 0x7, 0xff, 0xc, 0xc0,
    0x40, 0x3f, 0xf8, 0x62, 0x20, 0x20, 0xf, 0xfe,
    0x1a, 0x0, 0x10, 0x3, 0xff, 0x87, 0x0, 0xc,
    0x0, 0xff, 0xe0, 0x14, 0xe9, 0x1, 0x20, 0x7,
    0xf4, 0xca, 0x1d, 0x88, 0x1, 0x20, 0x1f, 0xe6,
    0x63, 0x80, 0x5, 0x31, 0x0, 0x3f, 0xf8, 0x2b,
    0xfd, 0x66, 0x1, 0xfb, 0x7f, 0xc0, 0x1f, 0xfc,
    0x91, 0x0, 0xff, 0xe1, 0xa8, 0x0, 0x80, 0x3f,
    0xf8, 0xd, 0x13, 0x40, 0xa, 0x0, 0xff, 0xe0,
    0x6b, 0xb0, 0x1, 0x18, 0x3, 0xff, 0x86, 0x71,
    0x60,

    /* U+1E00 "Ḁ" */
    0x0, 0xfc, 0x3f, 0xee, 0x0, 0xff, 0xe2, 0xb0,
    0x0, 0x54, 0x3, 0xff, 0x89, 0x40, 0x14, 0x80,
    0x7f, 0xf0, 0xd0, 0x80, 0x40, 0xc8, 0x3, 0xff,
    0x85, 0xc0, 0xa, 0x0, 0x50, 0x7, 0xff, 0x4,
    0x54, 0x11, 0x4, 0xc, 0x1, 0xff, 0xc1, 0x60,
    0x7, 0x5, 0x0, 0xa8, 0x7, 0xff, 0x2, 0x80,
    0xa, 0xc, 0x0, 0xe0, 0xf, 0xf8, 0xc8, 0x18,
    0x0, 0x28, 0x8, 0x40, 0x1f, 0xea, 0x0, 0x50,
    0x5, 0xc0, 0xa, 0x0, 0xff, 0x30, 0x11, 0x80,
    0x4a, 0x20, 0xc0, 0x1f, 0xcc, 0x0, 0xa0, 0xe,
    0x70, 0x15, 0x0, 0xfd, 0x40, 0x6, 0x0, 0xea,
    0x0, 0x70, 0x7, 0xc6, 0x60, 0x16, 0x77, 0xe4,
    0x0, 0x20, 0x80, 0x7a, 0x80, 0x3, 0x11, 0xf0,
    0x5, 0x20, 0x1e, 0x60, 0xf, 0xfe, 0xb, 0x0,
    0x73, 0x0, 0x1b, 0xff, 0xf9, 0x0, 0x50, 0x3,
    0x50, 0x2, 0x80, 0x3f, 0xb8, 0x1, 0xe0, 0x11,
    0x18, 0x11, 0x80, 0x7f, 0x28, 0x82, 0x8, 0x2,
    0xc0, 0x14, 0x1, 0xff, 0x38, 0x1, 0x80, 0xe,
    0x0, 0x60, 0xf, 0xfa, 0x80, 0x14, 0xa, 0x20,
    0x82, 0x1, 0xff, 0x19, 0x1, 0x22, 0xff, 0xac,
    0x3, 0xff, 0x83, 0xbf, 0xe4, 0x0, 0xfc, 0x37,
    0xfc, 0xa0, 0x1f, 0xfc, 0x4d, 0x7c, 0x6a, 0x20,
    0xf, 0xfe, 0x19, 0xd1, 0xc0, 0x38, 0x7, 0xff,
    0xc, 0xed, 0x24, 0x1c, 0x3, 0xff, 0x87, 0xcd,
    0x69, 0x44, 0x1, 0xf0,

    /* U+1E01 "ḁ" */
    0x0, 0xcb, 0x7d, 0xfe, 0xd9, 0x20, 0xe, 0x2d,
    0xa4, 0x10, 0x1, 0x36, 0xb0, 0x4, 0x38, 0x40,
    0x73, 0x52, 0xa0, 0x9, 0x40, 0x4, 0x8, 0x36,
    0x32, 0xb5, 0x40, 0x2, 0x0, 0xe, 0x0, 0x90,
    0xe, 0x70, 0x1, 0x80, 0x3b, 0xfc, 0x1, 0xf1,
    0x0, 0x7f, 0xf1, 0x44, 0x2, 0x17, 0xbe, 0xff,
    0xc4, 0x1, 0xcf, 0xd0, 0x82, 0x1, 0xfc, 0xf0,
    0x3, 0x19, 0xff, 0x88, 0x3, 0x40, 0x3, 0x1c,
    0xc0, 0x3f, 0x18, 0x1, 0x48, 0x3, 0xfc, 0xe0,
    0x1, 0x0, 0xf0, 0x90, 0x4, 0xa0, 0x4, 0x40,
    0x6, 0x3c, 0x0, 0xc2, 0xa0, 0xb, 0xb4, 0x43,
    0x30, 0x40, 0x11, 0x85, 0x18, 0x1, 0x1d, 0xc6,
    0xa, 0x80, 0x7, 0x0, 0x64, 0x98, 0x80, 0xad,
    0xd7, 0x22, 0xc, 0x2, 0x6c, 0xef, 0xea, 0x40,
    0x5b, 0xb3, 0x0, 0x61, 0xaf, 0xe6, 0x0, 0xff,
    0x5b, 0xdc, 0xc8, 0xc0, 0x3f, 0x9d, 0x51, 0xc5,
    0x0, 0x3f, 0x9d, 0x91, 0xc5, 0x0, 0x3f, 0xad,
    0x2e, 0x64, 0x60, 0x1c,

    /* U+1E3E "Ḿ" */
    0x0, 0xff, 0xe0, 0xb4, 0x41, 0x0, 0x3f, 0xf8,
    0xeb, 0x2e, 0xaa, 0x0, 0xff, 0xe3, 0xd, 0x81,
    0x60, 0x80, 0x7f, 0xf1, 0xac, 0x45, 0xe2, 0x1,
    0xff, 0xc6, 0x55, 0xe, 0x10, 0x7, 0xff, 0x1d,
    0x7f, 0x88, 0x3, 0xff, 0xac, 0xbf, 0xf5, 0x80,
    0x7f, 0xf0, 0xb3, 0xfe, 0x40, 0xc, 0x84, 0x1,
    0xff, 0xc0, 0x33, 0x0, 0x7f, 0x50, 0x7, 0xff,
    0x2, 0x40, 0x3f, 0xcc, 0x1, 0xff, 0xa, 0x80,
    0x7e, 0x10, 0x16, 0x0, 0xff, 0x30, 0x0, 0x40,
    0x3c, 0xc0, 0xa, 0x0, 0xff, 0x50, 0x1, 0x80,
    0x3d, 0xca, 0x6, 0x60, 0xf, 0xc8, 0x40, 0xc0,
    0x1f, 0xf, 0x0, 0x24, 0x3, 0xf7, 0x80, 0x28,
    0x3, 0xf2, 0x10, 0x28, 0x80, 0x78, 0x90, 0xc,
    0xc2, 0x1, 0xef, 0xb, 0x0, 0x30, 0x7, 0xa8,
    0x1, 0x20, 0x1f, 0xe6, 0x0, 0x50, 0x7, 0x98,
    0x5, 0x40, 0xc0, 0x3c, 0x20, 0x6, 0x2, 0x40,
    0xc, 0xa2, 0xc, 0x1, 0xff, 0xc0, 0xb0, 0x7,
    0x80, 0x69, 0x0, 0x48, 0x0, 0x40, 0x3c, 0x60,
    0x2, 0x30, 0x42, 0x0, 0x19, 0x81, 0x44, 0x3,
    0xff, 0x83, 0x20, 0xa, 0x0, 0x50, 0x2, 0x40,
    0x3f, 0xf8, 0x4a, 0x20, 0xc0, 0x2c, 0x4, 0x60,
    0x1f, 0xfc, 0x39, 0x1, 0x56, 0x0, 0x58, 0x7,
    0xff, 0x11, 0x80, 0x13, 0x40, 0x6, 0x0, 0xff,
    0xe2, 0xa, 0x81, 0x90, 0x30, 0x7, 0xff, 0x1a,
    0x40, 0x35, 0x80, 0x7f, 0xf1, 0x8c, 0x80, 0x8,
    0x40, 0x1f, 0xfc, 0x7b, 0x0, 0x78, 0x7, 0xf8,

    /* U+1E3F "ḿ" */
    0x0, 0xff, 0xe0, 0xdf, 0xfa, 0x80, 0x3f, 0xf8,
    0xee, 0x80, 0xd4, 0x1, 0xff, 0xc6, 0x38, 0x6,
    0x90, 0xf, 0xfe, 0x30, 0xf0, 0x3c, 0x80, 0x7f,
    0xf1, 0xc7, 0x3a, 0x0, 0x3f, 0xf9, 0x22, 0x20,
    0xf, 0xfb, 0x7f, 0xc0, 0x53, 0xbf, 0xed, 0x81,
    0x0, 0xb, 0xe7, 0xfb, 0xa9, 0x0, 0x39, 0xb5,
    0x88, 0x0, 0x4f, 0xe4, 0x7f, 0x6, 0x0, 0x15,
    0xb7, 0x0, 0xd2, 0xd, 0x30, 0xa0, 0x1, 0xfc,
    0x12, 0x89, 0x72, 0x0, 0x41, 0x0, 0x45, 0xd2,
    0xcf, 0x58, 0x0, 0x20, 0x7d, 0x76, 0x8d, 0x40,
    0x5, 0x0, 0x5c, 0x20, 0x18, 0xd4, 0x0, 0x50,
    0x1, 0xd0, 0x0, 0x40, 0x8, 0x80, 0x3d, 0xa0,
    0x5, 0x0, 0xf1, 0x80, 0x8, 0x3, 0xfc, 0x20,
    0xf, 0x0, 0xff, 0xff, 0x80, 0x7f, 0xff, 0xc0,
    0x3f, 0xff, 0xe0, 0x1f, 0xfc, 0xd0,

    /* U+1E80 "Ẁ" */
    0x0, 0xfe, 0x18, 0x88, 0x40, 0x3f, 0xf9, 0x62,
    0xe, 0xea, 0x0, 0xff, 0xe6, 0x42, 0x82, 0x30,
    0x7, 0xff, 0x32, 0x90, 0x24, 0x80, 0x3f, 0xf9,
    0x96, 0x61, 0x20, 0x1f, 0xfc, 0xdc, 0xfb, 0x0,
    0xff, 0xee, 0xf7, 0xf8, 0x40, 0x3f, 0x7f, 0xb0,
    0x3, 0xf3, 0x7f, 0xa4, 0x10, 0x0, 0x80, 0x1f,
    0x20, 0x0, 0xc4, 0x3, 0xec, 0x0, 0x60, 0x60,
    0x3, 0x40, 0x3e, 0xd0, 0x9, 0x0, 0x3e, 0x40,
    0x2, 0x2, 0x0, 0x10, 0x3, 0xe7, 0x0, 0xbc,
    0x3, 0xc4, 0x20, 0x42, 0x4, 0x20, 0x60, 0x1e,
    0x21, 0x1, 0x4, 0x0, 0xf3, 0x80, 0x10, 0x2,
    0x40, 0x2, 0x0, 0x72, 0x80, 0x24, 0x4, 0xc0,
    0x3b, 0x0, 0x18, 0x1, 0x60, 0x3, 0x0, 0x3a,
    0xc0, 0x58, 0x1, 0x60, 0x1c, 0x80, 0x4, 0x0,
    0x90, 0x0, 0x60, 0x18, 0x4c, 0x1c, 0x4c, 0x10,
    0x3, 0x9, 0x1, 0x8, 0x4, 0x42, 0x8, 0x1,
    0x90, 0x1, 0xa1, 0x60, 0x62, 0x1, 0x28, 0x1,
    0x0, 0x39, 0x0, 0x6, 0x1, 0x78, 0x1, 0x1,
    0x40, 0x8, 0x1, 0x60, 0x3, 0x0, 0x3b, 0x0,
    0x8, 0x1, 0x20, 0x28, 0x0, 0x84, 0x3c, 0x2,
    0x40, 0x2, 0x0, 0x72, 0x0, 0x30, 0x0, 0x62,
    0x18, 0x1, 0x38, 0x20, 0x4, 0x60, 0x42, 0x1,
    0xc4, 0x20, 0xa0, 0xb, 0x0, 0x38, 0x5, 0xa0,
    0x26, 0x6, 0x0, 0x40, 0xf, 0x90, 0x4, 0x81,
    0x40, 0xc4, 0x2, 0x40, 0x5, 0x82, 0x0, 0x30,
    0x3, 0xec, 0x0, 0x21, 0x10, 0x2c, 0x3, 0x90,
    0x10, 0x30, 0x0, 0x80, 0x1f, 0x20, 0x3, 0xd0,
    0x0, 0xa0, 0x1d, 0xa0, 0x62, 0xa0, 0x42, 0x1,
    0xf1, 0x8, 0x2e, 0x1, 0x10, 0x3, 0x90, 0x0,
    0xe2, 0x8, 0x1, 0xfc, 0x80, 0x48, 0x8, 0x1,
    0xe2, 0x20, 0x50, 0x3, 0x0, 0x3f, 0xb0, 0x4,
    0x41, 0xa0, 0x1f, 0x28, 0x18, 0x1, 0x0, 0x3f,
    0x90, 0x3, 0x20, 0x7, 0xd8, 0x1, 0x10, 0x80,
    0x7f, 0x10, 0x80, 0x14, 0x3, 0xf2, 0x0, 0x48,
    0x1, 0xff, 0x20, 0x3, 0xc0, 0x3f, 0x94, 0x1,
    0x80, 0x1c,

    /* U+1E81 "ẁ" */
    0x0, 0xf9, 0xff, 0xda, 0x20, 0x1f, 0xfc, 0x77,
    0x90, 0x2a, 0x0, 0xff, 0xe4, 0x34, 0x82, 0x38,
    0x7, 0xff, 0x21, 0xa8, 0x64, 0xc0, 0x3f, 0xf9,
    0xb, 0xdc, 0x30, 0xf, 0xfe, 0xb1, 0xff, 0xac,
    0x3, 0xcb, 0xfe, 0x40, 0xf, 0x5f, 0xf8, 0x8c,
    0x41, 0x0, 0x3d, 0xe0, 0xd, 0x0, 0xf2, 0x1,
    0x10, 0x1c, 0x0, 0x60, 0x1c, 0x80, 0x7, 0x0,
    0xe3, 0x0, 0x20, 0x3, 0x0, 0x8, 0x1, 0x90,
    0x40, 0x2, 0x60, 0x19, 0x0, 0x1a, 0x0, 0x50,
    0x6, 0x0, 0x6d, 0x2, 0x10, 0xb0, 0xd, 0x80,
    0x4, 0x0, 0x90, 0x10, 0x3, 0x38, 0x2b, 0x82,
    0x80, 0x64, 0x4, 0x0, 0xd8, 0x0, 0x40, 0x1,
    0x88, 0x5e, 0x81, 0x10, 0x0, 0x60, 0xd, 0x0,
    0xca, 0x0, 0xc0, 0x5, 0x80, 0x9a, 0x0, 0x14,
    0x0, 0x80, 0x4, 0x0, 0xc4, 0x20, 0x80, 0x5,
    0x7, 0x0, 0x28, 0x58, 0x3, 0x0, 0x88, 0x1,
    0xce, 0x6, 0x4, 0x40, 0xd0, 0x7, 0x81, 0x88,
    0x20, 0x28, 0x7, 0xb4, 0x0, 0xaa, 0x0, 0x20,
    0x1, 0x40, 0xe, 0x60, 0xc, 0x0, 0xf2, 0x0,
    0x33, 0x0, 0xa0, 0x19, 0x3, 0x50, 0x0, 0x80,
    0x1f, 0x20, 0x3a, 0x7, 0x80, 0x6d, 0x4, 0xb0,
    0x40, 0xf, 0xda, 0x2, 0x0, 0x50, 0xc, 0xe0,
    0x3, 0xd, 0x0, 0xfc, 0x80, 0x12, 0x0, 0x70,
    0x98, 0x4, 0xe0, 0x1f, 0x88, 0x80, 0xd, 0x0,
    0xf5, 0x0, 0x8, 0x40, 0x3f, 0x90, 0x0, 0xe0,
    0x1e, 0x70, 0x2, 0x80, 0x70,

    /* U+1E82 "Ẃ" */
    0x0, 0xff, 0xe1, 0x94, 0x41, 0xc4, 0x3, 0xff,
    0x97, 0xce, 0xe1, 0x10, 0x7, 0xff, 0x29, 0xcc,
    0x21, 0x80, 0x3f, 0xf9, 0x45, 0x0, 0xce, 0x1,
    0xff, 0xcb, 0xe0, 0x59, 0x0, 0xff, 0xe6, 0x67,
    0xd0, 0x7, 0xff, 0x77, 0xbf, 0xc2, 0x1, 0xfb,
    0xfd, 0x80, 0x1f, 0x9b, 0xfd, 0x20, 0x80, 0x4,
    0x0, 0xf9, 0x0, 0x6, 0x20, 0x1f, 0x60, 0x3,
    0x3, 0x0, 0x1a, 0x1, 0xf6, 0x80, 0x48, 0x1,
    0xf2, 0x0, 0x10, 0x10, 0x0, 0x80, 0x1f, 0x38,
    0x5, 0xe0, 0x1e, 0x21, 0x2, 0x10, 0x21, 0x3,
    0x0, 0xf1, 0x8, 0x8, 0x20, 0x7, 0x9c, 0x0,
    0x80, 0x12, 0x0, 0x10, 0x3, 0x94, 0x1, 0x20,
    0x26, 0x1, 0xd8, 0x0, 0xc0, 0xb, 0x0, 0x18,
    0x1, 0xd6, 0x2, 0xc0, 0xb, 0x0, 0xe4, 0x0,
    0x20, 0x4, 0x80, 0x3, 0x0, 0xc2, 0x60, 0xe2,
    0x60, 0x80, 0x18, 0x48, 0x8, 0x40, 0x22, 0x10,
    0x40, 0xc, 0x80, 0xd, 0xb, 0x3, 0x10, 0x9,
    0x40, 0x8, 0x1, 0xc8, 0x0, 0x30, 0xb, 0xc0,
    0x8, 0xa, 0x0, 0x40, 0xb, 0x0, 0x18, 0x1,
    0xd8, 0x0, 0x40, 0x9, 0x1, 0x40, 0x4, 0x21,
    0xe0, 0x12, 0x0, 0x10, 0x3, 0x90, 0x1, 0x80,
    0x3, 0x10, 0xc0, 0x9, 0xc1, 0x0, 0x23, 0x2,
    0x10, 0xe, 0x21, 0x5, 0x0, 0x58, 0x1, 0xc0,
    0x2d, 0x1, 0x30, 0x30, 0x2, 0x0, 0x7c, 0x80,
    0x24, 0xa, 0x6, 0x20, 0x12, 0x0, 0x2c, 0x10,
    0x1, 0x80, 0x1f, 0x60, 0x1, 0x8, 0x81, 0x60,
    0x1c, 0x80, 0x81, 0x80, 0x4, 0x0, 0xf9, 0x0,
    0x1e, 0x80, 0x5, 0x0, 0xed, 0x3, 0x15, 0x2,
    0x10, 0xf, 0x88, 0x41, 0x70, 0x8, 0x80, 0x1c,
    0x80, 0x7, 0x10, 0x40, 0xf, 0xe4, 0x2, 0x40,
    0x40, 0xf, 0x11, 0x2, 0x80, 0x18, 0x1, 0xfd,
    0x80, 0x22, 0xd, 0x0, 0xf9, 0x40, 0xc0, 0x8,
    0x1, 0xfc, 0x80, 0x19, 0x0, 0x3e, 0xc0, 0x8,
    0x84, 0x3, 0xf8, 0x84, 0x0, 0xa0, 0x1f, 0x90,
    0x2, 0x40, 0xf, 0xf9, 0x0, 0x1e, 0x1, 0xfc,
    0xa0, 0xc, 0x0, 0xe0,

    /* U+1E83 "ẃ" */
    0x0, 0xff, 0xe0, 0xf, 0x7f, 0x94, 0x3, 0xff,
    0x8f, 0xa2, 0x16, 0xa0, 0x1f, 0xfc, 0x69, 0x31,
    0xc4, 0x0, 0xff, 0xe3, 0x23, 0x96, 0x18, 0x7,
    0xff, 0x1d, 0x3b, 0x48, 0x3, 0xff, 0xac, 0x7f,
    0xeb, 0x0, 0xf2, 0xff, 0x90, 0x3, 0xd7, 0xfe,
    0x23, 0x10, 0x40, 0xf, 0x78, 0x3, 0x40, 0x3c,
    0x80, 0x44, 0x7, 0x0, 0x18, 0x7, 0x20, 0x1,
    0xc0, 0x38, 0xc0, 0x8, 0x0, 0xc0, 0x2, 0x0,
    0x64, 0x10, 0x0, 0x98, 0x6, 0x40, 0x6, 0x80,
    0x14, 0x1, 0x80, 0x1b, 0x40, 0x84, 0x2c, 0x3,
    0x60, 0x1, 0x0, 0x24, 0x4, 0x0, 0xce, 0xa,
    0xe0, 0xa0, 0x19, 0x1, 0x0, 0x36, 0x0, 0x10,
    0x0, 0x62, 0x17, 0xa0, 0x44, 0x0, 0x18, 0x3,
    0x40, 0x32, 0x80, 0x30, 0x1, 0x60, 0x26, 0x80,
    0x5, 0x0, 0x20, 0x1, 0x0, 0x31, 0x8, 0x20,
    0x1, 0x41, 0xc0, 0xa, 0x16, 0x0, 0xc0, 0x22,
    0x0, 0x73, 0x81, 0x81, 0x10, 0x34, 0x1, 0xe0,
    0x62, 0x8, 0xa, 0x1, 0xed, 0x0, 0x2a, 0x80,
    0x8, 0x0, 0x50, 0x3, 0x98, 0x3, 0x0, 0x3c,
    0x80, 0xc, 0xc0, 0x28, 0x6, 0x40, 0xd4, 0x0,
    0x20, 0x7, 0xc8, 0xe, 0x81, 0xe0, 0x1b, 0x41,
    0x2c, 0x10, 0x3, 0xf6, 0x80, 0x80, 0x14, 0x3,
    0x38, 0x0, 0xc3, 0x40, 0x3f, 0x20, 0x4, 0x80,
    0x1c, 0x26, 0x1, 0x38, 0x7, 0xe2, 0x20, 0x3,
    0x40, 0x3d, 0x40, 0x2, 0x10, 0xf, 0xe4, 0x0,
    0x38, 0x7, 0x9c, 0x0, 0xa0, 0x1c,

    /* U+1E84 "Ẅ" */
    0x0, 0xff, 0x11, 0x80, 0x71, 0x90, 0x7, 0xff,
    0x19, 0x77, 0x20, 0x2, 0x9c, 0xd4, 0x0, 0xff,
    0xe2, 0xe0, 0x1, 0x0, 0x24, 0x0, 0x60, 0x7,
    0xff, 0x16, 0x84, 0x24, 0x2, 0xb0, 0x1a, 0x0,
    0xff, 0xe2, 0x9f, 0x7a, 0x80, 0x4d, 0xfc, 0x40,
    0x1f, 0xfd, 0x9e, 0xff, 0x8, 0x7, 0xef, 0xf6,
    0x0, 0x7e, 0x6f, 0xf4, 0x82, 0x0, 0x10, 0x3,
    0xe4, 0x0, 0x18, 0x80, 0x7d, 0x80, 0xc, 0xc,
    0x0, 0x68, 0x7, 0xda, 0x1, 0x20, 0x7, 0xc8,
    0x0, 0x40, 0x40, 0x2, 0x0, 0x7c, 0xe0, 0x17,
    0x80, 0x78, 0x84, 0x8, 0x40, 0x84, 0xc, 0x3,
    0xc4, 0x20, 0x20, 0x80, 0x1e, 0x70, 0x2, 0x0,
    0x48, 0x0, 0x40, 0xe, 0x50, 0x4, 0x80, 0x98,
    0x7, 0x60, 0x3, 0x0, 0x2c, 0x0, 0x60, 0x7,
    0x58, 0xb, 0x0, 0x2c, 0x3, 0x90, 0x0, 0x80,
    0x12, 0x0, 0xc, 0x3, 0x9, 0x83, 0x89, 0x82,
    0x0, 0x61, 0x20, 0x21, 0x0, 0x88, 0x41, 0x0,
    0x32, 0x0, 0x34, 0x2c, 0xc, 0x40, 0x25, 0x0,
    0x20, 0x7, 0x20, 0x0, 0xc0, 0x2f, 0x0, 0x20,
    0x28, 0x1, 0x0, 0x2c, 0x0, 0x60, 0x7, 0x60,
    0x1, 0x0, 0x24, 0x5, 0x0, 0x10, 0x87, 0x80,
    0x48, 0x0, 0x40, 0xe, 0x40, 0x6, 0x0, 0xc,
    0x43, 0x0, 0x27, 0x4, 0x0, 0x8c, 0x8, 0x40,
    0x38, 0x84, 0x14, 0x1, 0x60, 0x7, 0x0, 0xb4,
    0x4, 0xc0, 0xc0, 0x8, 0x1, 0xf2, 0x0, 0x90,
    0x28, 0x18, 0x80, 0x48, 0x0, 0xb0, 0x40, 0x6,
    0x0, 0x7d, 0x80, 0x4, 0x22, 0x5, 0x80, 0x72,
    0x2, 0x6, 0x0, 0x10, 0x3, 0xe4, 0x0, 0x7a,
    0x0, 0x14, 0x3, 0xb4, 0xc, 0x54, 0x8, 0x40,
    0x3e, 0x21, 0x5, 0xc0, 0x22, 0x0, 0x72, 0x0,
    0x1c, 0x41, 0x0, 0x3f, 0x90, 0x9, 0x1, 0x0,
    0x3c, 0x44, 0xa, 0x0, 0x60, 0x7, 0xf6, 0x0,
    0x88, 0x34, 0x3, 0xe5, 0x3, 0x0, 0x20, 0x7,
    0xf2, 0x0, 0x64, 0x0, 0xfb, 0x0, 0x22, 0x10,
    0xf, 0xe2, 0x10, 0x2, 0x80, 0x7e, 0x40, 0x9,
    0x0, 0x3f, 0xe4, 0x0, 0x78, 0x7, 0xf2, 0x80,
    0x30, 0x3, 0x80,

    /* U+1E85 "ẅ" */
    0x0, 0xfa, 0x7f, 0x0, 0x21, 0xcf, 0x80, 0xf,
    0xfe, 0x8, 0xb0, 0x1a, 0x0, 0x10, 0xc1, 0xc0,
    0x3f, 0xf8, 0x22, 0x40, 0x2a, 0x0, 0x70, 0x1,
    0x80, 0x7f, 0xf0, 0xb7, 0x3c, 0x40, 0x5, 0xd9,
    0x80, 0xf, 0xfe, 0x19, 0x88, 0x6, 0x13, 0x0,
    0xfc, 0x7f, 0xeb, 0x0, 0xf2, 0xff, 0x90, 0x3,
    0xd7, 0xfe, 0x23, 0x10, 0x40, 0xf, 0x78, 0x3,
    0x40, 0x3c, 0x80, 0x44, 0x7, 0x0, 0x18, 0x7,
    0x20, 0x1, 0xc0, 0x38, 0xc0, 0x8, 0x0, 0xc0,
    0x2, 0x0, 0x64, 0x10, 0x0, 0x98, 0x6, 0x40,
    0x6, 0x80, 0x14, 0x1, 0x80, 0x1b, 0x40, 0x84,
    0x2c, 0x3, 0x60, 0x1, 0x0, 0x24, 0x4, 0x0,
    0xce, 0xa, 0xe0, 0xa0, 0x19, 0x1, 0x0, 0x36,
    0x0, 0x10, 0x0, 0x62, 0x17, 0xa0, 0x44, 0x0,
    0x18, 0x3, 0x40, 0x32, 0x80, 0x30, 0x1, 0x60,
    0x26, 0x80, 0x5, 0x0, 0x20, 0x1, 0x0, 0x31,
    0x8, 0x20, 0x1, 0x41, 0xc0, 0xa, 0x16, 0x0,
    0xc0, 0x22, 0x0, 0x73, 0x81, 0x81, 0x10, 0x34,
    0x1, 0xe0, 0x62, 0x8, 0xa, 0x1, 0xed, 0x0,
    0x2a, 0x80, 0x8, 0x0, 0x50, 0x3, 0x98, 0x3,
    0x0, 0x3c, 0x80, 0xc, 0xc0, 0x28, 0x6, 0x40,
    0xd4, 0x0, 0x20, 0x7, 0xc8, 0xe, 0x81, 0xe0,
    0x1b, 0x41, 0x2c, 0x10, 0x3, 0xf6, 0x80, 0x80,
    0x14, 0x3, 0x38, 0x0, 0xc3, 0x40, 0x3f, 0x20,
    0x4, 0x80, 0x1c, 0x26, 0x1, 0x38, 0x7, 0xe2,
    0x20, 0x3, 0x40, 0x3d, 0x40, 0x2, 0x10, 0xf,
    0xe4, 0x0, 0x38, 0x7, 0x9c, 0x0, 0xa0, 0x1c,

    /* U+1E9E "ẞ" */
    0x0, 0x96, 0xbb, 0xfd, 0xd9, 0x4, 0x1, 0xf0,
    0xe5, 0x28, 0x80, 0x4, 0xdf, 0x68, 0x40, 0x3a,
    0x8c, 0x0, 0xd3, 0x52, 0xc2, 0xb, 0xca, 0x1,
    0x22, 0x0, 0x7a, 0x59, 0x5a, 0x79, 0x40, 0x12,
    0x1, 0x60, 0x2, 0x4, 0x3, 0x91, 0x40, 0xb4,
    0x2, 0x30, 0x2, 0x80, 0x71, 0xd8, 0xe, 0x8,
    0x4, 0xe0, 0x1, 0x0, 0xc5, 0x80, 0x38, 0x20,
    0x1f, 0xf1, 0x60, 0x3, 0x48, 0x3, 0xfe, 0x1f,
    0x10, 0x72, 0x0, 0xff, 0xe0, 0x29, 0x0, 0x1f,
    0xb6, 0x4, 0x3, 0xf9, 0xc0, 0x38, 0x9f, 0xcc,
    0x3, 0xf1, 0xff, 0xdd, 0x68, 0x3, 0x84, 0x1,
    0xff, 0xa, 0x5b, 0x0, 0x20, 0x3, 0xff, 0x85,
    0x20, 0x5, 0x0, 0xff, 0xe1, 0xa0, 0x0, 0x80,
    0x3f, 0xf8, 0x42, 0x0, 0x10, 0xf, 0xfe, 0x13,
    0x0, 0x4, 0x3, 0xff, 0x82, 0x46, 0x2, 0x40,
    0x1f, 0xfc, 0x2, 0xf0, 0x3, 0x0, 0x78, 0xfa,
    0x59, 0x5a, 0xb4, 0x80, 0xe0, 0x3, 0xd4, 0x2d,
    0x35, 0x2a, 0x0, 0x5d, 0x0, 0xfb, 0x58, 0x80,
    0x22, 0x6c, 0xa1, 0x0, 0x0,

    /* U+1EA0 "Ạ" */
    0x0, 0xfc, 0x3f, 0xee, 0x0, 0xff, 0xe2, 0xb0,
    0x0, 0x54, 0x3, 0xff, 0x89, 0x40, 0x14, 0x80,
    0x7f, 0xf0, 0xd0, 0x80, 0x40, 0xc8, 0x3, 0xff,
    0x85, 0xc0, 0xa, 0x0, 0x50, 0x7, 0xff, 0x4,
    0x54, 0x11, 0x4, 0xc, 0x1, 0xff, 0xc1, 0x60,
    0x7, 0x5, 0x0, 0xa8, 0x7, 0xff, 0x2, 0x80,
    0xa, 0xc, 0x0, 0xe0, 0xf, 0xf8, 0xc8, 0x18,
    0x0, 0x28, 0x8, 0x40, 0x1f, 0xea, 0x0, 0x50,
    0x5, 0xc0, 0xa, 0x0, 0xff, 0x30, 0x11, 0x80,
    0x4a, 0x20, 0xc0, 0x1f, 0xcc, 0x0, 0xa0, 0xe,
    0x70, 0x15, 0x0, 0xfd, 0x40, 0x6, 0x0, 0xea,
    0x0, 0x70, 0x7, 0xc6, 0x60, 0x16, 0x77, 0xe4,
    0x0, 0x20, 0x80, 0x7a, 0x80, 0x3, 0x11, 0xf0,
    0x5, 0x20, 0x1e, 0x60, 0xf, 0xfe, 0xb, 0x0,
    0x73, 0x0, 0x1b, 0xff, 0xf9, 0x0, 0x50, 0x3,
    0x50, 0x2, 0x80, 0x3f, 0xb8, 0x1, 0xe0, 0x11,
    0x18, 0x11, 0x80, 0x7f, 0x28, 0x82, 0x8, 0x2,
    0xc0, 0x14, 0x1, 0xff, 0x38, 0x1, 0x80, 0xe,
    0x0, 0x60, 0xf, 0xfa, 0x80, 0x14, 0xa, 0x20,
    0x82, 0x1, 0xff, 0x19, 0x1, 0x22, 0xff, 0xac,
    0x3, 0xff, 0x83, 0xbf, 0xe4, 0x0, 0xff, 0xe9,
    0x4f, 0xe0, 0x7, 0xff, 0x19, 0x80, 0xd4, 0x3,
    0xff, 0x8a, 0x60, 0x4, 0x0, 0xff, 0xe2, 0xe6,
    0x38, 0x40, 0x3f, 0x0,

    /* U+1EA1 "ạ" */
    0x0, 0xcb, 0x7d, 0xfe, 0xd9, 0x20, 0xe, 0x2d,
    0xa4, 0x10, 0x1, 0x36, 0xb0, 0x4, 0x38, 0x40,
    0x73, 0x52, 0xa0, 0x9, 0x40, 0x4, 0x8, 0x36,
    0x32, 0xb5, 0x40, 0x2, 0x0, 0xe, 0x0, 0x90,
    0xe, 0x70, 0x1, 0x80, 0x3b, 0xfc, 0x1, 0xf1,
    0x0, 0x7f, 0xf1, 0x44, 0x2, 0x17, 0xbe, 0xff,
    0xc4, 0x1, 0xcf, 0xd0, 0x82, 0x1, 0xfc, 0xf0,
    0x3, 0x19, 0xff, 0x88, 0x3, 0x40, 0x3, 0x1c,
    0xc0, 0x3f, 0x18, 0x1, 0x48, 0x3, 0xfc, 0xe0,
    0x1, 0x0, 0xf0, 0x90, 0x4, 0xa0, 0x4, 0x40,
    0x6, 0x3c, 0x0, 0xc2, 0xa0, 0xb, 0xb4, 0x43,
    0x30, 0x40, 0x11, 0x85, 0x18, 0x1, 0x1d, 0xc6,
    0xa, 0x80, 0x7, 0x0, 0x64, 0x98, 0x80, 0xad,
    0xd7, 0x22, 0xc, 0x2, 0x6c, 0xef, 0xea, 0x40,
    0x5b, 0xb3, 0x0, 0x78, 0xc4, 0x3, 0xff, 0x81,
    0x59, 0xc6, 0x1, 0xff, 0x20, 0x1, 0x0, 0x3f,
    0xe9, 0x2, 0x60, 0xf, 0x0,

    /* U+1EA2 "Ả" */
    0x0, 0xfe, 0x79, 0x50, 0xf, 0xfe, 0x35, 0xb5,
    0x71, 0x80, 0x7f, 0xf1, 0x33, 0x50, 0x78, 0x3,
    0xff, 0x8a, 0x5e, 0x4, 0x1, 0xff, 0xc4, 0x27,
    0x90, 0x30, 0xf, 0xfe, 0x25, 0x41, 0x2e, 0x80,
    0x7f, 0xf1, 0x3c, 0x1a, 0x84, 0x3, 0xff, 0x88,
    0xff, 0x20, 0x1f, 0xfd, 0xa1, 0xff, 0x70, 0x7,
    0xff, 0x15, 0x80, 0x2, 0xa0, 0x1f, 0xfc, 0x4a,
    0x0, 0xa4, 0x3, 0xff, 0x86, 0x84, 0x2, 0x6,
    0x40, 0x1f, 0xfc, 0x2e, 0x0, 0x50, 0x2, 0x80,
    0x3f, 0xf8, 0x22, 0xa0, 0x88, 0x20, 0x60, 0xf,
    0xfe, 0xb, 0x0, 0x38, 0x28, 0x5, 0x40, 0x3f,
    0xf8, 0x14, 0x0, 0x50, 0x60, 0x7, 0x0, 0x7f,
    0xc6, 0x40, 0xc0, 0x1, 0x40, 0x42, 0x0, 0xff,
    0x50, 0x2, 0x80, 0x2e, 0x0, 0x50, 0x7, 0xf9,
    0x80, 0x8c, 0x2, 0x51, 0x6, 0x0, 0xfe, 0x60,
    0x5, 0x0, 0x73, 0x80, 0xa8, 0x7, 0xea, 0x0,
    0x30, 0x7, 0x50, 0x3, 0x80, 0x3e, 0x33, 0x0,
    0xb3, 0xbf, 0x20, 0x1, 0x4, 0x3, 0xd4, 0x0,
    0x18, 0x8f, 0x80, 0x29, 0x0, 0xf3, 0x0, 0x7f,
    0xf0, 0x58, 0x3, 0x98, 0x0, 0xdf, 0xff, 0xc8,
    0x2, 0x80, 0x1a, 0x80, 0x14, 0x1, 0xfd, 0xc0,
    0xf, 0x0, 0x88, 0xc0, 0x8c, 0x3, 0xf9, 0x44,
    0x10, 0x40, 0x16, 0x0, 0xa0, 0xf, 0xf9, 0xc0,
    0xc, 0x0, 0x70, 0x3, 0x0, 0x7f, 0xd4, 0x0,
    0xa0, 0x51, 0x4, 0x10, 0xf, 0xf8, 0xc8, 0x9,
    0x0,

    /* U+1EA3 "ả" */
    0x0, 0xf1, 0x7e, 0xc9, 0x0, 0x7f, 0xc8, 0x6d,
    0xa4, 0x1, 0xfc, 0x57, 0xc6, 0x14, 0x1, 0xff,
    0x10, 0x80, 0x7f, 0xf0, 0x3b, 0x48, 0x92, 0x1,
    0xff, 0xc0, 0xad, 0x10, 0xf, 0xf5, 0xd2, 0x0,
    0x7f, 0xf0, 0x15, 0x42, 0x1, 0xff, 0xcc, 0x5b,
    0xef, 0xf6, 0xc9, 0x0, 0x71, 0x6d, 0x20, 0x80,
    0x9, 0xb5, 0x80, 0x21, 0xc2, 0x3, 0x9a, 0x95,
    0x0, 0x4a, 0x0, 0x20, 0x41, 0xb1, 0x95, 0xaa,
    0x0, 0x10, 0x0, 0x70, 0x4, 0x80, 0x73, 0x80,
    0xc, 0x1, 0xdf, 0xe0, 0xf, 0x88, 0x3, 0xff,
    0x8a, 0x20, 0x10, 0xbd, 0xf7, 0xfe, 0x20, 0xe,
    0x7e, 0x84, 0x10, 0xf, 0xe7, 0x80, 0x18, 0xcf,
    0xfc, 0x40, 0x1a, 0x0, 0x18, 0xe6, 0x1, 0xf8,
    0xc0, 0xa, 0x40, 0x1f, 0xe7, 0x0, 0x8, 0x7,
    0x84, 0x80, 0x25, 0x0, 0x22, 0x0, 0x31, 0xe0,
    0x6, 0x15, 0x0, 0x5d, 0xa2, 0x19, 0x82, 0x0,
    0x8c, 0x28, 0xc0, 0x8, 0xee, 0x30, 0x54, 0x0,
    0x38, 0x3, 0x24, 0xc4, 0x5, 0x6e, 0xb9, 0x10,
    0x60,

    /* U+1EA4 "Ấ" */
    0x0, 0xff, 0xe2, 0xb4, 0x40, 0x40, 0x3f, 0xf8,
    0x89, 0x2e, 0x22, 0x0, 0xff, 0xe2, 0x48, 0x1c,
    0x80, 0x7f, 0x27, 0xfc, 0x80, 0x5, 0x21, 0xd0,
    0xf, 0xe6, 0xb0, 0xa, 0xd8, 0xd, 0xf4, 0x40,
    0x3f, 0x44, 0x83, 0x7b, 0x4, 0xc3, 0x41, 0x80,
    0x7e, 0xa7, 0x8, 0x90, 0x98, 0x7, 0xa0, 0xf,
    0xf5, 0x7f, 0x9c, 0x2, 0x7f, 0xf5, 0x0, 0x7f,
    0xf5, 0x87, 0xfd, 0xc0, 0x1f, 0xfc, 0x56, 0x0,
    0xa, 0x80, 0x7f, 0xf1, 0x28, 0x2, 0x90, 0xf,
    0xfe, 0x1a, 0x10, 0x8, 0x19, 0x0, 0x7f, 0xf0,
    0xb8, 0x1, 0x40, 0xa, 0x0, 0xff, 0xe0, 0x8a,
    0x82, 0x20, 0x81, 0x80, 0x3f, 0xf8, 0x2c, 0x0,
    0xe0, 0xa0, 0x15, 0x0, 0xff, 0xe0, 0x50, 0x1,
    0x41, 0x80, 0x1c, 0x1, 0xff, 0x19, 0x3, 0x0,
    0x5, 0x1, 0x8, 0x3, 0xfd, 0x40, 0xa, 0x0,
    0xb8, 0x1, 0x40, 0x1f, 0xe6, 0x2, 0x30, 0x9,
    0x44, 0x18, 0x3, 0xf9, 0x80, 0x14, 0x1, 0xce,
    0x2, 0xa0, 0x1f, 0xa8, 0x0, 0xc0, 0x1d, 0x40,
    0xe, 0x0, 0xf8, 0xcc, 0x2, 0xce, 0xfc, 0x80,
    0x4, 0x10, 0xf, 0x50, 0x0, 0x62, 0x3e, 0x0,
    0xa4, 0x3, 0xcc, 0x1, 0xff, 0xc1, 0x60, 0xe,
    0x60, 0x3, 0x7f, 0xff, 0x20, 0xa, 0x0, 0x6a,
    0x0, 0x50, 0x7, 0xf7, 0x0, 0x3c, 0x2, 0x23,
    0x2, 0x30, 0xf, 0xe5, 0x10, 0x41, 0x0, 0x58,
    0x2, 0x80, 0x3f, 0xe7, 0x0, 0x30, 0x1, 0xc0,
    0xc, 0x1, 0xff, 0x50, 0x2, 0x81, 0x44, 0x10,
    0x40, 0x3f, 0xe3, 0x20, 0x24,

    /* U+1EA5 "ấ" */
    0x0, 0xff, 0xe1, 0x37, 0xfa, 0x80, 0x3f, 0xf8,
    0x50, 0x5, 0x40, 0x1f, 0xfc, 0x16, 0x10, 0xe0,
    0xf, 0xab, 0xfd, 0x82, 0x0, 0x80, 0x93, 0x0,
    0xe1, 0xc5, 0x12, 0x3c, 0x21, 0xab, 0x60, 0xe,
    0x2c, 0x31, 0xcc, 0x19, 0x61, 0x22, 0x0, 0x38,
    0xbc, 0xcd, 0xe4, 0x38, 0xa1, 0xa8, 0x1, 0xe2,
    0xde, 0xc1, 0x0, 0xab, 0xb8, 0x80, 0x1f, 0xfc,
    0xe5, 0xbe, 0xff, 0x6c, 0x90, 0x7, 0xe2, 0xda,
    0x41, 0x0, 0x13, 0x6b, 0x0, 0x78, 0x70, 0x80,
    0xe6, 0xa5, 0x40, 0x12, 0x80, 0x1d, 0x2, 0xd,
    0x8c, 0xad, 0x50, 0x0, 0x80, 0xe, 0x70, 0x4,
    0x80, 0x73, 0x80, 0xc, 0x3, 0xbb, 0xfc, 0x1,
    0xf1, 0x0, 0x7f, 0xf2, 0x4, 0x3, 0xc2, 0xf7,
    0xdf, 0xf8, 0x80, 0x3f, 0x3f, 0x42, 0x8, 0x7,
    0xff, 0x1, 0xe0, 0x6, 0x33, 0xff, 0x10, 0x7,
    0xd0, 0x0, 0xc7, 0x30, 0xf, 0xf8, 0xc0, 0xa,
    0x40, 0x1f, 0xfc, 0x17, 0x0, 0x8, 0x7, 0x84,
    0x80, 0x3c, 0xa0, 0x4, 0x40, 0x6, 0x3c, 0x0,
    0xf8, 0x54, 0x1, 0x76, 0x88, 0x66, 0x8, 0x2,
    0x30, 0xd, 0x46, 0x0, 0x47, 0x71, 0x82, 0xa0,
    0x1, 0xc0, 0x3b, 0x24, 0xc4, 0x5, 0x6e, 0xb9,
    0x10, 0x60, 0x10,

    /* U+1EA6 "Ầ" */
    0x28, 0x83, 0x0, 0x7f, 0xf1, 0x48, 0x8f, 0x26,
    0x1, 0xff, 0xc5, 0xa2, 0xf, 0x0, 0xff, 0xe3,
    0x78, 0x1a, 0x80, 0x17, 0xfe, 0x40, 0xf, 0xf1,
    0x5b, 0x98, 0x3d, 0x0, 0x85, 0xa8, 0x7, 0xf9,
    0x21, 0xa2, 0x0, 0xdc, 0xa1, 0x4e, 0x1, 0xff,
    0x53, 0x84, 0xc8, 0x2a, 0x2, 0x24, 0x3, 0xfd,
    0x5f, 0xe6, 0x0, 0x9f, 0xfd, 0x20, 0x1f, 0xfd,
    0x61, 0xff, 0x70, 0x7, 0xff, 0x15, 0x80, 0x2,
    0xa0, 0x1f, 0xfc, 0x4a, 0x0, 0xa4, 0x3, 0xff,
    0x86, 0x84, 0x2, 0x6, 0x40, 0x1f, 0xfc, 0x2e,
    0x0, 0x50, 0x2, 0x80, 0x3f, 0xf8, 0x22, 0xa0,
    0x88, 0x20, 0x60, 0xf, 0xfe, 0xb, 0x0, 0x38,
    0x28, 0x5, 0x40, 0x3f, 0xf8, 0x14, 0x0, 0x50,
    0x60, 0x7, 0x0, 0x7f, 0xc6, 0x40, 0xc0, 0x1,
    0x40, 0x42, 0x0, 0xff, 0x50, 0x2, 0x80, 0x2e,
    0x0, 0x50, 0x7, 0xf9, 0x80, 0x8c, 0x2, 0x51,
    0x6, 0x0, 0xfe, 0x60, 0x5, 0x0, 0x73, 0x80,
    0xa8, 0x7, 0xea, 0x0, 0x30, 0x7, 0x50, 0x3,
    0x80, 0x3e, 0x33, 0x0, 0xb3, 0xbf, 0x20, 0x1,
    0x4, 0x3, 0xd4, 0x0, 0x18, 0x8f, 0x80, 0x29,
    0x0, 0xf3, 0x0, 0x7f, 0xf0, 0x58, 0x3, 0x98,
    0x0, 0xdf, 0xff, 0xc8, 0x2, 0x80, 0x1a, 0x80,
    0x14, 0x1, 0xfd, 0xc0, 0xf, 0x0, 0x88, 0xc0,
    0x8c, 0x3, 0xf9, 0x44, 0x10, 0x40, 0x16, 0x0,
    0xa0, 0xf, 0xf9, 0xc0, 0xc, 0x0, 0x70, 0x3,
    0x0, 0x7f, 0xd4, 0x0, 0xa0, 0x51, 0x4, 0x10,
    0xf, 0xf8, 0xc8, 0x9, 0x0,

    /* U+1EA7 "ầ" */
    0x7f, 0xf4, 0x0, 0x7f, 0xf0, 0x5c, 0xc1, 0xc4,
    0x3, 0xff, 0x83, 0xa2, 0x12, 0x1, 0xff, 0xc1,
    0x1a, 0x7, 0x10, 0x5, 0x7f, 0xac, 0x40, 0x3c,
    0x99, 0x60, 0x38, 0xa2, 0x24, 0xc2, 0x0, 0xf1,
    0xa1, 0xe1, 0x96, 0x79, 0x13, 0xc, 0x3, 0xc7,
    0x84, 0x78, 0x43, 0x88, 0x3a, 0x80, 0x1c, 0x7d,
    0xf8, 0x20, 0x1, 0xbf, 0xe4, 0x0, 0xff, 0xe6,
    0x35, 0xf7, 0xfb, 0x64, 0x80, 0x3e, 0x3d, 0x94,
    0x10, 0x1, 0x36, 0xb0, 0x7, 0x16, 0x10, 0x1c,
    0xdc, 0xa8, 0x2, 0x50, 0x3, 0x40, 0x1, 0xf1,
    0x91, 0xaa, 0x0, 0x10, 0x1, 0xc6, 0x90, 0x1,
    0xce, 0x0, 0x30, 0xd, 0x59, 0x60, 0x1f, 0x10,
    0x7, 0xff, 0x1c, 0x40, 0x38, 0x5e, 0xfb, 0xff,
    0x10, 0x7, 0xcf, 0xd0, 0x82, 0x1, 0xff, 0x3c,
    0x0, 0xc6, 0x7f, 0xe2, 0x0, 0xf4, 0x0, 0x31,
    0xcc, 0x3, 0xfc, 0x60, 0x5, 0x20, 0xf, 0xfe,
    0x3, 0x80, 0x4, 0x3, 0xc2, 0x40, 0x1c, 0xa0,
    0x4, 0x40, 0x6, 0x3c, 0x0, 0xf0, 0xa8, 0x2,
    0xed, 0x10, 0xcc, 0x10, 0x4, 0x60, 0x15, 0x18,
    0x1, 0x1d, 0xc6, 0xa, 0x80, 0x7, 0x0, 0xd9,
    0x26, 0x20, 0x2b, 0x75, 0xc8, 0x83,

    /* U+1EA8 "Ẩ" */
    0x0, 0xff, 0xe1, 0x88, 0x7, 0xff, 0x1d, 0x7b,
    0xe4, 0x40, 0x3f, 0xf8, 0x89, 0x28, 0xd6, 0x1,
    0xff, 0xc4, 0x16, 0xe0, 0x60, 0xf, 0xf3, 0x77,
    0x4a, 0x3, 0xf4, 0x5e, 0x1, 0xfc, 0xb2, 0x2c,
    0x34, 0xa0, 0x4, 0xd3, 0x0, 0xfc, 0xb4, 0x15,
    0x14, 0x14, 0xbf, 0x60, 0x1f, 0xc9, 0x41, 0x2a,
    0xb, 0x21, 0x68, 0x1, 0xfe, 0x37, 0xa6, 0x0,
    0x9a, 0x5c, 0xc0, 0x3f, 0xcf, 0xa, 0x1, 0xcd,
    0xe, 0x1, 0xff, 0xc1, 0x1f, 0xf7, 0x0, 0x7f,
    0xf1, 0x58, 0x0, 0x2a, 0x1, 0xff, 0xc4, 0xa0,
    0xa, 0x40, 0x3f, 0xf8, 0x68, 0x40, 0x20, 0x64,
    0x1, 0xff, 0xc2, 0xe0, 0x5, 0x0, 0x28, 0x3,
    0xff, 0x82, 0x2a, 0x8, 0x82, 0x6, 0x0, 0xff,
    0xe0, 0xb0, 0x3, 0x82, 0x80, 0x54, 0x3, 0xff,
    0x81, 0x40, 0x5, 0x6, 0x0, 0x70, 0x7, 0xfc,
    0x64, 0xc, 0x0, 0x14, 0x4, 0x20, 0xf, 0xf5,
    0x0, 0x28, 0x2, 0xe0, 0x5, 0x0, 0x7f, 0x98,
    0x8, 0xc0, 0x25, 0x10, 0x60, 0xf, 0xe6, 0x0,
    0x50, 0x7, 0x38, 0xa, 0x80, 0x7e, 0xa0, 0x3,
    0x0, 0x75, 0x0, 0x38, 0x3, 0xe3, 0x30, 0xb,
    0x3b, 0xf2, 0x0, 0x10, 0x40, 0x3d, 0x40, 0x1,
    0x88, 0xf8, 0x2, 0x90, 0xf, 0x30, 0x7, 0xff,
    0x5, 0x80, 0x39, 0x80, 0xd, 0xff, 0xfc, 0x80,
    0x28, 0x1, 0xa8, 0x1, 0x40, 0x1f, 0xdc, 0x0,
    0xf0, 0x8, 0x8c, 0x8, 0xc0, 0x3f, 0x94, 0x41,
    0x4, 0x1, 0x60, 0xa, 0x0, 0xff, 0x9c, 0x0,
    0xc0, 0x7, 0x0, 0x30, 0x7, 0xfd, 0x40, 0xa,
    0x5, 0x10, 0x41, 0x0, 0xff, 0x8c, 0x80, 0x90,

    /* U+1EA9 "ẩ" */
    0x0, 0xff, 0xe0, 0x8, 0x7, 0xff, 0x12, 0xbe,
    0xc8, 0x3, 0xff, 0x83, 0xec, 0x98, 0x1, 0xff,
    0xc1, 0x49, 0x41, 0x50, 0xf, 0xfe, 0x11, 0x1,
    0x80, 0x7f, 0xf0, 0x49, 0xc1, 0x40, 0x38, 0xb7,
    0xfd, 0xc6, 0x11, 0xa1, 0x26, 0x1, 0x93, 0x9,
    0x5c, 0x71, 0x7c, 0x69, 0x80, 0x33, 0x58, 0xcd,
    0x45, 0x8d, 0x7f, 0x20, 0x6, 0x2f, 0x6c, 0x60,
    0x2, 0x63, 0x8a, 0x0, 0x71, 0x4c, 0x8c, 0x3,
    0x14, 0x4a, 0x0, 0x7c, 0xb7, 0xdf, 0xed, 0x92,
    0x0, 0xf8, 0xb6, 0x90, 0x40, 0x4, 0xda, 0xc0,
    0x1c, 0x38, 0x40, 0x73, 0x52, 0xa0, 0x9, 0x40,
    0xd, 0x2, 0xd, 0x8c, 0xad, 0x50, 0x0, 0x80,
    0xc, 0xe0, 0x9, 0x0, 0xe7, 0x0, 0x18, 0x6,
    0xef, 0xf0, 0x7, 0xc4, 0x1, 0xff, 0xc7, 0x10,
    0xe, 0x17, 0xbe, 0xff, 0xc4, 0x1, 0xf3, 0xf4,
    0x20, 0x80, 0x7f, 0xcf, 0x0, 0x31, 0x9f, 0xf8,
    0x80, 0x3d, 0x0, 0xc, 0x73, 0x0, 0xff, 0x18,
    0x1, 0x48, 0x3, 0xff, 0x80, 0xe0, 0x1, 0x0,
    0xf0, 0x90, 0x7, 0x28, 0x1, 0x10, 0x1, 0x8f,
    0x0, 0x3c, 0x2a, 0x0, 0xbb, 0x44, 0x33, 0x4,
    0x1, 0x18, 0x5, 0x46, 0x0, 0x47, 0x71, 0x82,
    0xa0, 0x1, 0xc0, 0x36, 0x49, 0x88, 0xa, 0xdd,
    0x72, 0x20, 0xc0, 0x0,

    /* U+1EAA "Ẫ" */
    0x0, 0xff, 0xe8, 0x47, 0xf3, 0x88, 0xb5, 0x80,
    0x3f, 0xf8, 0xc, 0xea, 0xa8, 0xee, 0x12, 0x0,
    0x7f, 0xf0, 0xa, 0x6a, 0xf1, 0x99, 0xa4, 0x1,
    0xff, 0xc0, 0x46, 0x1, 0x14, 0x49, 0x0, 0x7f,
    0xf0, 0xd3, 0xb7, 0x90, 0x3, 0xff, 0x86, 0xd6,
    0xe, 0x16, 0xc0, 0x1f, 0xfc, 0x18, 0x91, 0xc8,
    0xc1, 0x98, 0x0, 0xff, 0xa9, 0xcb, 0xc, 0xf,
    0x9, 0xe8, 0x3, 0xfd, 0x5f, 0xa4, 0x1, 0x16,
    0xfd, 0x0, 0x7f, 0xf0, 0x47, 0xfd, 0xc0, 0x1f,
    0xfc, 0x56, 0x0, 0xa, 0x80, 0x7f, 0xf1, 0x28,
    0x2, 0x90, 0xf, 0xfe, 0x1a, 0x10, 0x8, 0x19,
    0x0, 0x7f, 0xf0, 0xb8, 0x1, 0x40, 0xa, 0x0,
    0xff, 0xe0, 0x8a, 0x82, 0x20, 0x81, 0x80, 0x3f,
    0xf8, 0x2c, 0x0, 0xe0, 0xa0, 0x15, 0x0, 0xff,
    0xe0, 0x50, 0x1, 0x41, 0x80, 0x1c, 0x1, 0xff,
    0x19, 0x3, 0x0, 0x5, 0x1, 0x8, 0x3, 0xfd,
    0x40, 0xa, 0x0, 0xb8, 0x1, 0x40, 0x1f, 0xe6,
    0x2, 0x30, 0x9, 0x44, 0x18, 0x3, 0xf9, 0x80,
    0x14, 0x1, 0xce, 0x2, 0xa0, 0x1f, 0xa8, 0x0,
    0xc0, 0x1d, 0x40, 0xe, 0x0, 0xf8, 0xcc, 0x2,
    0xce, 0xfc, 0x80, 0x4, 0x10, 0xf, 0x50, 0x0,
    0x62, 0x3e, 0x0, 0xa4, 0x3, 0xcc, 0x1, 0xff,
    0xc1, 0x60, 0xe, 0x60, 0x3, 0x7f, 0xff, 0x20,
    0xa, 0x0, 0x6a, 0x0, 0x50, 0x7, 0xf7, 0x0,
    0x3c, 0x2, 0x23, 0x2, 0x30, 0xf, 0xe5, 0x10,
    0x41, 0x0, 0x58, 0x2, 0x80, 0x3f, 0xe7, 0x0,
    0x30, 0x1, 0xc0, 0xc, 0x1, 0xff, 0x50, 0x2,
    0x81, 0x44, 0x10, 0x40, 0x3f, 0xe3, 0x20, 0x24,

    /* U+1EAB "ẫ" */
    0x0, 0xe6, 0x95, 0x0, 0xb, 0x80, 0x7d, 0x32,
    0x6a, 0xea, 0xf9, 0x0, 0xf9, 0xe3, 0xec, 0x94,
    0xf4, 0x3, 0xee, 0x70, 0x4c, 0xfd, 0x30, 0xf,
    0xfe, 0x64, 0xff, 0xac, 0x40, 0x3f, 0x16, 0x32,
    0xb2, 0x79, 0x80, 0x79, 0x74, 0xe6, 0xa6, 0x83,
    0x1c, 0x3, 0x16, 0xbe, 0x30, 0x1, 0x71, 0xfc,
    0xc0, 0x22, 0x88, 0x18, 0x6, 0x28, 0x81, 0x80,
    0x72, 0xdf, 0x7f, 0xb6, 0x48, 0x3, 0x8b, 0x69,
    0x4, 0x0, 0x4d, 0xac, 0x1, 0xe, 0x10, 0x1c,
    0xd4, 0xa8, 0x2, 0x50, 0x1, 0x2, 0xd, 0x8c,
    0xad, 0x50, 0x0, 0x80, 0x3, 0x80, 0x24, 0x3,
    0x9c, 0x0, 0x60, 0xe, 0xff, 0x0, 0x7c, 0x40,
    0x1f, 0xfc, 0x51, 0x0, 0x85, 0xef, 0xbf, 0xf1,
    0x0, 0x73, 0xf4, 0x20, 0x80, 0x7f, 0x3c, 0x0,
    0xc6, 0x7f, 0xe2, 0x0, 0xd0, 0x0, 0xc7, 0x30,
    0xf, 0xc6, 0x0, 0x52, 0x0, 0xff, 0x38, 0x0,
    0x40, 0x3c, 0x24, 0x1, 0x28, 0x1, 0x10, 0x1,
    0x8f, 0x0, 0x30, 0xa8, 0x2, 0xed, 0x10, 0xcc,
    0x10, 0x4, 0x61, 0x46, 0x0, 0x47, 0x71, 0x82,
    0xa0, 0x1, 0xc0, 0x19, 0x26, 0x20, 0x2b, 0x75,
    0xc8, 0x83,

    /* U+1EAC "Ậ" */
    0x0, 0xfe, 0x48, 0x40, 0xf, 0xfe, 0x2a, 0x5b,
    0xda, 0x0, 0x7f, 0xf0, 0xce, 0xc1, 0x42, 0xc8,
    0x3, 0xff, 0x82, 0x5a, 0x11, 0x50, 0x1e, 0x20,
    0x1f, 0xfc, 0xf, 0x16, 0x70, 0x76, 0x2d, 0x0,
    0xff, 0xe0, 0x6f, 0xc8, 0x5, 0x3f, 0x80, 0x1f,
    0xfd, 0x71, 0xff, 0x70, 0x7, 0xff, 0x15, 0x80,
    0x2, 0xa0, 0x1f, 0xfc, 0x4a, 0x0, 0xa4, 0x3,
    0xff, 0x86, 0x84, 0x2, 0x6, 0x40, 0x1f, 0xfc,
    0x2e, 0x0, 0x50, 0x2, 0x80, 0x3f, 0xf8, 0x22,
    0xa0, 0x88, 0x20, 0x60, 0xf, 0xfe, 0xb, 0x0,
    0x38, 0x28, 0x5, 0x40, 0x3f, 0xf8, 0x14, 0x0,
    0x50, 0x60, 0x7, 0x0, 0x7f, 0xc6, 0x40, 0xc0,
    0x1, 0x40, 0x42, 0x0, 0xff, 0x50, 0x2, 0x80,
    0x2e, 0x0, 0x50, 0x7, 0xf9, 0x80, 0x8c, 0x2,
    0x51, 0x6, 0x0, 0xfe, 0x60, 0x5, 0x0, 0x73,
    0x80, 0xa8, 0x7, 0xea, 0x0, 0x30, 0x7, 0x50,
    0x3, 0x80, 0x3e, 0x33, 0x0, 0xb3, 0xbf, 0x20,
    0x1, 0x4, 0x3, 0xd4, 0x0, 0x18, 0x8f, 0x80,
    0x29, 0x0, 0xf3, 0x0, 0x7f, 0xf0, 0x58, 0x3,
    0x98, 0x0, 0xdf, 0xff, 0xc8, 0x2, 0x80, 0x1a,
    0x80, 0x14, 0x1, 0xfd, 0xc0, 0xf, 0x0, 0x88,
    0xc0, 0x8c, 0x3, 0xf9, 0x44, 0x10, 0x40, 0x16,
    0x0, 0xa0, 0xf, 0xf9, 0xc0, 0xc, 0x0, 0x70,
    0x3, 0x0, 0x7f, 0xd4, 0x0, 0xa0, 0x51, 0x4,
    0x10, 0xf, 0xf8, 0xc8, 0x9, 0x17, 0xfd, 0x60,
    0x1f, 0xfc, 0x1d, 0xff, 0x20, 0x7, 0xff, 0x4a,
    0x7f, 0x0, 0x3f, 0xf8, 0xcc, 0x6, 0xa0, 0x1f,
    0xfc, 0x53, 0x0, 0x20, 0x7, 0xff, 0x17, 0x31,
    0xc2, 0x1, 0xf8,

    /* U+1EAD "ậ" */
    0x0, 0xf2, 0xff, 0x9c, 0x3, 0xfc, 0xb4, 0x5,
    0xe, 0x1, 0xf9, 0xa8, 0x73, 0x5, 0xe, 0x1,
    0xe4, 0xb2, 0xd3, 0x1c, 0x3a, 0x50, 0xe, 0x4d,
    0xd1, 0x80, 0x7, 0x35, 0x40, 0x3f, 0xf9, 0x2b,
    0x7d, 0xfe, 0xd9, 0x20, 0xe, 0x2d, 0xa4, 0x10,
    0x1, 0x36, 0xb0, 0x4, 0x38, 0x40, 0x73, 0x52,
    0xa0, 0x9, 0x40, 0x4, 0x8, 0x36, 0x32, 0xb5,
    0x40, 0x2, 0x0, 0xe, 0x0, 0x90, 0xe, 0x70,
    0x1, 0x80, 0x3b, 0xfc, 0x1, 0xf1, 0x0, 0x7f,
    0xf1, 0x44, 0x2, 0x17, 0xbe, 0xff, 0xc4, 0x1,
    0xcf, 0xd0, 0x82, 0x1, 0xfc, 0xf0, 0x3, 0x19,
    0xff, 0x88, 0x3, 0x40, 0x3, 0x1c, 0xc0, 0x3f,
    0x18, 0x1, 0x48, 0x3, 0xfc, 0xe0, 0x1, 0x0,
    0xf0, 0x90, 0x4, 0xa0, 0x4, 0x40, 0x6, 0x3c,
    0x0, 0xc2, 0xa0, 0xb, 0xb4, 0x43, 0x30, 0x40,
    0x11, 0x85, 0x18, 0x1, 0x1d, 0xc6, 0xa, 0x80,
    0x7, 0x0, 0x64, 0x98, 0x80, 0xad, 0xd7, 0x22,
    0xc, 0x2, 0x6c, 0xef, 0xea, 0x40, 0x5b, 0xb3,
    0x0, 0x78, 0xc4, 0x3, 0xff, 0x81, 0x59, 0xc6,
    0x1, 0xff, 0x20, 0x1, 0x0, 0x3f, 0xe9, 0x2,
    0x60, 0xf, 0x0,

    /* U+1EAE "Ắ" */
    0x0, 0xff, 0x9a, 0xc, 0x3, 0xff, 0x8a, 0x92,
    0x86, 0x1, 0xff, 0xc5, 0x91, 0xd0, 0xf, 0xfe,
    0x29, 0x2e, 0x8, 0x7, 0xff, 0x4, 0xff, 0xc4,
    0x48, 0x25, 0xff, 0x8, 0x7, 0xf8, 0xc8, 0x38,
    0xc9, 0x20, 0x10, 0x40, 0x3f, 0xec, 0x53, 0xcd,
    0xb2, 0x6b, 0x0, 0xff, 0xe0, 0xd, 0x75, 0xdb,
    0x3e, 0x40, 0x3f, 0xf8, 0x62, 0x88, 0x30, 0xf,
    0xfe, 0x28, 0xff, 0xb8, 0x3, 0xff, 0x8a, 0xc0,
    0x1, 0x50, 0xf, 0xfe, 0x25, 0x0, 0x52, 0x1,
    0xff, 0xc3, 0x42, 0x1, 0x3, 0x20, 0xf, 0xfe,
    0x17, 0x0, 0x28, 0x1, 0x40, 0x1f, 0xfc, 0x11,
    0x50, 0x44, 0x10, 0x30, 0x7, 0xff, 0x5, 0x80,
    0x1c, 0x14, 0x2, 0xa0, 0x1f, 0xfc, 0xa, 0x0,
    0x28, 0x30, 0x3, 0x80, 0x3f, 0xe3, 0x20, 0x60,
    0x0, 0xa0, 0x21, 0x0, 0x7f, 0xa8, 0x1, 0x40,
    0x17, 0x0, 0x28, 0x3, 0xfc, 0xc0, 0x46, 0x1,
    0x28, 0x83, 0x0, 0x7f, 0x30, 0x2, 0x80, 0x39,
    0xc0, 0x54, 0x3, 0xf5, 0x0, 0x18, 0x3, 0xa8,
    0x1, 0xc0, 0x1f, 0x19, 0x80, 0x59, 0xdf, 0x90,
    0x0, 0x82, 0x1, 0xea, 0x0, 0xc, 0x47, 0xc0,
    0x14, 0x80, 0x79, 0x80, 0x3f, 0xf8, 0x2c, 0x1,
    0xcc, 0x0, 0x6f, 0xff, 0xe4, 0x1, 0x40, 0xd,
    0x40, 0xa, 0x0, 0xfe, 0xe0, 0x7, 0x80, 0x44,
    0x60, 0x46, 0x1, 0xfc, 0xa2, 0x8, 0x20, 0xb,
    0x0, 0x50, 0x7, 0xfc, 0xe0, 0x6, 0x0, 0x38,
    0x1, 0x80, 0x3f, 0xea, 0x0, 0x50, 0x28, 0x82,
    0x8, 0x7, 0xfc, 0x64, 0x4, 0x80,

    /* U+1EAF "ắ" */
    0x0, 0xfc, 0xdf, 0x80, 0x1f, 0xf0, 0xc0, 0xe8,
    0x7, 0xfd, 0x3, 0x82, 0x1, 0xff, 0x4f, 0x90,
    0x7, 0xe9, 0xfe, 0x42, 0x22, 0x77, 0xd0, 0x7,
    0x4b, 0xd, 0xee, 0xac, 0x56, 0xc0, 0x3d, 0x3f,
    0x97, 0x6c, 0xfa, 0x10, 0xf, 0xc6, 0x88, 0x30,
    0xf, 0xfe, 0x62, 0xdf, 0x7f, 0xb6, 0x48, 0x3,
    0x87, 0x29, 0x4, 0x0, 0x4d, 0xac, 0x1, 0xb0,
    0xc0, 0xa2, 0xa5, 0x40, 0x12, 0x80, 0x8, 0x20,
    0x5d, 0x75, 0x6a, 0x80, 0x4, 0x0, 0x14, 0x1,
    0x60, 0x1c, 0xe0, 0x3, 0x0, 0x75, 0xe0, 0x80,
    0x78, 0x80, 0x31, 0xa1, 0x80, 0x7f, 0x84, 0x2,
    0x17, 0xbe, 0xff, 0xc4, 0x1, 0xcf, 0xd0, 0x82,
    0x1, 0xfc, 0xf0, 0x3, 0x19, 0xff, 0x88, 0x3,
    0x40, 0x3, 0x1c, 0xc0, 0x3f, 0x18, 0x1, 0x48,
    0x3, 0xfc, 0xe0, 0x1, 0x0, 0xf0, 0x90, 0x4,
    0xa0, 0x4, 0x40, 0x6, 0x3c, 0x0, 0xc2, 0xa0,
    0xb, 0xb4, 0x43, 0x30, 0x40, 0x11, 0x85, 0x18,
    0x1, 0x1d, 0xc6, 0xa, 0x80, 0x7, 0x0, 0x64,
    0x98, 0x80, 0xad, 0xd7, 0x22, 0xc,

    /* U+1EB0 "Ằ" */
    0x0, 0xf8, 0xe1, 0xc0, 0x3f, 0xf8, 0xc6, 0x68,
    0x50, 0xf, 0xfe, 0x35, 0x15, 0x80, 0x7f, 0xf1,
    0x87, 0xd8, 0xc0, 0x3f, 0xf8, 0x47, 0xfe, 0x22,
    0x41, 0xaf, 0xf8, 0x40, 0x3f, 0xc6, 0x41, 0xc6,
    0x49, 0x0, 0x82, 0x1, 0xff, 0x62, 0x9e, 0x6d,
    0x93, 0x58, 0x7, 0xff, 0x0, 0x6b, 0xae, 0xd9,
    0xf2, 0x1, 0xff, 0xc3, 0x14, 0x41, 0x80, 0x7f,
    0xf1, 0x47, 0xfd, 0xc0, 0x1f, 0xfc, 0x56, 0x0,
    0xa, 0x80, 0x7f, 0xf1, 0x28, 0x2, 0x90, 0xf,
    0xfe, 0x1a, 0x10, 0x8, 0x19, 0x0, 0x7f, 0xf0,
    0xb8, 0x1, 0x40, 0xa, 0x0, 0xff, 0xe0, 0x8a,
    0x82, 0x20, 0x81, 0x80, 0x3f, 0xf8, 0x2c, 0x0,
    0xe0, 0xa0, 0x15, 0x0, 0xff, 0xe0, 0x50, 0x1,
    0x41, 0x80, 0x1c, 0x1, 0xff, 0x19, 0x3, 0x0,
    0x5, 0x1, 0x8, 0x3, 0xfd, 0x40, 0xa, 0x0,
    0xb8, 0x1, 0x40, 0x1f, 0xe6, 0x2, 0x30, 0x9,
    0x44, 0x18, 0x3, 0xf9, 0x80, 0x14, 0x1, 0xce,
    0x2, 0xa0, 0x1f, 0xa8, 0x0, 0xc0, 0x1d, 0x40,
    0xe, 0x0, 0xf8, 0xcc, 0x2, 0xce, 0xfc, 0x80,
    0x4, 0x10, 0xf, 0x50, 0x0, 0x62, 0x3e, 0x0,
    0xa4, 0x3, 0xcc, 0x1, 0xff, 0xc1, 0x60, 0xe,
    0x60, 0x3, 0x7f, 0xff, 0x20, 0xa, 0x0, 0x6a,
    0x0, 0x50, 0x7, 0xf7, 0x0, 0x3c, 0x2, 0x23,
    0x2, 0x30, 0xf, 0xe5, 0x10, 0x41, 0x0, 0x58,
    0x2, 0x80, 0x3f, 0xe7, 0x0, 0x30, 0x1, 0xc0,
    0xc, 0x1, 0xff, 0x50, 0x2, 0x81, 0x44, 0x10,
    0x40, 0x3f, 0xe3, 0x20, 0x24,

    /* U+1EB1 "ằ" */
    0x0, 0xe9, 0xfa, 0x0, 0xff, 0xe0, 0x4a, 0x29,
    0x80, 0x7f, 0xf0, 0x28, 0xb8, 0x3, 0xff, 0x80,
    0x3b, 0xa0, 0xf, 0xe9, 0xfe, 0x42, 0x22, 0x77,
    0xd0, 0x7, 0x4b, 0xd, 0xee, 0xac, 0x56, 0xc0,
    0x3d, 0x3f, 0x97, 0x6c, 0xfa, 0x10, 0xf, 0xc6,
    0x88, 0x30, 0xf, 0xfe, 0x62, 0xdf, 0x7f, 0xb6,
    0x48, 0x3, 0x87, 0x29, 0x4, 0x0, 0x4d, 0xac,
    0x1, 0xb0, 0xc0, 0xa2, 0xa5, 0x40, 0x12, 0x80,
    0x8, 0x20, 0x5d, 0x75, 0x6a, 0x80, 0x4, 0x0,
    0x14, 0x1, 0x60, 0x1c, 0xe0, 0x3, 0x0, 0x75,
    0xe0, 0x80, 0x78, 0x80, 0x31, 0xa1, 0x80, 0x7f,
    0x84, 0x2, 0x17, 0xbe, 0xff, 0xc4, 0x1, 0xcf,
    0xd0, 0x82, 0x1, 0xfc, 0xf0, 0x3, 0x19, 0xff,
    0x88, 0x3, 0x40, 0x3, 0x1c, 0xc0, 0x3f, 0x18,
    0x1, 0x48, 0x3, 0xfc, 0xe0, 0x1, 0x0, 0xf0,
    0x90, 0x4, 0xa0, 0x4, 0x40, 0x6, 0x3c, 0x0,
    0xc2, 0xa0, 0xb, 0xb4, 0x43, 0x30, 0x40, 0x11,
    0x85, 0x18, 0x1, 0x1d, 0xc6, 0xa, 0x80, 0x7,
    0x0, 0x64, 0x98, 0x80, 0xad, 0xd7, 0x22, 0xc,

    /* U+1EB2 "Ẳ" */
    0x0, 0xff, 0xe9, 0x6f, 0xe3, 0x80, 0x7f, 0xf1,
    0x7a, 0x82, 0x24, 0x3, 0xff, 0x88, 0x6a, 0xa0,
    0x20, 0xf, 0xfe, 0x24, 0x7b, 0x1c, 0x0, 0x7f,
    0xf1, 0xa3, 0xc, 0x3, 0xff, 0x80, 0x55, 0x40,
    0x8f, 0x74, 0xa8, 0x0, 0xff, 0x8d, 0x54, 0x80,
    0x16, 0xa9, 0x80, 0x7f, 0xc2, 0xc1, 0x28, 0x4c,
    0xc0, 0xf0, 0xf, 0xfe, 0x4, 0xb1, 0x5e, 0xc8,
    0xd2, 0x0, 0x7f, 0xf0, 0x67, 0xae, 0xd9, 0xca,
    0x1, 0xff, 0xc3, 0x14, 0x41, 0x80, 0x7f, 0xf1,
    0x47, 0xfd, 0xc0, 0x1f, 0xfc, 0x56, 0x0, 0xa,
    0x80, 0x7f, 0xf1, 0x28, 0x2, 0x90, 0xf, 0xfe,
    0x1a, 0x10, 0x8, 0x19, 0x0, 0x7f, 0xf0, 0xb8,
    0x1, 0x40, 0xa, 0x0, 0xff, 0xe0, 0x8a, 0x82,
    0x20, 0x81, 0x80, 0x3f, 0xf8, 0x2c, 0x0, 0xe0,
    0xa0, 0x15, 0x0, 0xff, 0xe0, 0x50, 0x1, 0x41,
    0x80, 0x1c, 0x1, 0xff, 0x19, 0x3, 0x0, 0x5,
    0x1, 0x8, 0x3, 0xfd, 0x40, 0xa, 0x0, 0xb8,
    0x1, 0x40, 0x1f, 0xe6, 0x2, 0x30, 0x9, 0x44,
    0x18, 0x3, 0xf9, 0x80, 0x14, 0x1, 0xce, 0x2,
    0xa0, 0x1f, 0xa8, 0x0, 0xc0, 0x1d, 0x40, 0xe,
    0x0, 0xf8, 0xcc, 0x2, 0xce, 0xfc, 0x80, 0x4,
    0x10, 0xf, 0x50, 0x0, 0x62, 0x3e, 0x0, 0xa4,
    0x3, 0xcc, 0x1, 0xff, 0xc1, 0x60, 0xe, 0x60,
    0x3, 0x7f, 0xff, 0x20, 0xa, 0x0, 0x6a, 0x0,
    0x50, 0x7, 0xf7, 0x0, 0x3c, 0x2, 0x23, 0x2,
    0x30, 0xf, 0xe5, 0x10, 0x41, 0x0, 0x58, 0x2,
    0x80, 0x3f, 0xe7, 0x0, 0x30, 0x1, 0xc0, 0xc,
    0x1, 0xff, 0x50, 0x2, 0x81, 0x44, 0x10, 0x40,
    0x3f, 0xe3, 0x20, 0x24,

    /* U+1EB3 "ẳ" */
    0x0, 0xff, 0xe4, 0x9f, 0xf5, 0x98, 0x7, 0xf8,
    0xae, 0x53, 0xc, 0x3, 0xf8, 0x51, 0x44, 0x18,
    0x3, 0xfd, 0xfa, 0xe, 0xa0, 0x1f, 0xe1, 0xe,
    0x80, 0xf, 0xfb, 0xbc, 0x3, 0xfa, 0x3f, 0x50,
    0x88, 0xbf, 0xe5, 0x0, 0xe8, 0x62, 0xbd, 0xd5,
    0x4, 0x28, 0x7, 0xa7, 0xf2, 0xed, 0x9e, 0xe0,
    0x1f, 0xc6, 0x88, 0x30, 0xf, 0xfe, 0x62, 0x57,
    0x7f, 0xb6, 0x48, 0x3, 0x86, 0xec, 0xa2, 0x0,
    0x26, 0xd6, 0x0, 0xda, 0x80, 0x51, 0x52, 0xa0,
    0x9, 0x40, 0x3, 0x98, 0x26, 0xba, 0xb5, 0x40,
    0x2, 0x0, 0x16, 0x0, 0x90, 0xe, 0x70, 0x1,
    0x80, 0x2d, 0xe0, 0x80, 0x3c, 0x40, 0x19, 0xe1,
    0xc0, 0x3f, 0xc2, 0x1, 0xb, 0xdf, 0x7f, 0xe2,
    0x0, 0xe7, 0xe8, 0x41, 0x0, 0xfe, 0x78, 0x1,
    0x8c, 0xff, 0xc4, 0x1, 0xa0, 0x1, 0x8e, 0x60,
    0x1f, 0x8c, 0x0, 0xa4, 0x1, 0xfe, 0x70, 0x0,
    0x80, 0x78, 0x48, 0x2, 0x50, 0x2, 0x20, 0x3,
    0x1e, 0x0, 0x61, 0x50, 0x5, 0xda, 0x21, 0x98,
    0x20, 0x8, 0xc2, 0x8c, 0x0, 0x8e, 0xe3, 0x5,
    0x40, 0x3, 0x80, 0x32, 0x4c, 0x40, 0x56, 0xeb,
    0x91, 0x6,

    /* U+1EB4 "Ẵ" */
    0x0, 0xf9, 0xae, 0x90, 0x1, 0x34, 0x1, 0xff,
    0xc0, 0x59, 0x45, 0xbe, 0xd6, 0x30, 0xf, 0xfe,
    0x7, 0x1f, 0x71, 0xc0, 0x96, 0x40, 0x3f, 0xf8,
    0x17, 0xa2, 0x28, 0xef, 0xa0, 0xf, 0xfe, 0x1,
    0x66, 0x90, 0x4, 0xb9, 0x80, 0xf, 0xf8, 0x84,
    0xf8, 0xc9, 0x2c, 0xd8, 0x3, 0xff, 0x81, 0x88,
    0x79, 0xb6, 0x2d, 0x40, 0x1f, 0xfc, 0x1, 0xbe,
    0xba, 0xbe, 0x90, 0xf, 0xfe, 0x18, 0xa2, 0xa0,
    0x80, 0x7f, 0xf6, 0x47, 0xfd, 0xc0, 0x1f, 0xfc,
    0x56, 0x0, 0xa, 0x80, 0x7f, 0xf1, 0x28, 0x2,
    0x90, 0xf, 0xfe, 0x1a, 0x10, 0x8, 0x19, 0x0,
    0x7f, 0xf0, 0xb8, 0x1, 0x40, 0xa, 0x0, 0xff,
    0xe0, 0x8a, 0x82, 0x20, 0x81, 0x80, 0x3f, 0xf8,
    0x2c, 0x0, 0xe0, 0xa0, 0x15, 0x0, 0xff, 0xe0,
    0x50, 0x1, 0x41, 0x80, 0x1c, 0x1, 0xff, 0x19,
    0x3, 0x0, 0x5, 0x1, 0x8, 0x3, 0xfd, 0x40,
    0xa, 0x0, 0xb8, 0x1, 0x40, 0x1f, 0xe6, 0x2,
    0x30, 0x9, 0x44, 0x18, 0x3, 0xf9, 0x80, 0x14,
    0x1, 0xce, 0x2, 0xa0, 0x1f, 0xa8, 0x0, 0xc0,
    0x1d, 0x40, 0xe, 0x0, 0xf8, 0xcc, 0x2, 0xce,
    0xfc, 0x80, 0x4, 0x10, 0xf, 0x50, 0x0, 0x62,
    0x3e, 0x0, 0xa4, 0x3, 0xcc, 0x1, 0xff, 0xc1,
    0x60, 0xe, 0x60, 0x3, 0x7f, 0xff, 0x20, 0xa,
    0x0, 0x6a, 0x0, 0x50, 0x7, 0xf7, 0x0, 0x3c,
    0x2, 0x23, 0x2, 0x30, 0xf, 0xe5, 0x10, 0x41,
    0x0, 0x58, 0x2, 0x80, 0x3f, 0xe7, 0x0, 0x30,
    0x1, 0xc0, 0xc, 0x1, 0xff, 0x50, 0x2, 0x81,
    0x44, 0x10, 0x40, 0x3f, 0xe3, 0x20, 0x24,

    /* U+1EB5 "ẵ" */
    0x0, 0xff, 0x84, 0x3, 0xe3, 0xdf, 0xc5, 0x3,
    0xe6, 0x0, 0xf6, 0x91, 0x9a, 0xbf, 0x1, 0xc0,
    0x38, 0x42, 0xb3, 0xe0, 0xd3, 0x4, 0x3, 0x87,
    0x94, 0x0, 0xf9, 0x66, 0x1, 0xff, 0xc9, 0x8f,
    0xe5, 0x22, 0x2f, 0x7b, 0x80, 0x74, 0x30, 0xd6,
    0xea, 0x85, 0x9c, 0x3, 0xd3, 0xf9, 0x54, 0xcf,
    0x90, 0xf, 0xe3, 0x55, 0x18, 0x7, 0xff, 0x31,
    0x2b, 0xbf, 0xdb, 0x24, 0x1, 0xeb, 0xb2, 0x88,
    0x0, 0x9b, 0x58, 0x3, 0x62, 0x1, 0x45, 0x4a,
    0x80, 0x25, 0x0, 0xc, 0x60, 0x7a, 0xea, 0xd5,
    0x0, 0x8, 0x0, 0x50, 0x3, 0x80, 0x39, 0xc0,
    0x6, 0x0, 0x46, 0x61, 0x0, 0x78, 0x80, 0x34,
    0x4c, 0x80, 0x3f, 0xc2, 0x1, 0xb, 0xdf, 0x7f,
    0xe2, 0x0, 0xe7, 0xe8, 0x41, 0x0, 0xfe, 0x78,
    0x1, 0x8c, 0xff, 0xc4, 0x1, 0xa0, 0x1, 0x8e,
    0x60, 0x1f, 0x8c, 0x0, 0xa4, 0x1, 0xfe, 0x70,
    0x0, 0x80, 0x78, 0x48, 0x2, 0x50, 0x2, 0x20,
    0x3, 0x1e, 0x0, 0x61, 0x50, 0x5, 0xda, 0x21,
    0x98, 0x20, 0x8, 0xc2, 0x8c, 0x0, 0x8e, 0xe3,
    0x5, 0x40, 0x3, 0x80, 0x32, 0x4c, 0x40, 0x56,
    0xeb, 0x91, 0x6,

    /* U+1EB6 "Ặ" */
    0x0, 0xe2, 0xff, 0x18, 0x4, 0x9f, 0xe2, 0x0,
    0xff, 0x10, 0x84, 0x0, 0x5e, 0x4, 0x40, 0xf,
    0xfa, 0x81, 0x3f, 0x7d, 0x2, 0x40, 0x3f, 0xf8,
    0x9, 0x8a, 0x24, 0x2b, 0x88, 0x1, 0xff, 0xc1,
    0x3a, 0xef, 0xea, 0x30, 0xf, 0xfe, 0xc0, 0xff,
    0xb8, 0x3, 0xff, 0x8a, 0xc0, 0x1, 0x50, 0xf,
    0xfe, 0x25, 0x0, 0x52, 0x1, 0xff, 0xc3, 0x42,
    0x1, 0x3, 0x20, 0xf, 0xfe, 0x17, 0x0, 0x28,
    0x1, 0x40, 0x1f, 0xfc, 0x11, 0x50, 0x44, 0x10,
    0x30, 0x7, 0xff, 0x5, 0x80, 0x1c, 0x14, 0x2,
    0xa0, 0x1f, 0xfc, 0xa, 0x0, 0x28, 0x30, 0x3,
    0x80, 0x3f, 0xe3, 0x20, 0x60, 0x0, 0xa0, 0x21,
    0x0, 0x7f, 0xa8, 0x1, 0x40, 0x17, 0x0, 0x28,
    0x3, 0xfc, 0xc0, 0x46, 0x1, 0x28, 0x83, 0x0,
    0x7f, 0x30, 0x2, 0x80, 0x39, 0xc0, 0x54, 0x3,
    0xf5, 0x0, 0x18, 0x3, 0xa8, 0x1, 0xc0, 0x1f,
    0x19, 0x80, 0x59, 0xdf, 0x90, 0x0, 0x82, 0x1,
    0xea, 0x0, 0xc, 0x47, 0xc0, 0x14, 0x80, 0x79,
    0x80, 0x3f, 0xf8, 0x2c, 0x1, 0xcc, 0x0, 0x6f,
    0xff, 0xe4, 0x1, 0x40, 0xd, 0x40, 0xa, 0x0,
    0xfe, 0xe0, 0x7, 0x80, 0x44, 0x60, 0x46, 0x1,
    0xfc, 0xa2, 0x8, 0x20, 0xb, 0x0, 0x50, 0x7,
    0xfc, 0xe0, 0x6, 0x0, 0x38, 0x1, 0x80, 0x3f,
    0xea, 0x0, 0x50, 0x28, 0x82, 0x8, 0x7, 0xfc,
    0x64, 0x4, 0x8b, 0xfe, 0xb0, 0xf, 0xfe, 0xe,
    0xff, 0x90, 0x3, 0xff, 0xa5, 0x3f, 0x80, 0x1f,
    0xfc, 0x66, 0x3, 0x50, 0xf, 0xfe, 0x29, 0x80,
    0x10, 0x3, 0xff, 0x8b, 0x98, 0xe1, 0x0, 0xfc,

    /* U+1EB7 "ặ" */
    0x0, 0xa3, 0xf4, 0x3, 0x57, 0xd8, 0x7, 0x60,
    0x13, 0x80, 0x15, 0x41, 0xa0, 0x1c, 0x8c, 0x11,
    0xfe, 0xa0, 0x46, 0x0, 0xf4, 0xda, 0x99, 0x96,
    0xac, 0x3, 0xf2, 0x56, 0x62, 0x94, 0x3, 0xff,
    0x96, 0xb7, 0xdf, 0xed, 0x92, 0x0, 0xe2, 0xda,
    0x41, 0x0, 0x13, 0x6b, 0x0, 0x43, 0x84, 0x7,
    0x35, 0x2a, 0x0, 0x94, 0x0, 0x40, 0x83, 0x63,
    0x2b, 0x54, 0x0, 0x20, 0x0, 0xe0, 0x9, 0x0,
    0xe7, 0x0, 0x18, 0x3, 0xbf, 0xc0, 0x1f, 0x10,
    0x7, 0xff, 0x14, 0x40, 0x21, 0x7b, 0xef, 0xfc,
    0x40, 0x1c, 0xfd, 0x8, 0x20, 0x1f, 0xcf, 0x0,
    0x31, 0x9f, 0xf8, 0x80, 0x34, 0x0, 0x31, 0xcc,
    0x3, 0xf1, 0x80, 0x14, 0x80, 0x3f, 0xce, 0x0,
    0x10, 0xf, 0x9, 0x0, 0x4a, 0x0, 0x44, 0x0,
    0x63, 0xc0, 0xc, 0x2a, 0x0, 0xbb, 0x44, 0x33,
    0x4, 0x1, 0x18, 0x51, 0x80, 0x11, 0xdc, 0x60,
    0xa8, 0x0, 0x70, 0x6, 0x49, 0x88, 0xa, 0xdd,
    0x72, 0x20, 0xc0, 0x26, 0xce, 0xfe, 0xa4, 0x5,
    0xbb, 0x30, 0x7, 0x8c, 0x40, 0x3f, 0xf8, 0x15,
    0x9c, 0x60, 0x1f, 0xf2, 0x0, 0x10, 0x3, 0xfe,
    0x90, 0x26, 0x0, 0xf0,

    /* U+1EB8 "Ẹ" */
    0x5f, 0xff, 0xfe, 0x10, 0x7, 0xff, 0x20, 0xe6,
    0x7f, 0xe0, 0xc, 0xcd, 0xff, 0xc0, 0x0, 0xff,
    0xff, 0x80, 0x7f, 0x2f, 0xff, 0xf4, 0x0, 0x7f,
    0xf2, 0x4e, 0x67, 0xfa, 0xc0, 0x39, 0x9b, 0xfc,
    0x60, 0x1f, 0xff, 0xf0, 0xf, 0xfe, 0x73, 0x37,
    0xff, 0x0, 0x3, 0x1c, 0xcf, 0xfc, 0x20, 0x1f,
    0xfc, 0x45, 0xff, 0xff, 0xe1, 0x8, 0x7, 0xff,
    0x2a, 0x7e, 0xc0, 0x3f, 0xf8, 0x2, 0xc0, 0x88,
    0x0, 0xff, 0x84, 0x80, 0x54, 0x3, 0xff, 0x81,
    0xb9, 0xe2, 0x1, 0xe0,

    /* U+1EB9 "ẹ" */
    0x0, 0xc5, 0x3b, 0xfe, 0xd9, 0x20, 0xf, 0x3e,
    0xb1, 0x0, 0x9, 0xb5, 0x80, 0x34, 0x40, 0x0,
    0xd5, 0x2a, 0x0, 0x95, 0x0, 0x23, 0x80, 0xec,
    0xab, 0x55, 0x80, 0x2c, 0x1, 0x0, 0xa, 0x20,
    0xc, 0x8c, 0x2, 0xa4, 0x60, 0x68, 0x1, 0xed,
    0x0, 0x62, 0x0, 0x1d, 0x57, 0xe2, 0x0, 0x17,
    0x0, 0x12, 0xab, 0xe9, 0x0, 0x38, 0x7, 0xff,
    0x1a, 0x7f, 0xff, 0xd9, 0xc0, 0xe, 0x0, 0xff,
    0x94, 0x0, 0x80, 0x1f, 0xf1, 0x88, 0x1a, 0x0,
    0x7c, 0x84, 0x0, 0x80, 0x5, 0xa0, 0x7, 0x2d,
    0xea, 0x3, 0x28, 0x2, 0xe9, 0x95, 0xee, 0x80,
    0x54, 0x1, 0x4e, 0x0, 0x59, 0xa8, 0x40, 0x2c,
    0x10, 0xa, 0x35, 0x88, 0x0, 0x29, 0x3a, 0x40,
    0x1c, 0x53, 0xbf, 0xee, 0xb6, 0x0, 0xff, 0x19,
    0x0, 0x7f, 0xf0, 0x2b, 0x34, 0xc0, 0x3f, 0xe4,
    0x0, 0x20, 0x7, 0xfd, 0x20, 0x4a, 0x1, 0xc0,

    /* U+1EBA "Ẻ" */
    0x0, 0xf2, 0xcb, 0x90, 0x7, 0xff, 0x3, 0x1a,
    0x35, 0xc0, 0x3f, 0xe9, 0xe8, 0x8, 0x10, 0xf,
    0xf8, 0x48, 0x0, 0x60, 0x1f, 0xe5, 0xfa, 0x6,
    0x20, 0xf, 0xfe, 0x1, 0x74, 0x80, 0x7f, 0xc9,
    0x52, 0x20, 0x1f, 0xfc, 0x1, 0x54, 0x0, 0xff,
    0xe5, 0xaf, 0xff, 0xff, 0x8, 0x3, 0xff, 0x90,
    0x73, 0x3f, 0xf0, 0x6, 0x66, 0xff, 0xe0, 0x0,
    0x7f, 0xff, 0xc0, 0x3f, 0x97, 0xff, 0xfa, 0x0,
    0x3f, 0xf9, 0x27, 0x33, 0xfd, 0x60, 0x1c, 0xcd,
    0xfe, 0x30, 0xf, 0xff, 0xf8, 0x7, 0xff, 0x39,
    0x9b, 0xff, 0x80, 0x1, 0x8e, 0x67, 0xfe, 0x10,
    0xf, 0xfe, 0x20,

    /* U+1EBB "ẻ" */
    0x0, 0xf3, 0x7e, 0xc0, 0x80, 0x7f, 0x8d, 0x9,
    0xf0, 0x3, 0xfc, 0xb7, 0xc0, 0x48, 0x1, 0xff,
    0x28, 0x7, 0xff, 0x0, 0xbe, 0xc1, 0x50, 0x3,
    0xff, 0x81, 0xb4, 0x1, 0xfe, 0x2a, 0xa1, 0x0,
    0x7f, 0xf0, 0x15, 0x40, 0x1f, 0xfc, 0xd2, 0x9d,
    0xff, 0x6c, 0x90, 0x7, 0x9f, 0x58, 0x80, 0x4,
    0xda, 0xc0, 0x1a, 0x20, 0x0, 0x6a, 0x95, 0x0,
    0x4a, 0x80, 0x11, 0xc0, 0x76, 0x55, 0xaa, 0xc0,
    0x16, 0x0, 0x80, 0x5, 0x10, 0x6, 0x46, 0x1,
    0x52, 0x30, 0x34, 0x0, 0xf6, 0x80, 0x31, 0x0,
    0xe, 0xab, 0xf1, 0x0, 0xb, 0x80, 0x9, 0x55,
    0xf4, 0x80, 0x1c, 0x3, 0xff, 0x8d, 0x3f, 0xff,
    0xec, 0xe0, 0x7, 0x0, 0x7f, 0xca, 0x0, 0x40,
    0xf, 0xf8, 0xc4, 0xd, 0x0, 0x3e, 0x42, 0x0,
    0x40, 0x2, 0xd0, 0x3, 0x96, 0xf5, 0x1, 0x94,
    0x1, 0x74, 0xca, 0xf7, 0x40, 0x2a, 0x0, 0xa7,
    0x0, 0x2c, 0xd4, 0x20, 0x16, 0x8, 0x5, 0x1a,
    0xc4, 0x0, 0x14, 0x9d, 0x20,

    /* U+1EBC "Ẽ" */
    0x0, 0xff, 0x88, 0x80, 0x1e, 0x6d, 0xfe, 0x83,
    0x3, 0xdd, 0x10, 0x6, 0x59, 0x20, 0x17, 0xcf,
    0xc0, 0x32, 0x0, 0xd2, 0xd, 0x96, 0xa0, 0x11,
    0xf0, 0x7, 0x76, 0x49, 0xa5, 0x7e, 0xf6, 0x10,
    0x7, 0x11, 0x80, 0x71, 0x8, 0x7, 0xff, 0x25,
    0x7f, 0xff, 0xf8, 0x40, 0x1f, 0xfc, 0x83, 0x99,
    0xff, 0x80, 0x33, 0x37, 0xff, 0x0, 0x3, 0xff,
    0xfe, 0x1, 0xfc, 0xbf, 0xff, 0xd0, 0x1, 0xff,
    0xc9, 0x39, 0x9f, 0xeb, 0x0, 0xe6, 0x6f, 0xf1,
    0x80, 0x7f, 0xff, 0xc0, 0x3f, 0xf9, 0xcc, 0xdf,
    0xfc, 0x0, 0xc, 0x73, 0x3f, 0xf0, 0x80, 0x7f,
    0xf1, 0x0,

    /* U+1EBD "ẽ" */
    0x0, 0xff, 0x88, 0x80, 0x1c, 0x99, 0xfd, 0x28,
    0x5, 0xfa, 0x80, 0x11, 0xd9, 0x80, 0xb5, 0xfe,
    0x90, 0xa0, 0x5, 0x40, 0x99, 0x6c, 0x1, 0x16,
    0x80, 0x6b, 0xcb, 0x34, 0x9f, 0xdd, 0x8c, 0x3,
    0x11, 0x80, 0x71, 0x10, 0x3, 0xff, 0x96, 0x53,
    0xbf, 0xed, 0x92, 0x0, 0xf3, 0xeb, 0x10, 0x0,
    0x9b, 0x58, 0x3, 0x44, 0x0, 0xd, 0x52, 0xa0,
    0x9, 0x50, 0x2, 0x38, 0xe, 0xca, 0xb5, 0x58,
    0x2, 0xc0, 0x10, 0x0, 0xa2, 0x0, 0xc8, 0xc0,
    0x2a, 0x46, 0x6, 0x80, 0x1e, 0xd0, 0x6, 0x20,
    0x1, 0xd5, 0x7e, 0x20, 0x1, 0x70, 0x1, 0x2a,
    0xbe, 0x90, 0x3, 0x80, 0x7f, 0xf1, 0xa7, 0xff,
    0xfd, 0x9c, 0x0, 0xe0, 0xf, 0xf9, 0x40, 0x8,
    0x1, 0xff, 0x18, 0x81, 0xa0, 0x7, 0xc8, 0x40,
    0x8, 0x0, 0x5a, 0x0, 0x72, 0xde, 0xa0, 0x32,
    0x80, 0x2e, 0x99, 0x5e, 0xe8, 0x5, 0x40, 0x14,
    0xe0, 0x5, 0x9a, 0x84, 0x2, 0xc1, 0x0, 0xa3,
    0x58, 0x80, 0x2, 0x93, 0xa4, 0x0,

    /* U+1EBE "Ế" */
    0x0, 0xff, 0xe1, 0x6f, 0xf8, 0xc0, 0x3f, 0xf8,
    0x2c, 0x41, 0x26, 0x1, 0xff, 0xc1, 0x80, 0x66,
    0x0, 0x78, 0xfb, 0xfc, 0xe0, 0x7, 0x13, 0x90,
    0xf, 0x26, 0xb, 0x4, 0x40, 0x1f, 0xf0, 0x3,
    0xcd, 0x60, 0xf3, 0x80, 0xf4, 0x1, 0xf9, 0xe4,
    0x1e, 0x0, 0xf0, 0x17, 0x4, 0x3, 0xcf, 0xfe,
    0x80, 0x8, 0xff, 0xd8, 0x20, 0x1f, 0xfc, 0xa5,
    0xff, 0xff, 0xe1, 0x0, 0x7f, 0xf3, 0xe, 0x67,
    0xfe, 0x0, 0xf3, 0x37, 0xff, 0x0, 0x3, 0xff,
    0xfe, 0x1, 0xff, 0xc9, 0x5f, 0xff, 0xe8, 0x0,
    0xff, 0xe6, 0x9c, 0xcf, 0xf5, 0x80, 0x7c, 0xcd,
    0xfe, 0x30, 0xf, 0xff, 0xf8, 0x7, 0xff, 0x71,
    0x9b, 0xff, 0x80, 0x1, 0xe3, 0x99, 0xff, 0x84,
    0x3, 0xff, 0x90,

    /* U+1EBF "ế" */
    0x0, 0xff, 0xe1, 0x57, 0xf9, 0x40, 0x3f, 0xf8,
    0x24, 0xa0, 0xaa, 0x0, 0xff, 0xe0, 0xc8, 0x15,
    0x0, 0x78, 0x77, 0xfd, 0x20, 0x3, 0x40, 0xe0,
    0xf, 0x1f, 0x91, 0x1, 0xac, 0x6, 0xf4, 0xc0,
    0x39, 0x30, 0x53, 0x70, 0x53, 0xd, 0x8, 0x3,
    0x96, 0x85, 0xac, 0xf, 0x8, 0x98, 0x40, 0x1e,
    0x5e, 0xe4, 0x80, 0x45, 0xbd, 0xa4, 0x1, 0xff,
    0xce, 0x29, 0xdf, 0xf6, 0xc9, 0x0, 0x7f, 0x3e,
    0xb1, 0x0, 0x9, 0xb5, 0x80, 0x3e, 0x88, 0x0,
    0x1a, 0xa5, 0x40, 0x12, 0xa0, 0x1c, 0x8e, 0x3,
    0xb2, 0xad, 0x56, 0x0, 0xb0, 0xe, 0x80, 0x5,
    0x10, 0x6, 0x46, 0x1, 0x50, 0x8, 0x8c, 0xd,
    0x0, 0x3d, 0xa0, 0xc, 0x0, 0x90, 0x0, 0xea,
    0xbf, 0x10, 0x0, 0x80, 0x2e, 0x0, 0x25, 0x57,
    0xd2, 0x0, 0x70, 0xf, 0xfe, 0x64, 0xff, 0xff,
    0xb0, 0x2, 0xe0, 0x7, 0x0, 0x7f, 0xf0, 0x94,
    0x0, 0x80, 0x1f, 0xfc, 0x23, 0x10, 0x34, 0x0,
    0xf9, 0x8, 0x3, 0xa0, 0x1, 0x68, 0x1, 0xcb,
    0x7a, 0x80, 0x19, 0x94, 0x1, 0x74, 0xca, 0xf7,
    0x40, 0x2a, 0x1, 0xd4, 0xe0, 0x5, 0x9a, 0x84,
    0x2, 0xc1, 0x0, 0xf4, 0x6b, 0x10, 0x0, 0x52,
    0x74, 0x80, 0x30,

    /* U+1EC0 "Ề" */
    0xd, 0xff, 0x10, 0x7, 0xff, 0xf, 0xc0, 0x10,
    0x1, 0xff, 0xc3, 0x2a, 0x5, 0x30, 0xf, 0xfe,
    0x1a, 0xb8, 0x78, 0x0, 0xfb, 0xfc, 0xc0, 0x1f,
    0xd1, 0xf8, 0x9, 0x82, 0xc1, 0x30, 0x1, 0xff,
    0x35, 0x84, 0x4e, 0x3, 0xd0, 0x7, 0xf4, 0x48,
    0x43, 0x81, 0xd8, 0x2d, 0x88, 0x7, 0xd1, 0xfe,
    0x70, 0x9, 0x3f, 0xd6, 0x20, 0x1f, 0xfc, 0xc5,
    0xff, 0xff, 0xe1, 0x0, 0x7f, 0xf3, 0x8e, 0x67,
    0xfe, 0x0, 0xf9, 0x9b, 0xff, 0x80, 0x1, 0xff,
    0xff, 0x0, 0xff, 0xe7, 0xaf, 0xff, 0xf4, 0x0,
    0x7f, 0xf3, 0xce, 0x67, 0xfa, 0xc0, 0x3f, 0x33,
    0x7f, 0x8c, 0x3, 0xff, 0xfe, 0x1, 0xff, 0xe3,
    0x66, 0xff, 0xe0, 0x0, 0x7c, 0x73, 0x3f, 0xf0,
    0x80, 0x7f, 0xf1, 0xc0,

    /* U+1EC1 "ề" */
    0xb, 0xff, 0x20, 0x7, 0xff, 0xa, 0x84, 0x20,
    0x3, 0xff, 0x84, 0x34, 0x6, 0x80, 0x1f, 0xfc,
    0x24, 0x70, 0x80, 0x1, 0x6f, 0xfa, 0x0, 0x3f,
    0x45, 0xc0, 0x1e, 0x11, 0x1, 0xe8, 0x3, 0xf2,
    0x25, 0x82, 0x9b, 0x80, 0xb8, 0x20, 0x1f, 0x35,
    0x82, 0xd8, 0x1e, 0x89, 0xe1, 0x0, 0x79, 0xbf,
    0xd4, 0x1, 0x17, 0x7e, 0x90, 0x7, 0xff, 0x38,
    0xa7, 0x7f, 0xdb, 0x24, 0x1, 0xfc, 0xfa, 0xc4,
    0x0, 0x26, 0xd6, 0x0, 0xfa, 0x20, 0x0, 0x6a,
    0x95, 0x0, 0x4a, 0x80, 0x72, 0x38, 0xe, 0xca,
    0xb5, 0x58, 0x2, 0xc0, 0x3a, 0x0, 0x14, 0x40,
    0x19, 0x18, 0x5, 0x40, 0x22, 0x30, 0x34, 0x0,
    0xf6, 0x80, 0x30, 0x2, 0x40, 0x3, 0xaa, 0xfc,
    0x40, 0x2, 0x0, 0xb8, 0x0, 0x95, 0x5f, 0x48,
    0x1, 0xc0, 0x3f, 0xf9, 0x93, 0xff, 0xfe, 0xc0,
    0xb, 0x80, 0x1c, 0x1, 0xff, 0xc2, 0x50, 0x2,
    0x0, 0x7f, 0xf0, 0x8c, 0x40, 0xd0, 0x3, 0xe4,
    0x20, 0xe, 0x80, 0x5, 0xa0, 0x7, 0x2d, 0xea,
    0x0, 0x66, 0x50, 0x5, 0xd3, 0x2b, 0xdd, 0x0,
    0xa8, 0x7, 0x53, 0x80, 0x16, 0x6a, 0x10, 0xb,
    0x4, 0x3, 0xd1, 0xac, 0x40, 0x1, 0x49, 0xd2,
    0x0,

    /* U+1EC2 "Ể" */
    0x0, 0xff, 0xe0, 0x8, 0x7, 0xff, 0x8, 0xbb,
    0xe8, 0x80, 0x3f, 0xe2, 0xa5, 0x57, 0x80, 0x7f,
    0xf0, 0x16, 0x0, 0x80, 0x39, 0x3b, 0xa8, 0x0,
    0x76, 0x8d, 0x0, 0x64, 0xb1, 0x60, 0x78, 0x0,
    0xf, 0x28, 0x4, 0x76, 0x11, 0xd, 0x7, 0x77,
    0x70, 0x3, 0x1e, 0x4, 0x38, 0x1e, 0x4, 0x38,
    0x7, 0x34, 0xd3, 0x80, 0x47, 0x92, 0x22, 0x0,
    0xca, 0xca, 0x1, 0xc6, 0xcc, 0x10, 0x2, 0xff,
    0xff, 0xf0, 0x80, 0x3f, 0xf9, 0x7, 0x33, 0xff,
    0x0, 0x66, 0x6f, 0xfe, 0x0, 0x7, 0xff, 0xfc,
    0x3, 0xf9, 0x7f, 0xff, 0xa0, 0x3, 0xff, 0x92,
    0x73, 0x3f, 0xd6, 0x1, 0xcc, 0xdf, 0xe3, 0x0,
    0xff, 0xff, 0x80, 0x7f, 0xf3, 0x99, 0xbf, 0xf8,
    0x0, 0x18, 0xe6, 0x7f, 0xe1, 0x0, 0xff, 0xe2,
    0x0,

    /* U+1EC3 "ể" */
    0x0, 0xff, 0xe0, 0x8, 0x7, 0xff, 0x13, 0xbe,
    0x40, 0x3f, 0xf8, 0x54, 0x6d, 0x40, 0x1f, 0xfc,
    0x15, 0xc0, 0x51, 0x0, 0xff, 0xe1, 0x10, 0x7,
    0xff, 0xd, 0x48, 0x44, 0x1, 0xc9, 0xff, 0x60,
    0x86, 0x51, 0x68, 0x7, 0x3d, 0x84, 0x21, 0xf9,
    0x38, 0xe9, 0x80, 0x6a, 0x81, 0xc7, 0xb7, 0x1d,
    0xee, 0x0, 0x72, 0x9b, 0xf9, 0x80, 0x22, 0xdb,
    0x44, 0x3, 0x96, 0x60, 0x40, 0x32, 0x4c, 0x8,
    0x7, 0xc5, 0x3b, 0xfe, 0xd9, 0x20, 0xf, 0xcf,
    0xac, 0x40, 0x2, 0x6d, 0x60, 0xf, 0x44, 0x0,
    0xd, 0x52, 0xa0, 0x9, 0x50, 0xc, 0x8e, 0x3,
    0xb2, 0xad, 0x56, 0x0, 0xb0, 0xd, 0x0, 0xa,
    0x20, 0xc, 0x8c, 0x2, 0xa0, 0x2, 0x30, 0x34,
    0x0, 0xf6, 0x80, 0x30, 0x0, 0x80, 0x7, 0x55,
    0xf8, 0x80, 0x4, 0x0, 0xe0, 0x2, 0x55, 0x7d,
    0x20, 0x7, 0x0, 0xff, 0xe5, 0x4f, 0xff, 0xfb,
    0x0, 0x1c, 0x0, 0xe0, 0xf, 0xfe, 0xa, 0x80,
    0x10, 0x3, 0xff, 0x82, 0x62, 0x6, 0x80, 0x1f,
    0x21, 0x0, 0x68, 0x0, 0x5a, 0x0, 0x72, 0xde,
    0xa0, 0x4, 0xca, 0x0, 0xba, 0x65, 0x7b, 0xa0,
    0x15, 0x0, 0xd4, 0xe0, 0x5, 0x9a, 0x84, 0x2,
    0xc1, 0x0, 0xe8, 0xd6, 0x20, 0x0, 0xa4, 0xe9,
    0x0, 0x40,

    /* U+1EC4 "Ễ" */
    0x0, 0xff, 0xe4, 0x37, 0x7c, 0x90, 0xdc, 0x80,
    0x7c, 0x72, 0x4a, 0xdb, 0xc9, 0xa0, 0x1f, 0x9f,
    0x2b, 0x5d, 0xad, 0x0, 0x3e, 0x38, 0x1, 0xa,
    0x94, 0x0, 0xff, 0x1f, 0xee, 0x9c, 0x3, 0xfc,
    0xb8, 0x30, 0x31, 0x20, 0x1f, 0xa2, 0x87, 0x1f,
    0xcd, 0xac, 0x40, 0x39, 0xd4, 0xf0, 0xc0, 0x71,
    0x5a, 0x84, 0x3, 0x3e, 0xe1, 0x0, 0x6a, 0xdb,
    0x10, 0x2, 0xff, 0xff, 0xf0, 0x80, 0x3f, 0xf9,
    0x7, 0x33, 0xff, 0x0, 0x66, 0x6f, 0xfe, 0x0,
    0x7, 0xff, 0xfc, 0x3, 0xf9, 0x7f, 0xff, 0xa0,
    0x3, 0xff, 0x92, 0x73, 0x3f, 0xd6, 0x1, 0xcc,
    0xdf, 0xe3, 0x0, 0xff, 0xff, 0x80, 0x7f, 0xf3,
    0x99, 0xbf, 0xf8, 0x0, 0x18, 0xe6, 0x7f, 0xe1,
    0x0, 0xff, 0xe2, 0x0,

    /* U+1EC5 "ễ" */
    0x0, 0xe7, 0x84, 0x0, 0x23, 0x0, 0x7d, 0xb0,
    0xf7, 0x95, 0x78, 0x1, 0xe3, 0x2c, 0xf9, 0x25,
    0x4b, 0x0, 0xf1, 0xf9, 0x83, 0x77, 0xd8, 0x80,
    0x7f, 0xf2, 0xc7, 0x3f, 0xd0, 0x1, 0xfc, 0x9e,
    0x6e, 0x6f, 0x62, 0x1, 0xe8, 0xb0, 0xc8, 0xc7,
    0x4f, 0x40, 0xc, 0x80, 0xfe, 0x60, 0x8, 0xb6,
    0xc1, 0x0, 0x92, 0x20, 0x20, 0x19, 0x22, 0x2,
    0x1, 0xc5, 0x3b, 0xfe, 0xd9, 0x20, 0xf, 0x3e,
    0xb1, 0x0, 0x9, 0xb5, 0x80, 0x34, 0x40, 0x0,
    0xd5, 0x2a, 0x0, 0x95, 0x0, 0x23, 0x80, 0xec,
    0xab, 0x55, 0x80, 0x2c, 0x1, 0x0, 0xa, 0x20,
    0xc, 0x8c, 0x2, 0xa4, 0x60, 0x68, 0x1, 0xed,
    0x0, 0x62, 0x0, 0x1d, 0x57, 0xe2, 0x0, 0x17,
    0x0, 0x12, 0xab, 0xe9, 0x0, 0x38, 0x7, 0xff,
    0x1a, 0x7f, 0xff, 0xd9, 0xc0, 0xe, 0x0, 0xff,
    0x94, 0x0, 0x80, 0x1f, 0xf1, 0x88, 0x1a, 0x0,
    0x7c, 0x84, 0x0, 0x80, 0x5, 0xa0, 0x7, 0x2d,
    0xea, 0x3, 0x28, 0x2, 0xe9, 0x95, 0xee, 0x80,
    0x54, 0x1, 0x4e, 0x0, 0x59, 0xa8, 0x40, 0x2c,
    0x10, 0xa, 0x35, 0x88, 0x0, 0x29, 0x3a, 0x40,

    /* U+1EC6 "Ệ" */
    0x0, 0xf1, 0xc3, 0x0, 0x7f, 0xf0, 0xf, 0x1e,
    0x60, 0x3, 0xfc, 0x78, 0x12, 0x4e, 0xe0, 0xf,
    0xc7, 0x81, 0x4d, 0x85, 0xe, 0x1, 0xf2, 0x3d,
    0xa8, 0xe, 0x38, 0x8, 0x7, 0x9e, 0x10, 0x2,
    0x18, 0x71, 0x0, 0xff, 0xe3, 0xaf, 0xff, 0xff,
    0x8, 0x3, 0xff, 0x90, 0x73, 0x3f, 0xf0, 0x6,
    0x66, 0xff, 0xe0, 0x0, 0x7f, 0xff, 0xc0, 0x3f,
    0x97, 0xff, 0xfa, 0x0, 0x3f, 0xf9, 0x27, 0x33,
    0xfd, 0x60, 0x1c, 0xcd, 0xfe, 0x30, 0xf, 0xff,
    0xf8, 0x7, 0xff, 0x39, 0x9b, 0xff, 0x80, 0x1,
    0x8e, 0x67, 0xfe, 0x10, 0xf, 0xfe, 0x22, 0xff,
    0xff, 0xf0, 0x84, 0x3, 0xff, 0x95, 0x3f, 0x60,
    0x1f, 0xfc, 0x1, 0x60, 0x44, 0x0, 0x7f, 0xc2,
    0x40, 0x2a, 0x1, 0xff, 0xc0, 0xdc, 0xf1, 0x0,
    0xf0,

    /* U+1EC7 "ệ" */
    0x0, 0xf4, 0xff, 0x90, 0x3, 0xfd, 0x2c, 0x41,
    0x68, 0x1, 0xfa, 0x98, 0xf2, 0xc2, 0xd0, 0x3,
    0xce, 0xe4, 0xd1, 0x4c, 0x28, 0x20, 0xe, 0x7d,
    0xb1, 0x0, 0x1e, 0xe1, 0x0, 0x7f, 0xf2, 0x4a,
    0x77, 0xfd, 0xb2, 0x40, 0x1e, 0x7d, 0x62, 0x0,
    0x13, 0x6b, 0x0, 0x68, 0x80, 0x1, 0xaa, 0x54,
    0x1, 0x2a, 0x0, 0x47, 0x1, 0xd9, 0x56, 0xab,
    0x0, 0x58, 0x2, 0x0, 0x14, 0x40, 0x19, 0x18,
    0x5, 0x48, 0xc0, 0xd0, 0x3, 0xda, 0x0, 0xc4,
    0x0, 0x3a, 0xaf, 0xc4, 0x0, 0x2e, 0x0, 0x25,
    0x57, 0xd2, 0x0, 0x70, 0xf, 0xfe, 0x34, 0xff,
    0xff, 0xb3, 0x80, 0x1c, 0x1, 0xff, 0x28, 0x1,
    0x0, 0x3f, 0xe3, 0x10, 0x34, 0x0, 0xf9, 0x8,
    0x1, 0x0, 0xb, 0x40, 0xe, 0x5b, 0xd4, 0x6,
    0x50, 0x5, 0xd3, 0x2b, 0xdd, 0x0, 0xa8, 0x2,
    0x9c, 0x0, 0xb3, 0x50, 0x80, 0x58, 0x20, 0x14,
    0x6b, 0x10, 0x0, 0x52, 0x74, 0x80, 0x38, 0xa7,
    0x7f, 0xdd, 0x6c, 0x1, 0xfe, 0x32, 0x0, 0xff,
    0xe0, 0x56, 0x69, 0x80, 0x7f, 0xc8, 0x0, 0x40,
    0xf, 0xfa, 0x40, 0x94, 0x3, 0x80,

    /* U+1EC8 "Ỉ" */
    0x8, 0x82, 0x80, 0x4c, 0xf5, 0xc6, 0x1d, 0xa8,
    0x3e, 0x0, 0x31, 0x1, 0xa, 0xe5, 0x9, 0x0,
    0x9b, 0xd0, 0x26, 0xac, 0x2, 0x35, 0x20, 0xf,
    0xc5, 0xfe, 0xe0, 0xf, 0xff, 0xf8, 0x7, 0xff,
    0xa4,

    /* U+1EC9 "ỉ" */
    0x39, 0x73, 0x0, 0x33, 0x23, 0x2c, 0x17, 0xec,
    0x11, 0x40, 0xe, 0x20, 0x63, 0xf8, 0x26, 0xc2,
    0x0, 0xcc, 0x0, 0x2a, 0x86, 0x1, 0x2a, 0x80,
    0x3f, 0xa7, 0xfc, 0xa0, 0x1f, 0xff, 0xf0, 0xf,
    0xfe, 0x58,

    /* U+1ECA "Ị" */
    0x2f, 0xf7, 0x0, 0x7f, 0xff, 0xc0, 0x3f, 0x8b,
    0xfd, 0xc0, 0x18, 0x77, 0xdd, 0xc4, 0x10, 0xa0,
    0x4, 0x3e, 0xcb,

    /* U+1ECB "ị" */
    0x5f, 0xe3, 0x90, 0x1a, 0x40, 0x6, 0x46, 0x6a,
    0x81, 0x90, 0x4f, 0xf9, 0x40, 0x3f, 0xfe, 0x93,
    0xfe, 0x50, 0xc, 0xdf, 0xa5, 0x0, 0x4a, 0x80,
    0x4, 0xac, 0xd3,

    /* U+1ECC "Ọ" */
    0x0, 0xf2, 0xd7, 0x7f, 0xba, 0xd8, 0x3, 0xfc,
    0x7b, 0x4a, 0x20, 0x1, 0x49, 0xe4, 0x0, 0xf9,
    0x70, 0x80, 0x8, 0xee, 0x40, 0x0, 0xdb, 0x0,
    0x71, 0xd0, 0x1, 0xba, 0xe2, 0x17, 0xec, 0x0,
    0x93, 0x0, 0xde, 0x0, 0x69, 0x10, 0xe, 0x97,
    0x0, 0x70, 0x4, 0x86, 0x5, 0x20, 0x1f, 0xa0,
    0x80, 0x90, 0x1, 0xc0, 0xa, 0x0, 0xff, 0x58,
    0x3, 0x80, 0xe, 0x0, 0x50, 0xf, 0xf3, 0x80,
    0x10, 0x0, 0x40, 0x2, 0x0, 0xff, 0x8, 0x0,
    0x40, 0x40, 0x4, 0x1, 0xff, 0xc0, 0x20, 0x1,
    0x18, 0x7, 0xff, 0x6c, 0xc0, 0x3f, 0xf8, 0xe2,
    0x0, 0x20, 0xf, 0xfe, 0x1, 0x0, 0x8, 0x8,
    0x0, 0x40, 0x1f, 0xe1, 0x0, 0x8, 0x1, 0x0,
    0xa, 0x1, 0xfe, 0x70, 0x2, 0x0, 0x34, 0x1,
    0x20, 0x1f, 0xeb, 0x0, 0x78, 0x1, 0xc, 0x6,
    0x40, 0x3f, 0x39, 0x1, 0x28, 0x5, 0xe0, 0x6,
    0xa1, 0x0, 0xe8, 0x80, 0x2, 0x40, 0x31, 0xd0,
    0x1, 0x7a, 0xe2, 0x15, 0xee, 0x0, 0x94, 0x0,
    0xe5, 0xc2, 0x0, 0x23, 0xb9, 0x40, 0x3, 0x6c,
    0x1, 0xf1, 0xed, 0x28, 0x80, 0x5, 0x27, 0x90,
    0x3, 0xfc, 0xb5, 0xdf, 0xee, 0xb6, 0x0, 0xff,
    0xe1, 0x99, 0x0, 0x7f, 0xf1, 0x5f, 0x35, 0x80,
    0x3f, 0xf8, 0x98, 0x0, 0xc0, 0xf, 0xfe, 0x27,
    0x88, 0xa4, 0x3, 0xf0,

    /* U+1ECD "ọ" */
    0x0, 0xc5, 0x3b, 0xfe, 0xea, 0x40, 0xf, 0xa3,
    0x58, 0x80, 0x2, 0xb7, 0x61, 0x0, 0xd2, 0xe0,
    0x5, 0x9a, 0x71, 0x4, 0xd0, 0x9, 0x18, 0x7,
    0x29, 0x96, 0x3c, 0xc0, 0xe0, 0x1, 0x0, 0xa,
    0x30, 0xc, 0x3a, 0x0, 0x71, 0x23, 0x2, 0x40,
    0xf, 0xb, 0x0, 0x1d, 0x0, 0xa, 0x1, 0xfb,
    0x40, 0x19, 0xc0, 0xd, 0x0, 0xfc, 0xc0, 0x6,
    0x10, 0xf, 0xf8, 0xc0, 0x2, 0x20, 0xf, 0xfe,
    0x10, 0xf0, 0x3, 0x40, 0x3f, 0x28, 0x1, 0x90,
    0x0, 0x80, 0x1f, 0xb4, 0x1, 0xa4, 0x40, 0x34,
    0x0, 0xf0, 0xb0, 0x1, 0x82, 0x40, 0x14, 0x60,
    0x18, 0x74, 0x0, 0xc2, 0x8, 0xc0, 0x39, 0x4c,
    0xb1, 0xe6, 0x7, 0x20, 0x14, 0xb8, 0x1, 0x66,
    0x9c, 0x41, 0x34, 0x3, 0xa3, 0x58, 0x80, 0x2,
    0xb7, 0x61, 0x0, 0xf1, 0x4e, 0xff, 0xba, 0x90,
    0x3, 0xfe, 0x23, 0x0, 0xff, 0xe0, 0xb6, 0xe3,
    0x80, 0x7f, 0xf0, 0x30, 0x1, 0x80, 0x1f, 0xfc,
    0x9, 0x11, 0x78, 0x7, 0x80,

    /* U+1ECE "Ỏ" */
    0x0, 0xfc, 0x7f, 0xb2, 0x40, 0x1f, 0xfc, 0x31,
    0x43, 0x6d, 0x20, 0xf, 0xfe, 0x11, 0x5f, 0x10,
    0x50, 0x7, 0xff, 0x10, 0x8c, 0x3c, 0x3, 0xff,
    0x87, 0xfa, 0x26, 0xc0, 0x1f, 0xfc, 0x5b, 0xc1,
    0x0, 0xff, 0xe1, 0xd5, 0x10, 0x3, 0xff, 0x8a,
    0xaa, 0x0, 0xff, 0xeb, 0xad, 0x77, 0xfb, 0xad,
    0x80, 0x3f, 0xc7, 0xb4, 0xa2, 0x0, 0x14, 0x9e,
    0x40, 0xf, 0x97, 0x8, 0x0, 0x8e, 0xe4, 0x0,
    0xd, 0xb0, 0x7, 0x1d, 0x0, 0x1b, 0xae, 0x21,
    0x7e, 0xc0, 0x9, 0x30, 0xd, 0xe0, 0x6, 0x91,
    0x0, 0xe9, 0x70, 0x7, 0x0, 0x48, 0x60, 0x52,
    0x1, 0xfa, 0x8, 0x9, 0x0, 0x1c, 0x0, 0xa0,
    0xf, 0xf5, 0x80, 0x38, 0x0, 0xe0, 0x5, 0x0,
    0xff, 0x38, 0x1, 0x0, 0x4, 0x0, 0x20, 0xf,
    0xf0, 0x80, 0x4, 0x4, 0x0, 0x40, 0x1f, 0xfc,
    0x2, 0x0, 0x11, 0x80, 0x7f, 0xf6, 0xcc, 0x3,
    0xff, 0x8e, 0x20, 0x2, 0x0, 0xff, 0xe0, 0x10,
    0x0, 0x80, 0x80, 0x4, 0x1, 0xfe, 0x10, 0x0,
    0x80, 0x10, 0x0, 0xa0, 0x1f, 0xe7, 0x0, 0x20,
    0x3, 0x40, 0x12, 0x1, 0xfe, 0xb0, 0x7, 0x80,
    0x10, 0xc0, 0x64, 0x3, 0xf3, 0x90, 0x12, 0x80,
    0x5e, 0x0, 0x6a, 0x10, 0xe, 0x88, 0x0, 0x24,
    0x3, 0x1d, 0x0, 0x17, 0xae, 0x21, 0x5e, 0xe0,
    0x9, 0x40, 0xe, 0x5c, 0x20, 0x2, 0x3b, 0x94,
    0x0, 0x36, 0xc0, 0x1f, 0x1e, 0xd2, 0x88, 0x0,
    0x52, 0x79, 0x0, 0x30,

    /* U+1ECF "ỏ" */
    0x0, 0xf2, 0x7e, 0xc8, 0x80, 0x7f, 0xce, 0x86,
    0xde, 0x20, 0x1f, 0xe3, 0xbe, 0x21, 0x60, 0xf,
    0xfe, 0x1, 0x98, 0x4, 0x3, 0xfe, 0xfc, 0x13,
    0x60, 0xf, 0xfe, 0xd, 0xe0, 0x7, 0xff, 0x2,
    0xa8, 0x80, 0x1f, 0xfc, 0x15, 0x50, 0x7, 0xff,
    0x3c, 0xa7, 0x7f, 0xdd, 0x48, 0x1, 0xf4, 0x6b,
    0x10, 0x0, 0x56, 0xec, 0x20, 0x1a, 0x5c, 0x0,
    0xb3, 0x4e, 0x20, 0x9a, 0x1, 0x23, 0x0, 0xe5,
    0x32, 0xc7, 0x98, 0x1c, 0x0, 0x20, 0x1, 0x46,
    0x1, 0x87, 0x40, 0xe, 0x24, 0x60, 0x48, 0x1,
    0xe1, 0x60, 0x3, 0xa0, 0x1, 0x40, 0x3f, 0x68,
    0x3, 0x38, 0x1, 0xa0, 0x1f, 0x98, 0x0, 0xc2,
    0x1, 0xff, 0x18, 0x0, 0x44, 0x1, 0xff, 0xc2,
    0x1e, 0x0, 0x68, 0x7, 0xe5, 0x0, 0x32, 0x0,
    0x10, 0x3, 0xf6, 0x80, 0x34, 0x88, 0x6, 0x80,
    0x1e, 0x16, 0x0, 0x30, 0x48, 0x2, 0x8c, 0x3,
    0xe, 0x80, 0x18, 0x41, 0x18, 0x7, 0x29, 0x96,
    0x3c, 0xc0, 0xe4, 0x2, 0x97, 0x0, 0x2c, 0xd3,
    0x88, 0x26, 0x80, 0x74, 0x6b, 0x10, 0x0, 0x56,
    0xec, 0x20, 0x0,

    /* U+1ED0 "Ố" */
    0x0, 0xff, 0xe2, 0x3f, 0xfa, 0x40, 0x3f, 0xf8,
    0x63, 0x20, 0x72, 0x1, 0xf8, 0xe2, 0x8, 0x1,
    0x48, 0x8b, 0x40, 0x3f, 0x2e, 0x3b, 0xad, 0x80,
    0x9c, 0x34, 0x40, 0x3e, 0x6a, 0x4, 0x50, 0x98,
    0x2f, 0xf1, 0x80, 0x7d, 0x12, 0xd, 0x75, 0x0,
    0xf4, 0x1, 0xfc, 0x60, 0xf5, 0x20, 0x7, 0xb7,
    0x24, 0x0, 0xfc, 0x71, 0x5, 0x0, 0xc9, 0x10,
    0x40, 0xf, 0xfe, 0x92, 0xd7, 0x7f, 0xba, 0xd8,
    0x3, 0xfc, 0x7b, 0x4a, 0x20, 0x1, 0x49, 0xe4,
    0x0, 0xf9, 0x70, 0x80, 0x8, 0xee, 0x40, 0x0,
    0xdb, 0x0, 0x71, 0xd0, 0x1, 0xba, 0xe2, 0x17,
    0xec, 0x0, 0x93, 0x0, 0xde, 0x0, 0x69, 0x10,
    0xe, 0x97, 0x0, 0x70, 0x4, 0x86, 0x5, 0x20,
    0x1f, 0xa0, 0x80, 0x90, 0x1, 0xc0, 0xa, 0x0,
    0xff, 0x58, 0x3, 0x80, 0xe, 0x0, 0x50, 0xf,
    0xf3, 0x80, 0x10, 0x0, 0x40, 0x2, 0x0, 0xff,
    0x8, 0x0, 0x40, 0x40, 0x4, 0x1, 0xff, 0xc0,
    0x20, 0x1, 0x18, 0x7, 0xff, 0x6c, 0xc0, 0x3f,
    0xf8, 0xe2, 0x0, 0x20, 0xf, 0xfe, 0x1, 0x0,
    0x8, 0x8, 0x0, 0x40, 0x1f, 0xe1, 0x0, 0x8,
    0x1, 0x0, 0xa, 0x1, 0xfe, 0x70, 0x2, 0x0,
    0x34, 0x1, 0x20, 0x1f, 0xeb, 0x0, 0x78, 0x1,
    0xc, 0x6, 0x40, 0x3f, 0x39, 0x1, 0x28, 0x5,
    0xe0, 0x6, 0xa1, 0x0, 0xe8, 0x80, 0x2, 0x40,
    0x31, 0xd0, 0x1, 0x7a, 0xe2, 0x15, 0xee, 0x0,
    0x94, 0x0, 0xe5, 0xc2, 0x0, 0x23, 0xb9, 0x40,
    0x3, 0x6c, 0x1, 0xf1, 0xed, 0x28, 0x80, 0x5,
    0x27, 0x90, 0x3, 0x0,

    /* U+1ED1 "ố" */
    0x0, 0xff, 0xe1, 0x3f, 0xfa, 0x0, 0x3f, 0xf8,
    0x23, 0x0, 0x70, 0x1, 0xff, 0xc1, 0x90, 0x1d,
    0x0, 0xfa, 0xff, 0xd6, 0x0, 0x17, 0xb, 0x10,
    0xe, 0x1d, 0x41, 0x12, 0x60, 0x85, 0xe2, 0x80,
    0x71, 0xf9, 0x13, 0xfc, 0x47, 0xe6, 0x86, 0x1,
    0xc7, 0xa0, 0x9a, 0x22, 0xc4, 0xf, 0x30, 0xf,
    0x1f, 0x72, 0xc0, 0x21, 0xbe, 0xd3, 0x0, 0xff,
    0xe7, 0x14, 0xef, 0xfb, 0xa9, 0x0, 0x3f, 0xa3,
    0x58, 0x80, 0x2, 0xb7, 0x61, 0x0, 0xf4, 0xb8,
    0x1, 0x66, 0x9c, 0x41, 0x34, 0x3, 0x91, 0x80,
    0x72, 0x99, 0x63, 0xcc, 0xe, 0x0, 0x34, 0x0,
    0x28, 0xc0, 0x30, 0xe8, 0x1, 0xc4, 0x0, 0x46,
    0x4, 0x80, 0x1e, 0x16, 0x0, 0x38, 0x1, 0x0,
    0xa, 0x1, 0xfb, 0x40, 0x18, 0x0, 0xe0, 0x6,
    0x80, 0x7e, 0x60, 0x3, 0x0, 0x4, 0x3, 0xfe,
    0x30, 0x0, 0x80, 0x4, 0x3, 0xff, 0x84, 0x20,
    0xe, 0x0, 0x68, 0x7, 0xe5, 0x0, 0x30, 0x1,
    0x0, 0x8, 0x1, 0xfb, 0x40, 0x1a, 0x0, 0x22,
    0x1, 0xa0, 0x7, 0x85, 0x80, 0xc, 0x1, 0x48,
    0x2, 0x8c, 0x3, 0xe, 0x80, 0x18, 0x40, 0x24,
    0x60, 0x1c, 0xa6, 0x58, 0xf3, 0x3, 0x90, 0xe,
    0x97, 0x0, 0x2c, 0xd3, 0x88, 0x26, 0x80, 0x7d,
    0x1a, 0xc4, 0x0, 0x15, 0xbb, 0x8, 0x6,

    /* U+1ED2 "Ồ" */
    0x8f, 0xf3, 0x80, 0x7f, 0xf1, 0x21, 0x2, 0x4,
    0x3, 0xff, 0x89, 0x44, 0x10, 0x1, 0x1c, 0x40,
    0xc0, 0x3f, 0x87, 0x81, 0x88, 0xf, 0x1d, 0xd8,
    0x60, 0x1f, 0xc7, 0xfe, 0x23, 0xc0, 0x33, 0x6,
    0x20, 0x7, 0xfc, 0x98, 0x7, 0x98, 0x30, 0xb4,
    0x0, 0xfe, 0x4b, 0x3, 0xc0, 0x6, 0x18, 0x5a,
    0x0, 0x7e, 0x4f, 0xf6, 0x0, 0x6c, 0xff, 0x20,
    0x7, 0xff, 0x49, 0x6b, 0xbf, 0xdd, 0x6c, 0x1,
    0xfe, 0x3d, 0xa5, 0x10, 0x0, 0xa4, 0xf2, 0x0,
    0x7c, 0xb8, 0x40, 0x4, 0x77, 0x20, 0x0, 0x6d,
    0x80, 0x38, 0xe8, 0x0, 0xdd, 0x71, 0xb, 0xf6,
    0x0, 0x49, 0x80, 0x6f, 0x0, 0x34, 0x88, 0x7,
    0x4b, 0x80, 0x38, 0x2, 0x43, 0x2, 0x90, 0xf,
    0xd0, 0x40, 0x48, 0x0, 0xe0, 0x5, 0x0, 0x7f,
    0xac, 0x1, 0xc0, 0x7, 0x0, 0x28, 0x7, 0xf9,
    0xc0, 0x8, 0x0, 0x20, 0x1, 0x0, 0x7f, 0x84,
    0x0, 0x20, 0x20, 0x2, 0x0, 0xff, 0xe0, 0x10,
    0x0, 0x8c, 0x3, 0xff, 0xb6, 0x60, 0x1f, 0xfc,
    0x71, 0x0, 0x10, 0x7, 0xff, 0x0, 0x80, 0x4,
    0x4, 0x0, 0x20, 0xf, 0xf0, 0x80, 0x4, 0x0,
    0x80, 0x5, 0x0, 0xff, 0x38, 0x1, 0x0, 0x1a,
    0x0, 0x90, 0xf, 0xf5, 0x80, 0x3c, 0x0, 0x86,
    0x3, 0x20, 0x1f, 0x9c, 0x80, 0x94, 0x2, 0xf0,
    0x3, 0x50, 0x80, 0x74, 0x40, 0x1, 0x20, 0x18,
    0xe8, 0x0, 0xbd, 0x71, 0xa, 0xf7, 0x0, 0x4a,
    0x0, 0x72, 0xe1, 0x0, 0x11, 0xdc, 0xa0, 0x1,
    0xb6, 0x0, 0xf8, 0xf6, 0x94, 0x40, 0x2, 0x93,
    0xc8, 0x1, 0x80,

    /* U+1ED3 "ồ" */
    0x9f, 0xf3, 0x0, 0x7f, 0xf0, 0xa4, 0x82, 0x0,
    0x3f, 0xf8, 0x7e, 0x2, 0xe0, 0x1f, 0xfc, 0x22,
    0x90, 0x90, 0x0, 0xe7, 0xfa, 0x80, 0x3f, 0x35,
    0xd0, 0x96, 0x19, 0xa, 0xe0, 0x80, 0x7c, 0x88,
    0x2c, 0x22, 0x66, 0x4, 0xf0, 0x80, 0x3e, 0x4d,
    0x14, 0xd1, 0x2f, 0x22, 0x61, 0x80, 0x79, 0x3b,
    0xec, 0x2, 0x1d, 0xfe, 0x30, 0xf, 0xfe, 0x71,
    0x4e, 0xff, 0xba, 0x90, 0x3, 0xfa, 0x35, 0x88,
    0x0, 0x2b, 0x76, 0x10, 0xf, 0x4b, 0x80, 0x16,
    0x69, 0xc4, 0x13, 0x40, 0x39, 0x18, 0x7, 0x29,
    0x96, 0x3c, 0xc0, 0xe0, 0x3, 0x40, 0x2, 0x8c,
    0x3, 0xe, 0x80, 0x1c, 0x40, 0x4, 0x60, 0x48,
    0x1, 0xe1, 0x60, 0x3, 0x80, 0x10, 0x0, 0xa0,
    0x1f, 0xb4, 0x1, 0x80, 0xe, 0x0, 0x68, 0x7,
    0xe6, 0x0, 0x30, 0x0, 0x40, 0x3f, 0xe3, 0x0,
    0x8, 0x0, 0x40, 0x3f, 0xf8, 0x42, 0x0, 0xe0,
    0x6, 0x80, 0x7e, 0x50, 0x3, 0x0, 0x10, 0x0,
    0x80, 0x1f, 0xb4, 0x1, 0xa0, 0x2, 0x20, 0x1a,
    0x0, 0x78, 0x58, 0x0, 0xc0, 0x14, 0x80, 0x28,
    0xc0, 0x30, 0xe8, 0x1, 0x84, 0x2, 0x46, 0x1,
    0xca, 0x65, 0x8f, 0x30, 0x39, 0x0, 0xe9, 0x70,
    0x2, 0xcd, 0x38, 0x82, 0x68, 0x7, 0xd1, 0xac,
    0x40, 0x1, 0x5b, 0xb0, 0x80, 0x0,

    /* U+1ED4 "Ổ" */
    0x0, 0xff, 0xe1, 0x8, 0x7, 0xff, 0x1f, 0x7e,
    0xcc, 0x3, 0xff, 0x89, 0xe, 0x98, 0x20, 0x1f,
    0xfc, 0x34, 0x85, 0x4, 0x0, 0xff, 0xe2, 0x13,
    0x83, 0x0, 0x7e, 0x1d, 0xff, 0x68, 0x84, 0xe9,
    0xc1, 0x80, 0x7e, 0xd2, 0x44, 0x16, 0x80, 0x8b,
    0x5c, 0x3, 0xf5, 0x19, 0x55, 0x99, 0xae, 0x38,
    0xc0, 0x3f, 0x4a, 0x8e, 0x8, 0x68, 0xa5, 0x0,
    0x7f, 0x22, 0x9e, 0x88, 0x0, 0x71, 0x19, 0x40,
    0x3f, 0x26, 0x60, 0xc0, 0x31, 0x5e, 0x28, 0x7,
    0xf9, 0x6b, 0xbf, 0xdd, 0x6c, 0x1, 0xfe, 0x3d,
    0xa5, 0x10, 0x0, 0xa4, 0xf2, 0x0, 0x7c, 0xb8,
    0x40, 0x4, 0x77, 0x20, 0x0, 0x6d, 0x80, 0x38,
    0xe8, 0x0, 0xdd, 0x71, 0xb, 0xf6, 0x0, 0x49,
    0x80, 0x6f, 0x0, 0x34, 0x88, 0x7, 0x4b, 0x80,
    0x38, 0x2, 0x43, 0x2, 0x90, 0xf, 0xd0, 0x40,
    0x48, 0x0, 0xe0, 0x5, 0x0, 0x7f, 0xac, 0x1,
    0xc0, 0x7, 0x0, 0x28, 0x7, 0xf9, 0xc0, 0x8,
    0x0, 0x20, 0x1, 0x0, 0x7f, 0x84, 0x0, 0x20,
    0x20, 0x2, 0x0, 0xff, 0xe0, 0x10, 0x0, 0x8c,
    0x3, 0xff, 0xb6, 0x60, 0x1f, 0xfc, 0x71, 0x0,
    0x10, 0x7, 0xff, 0x0, 0x80, 0x4, 0x4, 0x0,
    0x20, 0xf, 0xf0, 0x80, 0x4, 0x0, 0x80, 0x5,
    0x0, 0xff, 0x38, 0x1, 0x0, 0x1a, 0x0, 0x90,
    0xf, 0xf5, 0x80, 0x3c, 0x0, 0x86, 0x3, 0x20,
    0x1f, 0x9c, 0x80, 0x94, 0x2, 0xf0, 0x3, 0x50,
    0x80, 0x74, 0x40, 0x1, 0x20, 0x18, 0xe8, 0x0,
    0xbd, 0x71, 0xa, 0xf7, 0x0, 0x4a, 0x0, 0x72,
    0xe1, 0x0, 0x11, 0xdc, 0xa0, 0x1, 0xb6, 0x0,
    0xf8, 0xf6, 0x94, 0x40, 0x2, 0x93, 0xc8, 0x1,
    0x80,

    /* U+1ED5 "ổ" */
    0x0, 0xff, 0xe0, 0x8, 0x7, 0xff, 0x13, 0x3e,
    0x84, 0x3, 0xff, 0x83, 0xa, 0xad, 0x0, 0xff,
    0xe0, 0xad, 0x11, 0x98, 0x3, 0xff, 0x84, 0xc0,
    0xe0, 0x1f, 0xfc, 0x13, 0x40, 0x50, 0xe, 0x3e,
    0xff, 0x69, 0x5, 0x60, 0xd0, 0x80, 0x65, 0xc1,
    0x76, 0x2d, 0x43, 0x1c, 0x50, 0xd, 0x14, 0x15,
    0x13, 0x20, 0xbf, 0xe2, 0x0, 0xc6, 0x2f, 0xaa,
    0x0, 0x6c, 0x6f, 0x30, 0xe, 0x39, 0x82, 0x0,
    0xc7, 0x32, 0x30, 0xf, 0x8a, 0x77, 0xfd, 0xd4,
    0x80, 0x1f, 0xa3, 0x58, 0x80, 0x2, 0xb7, 0x61,
    0x0, 0xe9, 0x70, 0x2, 0xcd, 0x38, 0x82, 0x68,
    0x6, 0x46, 0x1, 0xca, 0x65, 0x8f, 0x30, 0x38,
    0x0, 0xa0, 0x1, 0x46, 0x1, 0x87, 0x40, 0xe,
    0x20, 0x46, 0x4, 0x80, 0x1e, 0x16, 0x0, 0x38,
    0x20, 0x1, 0x40, 0x3f, 0x68, 0x3, 0x3, 0x80,
    0x1a, 0x1, 0xf9, 0x80, 0xc, 0x2, 0x1, 0xff,
    0x18, 0x0, 0x40, 0x40, 0x3f, 0xf8, 0x42, 0x1c,
    0x0, 0xd0, 0xf, 0xca, 0x0, 0x60, 0x40, 0x2,
    0x0, 0x7e, 0xd0, 0x6, 0x81, 0x10, 0xd, 0x0,
    0x3c, 0x2c, 0x0, 0x60, 0x4, 0x80, 0x28, 0xc0,
    0x30, 0xe8, 0x1, 0x84, 0x0, 0x8c, 0x3, 0x94,
    0xcb, 0x1e, 0x60, 0x72, 0x1, 0xa5, 0xc0, 0xb,
    0x34, 0xe2, 0x9, 0xa0, 0x1e, 0x8d, 0x62, 0x0,
    0xa, 0xdd, 0x84, 0x2,

    /* U+1ED6 "Ỗ" */
    0x0, 0xff, 0xe7, 0x16, 0x7e, 0x20, 0x37, 0x0,
    0x7f, 0xf0, 0x3c, 0x98, 0x6f, 0xe5, 0x0, 0x3f,
    0xf8, 0xb, 0x93, 0xb2, 0xd3, 0x40, 0x1f, 0xfc,
    0x8, 0x20, 0x17, 0x96, 0x0, 0xff, 0xe1, 0xcf,
    0x72, 0x80, 0x3f, 0xf8, 0x74, 0xc4, 0x45, 0xb0,
    0xf, 0xfe, 0xd, 0xa9, 0xe6, 0xd, 0x30, 0x40,
    0x3f, 0x87, 0x11, 0x18, 0x22, 0xc4, 0x3c, 0x10,
    0xf, 0xc7, 0x17, 0x60, 0xd, 0x76, 0x93, 0x0,
    0xfc, 0x48, 0x35, 0xdf, 0xee, 0xb2, 0x42, 0x0,
    0xfc, 0x7b, 0x4a, 0x20, 0x1, 0x49, 0xe4, 0x0,
    0xf9, 0x70, 0x80, 0x8, 0xee, 0x40, 0x0, 0xdb,
    0x0, 0x71, 0xd0, 0x1, 0xba, 0xe2, 0x17, 0xec,
    0x0, 0x93, 0x0, 0xde, 0x0, 0x69, 0x10, 0xe,
    0x97, 0x0, 0x70, 0x4, 0x86, 0x5, 0x20, 0x1f,
    0xa0, 0x80, 0x90, 0x1, 0xc0, 0xa, 0x0, 0xff,
    0x58, 0x3, 0x80, 0xe, 0x0, 0x50, 0xf, 0xf3,
    0x80, 0x10, 0x0, 0x40, 0x2, 0x0, 0xff, 0x8,
    0x0, 0x40, 0x40, 0x4, 0x1, 0xff, 0xc0, 0x20,
    0x1, 0x18, 0x7, 0xff, 0x6c, 0xc0, 0x3f, 0xf8,
    0xe2, 0x0, 0x20, 0xf, 0xfe, 0x1, 0x0, 0x8,
    0x8, 0x0, 0x40, 0x1f, 0xe1, 0x0, 0x8, 0x1,
    0x0, 0xa, 0x1, 0xfe, 0x70, 0x2, 0x0, 0x34,
    0x1, 0x20, 0x1f, 0xeb, 0x0, 0x78, 0x1, 0xc,
    0x6, 0x40, 0x3f, 0x39, 0x1, 0x28, 0x5, 0xe0,
    0x6, 0xa1, 0x0, 0xe8, 0x80, 0x2, 0x40, 0x31,
    0xd0, 0x1, 0x7a, 0xe2, 0x15, 0xee, 0x0, 0x94,
    0x0, 0xe5, 0xc2, 0x0, 0x23, 0xb9, 0x40, 0x3,
    0x6c, 0x1, 0xf1, 0xed, 0x28, 0x80, 0x5, 0x27,
    0x90, 0x3, 0x0,

    /* U+1ED7 "ỗ" */
    0x0, 0xe6, 0x95, 0x0, 0x13, 0x80, 0x7e, 0xb9,
    0x6a, 0xda, 0xca, 0x0, 0xf8, 0x56, 0x7e, 0x81,
    0x4b, 0xc0, 0x3e, 0x1e, 0x60, 0x5d, 0xfc, 0x20,
    0xf, 0xfe, 0x75, 0x7f, 0xa4, 0x3, 0xfc, 0x7a,
    0xac, 0xad, 0xa4, 0x1, 0xf3, 0x61, 0x54, 0xd4,
    0x96, 0xa8, 0x7, 0x1f, 0x3e, 0xa8, 0x1, 0xb5,
    0xf4, 0x80, 0x31, 0xc4, 0x8, 0x3, 0x14, 0x40,
    0x80, 0x3c, 0x53, 0xbf, 0xee, 0xa4, 0x0, 0xfa,
    0x35, 0x88, 0x0, 0x2b, 0x76, 0x10, 0xd, 0x2e,
    0x0, 0x59, 0xa7, 0x10, 0x4d, 0x0, 0x91, 0x80,
    0x72, 0x99, 0x63, 0xcc, 0xe, 0x0, 0x10, 0x0,
    0xa3, 0x0, 0xc3, 0xa0, 0x7, 0x12, 0x30, 0x24,
    0x0, 0xf0, 0xb0, 0x1, 0xd0, 0x0, 0xa0, 0x1f,
    0xb4, 0x1, 0x9c, 0x0, 0xd0, 0xf, 0xcc, 0x0,
    0x61, 0x0, 0xff, 0x8c, 0x0, 0x22, 0x0, 0xff,
    0xe1, 0xf, 0x0, 0x34, 0x3, 0xf2, 0x80, 0x19,
    0x0, 0x8, 0x1, 0xfb, 0x40, 0x1a, 0x44, 0x3,
    0x40, 0xf, 0xb, 0x0, 0x18, 0x24, 0x1, 0x46,
    0x1, 0x87, 0x40, 0xc, 0x20, 0x8c, 0x3, 0x94,
    0xcb, 0x1e, 0x60, 0x72, 0x1, 0x4b, 0x80, 0x16,
    0x69, 0xc4, 0x13, 0x40, 0x3a, 0x35, 0x88, 0x0,
    0x2b, 0x76, 0x10, 0x0,

    /* U+1ED8 "Ộ" */
    0x0, 0xfc, 0x9f, 0xe5, 0x0, 0xff, 0xe1, 0x9d,
    0x80, 0x28, 0xc0, 0x3f, 0xf8, 0x25, 0xa1, 0x12,
    0x1a, 0x40, 0x1f, 0xf0, 0xf8, 0xb3, 0xb4, 0xf,
    0x88, 0x7, 0xf9, 0x55, 0x12, 0x0, 0x79, 0x55,
    0x0, 0x7f, 0x92, 0x1c, 0x3, 0x34, 0x20, 0x7,
    0xff, 0x4d, 0x6b, 0xbf, 0xdd, 0x6c, 0x1, 0xfe,
    0x3d, 0xa5, 0x10, 0x0, 0xa4, 0xf2, 0x0, 0x7c,
    0xb8, 0x40, 0x4, 0x77, 0x20, 0x0, 0x6d, 0x80,
    0x38, 0xe8, 0x0, 0xdd, 0x71, 0xb, 0xf6, 0x0,
    0x49, 0x80, 0x6f, 0x0, 0x34, 0x88, 0x7, 0x4b,
    0x80, 0x38, 0x2, 0x43, 0x2, 0x90, 0xf, 0xd0,
    0x40, 0x48, 0x0, 0xe0, 0x5, 0x0, 0x7f, 0xac,
    0x1, 0xc0, 0x7, 0x0, 0x28, 0x7, 0xf9, 0xc0,
    0x8, 0x0, 0x20, 0x1, 0x0, 0x7f, 0x84, 0x0,
    0x20, 0x20, 0x2, 0x0, 0xff, 0xe0, 0x10, 0x0,
    0x8c, 0x3, 0xff, 0xb6, 0x60, 0x1f, 0xfc, 0x71,
    0x0, 0x10, 0x7, 0xff, 0x0, 0x80, 0x4, 0x4,
    0x0, 0x20, 0xf, 0xf0, 0x80, 0x4, 0x0, 0x80,
    0x5, 0x0, 0xff, 0x38, 0x1, 0x0, 0x1a, 0x0,
    0x90, 0xf, 0xf5, 0x80, 0x3c, 0x0, 0x86, 0x3,
    0x20, 0x1f, 0x9c, 0x80, 0x94, 0x2, 0xf0, 0x3,
    0x50, 0x80, 0x74, 0x40, 0x1, 0x20, 0x18, 0xe8,
    0x0, 0xbd, 0x71, 0xa, 0xf7, 0x0, 0x4a, 0x0,
    0x72, 0xe1, 0x0, 0x11, 0xdc, 0xa0, 0x1, 0xb6,
    0x0, 0xf8, 0xf6, 0x94, 0x40, 0x2, 0x93, 0xc8,
    0x1, 0xfe, 0x5a, 0xef, 0xf7, 0x5b, 0x0, 0x7f,
    0xf0, 0xcc, 0x80, 0x3f, 0xf8, 0xaf, 0x9a, 0xc0,
    0x1f, 0xfc, 0x4c, 0x0, 0x60, 0x7, 0xff, 0x13,
    0xc4, 0x52, 0x1, 0xf8,

    /* U+1ED9 "ộ" */
    0x0, 0xf3, 0x7f, 0x98, 0x3, 0xfe, 0x79, 0x11,
    0x4b, 0x0, 0x7f, 0x3c, 0xe, 0x60, 0x65, 0x80,
    0x3e, 0x5a, 0x3c, 0x22, 0x61, 0xda, 0x0, 0x79,
    0x77, 0x8, 0x0, 0x59, 0xa8, 0x1, 0xff, 0xcb,
    0x29, 0xdf, 0xf7, 0x52, 0x0, 0x7d, 0x1a, 0xc4,
    0x0, 0x15, 0xbb, 0x8, 0x6, 0x97, 0x0, 0x2c,
    0xd3, 0x88, 0x26, 0x80, 0x48, 0xc0, 0x39, 0x4c,
    0xb1, 0xe6, 0x7, 0x0, 0x8, 0x0, 0x51, 0x80,
    0x61, 0xd0, 0x3, 0x89, 0x18, 0x12, 0x0, 0x78,
    0x58, 0x0, 0xe8, 0x0, 0x50, 0xf, 0xda, 0x0,
    0xce, 0x0, 0x68, 0x7, 0xe6, 0x0, 0x30, 0x80,
    0x7f, 0xc6, 0x0, 0x11, 0x0, 0x7f, 0xf0, 0x87,
    0x80, 0x1a, 0x1, 0xf9, 0x40, 0xc, 0x80, 0x4,
    0x0, 0xfd, 0xa0, 0xd, 0x22, 0x1, 0xa0, 0x7,
    0x85, 0x80, 0xc, 0x12, 0x0, 0xa3, 0x0, 0xc3,
    0xa0, 0x6, 0x10, 0x46, 0x1, 0xca, 0x65, 0x8f,
    0x30, 0x39, 0x0, 0xa5, 0xc0, 0xb, 0x34, 0xe2,
    0x9, 0xa0, 0x1d, 0x1a, 0xc4, 0x0, 0x15, 0xbb,
    0x8, 0x7, 0x8a, 0x77, 0xfd, 0xd4, 0x80, 0x1f,
    0xf1, 0x18, 0x7, 0xff, 0x5, 0xb7, 0x1c, 0x3,
    0xff, 0x81, 0x80, 0xc, 0x0, 0xff, 0xe0, 0x48,
    0x8b, 0xc0, 0x3c,

    /* U+1EDA "Ớ" */
    0x0, 0xff, 0x96, 0x20, 0xa0, 0x1f, 0xfc, 0x54,
    0xa7, 0x54, 0x0, 0xff, 0xe2, 0xd0, 0xf, 0x88,
    0x7, 0xff, 0x12, 0x44, 0x58, 0x40, 0x1f, 0xfc,
    0x44, 0x60, 0xd2, 0x0, 0xe2, 0xff, 0x30, 0x7,
    0xe4, 0xff, 0x18, 0x7, 0x98, 0x0, 0x60, 0x1f,
    0xfc, 0x6e, 0x0, 0x20, 0x7, 0xb, 0xdf, 0x7f,
    0xb6, 0x90, 0x0, 0x30, 0xa0, 0xa2, 0x1, 0x9b,
    0xa1, 0x4, 0x0, 0x4b, 0x79, 0x5c, 0xe0, 0x56,
    0x1, 0xa6, 0x40, 0x1, 0x57, 0x63, 0x0, 0x1a,
    0x81, 0x3e, 0x88, 0x4, 0xec, 0x0, 0x8e, 0xa8,
    0x9c, 0xd4, 0x0, 0xe, 0x40, 0x6, 0x18, 0x0,
    0x53, 0x80, 0x71, 0x5a, 0x0, 0xc0, 0x7, 0x48,
    0x1, 0x54, 0x1, 0xfa, 0x40, 0xc, 0x20, 0x19,
    0x80, 0x10, 0x1, 0xfc, 0x4a, 0x0, 0x70, 0x8,
    0x84, 0x4, 0x80, 0x3f, 0xd8, 0x0, 0xc0, 0x9,
    0x80, 0xa, 0x1, 0xff, 0x28, 0x1, 0x80, 0x22,
    0x0, 0x10, 0x7, 0xfc, 0x40, 0x1, 0x0, 0xff,
    0xe4, 0x98, 0x7, 0xff, 0x7c, 0xc0, 0x22, 0x0,
    0x10, 0x7, 0xfc, 0x40, 0x1, 0x0, 0x98, 0x0,
    0xa0, 0x1f, 0xf2, 0x80, 0x18, 0x2, 0x21, 0x1,
    0x20, 0xf, 0xf6, 0x0, 0x30, 0x3, 0x30, 0x2,
    0x0, 0x3f, 0x85, 0x40, 0xe, 0x1, 0xa4, 0x0,
    0xaa, 0x0, 0xfd, 0x40, 0x6, 0x10, 0xc, 0x32,
    0x0, 0xa7, 0x0, 0xe1, 0xb4, 0x1, 0x80, 0xf,
    0x33, 0x0, 0x11, 0xd5, 0x13, 0x7c, 0x80, 0xd,
    0x10, 0xf, 0xa6, 0x40, 0x1, 0x57, 0x64, 0x0,
    0x1e, 0x98, 0x7, 0xf3, 0x74, 0x20, 0x80, 0x9,
    0x6f, 0x8, 0x3, 0xc0,

    /* U+1EDB "ớ" */
    0x0, 0xfe, 0xcf, 0xf4, 0x0, 0x7f, 0xf0, 0x64,
    0xc2, 0x20, 0x1, 0xff, 0xc0, 0x56, 0x8, 0x70,
    0xf, 0xfe, 0x1, 0x50, 0x4b, 0x80, 0x7f, 0xf0,
    0x4b, 0xbd, 0x80, 0x38, 0x99, 0x40, 0x3e, 0x10,
    0xf, 0x96, 0x60, 0x3, 0x14, 0xef, 0xfb, 0xa9,
    0x0, 0x2d, 0x6, 0x0, 0xa3, 0x58, 0x80, 0x2,
    0xb7, 0x61, 0x55, 0x7, 0x0, 0x25, 0xc0, 0xb,
    0x34, 0xe2, 0x9, 0xd4, 0xa, 0xa0, 0x46, 0x1,
    0xca, 0x65, 0x8f, 0x30, 0x0, 0xd5, 0x0, 0x10,
    0x0, 0xa3, 0x0, 0xc3, 0xa0, 0x1, 0x40, 0x1,
    0x18, 0x12, 0x0, 0x78, 0x58, 0x0, 0xe0, 0x4,
    0x0, 0x28, 0x7, 0xed, 0x0, 0x60, 0x3, 0x80,
    0x1a, 0x1, 0xf9, 0x80, 0xc, 0x0, 0x10, 0xf,
    0xf8, 0xc0, 0x38, 0x40, 0x3f, 0xf8, 0xbc, 0x0,
    0xd0, 0xf, 0xca, 0x0, 0x60, 0x2, 0x0, 0x10,
    0x3, 0xf6, 0x80, 0x30, 0x0, 0x44, 0x3, 0x40,
    0xf, 0xb, 0x0, 0x1c, 0x2, 0x90, 0x5, 0x18,
    0x6, 0x1d, 0x0, 0x38, 0x80, 0x48, 0xc0, 0x39,
    0x4c, 0xb1, 0xe6, 0x7, 0x0, 0x1d, 0x2e, 0x0,
    0x59, 0xa7, 0x10, 0x4d, 0x0, 0xfa, 0x35, 0x88,
    0x0, 0x2b, 0x76, 0x10, 0xc,

    /* U+1EDC "Ờ" */
    0x0, 0xe5, 0x88, 0x30, 0x7, 0xff, 0x19, 0x19,
    0xe5, 0x0, 0x3f, 0xf8, 0xa3, 0x82, 0x14, 0x20,
    0x1f, 0xfc, 0x52, 0xd0, 0x1b, 0x0, 0xff, 0xe3,
    0x1d, 0x2, 0xa0, 0x7, 0x8b, 0xfc, 0xc0, 0x1f,
    0x97, 0xfc, 0x80, 0x1e, 0x60, 0x1, 0x80, 0x7f,
    0xf1, 0xb8, 0x0, 0x80, 0x1c, 0x2f, 0x7d, 0xfe,
    0xda, 0x40, 0x0, 0xc2, 0x82, 0x88, 0x6, 0x6e,
    0x84, 0x10, 0x1, 0x2d, 0xe5, 0x73, 0x81, 0x58,
    0x6, 0x99, 0x0, 0x5, 0x5d, 0x8c, 0x0, 0x6a,
    0x4, 0xfa, 0x20, 0x13, 0xb0, 0x2, 0x3a, 0xa2,
    0x73, 0x50, 0x0, 0x39, 0x0, 0x18, 0x60, 0x1,
    0x4e, 0x1, 0xc5, 0x68, 0x3, 0x0, 0x1d, 0x20,
    0x5, 0x50, 0x7, 0xe9, 0x0, 0x30, 0x80, 0x66,
    0x0, 0x40, 0x7, 0xf1, 0x28, 0x1, 0xc0, 0x22,
    0x10, 0x12, 0x0, 0xff, 0x60, 0x3, 0x0, 0x26,
    0x0, 0x28, 0x7, 0xfc, 0xa0, 0x6, 0x0, 0x88,
    0x0, 0x40, 0x1f, 0xf1, 0x0, 0x4, 0x3, 0xff,
    0x92, 0x60, 0x1f, 0xfd, 0xf3, 0x0, 0x88, 0x0,
    0x40, 0x1f, 0xf1, 0x0, 0x4, 0x2, 0x60, 0x2,
    0x80, 0x7f, 0xca, 0x0, 0x60, 0x8, 0x84, 0x4,
    0x80, 0x3f, 0xd8, 0x0, 0xc0, 0xc, 0xc0, 0x8,
    0x0, 0xfe, 0x15, 0x0, 0x38, 0x6, 0x90, 0x2,
    0xa8, 0x3, 0xf5, 0x0, 0x18, 0x40, 0x30, 0xc8,
    0x2, 0x9c, 0x3, 0x86, 0xd0, 0x6, 0x0, 0x3c,
    0xcc, 0x0, 0x47, 0x54, 0x4d, 0xf2, 0x0, 0x34,
    0x40, 0x3e, 0x99, 0x0, 0x5, 0x5d, 0x90, 0x0,
    0x7a, 0x60, 0x1f, 0xcd, 0xd0, 0x82, 0x0, 0x25,
    0xbc, 0x20, 0xf, 0x0,

    /* U+1EDD "ờ" */
    0x0, 0x93, 0xfe, 0x20, 0xf, 0xfe, 0xa, 0x58,
    0x3, 0x80, 0x3f, 0xf8, 0x49, 0x40, 0x72, 0x1,
    0xff, 0xc2, 0x5a, 0x6, 0x50, 0xf, 0xfe, 0x12,
    0xff, 0x28, 0x7, 0x13, 0x28, 0x7, 0xe1, 0x0,
    0xf2, 0xcc, 0x0, 0x62, 0x9d, 0xff, 0x75, 0x20,
    0x5, 0xa0, 0xc0, 0x14, 0x6b, 0x10, 0x0, 0x56,
    0xec, 0x2a, 0xa0, 0xe0, 0x4, 0xb8, 0x1, 0x66,
    0x9c, 0x41, 0x3a, 0x81, 0x54, 0x8, 0xc0, 0x39,
    0x4c, 0xb1, 0xe6, 0x0, 0x1a, 0xa0, 0x2, 0x0,
    0x14, 0x60, 0x18, 0x74, 0x0, 0x28, 0x0, 0x23,
    0x2, 0x40, 0xf, 0xb, 0x0, 0x1c, 0x0, 0x80,
    0x5, 0x0, 0xfd, 0xa0, 0xc, 0x0, 0x70, 0x3,
    0x40, 0x3f, 0x30, 0x1, 0x80, 0x2, 0x1, 0xff,
    0x18, 0x7, 0x8, 0x7, 0xff, 0x17, 0x80, 0x1a,
    0x1, 0xf9, 0x40, 0xc, 0x0, 0x40, 0x2, 0x0,
    0x7e, 0xd0, 0x6, 0x0, 0x8, 0x80, 0x68, 0x1,
    0xe1, 0x60, 0x3, 0x80, 0x52, 0x0, 0xa3, 0x0,
    0xc3, 0xa0, 0x7, 0x10, 0x9, 0x18, 0x7, 0x29,
    0x96, 0x3c, 0xc0, 0xe0, 0x3, 0xa5, 0xc0, 0xb,
    0x34, 0xe2, 0x9, 0xa0, 0x1f, 0x46, 0xb1, 0x0,
    0x5, 0x6e, 0xc2, 0x1, 0x80,

    /* U+1EDE "Ở" */
    0x0, 0xfc, 0x53, 0x8, 0x1, 0xff, 0xc6, 0x66,
    0x3d, 0xd8, 0x3, 0xff, 0x8a, 0x9f, 0x62, 0x8c,
    0x1, 0xff, 0xc6, 0x60, 0x0, 0x80, 0x7f, 0xf1,
    0x7f, 0x44, 0xd8, 0x3, 0xff, 0x8f, 0x78, 0x20,
    0x1c, 0x22, 0x0, 0xff, 0x55, 0x10, 0x3, 0xc7,
    0xdc, 0x60, 0xf, 0xe5, 0x50, 0x7, 0xcc, 0x0,
    0x30, 0xf, 0xfe, 0x37, 0x80, 0x10, 0x3, 0x85,
    0xef, 0xbf, 0xdb, 0x48, 0x0, 0x18, 0x50, 0x51,
    0x0, 0xcd, 0xd0, 0x82, 0x0, 0x25, 0xbc, 0xae,
    0x70, 0x2b, 0x0, 0xd3, 0x20, 0x0, 0xab, 0xb1,
    0x80, 0xd, 0x40, 0xa3, 0x44, 0x2, 0x76, 0x0,
    0x47, 0x54, 0x4e, 0x6a, 0x0, 0x7, 0x1c, 0x3,
    0xc, 0x0, 0x29, 0xc0, 0x38, 0xad, 0x0, 0x60,
    0x3, 0xa4, 0x0, 0xaa, 0x0, 0xfd, 0x20, 0x6,
    0x10, 0xc, 0xc0, 0x8, 0x0, 0xfe, 0x25, 0x0,
    0x38, 0x4, 0x42, 0x2, 0x40, 0x1f, 0xec, 0x0,
    0x60, 0x4, 0xc0, 0x5, 0x0, 0xff, 0x94, 0x0,
    0xc0, 0x11, 0x0, 0x8, 0x3, 0xfe, 0x20, 0x0,
    0x80, 0x7f, 0xf2, 0x4c, 0x3, 0xff, 0xbe, 0x60,
    0x11, 0x0, 0x8, 0x3, 0xfe, 0x20, 0x0, 0x80,
    0x4c, 0x0, 0x50, 0xf, 0xf9, 0x40, 0xc, 0x1,
    0x10, 0x80, 0x90, 0x7, 0xfb, 0x0, 0x18, 0x1,
    0x98, 0x1, 0x0, 0x1f, 0xc2, 0xa0, 0x7, 0x0,
    0xd2, 0x0, 0x55, 0x0, 0x7e, 0xa0, 0x3, 0x8,
    0x6, 0x19, 0x0, 0x53, 0x80, 0x70, 0xda, 0x0,
    0xc0, 0x7, 0x99, 0x80, 0x8, 0xea, 0x89, 0xbe,
    0x40, 0x6, 0x88, 0x7, 0xd3, 0x20, 0x0, 0xab,
    0xb2, 0x0, 0xf, 0x4c, 0x3, 0xf9, 0xba, 0x10,
    0x40, 0x4, 0xb7, 0x84, 0x1, 0xe0,

    /* U+1EDF "ở" */
    0x0, 0xf1, 0x7e, 0xc9, 0x0, 0x7f, 0xf0, 0x90,
    0xdb, 0x48, 0x3, 0xff, 0x80, 0x57, 0xc6, 0x14,
    0x1, 0xff, 0xc2, 0x21, 0x0, 0xff, 0xe1, 0xf6,
    0x91, 0x24, 0x3, 0xff, 0x87, 0x5a, 0x20, 0x1f,
    0xfc, 0x1b, 0xa4, 0x0, 0xff, 0xe1, 0xaa, 0x84,
    0x3, 0x92, 0xe4, 0x3, 0xff, 0x86, 0x68, 0x80,
    0xc, 0x53, 0xbf, 0xee, 0xa4, 0x0, 0xb0, 0x1c,
    0x2, 0x8d, 0x62, 0x0, 0xa, 0xdd, 0x85, 0x90,
    0x38, 0x1, 0x2e, 0x0, 0x59, 0xa7, 0x10, 0x4e,
    0x90, 0x64, 0x4, 0x60, 0x1c, 0xa6, 0x58, 0xf3,
    0x0, 0xd, 0xc8, 0x2, 0x0, 0x14, 0x60, 0x18,
    0x74, 0x0, 0x2a, 0x0, 0x23, 0x2, 0x40, 0xf,
    0xb, 0x0, 0x1c, 0x0, 0x80, 0x5, 0x0, 0xfd,
    0xa0, 0xc, 0x0, 0x70, 0x3, 0x40, 0x3f, 0x30,
    0x1, 0x80, 0x2, 0x1, 0xff, 0x18, 0x7, 0x8,
    0x7, 0xff, 0x17, 0x80, 0x1a, 0x1, 0xf9, 0x40,
    0xc, 0x0, 0x40, 0x2, 0x0, 0x7e, 0xd0, 0x6,
    0x0, 0x8, 0x80, 0x68, 0x1, 0xe1, 0x60, 0x3,
    0x80, 0x52, 0x0, 0xa3, 0x0, 0xc3, 0xa0, 0x7,
    0x10, 0x9, 0x18, 0x7, 0x29, 0x96, 0x3c, 0xc0,
    0xe0, 0x3, 0xa5, 0xc0, 0xb, 0x34, 0xe2, 0x9,
    0xa0, 0x1f, 0x46, 0xb1, 0x0, 0x5, 0x6e, 0xc2,
    0x1, 0x80,

    /* U+1EE0 "Ỡ" */
    0x0, 0xf8, 0x84, 0x3, 0x1a, 0x90, 0x7, 0xfc,
    0x9d, 0xbd, 0x8a, 0x3, 0xf4, 0xa0, 0x1f, 0xe2,
    0xb1, 0x0, 0x1d, 0x7f, 0x18, 0x30, 0x7, 0xf9,
    0x41, 0x3b, 0xe4, 0x80, 0x3, 0x62, 0x1, 0x11,
    0x0, 0x39, 0xb2, 0x84, 0x1b, 0x76, 0xe4, 0x0,
    0x8f, 0x74, 0xc0, 0x18, 0x4c, 0x40, 0x31, 0x10,
    0x3, 0x98, 0x0, 0x40, 0x1f, 0xfc, 0x6f, 0x0,
    0x28, 0x7, 0xb, 0xdf, 0x7f, 0xb6, 0x90, 0x0,
    0x30, 0xa0, 0xa2, 0x1, 0x9b, 0xa1, 0x4, 0x0,
    0x4b, 0x79, 0x5c, 0xe0, 0x56, 0x1, 0xa6, 0x40,
    0x1, 0x57, 0x63, 0x0, 0x1a, 0x81, 0x46, 0x88,
    0x4, 0xec, 0x0, 0x8e, 0xa8, 0x9c, 0xd4, 0x0,
    0xe, 0x38, 0x6, 0x18, 0x0, 0x53, 0x80, 0x71,
    0x5a, 0x0, 0xc0, 0x7, 0x48, 0x1, 0x54, 0x1,
    0xfa, 0x40, 0xc, 0x20, 0x19, 0x80, 0x10, 0x1,
    0xfc, 0x4a, 0x0, 0x70, 0x8, 0x84, 0x4, 0x80,
    0x3f, 0xd8, 0x0, 0xc0, 0x9, 0x80, 0xa, 0x1,
    0xff, 0x28, 0x1, 0x80, 0x22, 0x0, 0x10, 0x7,
    0xfc, 0x40, 0x1, 0x0, 0xff, 0xe4, 0x98, 0x7,
    0xff, 0x7c, 0xc0, 0x22, 0x0, 0x10, 0x7, 0xfc,
    0x40, 0x1, 0x0, 0x98, 0x0, 0xa0, 0x1f, 0xf2,
    0x80, 0x18, 0x2, 0x21, 0x1, 0x20, 0xf, 0xf6,
    0x0, 0x30, 0x3, 0x30, 0x2, 0x0, 0x3f, 0x85,
    0x40, 0xe, 0x1, 0xa4, 0x0, 0xaa, 0x0, 0xfd,
    0x40, 0x6, 0x10, 0xc, 0x32, 0x0, 0xa7, 0x0,
    0xe1, 0xb4, 0x1, 0x80, 0xf, 0x33, 0x0, 0x11,
    0xd5, 0x13, 0x7c, 0x80, 0xd, 0x10, 0xf, 0xa6,
    0x40, 0x1, 0x57, 0x64, 0x0, 0x1e, 0x98, 0x7,
    0xf3, 0x74, 0x20, 0x80, 0x9, 0x6f, 0x8, 0x3,
    0xc0,

    /* U+1EE1 "ỡ" */
    0x0, 0xff, 0x84, 0xc4, 0x3, 0xe2, 0xbf, 0xf5,
    0xa8, 0x85, 0xe4, 0x0, 0x7d, 0x88, 0x0, 0x4a,
    0xef, 0x50, 0xa0, 0xf, 0x28, 0x95, 0xe4, 0x10,
    0x5, 0x26, 0x1, 0xe4, 0xcc, 0x21, 0xbe, 0xed,
    0xec, 0x1, 0xf0, 0x98, 0x80, 0x62, 0x20, 0x6,
    0x5c, 0xa0, 0xf, 0xfe, 0x19, 0x1b, 0x80, 0x62,
    0x9d, 0xff, 0x75, 0x20, 0x5, 0x80, 0xe0, 0x14,
    0x6b, 0x10, 0x0, 0x56, 0xec, 0x2c, 0x81, 0xc0,
    0x9, 0x70, 0x2, 0xcd, 0x38, 0x82, 0x74, 0x83,
    0x20, 0x23, 0x0, 0xe5, 0x32, 0xc7, 0x98, 0x0,
    0x6e, 0x40, 0x10, 0x0, 0xa3, 0x0, 0xc3, 0xa0,
    0x1, 0x50, 0x1, 0x18, 0x12, 0x0, 0x78, 0x58,
    0x0, 0xe0, 0x4, 0x0, 0x28, 0x7, 0xed, 0x0,
    0x60, 0x3, 0x80, 0x1a, 0x1, 0xf9, 0x80, 0xc,
    0x0, 0x10, 0xf, 0xf8, 0xc0, 0x38, 0x40, 0x3f,
    0xf8, 0xbc, 0x0, 0xd0, 0xf, 0xca, 0x0, 0x60,
    0x2, 0x0, 0x10, 0x3, 0xf6, 0x80, 0x30, 0x0,
    0x44, 0x3, 0x40, 0xf, 0xb, 0x0, 0x1c, 0x2,
    0x90, 0x5, 0x18, 0x6, 0x1d, 0x0, 0x38, 0x80,
    0x48, 0xc0, 0x39, 0x4c, 0xb1, 0xe6, 0x7, 0x0,
    0x1d, 0x2e, 0x0, 0x59, 0xa7, 0x10, 0x4d, 0x0,
    0xfa, 0x35, 0x88, 0x0, 0x2b, 0x76, 0x10, 0xc,

    /* U+1EE2 "Ợ" */
    0x0, 0xff, 0xe3, 0x17, 0xf9, 0x80, 0x3f, 0xf8,
    0xcc, 0x0, 0x30, 0xf, 0xfe, 0x37, 0x0, 0x10,
    0x3, 0x85, 0xef, 0xbf, 0xdb, 0x48, 0x0, 0x18,
    0x50, 0x51, 0x0, 0xcd, 0xd0, 0x82, 0x0, 0x25,
    0xbc, 0xae, 0x70, 0x2b, 0x0, 0xd3, 0x20, 0x0,
    0xab, 0xb1, 0x80, 0xd, 0x40, 0x9f, 0x44, 0x2,
    0x76, 0x0, 0x47, 0x54, 0x4e, 0x6a, 0x0, 0x7,
    0x20, 0x3, 0xc, 0x0, 0x29, 0xc0, 0x38, 0xad,
    0x0, 0x60, 0x3, 0xa4, 0x0, 0xaa, 0x0, 0xfd,
    0x20, 0x6, 0x10, 0xc, 0xc0, 0x8, 0x0, 0xfe,
    0x25, 0x0, 0x38, 0x4, 0x42, 0x2, 0x40, 0x1f,
    0xec, 0x0, 0x60, 0x4, 0xc0, 0x5, 0x0, 0xff,
    0x94, 0x0, 0xc0, 0x11, 0x0, 0x8, 0x3, 0xfe,
    0x20, 0x0, 0x80, 0x7f, 0xf2, 0x4c, 0x3, 0xff,
    0xbe, 0x60, 0x11, 0x0, 0x8, 0x3, 0xfe, 0x20,
    0x0, 0x80, 0x4c, 0x0, 0x50, 0xf, 0xf9, 0x40,
    0xc, 0x1, 0x10, 0x80, 0x90, 0x7, 0xfb, 0x0,
    0x18, 0x1, 0x98, 0x1, 0x0, 0x1f, 0xc2, 0xa0,
    0x7, 0x0, 0xd2, 0x0, 0x55, 0x0, 0x7e, 0xa0,
    0x3, 0x8, 0x6, 0x19, 0x0, 0x53, 0x80, 0x70,
    0xda, 0x0, 0xc0, 0x7, 0x99, 0x80, 0x8, 0xea,
    0x89, 0xbe, 0x40, 0x6, 0x88, 0x7, 0xd3, 0x20,
    0x0, 0xab, 0xb2, 0x0, 0xf, 0x4c, 0x3, 0xf9,
    0xba, 0x10, 0x40, 0x4, 0xb7, 0x84, 0x1, 0xff,
    0xb, 0xdf, 0x7f, 0xb6, 0x90, 0x3, 0xff, 0x8a,
    0x62, 0x1, 0xff, 0xc7, 0xbc, 0xe3, 0x0, 0xff,
    0xe3, 0x20, 0x1, 0x40, 0x3f, 0xf8, 0xce, 0x4,
    0xe0, 0x1f, 0xe0,

    /* U+1EE3 "ợ" */
    0x0, 0xff, 0xe1, 0xbf, 0xf0, 0x7, 0xff, 0xf,
    0xc0, 0x80, 0x31, 0x4e, 0xff, 0xba, 0x90, 0x2,
    0x30, 0x50, 0xa, 0x35, 0x88, 0x0, 0x2b, 0x76,
    0x17, 0x40, 0xd0, 0x4, 0xb8, 0x1, 0x66, 0x9c,
    0x41, 0x3a, 0x1, 0xd0, 0x11, 0x80, 0x72, 0x99,
    0x63, 0xcc, 0x0, 0x37, 0x0, 0x8, 0x0, 0x51,
    0x80, 0x61, 0xd0, 0x0, 0xa8, 0x0, 0x8c, 0x9,
    0x0, 0x3c, 0x2c, 0x0, 0x70, 0x2, 0x0, 0x14,
    0x3, 0xf6, 0x80, 0x30, 0x1, 0xc0, 0xd, 0x0,
    0xfc, 0xc0, 0x6, 0x0, 0x8, 0x7, 0xfc, 0x60,
    0x1c, 0x20, 0x1f, 0xfc, 0x5e, 0x0, 0x68, 0x7,
    0xe5, 0x0, 0x30, 0x1, 0x0, 0x8, 0x1, 0xfb,
    0x40, 0x18, 0x0, 0x22, 0x1, 0xa0, 0x7, 0x85,
    0x80, 0xe, 0x1, 0x48, 0x2, 0x8c, 0x3, 0xe,
    0x80, 0x1c, 0x40, 0x24, 0x60, 0x1c, 0xa6, 0x58,
    0xf3, 0x3, 0x80, 0xe, 0x97, 0x0, 0x2c, 0xd3,
    0x88, 0x26, 0x80, 0x7d, 0x1a, 0xc4, 0x0, 0x15,
    0xbb, 0x8, 0x7, 0xe2, 0x9d, 0xff, 0x75, 0x20,
    0x7, 0xff, 0x49, 0x3b, 0x88, 0x1, 0xff, 0xc2,
    0xe1, 0x17, 0x80, 0x7f, 0xf0, 0xb0, 0x1, 0xa0,
    0x1f, 0xfc, 0x26, 0xdd, 0x30, 0x7, 0xe0,

    /* U+1EE4 "Ụ" */
    0xdf, 0xf1, 0x0, 0x7f, 0x2f, 0xfa, 0x80, 0x3f,
    0xff, 0xe0, 0x1f, 0xff, 0xf0, 0xf, 0xff, 0xf8,
    0x7, 0xff, 0x4, 0x40, 0x2, 0x1, 0xfc, 0x60,
    0x3, 0x60, 0x2, 0x0, 0x7f, 0x60, 0x3, 0xbc,
    0x1, 0x40, 0x1f, 0x89, 0x40, 0xa, 0xa2, 0x2,
    0xb1, 0x0, 0xe2, 0xf0, 0x2, 0x90, 0x78, 0x82,
    0x75, 0x3b, 0x45, 0xe9, 0x1, 0x58, 0x0, 0xb0,
    0xc0, 0xb, 0x12, 0xe8, 0x0, 0x5c, 0x10, 0x8,
    0xb2, 0xd8, 0x80, 0x23, 0x7d, 0xa1, 0x0, 0xf2,
    0x4e, 0xff, 0xd9, 0x4, 0x1, 0xff, 0x9, 0x80,
    0x7f, 0xf0, 0x8b, 0xb3, 0x0, 0x1f, 0xfc, 0x17,
    0x0, 0x18, 0x7, 0xff, 0x5, 0xc, 0x1c, 0x3,
    0xe0,

    /* U+1EE5 "ụ" */
    0xdf, 0xf0, 0x7, 0xcf, 0xfe, 0x70, 0xf, 0xff,
    0xf8, 0x7, 0xff, 0xe0, 0x40, 0x3f, 0xcc, 0x0,
    0x50, 0xf, 0x70, 0x5, 0x80, 0xf, 0x0, 0xe6,
    0x60, 0x4, 0xc0, 0x4, 0xd7, 0x74, 0x6c, 0x80,
    0x61, 0xa0, 0x1, 0x44, 0x1c, 0x81, 0x40, 0x32,
    0xe2, 0x88, 0x0, 0x9f, 0xbc, 0x3, 0x8e, 0xbb,
    0xfd, 0xb0, 0x2b, 0xfe, 0x70, 0xe, 0x32, 0x0,
    0xff, 0xa7, 0x35, 0x0, 0x3f, 0xc8, 0x0, 0xc0,
    0xf, 0xf5, 0x80, 0xd0, 0x7, 0x80,

    /* U+1EE6 "Ủ" */
    0x0, 0xfb, 0x7a, 0xd4, 0x3, 0xff, 0x82, 0x84,
    0x94, 0xe0, 0x1f, 0xfc, 0x9, 0xc8, 0x9, 0x0,
    0xff, 0xe0, 0x8f, 0x1, 0x80, 0x7f, 0xf0, 0x27,
    0x98, 0x20, 0x3, 0xff, 0x84, 0xbe, 0xa0, 0x1f,
    0xfc, 0xa, 0xa4, 0x0, 0x7f, 0xf0, 0x8d, 0x48,
    0x3, 0xff, 0x99, 0xbf, 0xe2, 0x0, 0xfe, 0x5f,
    0xf5, 0x0, 0x7f, 0xff, 0xc0, 0x3f, 0xff, 0xe0,
    0x1f, 0xff, 0xf0, 0xf, 0xfe, 0x8, 0x80, 0x4,
    0x3, 0xf8, 0xc0, 0x6, 0xc0, 0x4, 0x0, 0xfe,
    0xc0, 0x7, 0x78, 0x2, 0x80, 0x3f, 0x12, 0x80,
    0x15, 0x44, 0x5, 0x62, 0x1, 0xc5, 0xe0, 0x5,
    0x20, 0xf1, 0x4, 0xea, 0x76, 0x8b, 0xd2, 0x2,
    0xb0, 0x1, 0x61, 0x80, 0x16, 0x25, 0xd0, 0x0,
    0xb8, 0x20, 0x11, 0x65, 0xb1, 0x0, 0x46, 0xfb,
    0x42, 0x0,

    /* U+1EE7 "ủ" */
    0x0, 0xe6, 0xfd, 0x81, 0x0, 0xfe, 0x24, 0x27,
    0xc0, 0xf, 0xe4, 0xbe, 0x2, 0x50, 0xf, 0xf2,
    0x80, 0x4, 0x3, 0xf1, 0x7d, 0x82, 0xa0, 0x7,
    0xfd, 0xb4, 0x1, 0xfc, 0x55, 0x42, 0x0, 0xff,
    0x95, 0x40, 0x1f, 0xfc, 0x8d, 0xff, 0x0, 0x7c,
    0xff, 0xe7, 0x0, 0xff, 0xff, 0x80, 0x7f, 0xfe,
    0x4, 0x3, 0xfc, 0xc0, 0x5, 0x0, 0xf7, 0x0,
    0x58, 0x0, 0xf0, 0xe, 0x66, 0x0, 0x4c, 0x0,
    0x4d, 0x77, 0x46, 0xc8, 0x6, 0x1a, 0x0, 0x14,
    0x41, 0xc8, 0x14, 0x3, 0x2e, 0x28, 0x80, 0x9,
    0xfb, 0xc0, 0x20,

    /* U+1EE8 "Ứ" */
    0x0, 0xfe, 0x1f, 0xf9, 0x40, 0x3f, 0xf8, 0xd4,
    0x0, 0x95, 0x0, 0xff, 0xe2, 0xb2, 0x4, 0x30,
    0x7, 0xff, 0x14, 0xa4, 0x1d, 0xc0, 0x1f, 0xfc,
    0x66, 0x79, 0x80, 0xf, 0xfe, 0x3a, 0x43, 0x0,
    0x7f, 0xbf, 0xcc, 0x1, 0xff, 0xc7, 0x10, 0x1,
    0xef, 0xf8, 0x80, 0x3f, 0x97, 0xfd, 0x40, 0x4,
    0x0, 0x30, 0x7, 0xff, 0x1f, 0x80, 0x4c, 0x3,
    0xff, 0x88, 0x29, 0x68, 0x12, 0x1, 0xff, 0xc5,
    0x4b, 0x40, 0x57, 0x0, 0xff, 0xe3, 0xa, 0xdd,
    0x0, 0x7f, 0xf1, 0x97, 0xa9, 0x0, 0x3f, 0xff,
    0xe0, 0x1f, 0xff, 0xf0, 0xf, 0xff, 0x80, 0x80,
    0x4, 0x3, 0xf8, 0xc0, 0x6, 0x1, 0xe6, 0x0,
    0x20, 0x7, 0xf6, 0x0, 0x38, 0x3, 0xde, 0x0,
    0xa0, 0xf, 0xc4, 0xa0, 0x5, 0x0, 0xf2, 0x90,
    0x15, 0x88, 0x7, 0x17, 0x80, 0x14, 0x80, 0x3e,
    0xf1, 0x4, 0xea, 0x76, 0x8b, 0xd2, 0x2, 0xb0,
    0xf, 0xc5, 0x86, 0x0, 0x58, 0x97, 0x40, 0x2,
    0xe0, 0x80, 0x7f, 0x16, 0x5b, 0x10, 0x4, 0x6f,
    0xb4, 0x20, 0x1f, 0x80,

    /* U+1EE9 "ứ" */
    0x0, 0xfd, 0xbf, 0xe7, 0x0, 0xff, 0xe1, 0x49,
    0x4, 0x38, 0x7, 0xff, 0x5, 0x58, 0x25, 0xc0,
    0x3f, 0xf8, 0x25, 0x41, 0x2c, 0x1, 0xff, 0xc2,
    0x2e, 0xe3, 0x0, 0x7c, 0x66, 0x0, 0xf8, 0x44,
    0x1, 0xfb, 0x30, 0x7b, 0xfe, 0x0, 0xf9, 0xff,
    0xce, 0x2, 0x0, 0x20, 0xf, 0xfe, 0x11, 0x58,
    0x18, 0x80, 0x7f, 0xf0, 0x63, 0x54, 0x3c, 0x3,
    0xff, 0x84, 0x4b, 0x1c, 0x60, 0x1f, 0xfc, 0x2a,
    0xa3, 0x88, 0x7, 0xff, 0xfc, 0x3, 0xff, 0xc0,
    0x20, 0x1f, 0xfc, 0x36, 0x0, 0x28, 0x7, 0xb8,
    0x3, 0xf6, 0x0, 0x3c, 0x3, 0x99, 0x80, 0x1f,
    0x98, 0x0, 0x9a, 0xee, 0x8d, 0x90, 0xf, 0xe1,
    0xa0, 0x1, 0x44, 0x1c, 0x81, 0x40, 0x3f, 0x97,
    0x14, 0x40, 0x4, 0xfd, 0xe0, 0x1f, 0x80,

    /* U+1EEA "Ừ" */
    0x0, 0xd3, 0xfe, 0xc0, 0xf, 0xfe, 0x3c, 0xa8,
    0x1b, 0x80, 0x7f, 0xf1, 0xe8, 0xc2, 0x8, 0x3,
    0xff, 0x8f, 0xa4, 0x1c, 0x1, 0xff, 0xc7, 0x1c,
    0x74, 0x20, 0xf, 0xfe, 0x38, 0xc4, 0x8, 0x3,
    0xfb, 0xfc, 0xc0, 0x1f, 0xfc, 0x71, 0x0, 0x1e,
    0xff, 0x88, 0x3, 0xf9, 0x7f, 0xd4, 0x0, 0x40,
    0x3, 0x0, 0x7f, 0xf1, 0xf8, 0x4, 0xc0, 0x3f,
    0xf8, 0x82, 0x96, 0x81, 0x20, 0x1f, 0xfc, 0x54,
    0xb4, 0x5, 0x70, 0xf, 0xfe, 0x30, 0xad, 0xd0,
    0x7, 0xff, 0x19, 0x7a, 0x90, 0x3, 0xff, 0xfe,
    0x1, 0xff, 0xff, 0x0, 0xff, 0xf8, 0x8, 0x0,
    0x40, 0x3f, 0x8c, 0x0, 0x60, 0x1e, 0x60, 0x2,
    0x0, 0x7f, 0x60, 0x3, 0x80, 0x3d, 0xe0, 0xa,
    0x0, 0xfc, 0x4a, 0x0, 0x50, 0xf, 0x29, 0x1,
    0x58, 0x80, 0x71, 0x78, 0x1, 0x48, 0x3, 0xef,
    0x10, 0x4e, 0xa7, 0x68, 0xbd, 0x20, 0x2b, 0x0,
    0xfc, 0x58, 0x60, 0x5, 0x89, 0x74, 0x0, 0x2e,
    0x8, 0x7, 0xf1, 0x65, 0xb1, 0x0, 0x46, 0xfb,
    0x42, 0x1, 0xf8,

    /* U+1EEB "ừ" */
    0x0, 0x2f, 0xfb, 0x88, 0x3, 0xff, 0x84, 0xb4,
    0x3, 0xc0, 0x1f, 0xfc, 0x35, 0xa0, 0x38, 0x0,
    0xff, 0xe1, 0xad, 0x3, 0xa0, 0x7, 0xff, 0xd,
    0x7b, 0x88, 0x1, 0xf1, 0x98, 0x3, 0xe1, 0x10,
    0x7, 0xec, 0xc1, 0xef, 0xf8, 0x3, 0xe7, 0xff,
    0x38, 0x8, 0x0, 0x80, 0x3f, 0xf8, 0x45, 0x60,
    0x62, 0x1, 0xff, 0xc1, 0x8d, 0x50, 0xf0, 0xf,
    0xfe, 0x11, 0x2c, 0x71, 0x80, 0x7f, 0xf0, 0xaa,
    0x8e, 0x20, 0x1f, 0xff, 0xf0, 0xf, 0xff, 0x0,
    0x80, 0x7f, 0xf0, 0xd8, 0x0, 0xa0, 0x1e, 0xe0,
    0xf, 0xd8, 0x0, 0xf0, 0xe, 0x66, 0x0, 0x7e,
    0x60, 0x2, 0x6b, 0xba, 0x36, 0x40, 0x3f, 0x86,
    0x80, 0x5, 0x10, 0x72, 0x5, 0x0, 0xfe, 0x5c,
    0x51, 0x0, 0x13, 0xf7, 0x80, 0x7e,

    /* U+1EEC "Ử" */
    0x0, 0xf9, 0xbf, 0x60, 0x40, 0x3f, 0xf8, 0xc4,
    0x84, 0xf8, 0x1, 0xff, 0xc6, 0x4b, 0xe0, 0x24,
    0x0, 0xff, 0xe3, 0xa8, 0x7, 0xff, 0x20, 0xbe,
    0xc1, 0x50, 0x3, 0xff, 0x91, 0xb4, 0x1, 0xff,
    0xc6, 0x2a, 0xa1, 0x0, 0x7f, 0xf2, 0x15, 0x40,
    0x1f, 0xeb, 0xb2, 0x80, 0x7f, 0xf1, 0xc5, 0x10,
    0x7b, 0xfe, 0x20, 0xf, 0xe5, 0xff, 0x50, 0x1,
    0x40, 0xa, 0x1, 0xff, 0xc7, 0xf0, 0x1, 0x80,
    0x7f, 0xf1, 0x5, 0x2d, 0x1, 0xc0, 0x3f, 0xf8,
    0xa9, 0x68, 0xb, 0x0, 0x1f, 0xfc, 0x61, 0x4a,
    0xa0, 0x7, 0xff, 0x19, 0x7a, 0xd4, 0x3, 0xff,
    0xfe, 0x1, 0xff, 0xff, 0x0, 0xff, 0xf8, 0x8,
    0x0, 0x40, 0x3f, 0x8c, 0x0, 0x60, 0x1e, 0x60,
    0x2, 0x0, 0x7f, 0x60, 0x3, 0x80, 0x3d, 0xe0,
    0xa, 0x0, 0xfc, 0x4a, 0x0, 0x50, 0xf, 0x29,
    0x1, 0x58, 0x80, 0x71, 0x78, 0x1, 0x48, 0x3,
    0xef, 0x10, 0x4e, 0xa7, 0x68, 0xbd, 0x20, 0x2b,
    0x0, 0xfc, 0x58, 0x60, 0x5, 0x89, 0x74, 0x0,
    0x2e, 0x8, 0x7, 0xf1, 0x65, 0xb1, 0x0, 0x46,
    0xfb, 0x42, 0x1, 0xf8,

    /* U+1EED "ử" */
    0x0, 0xe1, 0x98, 0x40, 0xf, 0xfe, 0x19, 0x33,
    0xde, 0x8, 0x7, 0xff, 0x4, 0xff, 0x4, 0xd8,
    0x3, 0xff, 0x86, 0x26, 0x1e, 0x1, 0xff, 0xc2,
    0xfd, 0x22, 0x48, 0x7, 0xff, 0x8, 0x42, 0xb4,
    0x40, 0x3f, 0xf8, 0x57, 0x4a, 0x1, 0xff, 0xc4,
    0x55, 0x0, 0x7e, 0x77, 0x8, 0x7, 0xff, 0x12,
    0x20, 0x5b, 0xfe, 0x0, 0xf9, 0xff, 0xce, 0x4,
    0x0, 0x30, 0xf, 0xfe, 0x11, 0x40, 0x20, 0x7,
    0xff, 0xa, 0x35, 0x46, 0x40, 0x3f, 0xf8, 0x44,
    0xb1, 0xe4, 0x1, 0xff, 0xc2, 0xaa, 0x38, 0x80,
    0x7f, 0xff, 0xc0, 0x3f, 0xfc, 0x2, 0x1, 0xff,
    0xc3, 0x60, 0x2, 0x80, 0x7b, 0x80, 0x3f, 0x60,
    0x3, 0xc0, 0x39, 0x98, 0x1, 0xf9, 0x80, 0x9,
    0xae, 0xe8, 0xd9, 0x0, 0xfe, 0x1a, 0x0, 0x14,
    0x41, 0xc8, 0x14, 0x3, 0xf9, 0x71, 0x44, 0x0,
    0x4f, 0xde, 0x1, 0xf8,

    /* U+1EEE "Ữ" */
    0x0, 0xf1, 0x8, 0x6, 0x45, 0x10, 0xf, 0xfe,
    0x3, 0x7e, 0xf5, 0xa0, 0x15, 0x51, 0x40, 0x3f,
    0xe3, 0x90, 0x9, 0x2f, 0xf4, 0x44, 0x80, 0x1f,
    0xf5, 0x3, 0x7f, 0x40, 0x80, 0xb, 0x40, 0x3f,
    0xf8, 0x17, 0x92, 0x2, 0xfd, 0xbb, 0x18, 0x7,
    0xff, 0x0, 0x8c, 0x3, 0x88, 0x80, 0x1f, 0xb3,
    0xa, 0x1, 0xff, 0xc7, 0x13, 0x3b, 0x7f, 0xc4,
    0x1, 0xfc, 0xbf, 0xea, 0x0, 0x28, 0x1, 0x40,
    0x3f, 0xf8, 0xfe, 0x2, 0x60, 0x1f, 0xfc, 0x41,
    0x4b, 0x40, 0x90, 0xf, 0xfe, 0x2a, 0x5a, 0x2,
    0xb8, 0x7, 0xff, 0x18, 0x52, 0xa8, 0x1, 0xff,
    0xc6, 0x5e, 0xb5, 0x0, 0xff, 0xff, 0x80, 0x7f,
    0xff, 0xc0, 0x3f, 0xfe, 0x2, 0x0, 0x10, 0xf,
    0xe3, 0x0, 0x18, 0x7, 0x98, 0x0, 0x80, 0x1f,
    0xd8, 0x0, 0xe0, 0xf, 0x78, 0x2, 0x80, 0x3f,
    0x12, 0x80, 0x14, 0x3, 0xca, 0x40, 0x56, 0x20,
    0x1c, 0x5e, 0x0, 0x52, 0x0, 0xfb, 0xc4, 0x13,
    0xa9, 0xda, 0x2f, 0x48, 0xa, 0xc0, 0x3f, 0x16,
    0x18, 0x1, 0x62, 0x5d, 0x0, 0xb, 0x82, 0x1,
    0xfc, 0x59, 0x6c, 0x40, 0x11, 0xbe, 0xd0, 0x80,
    0x7e,

    /* U+1EEF "ữ" */
    0x0, 0xff, 0x11, 0x88, 0x7, 0xe5, 0xcf, 0xff,
    0x6e, 0x30, 0x7, 0xc9, 0x46, 0x1, 0xf3, 0x38,
    0x7, 0xcb, 0x99, 0xf6, 0xfc, 0x80, 0x7e, 0x13,
    0x3f, 0x88, 0x3, 0xd1, 0x2, 0x0, 0xff, 0xe2,
    0x3b, 0x87, 0x7f, 0xc0, 0x1f, 0x3f, 0xf9, 0xc0,
    0x80, 0x6, 0x1, 0xff, 0xc2, 0x29, 0x4, 0x0,
    0xff, 0xe1, 0x46, 0xa0, 0xc8, 0x7, 0xff, 0x8,
    0x96, 0x3c, 0x80, 0x3f, 0xf8, 0x55, 0x47, 0x10,
    0xf, 0xff, 0xf8, 0x7, 0xff, 0x80, 0x40, 0x3f,
    0xf8, 0x6c, 0x0, 0x50, 0xf, 0x70, 0x7, 0xec,
    0x0, 0x78, 0x7, 0x33, 0x0, 0x3f, 0x30, 0x1,
    0x35, 0xdd, 0x1b, 0x20, 0x1f, 0xc3, 0x40, 0x2,
    0x88, 0x39, 0x2, 0x80, 0x7f, 0x2e, 0x28, 0x80,
    0x9, 0xfb, 0xc0, 0x3f, 0x0,

    /* U+1EF0 "Ự" */
    0x0, 0xff, 0xe4, 0x7f, 0x98, 0x3, 0xff, 0x8e,
    0x20, 0x3, 0xdf, 0xf1, 0x0, 0x7f, 0x2f, 0xfa,
    0x80, 0x8, 0x0, 0x60, 0xf, 0xfe, 0x3f, 0x0,
    0x98, 0x7, 0xff, 0x10, 0x52, 0xd0, 0x24, 0x3,
    0xff, 0x8a, 0x96, 0x80, 0xae, 0x1, 0xff, 0xc6,
    0x15, 0xba, 0x0, 0xff, 0xe3, 0x2f, 0x52, 0x0,
    0x7f, 0xff, 0xc0, 0x3f, 0xff, 0xe0, 0x1f, 0xff,
    0x1, 0x0, 0x8, 0x7, 0xf1, 0x80, 0xc, 0x3,
    0xcc, 0x0, 0x40, 0xf, 0xec, 0x0, 0x70, 0x7,
    0xbc, 0x1, 0x40, 0x1f, 0x89, 0x40, 0xa, 0x1,
    0xe5, 0x20, 0x2b, 0x10, 0xe, 0x2f, 0x0, 0x29,
    0x0, 0x7d, 0xe2, 0x9, 0xd4, 0xed, 0x17, 0xa4,
    0x5, 0x60, 0x1f, 0x8b, 0xc, 0x0, 0xb1, 0x2e,
    0x80, 0x5, 0xc1, 0x0, 0xfe, 0x2c, 0xb6, 0x20,
    0x8, 0xdf, 0x68, 0x40, 0x3f, 0xf8, 0x9, 0x3b,
    0xff, 0x64, 0x10, 0x7, 0xff, 0x72, 0x3f, 0x44,
    0x3, 0xff, 0x8e, 0xe0, 0x4e, 0x1, 0xff, 0xc7,
    0x40, 0x2, 0x0, 0x7f, 0xf1, 0xef, 0x38, 0x80,
    0x3f, 0xf8, 0x0,

    /* U+1EF1 "ự" */
    0x0, 0xff, 0xe2, 0x3c, 0x8, 0x7, 0xff, 0x12,
    0x1c, 0xb7, 0xfc, 0x1, 0xf3, 0xff, 0x9c, 0x8,
    0x0, 0x60, 0x1f, 0xfc, 0x22, 0x80, 0x40, 0xf,
    0xfe, 0x14, 0x6a, 0x8c, 0x80, 0x7f, 0xf0, 0x89,
    0x63, 0xc8, 0x3, 0xff, 0x85, 0x54, 0x71, 0x0,
    0xff, 0xff, 0x80, 0x7f, 0xf8, 0x4, 0x3, 0xff,
    0x86, 0xc0, 0x5, 0x0, 0xf7, 0x0, 0x7e, 0xc0,
    0x7, 0x80, 0x73, 0x30, 0x3, 0xf3, 0x0, 0x13,
    0x5d, 0xd1, 0xb2, 0x1, 0xfc, 0x34, 0x0, 0x28,
    0x83, 0x90, 0x28, 0x7, 0xf2, 0xe2, 0x88, 0x0,
    0x9f, 0xbc, 0x3, 0xfc, 0x75, 0xdf, 0xed, 0x81,
    0x5f, 0xf3, 0x80, 0x7f, 0xc6, 0x20, 0x1f, 0xfc,
    0x4b, 0xce, 0x20, 0xf, 0xfe, 0x1a, 0x0, 0x10,
    0x3, 0xff, 0x86, 0xe0, 0x6e, 0x1, 0xfe,

    /* U+1EF2 "Ỳ" */
    0x0, 0xe7, 0x88, 0x18, 0x7, 0xff, 0xc, 0x9d,
    0xda, 0x20, 0x1f, 0xfc, 0x25, 0x90, 0x1b, 0x0,
    0xff, 0xe1, 0xb3, 0x82, 0xa0, 0x7, 0xff, 0xe,
    0x14, 0x28, 0x40, 0x3f, 0xf8, 0x75, 0xfc, 0x20,
    0x1f, 0xfc, 0xe7, 0xff, 0x70, 0x7, 0xfd, 0x9f,
    0xea, 0x71, 0x1, 0x70, 0xf, 0xe4, 0x30, 0x5,
    0x85, 0x80, 0x20, 0x40, 0x3f, 0x48, 0x1, 0xc4,
    0x14, 0xc0, 0x12, 0x1, 0xf2, 0x90, 0xc, 0x0,
    0x5e, 0x0, 0x71, 0x0, 0xf4, 0x0, 0x20, 0x3,
    0x1a, 0x80, 0x2c, 0x3, 0x98, 0x80, 0xd8, 0x3,
    0xac, 0x0, 0xa4, 0x1, 0xa0, 0x1, 0xe0, 0x1e,
    0x18, 0x0, 0x48, 0x5, 0x2, 0xa, 0x60, 0x1f,
    0x38, 0x82, 0x18, 0xb, 0x80, 0x20, 0x3, 0xfa,
    0xc0, 0x1e, 0x10, 0x0, 0x72, 0x0, 0xfe, 0x53,
    0x3, 0x76, 0x1, 0x80, 0xf, 0xfb, 0xc0, 0x10,
    0x0, 0x80, 0xf, 0xfe, 0x1, 0xa8, 0x4, 0x4c,
    0x1, 0xff, 0xc1, 0xb0, 0xa, 0x40, 0x3f, 0xf8,
    0x42, 0x20, 0x2, 0x80, 0x7f, 0xff, 0xc0, 0x3f,
    0xfe, 0xa0,

    /* U+1EF3 "ỳ" */
    0x0, 0x9b, 0xfd, 0xc2, 0x1, 0xfe, 0x69, 0x1,
    0xa0, 0xf, 0xf9, 0xa8, 0x12, 0x0, 0x3f, 0xe5,
    0xa1, 0x63, 0x0, 0xff, 0x97, 0xb8, 0x60, 0x1f,
    0xfc, 0x87, 0xff, 0x50, 0x7, 0xd1, 0xfe, 0x96,
    0x0, 0x28, 0x7, 0xca, 0x0, 0xa1, 0x40, 0x2,
    0x80, 0x71, 0x10, 0x8, 0xc3, 0x80, 0x1c, 0x1,
    0xca, 0x0, 0xa0, 0x2, 0x80, 0x10, 0x40, 0x35,
    0x80, 0x14, 0x2, 0x60, 0x3, 0x80, 0x42, 0x60,
    0x64, 0x1, 0x50, 0x2, 0x80, 0x27, 0x0, 0x50,
    0x6, 0x32, 0x3, 0x10, 0x5, 0x0, 0x1c, 0x3,
    0xa8, 0x0, 0xc0, 0x26, 0x8, 0x20, 0x1c, 0xc0,
    0xb, 0x7, 0x0, 0x70, 0x7, 0x85, 0x0, 0xcb,
    0x40, 0xa, 0x1, 0xf7, 0x0, 0x29, 0x1, 0x40,
    0x3f, 0x28, 0x1, 0xc0, 0x1c, 0x1, 0xfc, 0xa0,
    0x10, 0xa0, 0x7, 0xf7, 0x0, 0x4c, 0x1, 0xfe,
    0x41, 0x0, 0x58, 0x7, 0xfc, 0x40, 0x46, 0x1,
    0xfe, 0x23, 0xa, 0x0, 0xff, 0xa8, 0x0, 0xa0,
    0x1f, 0xe3, 0x70, 0x42, 0x0, 0xf9, 0x62, 0xb0,
    0x1, 0x0, 0x1f, 0xbd, 0xd4, 0x1, 0x26, 0x1,
    0xf8, 0xc0, 0x7, 0x6c, 0x1, 0xf8,

    /* U+1EF4 "Ỵ" */
    0x7f, 0xf7, 0x0, 0x7f, 0xd9, 0xfe, 0xa7, 0x10,
    0x17, 0x0, 0xfe, 0x43, 0x0, 0x58, 0x58, 0x2,
    0x4, 0x3, 0xf4, 0x80, 0x1c, 0x41, 0x4c, 0x1,
    0x20, 0x1f, 0x29, 0x0, 0xc0, 0x5, 0xe0, 0x7,
    0x10, 0xf, 0x40, 0x2, 0x0, 0x31, 0xa8, 0x2,
    0xc0, 0x39, 0x88, 0xd, 0x80, 0x3a, 0xc0, 0xa,
    0x40, 0x1a, 0x0, 0x1e, 0x1, 0xe1, 0x80, 0x4,
    0x80, 0x50, 0x20, 0xa6, 0x1, 0xf3, 0x88, 0x21,
    0x80, 0xb8, 0x2, 0x0, 0x3f, 0xac, 0x1, 0xe1,
    0x0, 0x7, 0x20, 0xf, 0xe5, 0x30, 0x37, 0x60,
    0x18, 0x0, 0xff, 0xbc, 0x1, 0x0, 0x8, 0x0,
    0xff, 0xe0, 0x1a, 0x80, 0x44, 0xc0, 0x1f, 0xfc,
    0x1b, 0x0, 0xa4, 0x3, 0xff, 0x84, 0x22, 0x0,
    0x28, 0x7, 0xff, 0xfc, 0x3, 0xff, 0xfb, 0xdf,
    0xe1, 0x0, 0xff, 0xeb, 0x57, 0xd8, 0x7, 0xff,
    0xc, 0x94, 0x10, 0xc0, 0x3f, 0xf8, 0x44, 0x20,
    0x26, 0x1, 0xff, 0xc3, 0xfc, 0xf0, 0xf, 0xc0,

    /* U+1EF5 "ỵ" */
    0x7f, 0xf5, 0x0, 0x7d, 0x1f, 0xe9, 0x60, 0x2,
    0x80, 0x7c, 0xa0, 0xa, 0x14, 0x0, 0x28, 0x7,
    0x11, 0x0, 0x8c, 0x38, 0x1, 0xc0, 0x1c, 0xa0,
    0xa, 0x0, 0x28, 0x1, 0x4, 0x3, 0x58, 0x1,
    0x40, 0x26, 0x0, 0x38, 0x4, 0x26, 0x6, 0x40,
    0x15, 0x0, 0x28, 0x2, 0x70, 0x5, 0x0, 0x63,
    0x20, 0x31, 0x0, 0x50, 0x1, 0xc0, 0x3a, 0x80,
    0xc, 0x2, 0x60, 0x82, 0x1, 0xcc, 0x0, 0xb0,
    0x70, 0x7, 0x0, 0x78, 0x50, 0xc, 0xb4, 0x0,
    0xa0, 0x1f, 0x70, 0x2, 0x90, 0x14, 0x3, 0xf2,
    0x80, 0x1c, 0x1, 0xc0, 0x1f, 0xca, 0x1, 0xa,
    0x0, 0x7f, 0x70, 0x4, 0xc0, 0x1f, 0xe4, 0x10,
    0x5, 0x80, 0x7f, 0xc4, 0x4, 0x60, 0x1f, 0xe2,
    0x30, 0xa0, 0xf, 0xfa, 0x80, 0xa, 0x1, 0xfe,
    0x37, 0x4, 0x20, 0xf, 0x96, 0x2b, 0x0, 0x10,
    0x0, 0x23, 0x0, 0xde, 0xea, 0x0, 0x93, 0x6,
    0xdc, 0x70, 0x8, 0xc0, 0x7, 0x6c, 0x0, 0xc0,
    0x6, 0x0, 0x53, 0xfe, 0xc4, 0x0, 0xa4, 0x45,
    0xe0, 0x0,

    /* U+1EF6 "Ỷ" */
    0x0, 0xfc, 0xb2, 0xc2, 0x1, 0xff, 0xc3, 0xf6,
    0x9e, 0x50, 0xf, 0xfe, 0x15, 0x73, 0x5, 0x0,
    0x7f, 0xf0, 0xc6, 0xc0, 0x4, 0x1, 0xff, 0xc1,
    0x26, 0xe0, 0x12, 0x0, 0xff, 0xe0, 0xbc, 0x9a,
    0x60, 0x7, 0xff, 0x10, 0xec, 0x80, 0x3f, 0xf8,
    0x4b, 0xf8, 0x1, 0xff, 0xcf, 0x7f, 0xf7, 0x0,
    0x7f, 0xd9, 0xfe, 0xa7, 0x10, 0x17, 0x0, 0xfe,
    0x43, 0x0, 0x58, 0x58, 0x2, 0x4, 0x3, 0xf4,
    0x80, 0x1c, 0x41, 0x4c, 0x1, 0x20, 0x1f, 0x29,
    0x0, 0xc0, 0x5, 0xe0, 0x7, 0x10, 0xf, 0x40,
    0x2, 0x0, 0x31, 0xa8, 0x2, 0xc0, 0x39, 0x88,
    0xd, 0x80, 0x3a, 0xc0, 0xa, 0x40, 0x1a, 0x0,
    0x1e, 0x1, 0xe1, 0x80, 0x4, 0x80, 0x50, 0x20,
    0xa6, 0x1, 0xf3, 0x88, 0x21, 0x80, 0xb8, 0x2,
    0x0, 0x3f, 0xac, 0x1, 0xe1, 0x0, 0x7, 0x20,
    0xf, 0xe5, 0x30, 0x37, 0x60, 0x18, 0x0, 0xff,
    0xbc, 0x1, 0x0, 0x8, 0x0, 0xff, 0xe0, 0x1a,
    0x80, 0x44, 0xc0, 0x1f, 0xfc, 0x1b, 0x0, 0xa4,
    0x3, 0xff, 0x84, 0x22, 0x0, 0x28, 0x7, 0xff,
    0xfc, 0x3, 0xff, 0xea,

    /* U+1EF7 "ỷ" */
    0x0, 0xf1, 0xcb, 0x90, 0x7, 0xfc, 0xcc, 0x8d,
    0x90, 0xf, 0xf2, 0xf4, 0x83, 0x20, 0x7, 0xf8,
    0x58, 0x80, 0xc0, 0x3f, 0xcd, 0x24, 0x8, 0x1,
    0xfc, 0x32, 0xc5, 0x46, 0x1, 0xfc, 0x20, 0xd,
    0x50, 0xf, 0xfb, 0xfc, 0x1, 0xff, 0xd8, 0x7f,
    0xf5, 0x0, 0x7d, 0x1f, 0xe9, 0x60, 0x2, 0x80,
    0x7c, 0xa0, 0xa, 0x14, 0x0, 0x28, 0x7, 0x11,
    0x0, 0x8c, 0x38, 0x1, 0xc0, 0x1c, 0xa0, 0xa,
    0x0, 0x28, 0x1, 0x4, 0x3, 0x58, 0x1, 0x40,
    0x26, 0x0, 0x38, 0x4, 0x26, 0x6, 0x40, 0x15,
    0x0, 0x28, 0x2, 0x70, 0x5, 0x0, 0x63, 0x20,
    0x31, 0x0, 0x50, 0x1, 0xc0, 0x3a, 0x80, 0xc,
    0x2, 0x60, 0x82, 0x1, 0xcc, 0x0, 0xb0, 0x70,
    0x7, 0x0, 0x78, 0x50, 0xc, 0xb4, 0x0, 0xa0,
    0x1f, 0x70, 0x2, 0x90, 0x14, 0x3, 0xf2, 0x80,
    0x1c, 0x1, 0xc0, 0x1f, 0xca, 0x1, 0xa, 0x0,
    0x7f, 0x70, 0x4, 0xc0, 0x1f, 0xe4, 0x10, 0x5,
    0x80, 0x7f, 0xc4, 0x4, 0x60, 0x1f, 0xe2, 0x30,
    0xa0, 0xf, 0xfa, 0x80, 0xa, 0x1, 0xfe, 0x37,
    0x4, 0x20, 0xf, 0x96, 0x2b, 0x0, 0x10, 0x1,
    0xfb, 0xdd, 0x40, 0x12, 0x60, 0x1f, 0x8c, 0x0,
    0x76, 0xc0, 0x1f, 0x80,

    /* U+1EF8 "Ỹ" */
    0x0, 0xff, 0xe0, 0x91, 0x0, 0x3f, 0x93, 0x7f,
    0xc, 0x2, 0xfd, 0x20, 0xf, 0x8a, 0xc8, 0xf,
    0x20, 0xe0, 0x80, 0x80, 0x3e, 0x80, 0x4c, 0x91,
    0x7c, 0x70, 0x80, 0xf, 0xce, 0x12, 0x6d, 0xe8,
    0x3, 0xe, 0x1, 0xfb, 0x7c, 0x80, 0x3, 0x7f,
    0xce, 0x1, 0xff, 0xcc, 0x7f, 0xf7, 0x0, 0x7f,
    0xd9, 0xfe, 0xa7, 0x10, 0x17, 0x0, 0xfe, 0x43,
    0x0, 0x58, 0x58, 0x2, 0x4, 0x3, 0xf4, 0x80,
    0x1c, 0x41, 0x4c, 0x1, 0x20, 0x1f, 0x29, 0x0,
    0xc0, 0x5, 0xe0, 0x7, 0x10, 0xf, 0x40, 0x2,
    0x0, 0x31, 0xa8, 0x2, 0xc0, 0x39, 0x88, 0xd,
    0x80, 0x3a, 0xc0, 0xa, 0x40, 0x1a, 0x0, 0x1e,
    0x1, 0xe1, 0x80, 0x4, 0x80, 0x50, 0x20, 0xa6,
    0x1, 0xf3, 0x88, 0x21, 0x80, 0xb8, 0x2, 0x0,
    0x3f, 0xac, 0x1, 0xe1, 0x0, 0x7, 0x20, 0xf,
    0xe5, 0x30, 0x37, 0x60, 0x18, 0x0, 0xff, 0xbc,
    0x1, 0x0, 0x8, 0x0, 0xff, 0xe0, 0x1a, 0x80,
    0x44, 0xc0, 0x1f, 0xfc, 0x1b, 0x0, 0xa4, 0x3,
    0xff, 0x84, 0x22, 0x0, 0x28, 0x7, 0xff, 0xfc,
    0x3, 0xff, 0xea,

    /* U+1EF9 "ỹ" */
    0x0, 0xff, 0x84, 0x80, 0x38, 0xf3, 0xfd, 0x6c,
    0x69, 0x9a, 0xc0, 0x11, 0x61, 0x80, 0x12, 0x72,
    0xc8, 0x5c, 0x2, 0xa0, 0x4c, 0xc4, 0x18, 0x1,
    0x34, 0x40, 0x28, 0xfb, 0x33, 0x3e, 0x7f, 0xac,
    0xc0, 0x3f, 0xfa, 0x8f, 0xfe, 0xa0, 0xf, 0xa3,
    0xfd, 0x2c, 0x0, 0x50, 0xf, 0x94, 0x1, 0x42,
    0x80, 0x5, 0x0, 0xe2, 0x20, 0x11, 0x87, 0x0,
    0x38, 0x3, 0x94, 0x1, 0x40, 0x5, 0x0, 0x20,
    0x80, 0x6b, 0x0, 0x28, 0x4, 0xc0, 0x7, 0x0,
    0x84, 0xc0, 0xc8, 0x2, 0xa0, 0x5, 0x0, 0x4e,
    0x0, 0xa0, 0xc, 0x64, 0x6, 0x20, 0xa, 0x0,
    0x38, 0x7, 0x50, 0x1, 0x80, 0x4c, 0x10, 0x40,
    0x39, 0x80, 0x16, 0xe, 0x0, 0xe0, 0xf, 0xa,
    0x1, 0x96, 0x80, 0x14, 0x3, 0xee, 0x0, 0x52,
    0x2, 0x80, 0x7e, 0x50, 0x3, 0x80, 0x38, 0x3,
    0xf9, 0x40, 0x21, 0x40, 0xf, 0xee, 0x0, 0x98,
    0x3, 0xfc, 0x82, 0x0, 0xb0, 0xf, 0xf8, 0x80,
    0x8c, 0x3, 0xfc, 0x46, 0x14, 0x1, 0xff, 0x50,
    0x1, 0x40, 0x3f, 0xc6, 0xe0, 0x84, 0x1, 0xf2,
    0xc5, 0x60, 0x2, 0x0, 0x3f, 0x7b, 0xa8, 0x2,
    0x4c, 0x3, 0xf1, 0x80, 0xe, 0xd8, 0x3, 0xf0,

    /* U+1F4D "Ὅ" */
    0x18, 0x81, 0x80, 0x4d, 0x10, 0x20, 0xf, 0xfe,
    0x31, 0xbb, 0x90, 0x0, 0x32, 0xee, 0x60, 0xf,
    0xfe, 0x31, 0x80, 0x3c, 0x0, 0xe0, 0x2, 0x40,
    0xc, 0xb5, 0xbf, 0xee, 0xb6, 0x0, 0xf0, 0x80,
    0x4, 0x1, 0xa0, 0xe, 0x0, 0x8f, 0x69, 0x48,
    0x0, 0x29, 0x3c, 0xa0, 0x1c, 0xc0, 0x80, 0x4,
    0x8, 0x30, 0x2, 0x61, 0x0, 0x11, 0x9d, 0x40,
    0x3, 0x4e, 0x1, 0xa0, 0x49, 0x50, 0x11, 0xc0,
    0x5, 0x60, 0x4, 0xeb, 0x98, 0xaf, 0x70, 0x4,
    0x28, 0x4, 0x3a, 0x26, 0x75, 0x0, 0x52, 0x0,
    0x5b, 0x10, 0xe, 0x89, 0x0, 0x58, 0x6, 0x3e,
    0x67, 0xc1, 0x0, 0x12, 0x0, 0xd0, 0x7, 0xe6,
    0x40, 0x16, 0x0, 0xff, 0xa8, 0x0, 0xc0, 0x1f,
    0xef, 0x0, 0x68, 0x7, 0xfc, 0x80, 0xb, 0x0,
    0xff, 0x20, 0x1, 0x0, 0x3f, 0xe2, 0x0, 0x18,
    0x7, 0xfc, 0x40, 0x2, 0x0, 0xff, 0x8, 0x7,
    0xff, 0x8, 0x40, 0x2, 0x1, 0xff, 0xcd, 0x70,
    0x3, 0x80, 0x7f, 0xfa, 0x9c, 0x0, 0xe0, 0x1f,
    0xe1, 0x0, 0x8, 0x7, 0xfc, 0x20, 0x1, 0x0,
    0xff, 0x10, 0x1, 0x40, 0x3f, 0xe2, 0x0, 0x10,
    0x7, 0xf9, 0x0, 0x18, 0x1, 0xfe, 0x40, 0x1,
    0x80, 0x7f, 0xd4, 0x0, 0x61, 0x0, 0xfe, 0xf0,
    0x5, 0x0, 0x7f, 0xc4, 0x80, 0x36, 0x1, 0xf9,
    0x90, 0x5, 0x80, 0x3f, 0xf8, 0x12, 0x0, 0x5b,
    0x10, 0xe, 0x79, 0x0, 0x58, 0x7, 0xff, 0x4,
    0xac, 0x0, 0x9d, 0x71, 0xa, 0xe8, 0x0, 0x42,
    0x80, 0x7f, 0xf0, 0x93, 0x4c, 0x0, 0x8e, 0xe5,
    0x10, 0x1a, 0x70, 0xf, 0xfe, 0x21, 0x65, 0xa9,
    0x0, 0x5, 0x27, 0x94, 0x3, 0x0,

    /* U+2000 " " */

    /* U+2001 " " */

    /* U+2002 " " */

    /* U+2003 " " */

    /* U+2004 " " */

    /* U+2005 " " */

    /* U+2006 " " */

    /* U+2007 " " */

    /* U+2008 " " */

    /* U+2009 " " */

    /* U+200A " " */

    /* U+200B "​" */

    /* U+2010 "‐" */
    0x25, 0x5f, 0x85, 0x2a, 0xbe, 0x20, 0xf, 0xe0,

    /* U+2011 "‑" */
    0x25, 0x5f, 0x85, 0x2a, 0xbe, 0x20, 0xf, 0xe0,

    /* U+2013 "–" */
    0x25, 0x5f, 0xfe, 0x18, 0xad, 0x57, 0xff, 0xc,
    0x80, 0x3f, 0xf8, 0xa0,

    /* U+2014 "—" */
    0x45, 0x5f, 0xfe, 0x40, 0x45, 0x57, 0xff, 0x20,
    0x80, 0x3f, 0xf9, 0x40,

    /* U+2015 "―" */
    0x45, 0x5f, 0xfe, 0x40, 0x45, 0x57, 0xff, 0x20,
    0x80, 0x3f, 0xf9, 0x40,

    /* U+2017 "‗" */
    0x45, 0x5f, 0xfe, 0x9, 0x45, 0x57, 0xff, 0x8,
    0x3, 0xff, 0x87, 0x9f, 0xff, 0xfc, 0x18, 0x45,
    0x5f, 0xfe, 0x9, 0x45, 0x57, 0xff, 0x8, 0x3,
    0xff, 0x86,

    /* U+2018 "‘" */
    0x0, 0x8c, 0x2, 0xbc, 0x80, 0x64, 0xd, 0x8,
    0x2, 0x54, 0x10, 0x50, 0x30, 0x7, 0x0, 0x7f,
    0xc0,

    /* U+2019 "’" */
    0x0, 0x67, 0xf8, 0x80, 0x3f, 0xe3, 0x0, 0x10,
    0x8, 0x80, 0xc4, 0x1c, 0x1, 0x20, 0xb, 0x1,
    0x40, 0x92, 0x1, 0xea, 0x60, 0x0,

    /* U+201A "‚" */
    0x0, 0x7f, 0xc0, 0x18, 0x40, 0x31, 0x81, 0x80,
    0x1c, 0x2c, 0x1, 0x22, 0xe0, 0xa6, 0x8, 0x56,
    0x3, 0x7a, 0x20,

    /* U+201B "‛" */
    0xcf, 0xf0, 0x80, 0x79, 0xc0, 0x6, 0x6, 0x0,
    0x60, 0xb0, 0x6, 0x81, 0xa0, 0x30, 0x85, 0x8,
    0x20, 0xe, 0x61, 0x40,

    /* U+201C "“" */
    0x0, 0x90, 0x3, 0x18, 0x5, 0x37, 0x40, 0xa,
    0xc8, 0x4, 0x60, 0xd0, 0x55, 0x7, 0x4, 0x0,
    0x1c, 0x20, 0x5, 0x88, 0xc1, 0x40, 0xc8, 0x1c,
    0x1c, 0x0, 0x40, 0xa0, 0xe, 0x0, 0xf0, 0x80,
    0x4, 0x3, 0xfe,

    /* U+201D "”" */
    0x0, 0x4f, 0xf9, 0x43, 0x3f, 0xc2, 0x1, 0xff,
    0xc4, 0x10, 0xf, 0x88, 0x0, 0xa0, 0x40, 0x22,
    0x0, 0x20, 0x18, 0x98, 0x83, 0x80, 0x1c, 0x1,
    0x1, 0x0, 0x8, 0x0, 0x58, 0x32, 0xa, 0x84,
    0x88, 0x3, 0x2a, 0x40, 0x7a, 0x98, 0x0,

    /* U+201E "„" */
    0x0, 0x7f, 0xc0, 0xbf, 0xe9, 0x0, 0xff, 0xe1,
    0x8, 0x6, 0x10, 0xc, 0x60, 0x60, 0xf, 0x2,
    0x0, 0x38, 0x70, 0x0, 0xc1, 0x40, 0x1c, 0xa,
    0x2, 0x81, 0x20, 0x68, 0xa4, 0x10, 0x4, 0x0,
    0xe0, 0x20, 0x46, 0x2, 0xfc, 0x20, 0x7c, 0xb0,
    0x0,

    /* U+2020 "†" */
    0x0, 0xf5, 0x7f, 0x90, 0x3, 0xff, 0xf5, 0xdf,
    0xfc, 0xa0, 0xb, 0xff, 0xe9, 0x0, 0xff, 0xe2,
    0x5d, 0x57, 0x18, 0x1, 0xea, 0xbc, 0xab, 0xe6,
    0x0, 0x62, 0xaf, 0x18, 0x7, 0xff, 0xfc, 0x3,
    0xff, 0xfe, 0x1, 0xff, 0xee,

    /* U+2021 "‡" */
    0x0, 0xf3, 0x7f, 0x9c, 0x3, 0xff, 0xf5, 0x5f,
    0xfd, 0x20, 0x8, 0xff, 0xed, 0x0, 0xff, 0xe2,
    0x4d, 0x57, 0x28, 0x1, 0x6a, 0xba, 0x4d, 0x57,
    0xb0, 0x1, 0xaa, 0xbc, 0x80, 0x1f, 0xff, 0xf0,
    0xf, 0xff, 0xf8, 0x7, 0xf8, 0xd5, 0x7b, 0x0,
    0x1a, 0xab, 0xc9, 0x35, 0x5c, 0xa0, 0x5, 0xaa,
    0xe9, 0x0, 0xff, 0xe2, 0x57, 0xff, 0x48, 0x2,
    0x3f, 0xfb, 0x40, 0x3f, 0xff, 0xe0, 0x1c,

    /* U+2022 "•" */
    0x3, 0x9b, 0x81, 0x4, 0xc6, 0x47, 0xf1, 0xf0,
    0xc, 0x2e, 0xc0, 0x1d, 0xc2, 0x1, 0xdf, 0x40,
    0x1c, 0xad, 0x2, 0x5, 0x64,

    /* U+2025 "‥" */
    0x5, 0x50, 0x7, 0x2a, 0x81, 0xea, 0x96, 0x1,
    0x55, 0x51, 0xa0, 0x6, 0x0, 0x9c, 0x0, 0x72,
    0x21, 0x60, 0x14, 0x0, 0xf8,

    /* U+2026 "…" */
    0x5, 0x50, 0x7, 0x2a, 0x80, 0x31, 0xb1, 0x3,
    0xd5, 0x2c, 0x2, 0xaa, 0xa0, 0x0, 0x59, 0x3a,
    0x3a, 0x0, 0x60, 0x9, 0xc0, 0x6, 0x0, 0x70,
    0x8, 0xe4, 0x42, 0xc0, 0x28, 0x1, 0xf0, 0x2,
    0x98, 0x29, 0x0,

    /* U+2027 "‧" */
    0x3, 0x30, 0x3e, 0x61, 0xf0, 0x1, 0xbe, 0x22,
    0xe0,

    /* U+2030 "‰" */
    0x1, 0x9e, 0xff, 0x5a, 0x0, 0x7f, 0xf2, 0x47,
    0xd8, 0x48, 0x52, 0xdc, 0x3, 0xff, 0x91, 0x62,
    0x5d, 0xbd, 0x1, 0x2, 0x1, 0xcc, 0x1, 0xff,
    0xc1, 0x40, 0x81, 0x0, 0x39, 0x2, 0x0, 0x69,
    0x98, 0x3, 0xff, 0x80, 0x20, 0xc0, 0x18, 0x40,
    0xc0, 0x24, 0x60, 0x80, 0xf, 0xfe, 0x0, 0x83,
    0x0, 0x61, 0x3, 0x0, 0xa8, 0x24, 0x40, 0x3f,
    0xf8, 0xe, 0x10, 0x20, 0x7, 0x20, 0x40, 0x4,
    0x8a, 0x30, 0x7, 0xff, 0x6, 0x8, 0x9d, 0xbd,
    0x1, 0x2, 0x8, 0xc1, 0x40, 0x1f, 0xfc, 0x21,
    0xc7, 0x22, 0xa, 0x5b, 0x80, 0x28, 0x24, 0x40,
    0x3f, 0xf8, 0x63, 0x1b, 0xfe, 0xb4, 0x0, 0x48,
    0xa3, 0x0, 0x7f, 0xf3, 0x11, 0x86, 0x80, 0x3f,
    0xf9, 0x83, 0x41, 0x62, 0xd, 0x9b, 0x6c, 0x0,
    0x4b, 0xdc, 0x81, 0x0, 0xff, 0x58, 0xa2, 0x86,
    0x49, 0x92, 0x4d, 0x35, 0xa1, 0x1b, 0xf9, 0x0,
    0x7e, 0x55, 0xd, 0x4, 0x18, 0xe7, 0xe1, 0x2c,
    0x85, 0x7e, 0x98, 0xf0, 0x7, 0xc3, 0x61, 0x62,
    0xc, 0x16, 0x60, 0x72, 0x0, 0x85, 0x2, 0xd0,
    0x32, 0x0, 0xf5, 0x8a, 0x28, 0x8, 0x81, 0x0,
    0x24, 0x0, 0x20, 0x4, 0x24, 0xe, 0x1, 0xca,
    0xa1, 0xa0, 0x1, 0x80, 0x4, 0x3, 0xff, 0x8c,
    0x36, 0x16, 0x20, 0x3, 0x0, 0xff, 0xe4, 0xd8,
    0xaa, 0x80, 0x21, 0x0, 0x20, 0x4, 0x60, 0x5,
    0x0, 0x84, 0x81, 0x80, 0x34, 0x25, 0x80, 0x73,
    0x4, 0x88, 0xf, 0x80, 0x20, 0xc0, 0x16, 0x4,
    0x60, 0x18, 0xac, 0x40, 0x3a, 0x8, 0x9d, 0xd1,
    0x99, 0x87, 0x3b, 0xd4, 0x38, 0x3, 0xff, 0x82,
    0x38, 0xc2, 0x33, 0xe4, 0xc8, 0x84, 0x4b, 0xa6,
    0x0,

    /* U+2032 "′" */
    0x5f, 0xf0, 0x7, 0x8, 0x0, 0xc0, 0x2, 0x60,
    0xe0, 0x12, 0x54, 0x0,

    /* U+2033 "″" */
    0xdf, 0x50, 0xaf, 0x90, 0xf, 0xe1, 0x0, 0x84,
    0x0, 0xe0, 0x17, 0x80, 0x4, 0x2, 0x20, 0x1,
    0x0, 0x42, 0x1, 0xe7, 0x57, 0x0, 0x63, 0x10,

    /* U+2039 "‹" */
    0x0, 0xe3, 0x41, 0x0, 0xc9, 0x94, 0x1, 0x8a,
    0xc2, 0xc4, 0x2, 0xe0, 0x45, 0x0, 0xa4, 0xc6,
    0x80, 0x26, 0x60, 0x40, 0x80, 0xa, 0x41, 0x18,
    0x2, 0x32, 0x6, 0x0, 0xc3, 0xc0, 0x52, 0x1,
    0x8e, 0x41, 0x8c, 0x3, 0x32, 0x87, 0x0, 0x75,
    0x11, 0x20, 0x3, 0xbc, 0x1c, 0xc0,

    /* U+203A "›" */
    0x24, 0x30, 0xf, 0x5e, 0x18, 0x6, 0x29, 0xd,
    0x10, 0xc, 0xc6, 0x3a, 0x1, 0xdc, 0x7, 0x0,
    0x18, 0xa0, 0x1d, 0x0, 0x33, 0x98, 0x50, 0x80,
    0x42, 0x40, 0x62, 0x1, 0x58, 0x87, 0x80, 0x48,
    0xa1, 0x44, 0x1, 0x50, 0x3a, 0x80, 0x52, 0x27,
    0x0, 0x12, 0x30, 0xe8, 0x6,

    /* U+203C "‼" */
    0x6f, 0xf5, 0x0, 0x62, 0xff, 0x70, 0x18, 0x0,
    0xc0, 0x31, 0x80, 0xc, 0x3, 0xff, 0xd2, 0x20,
    0x1, 0x0, 0xc2, 0x0, 0x10, 0xf, 0xff, 0x4b,
    0x80, 0x3c, 0x3, 0xe7, 0x0, 0xff, 0xee, 0x8,
    0x7, 0xe1, 0x0, 0x8b, 0xb8, 0xe0, 0x1d, 0xfd,
    0x40, 0x1, 0x10, 0x7, 0x84, 0x60, 0x1, 0x18,
    0x7, 0x84, 0xc0, 0x7, 0xb9, 0x40, 0x1d, 0xf9,
    0xc0, 0x80, 0x4, 0x0, 0xc6, 0x20, 0x24, 0xa4,
    0x12, 0x1, 0x8d, 0x1, 0x48,

    /* U+2044 "⁄" */
    0x0, 0xff, 0xe0, 0x8, 0x7, 0xff, 0x1, 0xfd,
    0x0, 0x3f, 0xc3, 0x2, 0xe0, 0x1f, 0xea, 0x7,
    0x30, 0xf, 0xe5, 0x41, 0x80, 0xf, 0xe1, 0xb0,
    0xa0, 0xf, 0xf4, 0xa, 0xa0, 0x7, 0xf2, 0x30,
    0xd8, 0x7, 0xfa, 0x42, 0x4, 0x3, 0xfa, 0x9,
    0x18, 0x3, 0xf8, 0x9c, 0x24, 0x3, 0xfd, 0xc1,
    0x4, 0x1, 0xfc, 0xc6, 0x4e, 0x1, 0xfc, 0x32,
    0x1c, 0x1, 0xfe, 0xb0, 0x63, 0x0, 0xfe, 0x55,
    0xc, 0x80, 0x7f, 0xac, 0x2c, 0x3, 0xfd, 0x22,
    0x8a, 0x1, 0xff, 0xc0, 0xa0, 0xf, 0xfa, 0x78,
    0x40, 0x3f, 0xc0,

    /* U+2070 "⁰" */
    0x0, 0x36, 0xff, 0xad, 0x0, 0x29, 0x91, 0x0,
    0x12, 0xd4, 0xd, 0x81, 0xbb, 0x4c, 0x2c, 0x2c,
    0x6, 0x44, 0xbc, 0x5, 0xc, 0x8, 0x2, 0x30,
    0x1, 0x0, 0x1c, 0x3, 0xc2, 0x1, 0xff, 0xc8,
    0x10, 0x70, 0xf, 0x9, 0x1, 0x0, 0x46, 0x0,
    0x2b, 0x1, 0x90, 0x1f, 0x1, 0x43, 0x60, 0x6f,
    0xe3, 0xb, 0x0, 0x4c, 0x88, 0x0, 0x96, 0xa0,

    /* U+2074 "⁴" */
    0x0, 0xf4, 0xff, 0x90, 0x3, 0xc8, 0xc0, 0x1f,
    0x86, 0x80, 0x3f, 0xa8, 0x48, 0x3, 0xe6, 0x41,
    0x90, 0xf, 0x14, 0x86, 0xb8, 0x7, 0xb8, 0x20,
    0xc0, 0x3d, 0x6, 0x8e, 0x1, 0xe1, 0x70, 0x4f,
    0xf6, 0x0, 0x2f, 0xc0, 0x3f, 0xe1, 0xff, 0xec,
    0x0, 0x5f, 0x80, 0x7f, 0xf2, 0x80,

    /* U+2075 "⁵" */
    0x8, 0xff, 0xf8, 0x0, 0x40, 0x1f, 0xc2, 0xf,
    0xff, 0xc0, 0x6, 0xe, 0x0, 0xf8, 0x80, 0x80,
    0x3c, 0x20, 0x8, 0xef, 0xe9, 0x10, 0x30, 0x1,
    0x98, 0x44, 0xd8, 0x5, 0x93, 0xdb, 0xd2, 0x4,
    0xc0, 0x6c, 0x20, 0x6, 0x10, 0xf3, 0x76, 0x0,
    0xf9, 0xa2, 0x58, 0x1, 0x2, 0x1a, 0xa8, 0x13,
    0xfe, 0x70, 0x44, 0x5, 0xc9, 0x80, 0xa, 0x2c,
    0x0,

    /* U+2076 "⁶" */
    0x0, 0x8a, 0x77, 0xe8, 0x3, 0x3e, 0xb1, 0x0,
    0x73, 0x40, 0x25, 0xf5, 0x0, 0x50, 0xb, 0x68,
    0x20, 0x12, 0x88, 0x58, 0x7, 0xb4, 0x9, 0x37,
    0xfa, 0x88, 0x8, 0xa, 0x88, 0x5, 0x70, 0x40,
    0x28, 0xef, 0x80, 0x16, 0x0, 0x13, 0x88, 0x39,
    0x6, 0xe8, 0x8, 0x3, 0xe5, 0x0, 0x50, 0x84,
    0x10, 0x79, 0x40, 0x2f, 0x7b, 0x82, 0x28, 0x3d,
    0x18, 0x0, 0xa2, 0xc0,

    /* U+2077 "⁷" */
    0x1f, 0xff, 0xe9, 0x0, 0xff, 0x8, 0xbf, 0xfd,
    0x60, 0x9, 0x0, 0xfb, 0xc1, 0x84, 0x3, 0xc6,
    0x81, 0x60, 0x1f, 0x40, 0x29, 0x0, 0x78, 0xd0,
    0x24, 0x3, 0xe8, 0x4, 0x30, 0xf, 0x1a, 0x7,
    0x80, 0x7d, 0x0, 0x68, 0x1, 0xe3, 0x40, 0x80,
    0xf, 0xa0, 0x9, 0x0, 0x3c, 0x68, 0x10, 0x1,
    0xc0,

    /* U+2078 "⁸" */
    0x0, 0x46, 0xff, 0xb1, 0x40, 0x2c, 0x72, 0x0,
    0x1d, 0x38, 0x21, 0x83, 0xff, 0x18, 0x40, 0x18,
    0x2, 0x0, 0x64, 0x0, 0x46, 0x0, 0x30, 0x1,
    0x0, 0xd, 0xc, 0x36, 0x26, 0x1, 0xc4, 0x34,
    0x44, 0xec, 0x9, 0x0, 0x3e, 0x24, 0xcc, 0x4,
    0xb0, 0x81, 0x16, 0xcc, 0xb0, 0x11, 0x48, 0x14,
    0x2, 0x30, 0x1, 0x10, 0x11, 0x80, 0x64, 0x0,
    0x56, 0x21, 0x3f, 0xcc, 0x6, 0xa5, 0xec, 0x40,
    0x2, 0x8c, 0x0,

    /* U+2079 "⁹" */
    0x0, 0x3e, 0xff, 0xac, 0xc0, 0x2b, 0x82, 0x0,
    0x26, 0x18, 0x32, 0x3, 0xfe, 0x90, 0x78, 0x68,
    0x1c, 0x1, 0x48, 0x19, 0x30, 0x28, 0x4, 0xa0,
    0x6, 0x10, 0x50, 0x8, 0xc0, 0x2, 0x80, 0x6c,
    0x3, 0x20, 0x14, 0x88, 0x4f, 0xf2, 0x0, 0x18,
    0x7d, 0x88, 0x56, 0x0, 0x6, 0x3, 0x3b, 0xd5,
    0x80, 0x80, 0x1c, 0x76, 0x81, 0x0, 0x15, 0xfe,
    0x20, 0x51, 0x80, 0x71, 0x3f, 0x28, 0x0,

    /* U+207A "⁺" */
    0x0, 0xd3, 0xee, 0x1, 0xff, 0xd9, 0xcf, 0xf9,
    0x82, 0x3f, 0xea, 0x0, 0xff, 0xb3, 0xfe, 0x60,
    0x8f, 0xfa, 0x80, 0x3f, 0xfc, 0x0,

    /* U+207B "⁻" */
    0x0, 0xff, 0x67, 0xff, 0xea, 0x0, 0xff, 0x0,

    /* U+207C "⁼" */
    0xcf, 0xff, 0xd4, 0x1, 0xfe, 0xcf, 0xff, 0xd4,
    0x1, 0xfe, 0xcf, 0xff, 0xd4, 0x1, 0xfe,

    /* U+207D "⁽" */
    0x0, 0xfe, 0x4e, 0x10, 0x1, 0xd8, 0xa0, 0x3,
    0x81, 0x14, 0x1c, 0x82, 0x80, 0x12, 0xa, 0x20,
    0x62, 0x1c, 0x0, 0x40, 0x2, 0x0, 0x38, 0x4,
    0x2, 0x30, 0x30, 0xf, 0xfe, 0x19, 0x1, 0x0,
    0x5a, 0x0, 0x10, 0x2, 0x0, 0x10, 0x0, 0x28,
    0x1c, 0x1, 0x40, 0x22, 0x0, 0x6, 0xc1, 0x42,
    0x0, 0x93, 0x15, 0x0, 0xb1, 0xd0,

    /* U+207E "⁾" */
    0x0, 0xf2, 0x69, 0x0, 0x5a, 0x5e, 0x20, 0x8,
    0x12, 0xb0, 0x0, 0xd8, 0x29, 0x80, 0x14, 0x82,
    0x40, 0x25, 0x5, 0x0, 0xb0, 0x0, 0x60, 0x6,
    0x0, 0x30, 0x0, 0xc0, 0x6, 0x1, 0xc2, 0x1,
    0xc2, 0x0, 0x20, 0x1, 0x80, 0x18, 0x0, 0xe0,
    0xc, 0x2, 0x20, 0x1, 0x82, 0x80, 0x10, 0x2,
    0xc0, 0x8e, 0x16, 0x21, 0x80, 0xea, 0x0, 0x98,
    0x80, 0x4,

    /* U+207F "ⁿ" */
    0x1f, 0xf0, 0x1e, 0x7f, 0xac, 0x80, 0x34, 0x61,
    0x80, 0x13, 0x4, 0x2, 0x78, 0xee, 0x28, 0xc,
    0x80, 0x48, 0xe2, 0x2a, 0x0, 0x20, 0x4, 0x40,
    0x18, 0xc0, 0x80, 0x3f, 0xff, 0xe0, 0x1f, 0xfc,
    0x10,

    /* U+2080 "₀" */
    0x0, 0x36, 0xff, 0xad, 0x0, 0x29, 0x91, 0x0,
    0x12, 0xd4, 0xd, 0x81, 0xbb, 0x4c, 0x2c, 0x2c,
    0x6, 0x44, 0xbc, 0x5, 0xc, 0x8, 0x2, 0x30,
    0x1, 0x0, 0x1c, 0x3, 0xc2, 0x1, 0xff, 0xc8,
    0x10, 0x70, 0xf, 0x9, 0x1, 0x0, 0x46, 0x0,
    0x2b, 0x1, 0x90, 0x1f, 0x1, 0x43, 0x60, 0x6f,
    0xe3, 0xb, 0x0, 0x4c, 0x88, 0x0, 0x96, 0xa0,

    /* U+2081 "₁" */
    0x0, 0xf1, 0x80, 0x4b, 0x5f, 0x1, 0x7f, 0x4a,
    0x0, 0x14, 0x2, 0x10, 0x0, 0xd7, 0x6a, 0x80,
    0x4a, 0x20, 0x1f, 0xfe, 0x90,

    /* U+2082 "₂" */
    0x1, 0x8d, 0xff, 0x62, 0x0, 0x7, 0x1c, 0x80,
    0x7, 0x6c, 0x10, 0x41, 0x5f, 0xa6, 0x10, 0xe,
    0xc, 0xa0, 0x52, 0x2, 0x5b, 0x90, 0x1, 0x10,
    0x0, 0xce, 0x10, 0x0, 0xc8, 0x18, 0x80, 0x76,
    0x88, 0x78, 0x7, 0x61, 0x85, 0x18, 0x6, 0xc3,
    0xa, 0x50, 0xd, 0x86, 0x38, 0xa0, 0x1b, 0xc,
    0xb0, 0xc0, 0x35, 0x18, 0x16, 0xff, 0xea, 0x0,
    0xff, 0x0,

    /* U+2083 "₃" */
    0x0, 0xc, 0xf7, 0xfb, 0x14, 0x2, 0x2f, 0x61,
    0x0, 0x1d, 0x38, 0x2, 0x4, 0x2f, 0xf4, 0xc2,
    0x0, 0x1a, 0xd2, 0x80, 0x50, 0x0, 0x30, 0x79,
    0x60, 0x8, 0x80, 0x4, 0x1, 0x95, 0xa2, 0x42,
    0x4, 0x3, 0x5c, 0xb8, 0x2b, 0x80, 0x75, 0xcb,
    0x8a, 0xe0, 0x7, 0x2b, 0x46, 0x81, 0xa0, 0x55,
    0xa8, 0x4, 0x40, 0x2, 0x7, 0x4b, 0x40, 0x1b,
    0x0, 0x28, 0x48, 0xd, 0xff, 0x28, 0x29, 0x82,
    0x6a, 0x88, 0x0, 0xe6, 0x80,

    /* U+2084 "₄" */
    0x0, 0xf4, 0xff, 0x90, 0x3, 0xc8, 0xc0, 0x1f,
    0x86, 0x80, 0x3f, 0xa8, 0x48, 0x3, 0xe6, 0x41,
    0x90, 0xf, 0x14, 0x86, 0xb8, 0x7, 0xb8, 0x20,
    0xc0, 0x3d, 0x6, 0x8e, 0x1, 0xe1, 0x70, 0x4f,
    0xf6, 0x0, 0x2f, 0xc0, 0x3f, 0xe1, 0xff, 0xec,
    0x0, 0x5f, 0x80, 0x7f, 0xf2, 0x80,

    /* U+2085 "₅" */
    0x8, 0xff, 0xf8, 0x0, 0x40, 0x1f, 0xc2, 0xf,
    0xff, 0xc0, 0x6, 0xe, 0x0, 0xf8, 0x80, 0x80,
    0x3c, 0x20, 0x8, 0xef, 0xe9, 0x10, 0x30, 0x1,
    0x98, 0x44, 0xd8, 0x5, 0x93, 0xdb, 0xd2, 0x4,
    0xc0, 0x6c, 0x20, 0x6, 0x10, 0xf3, 0x76, 0x0,
    0xf9, 0xa2, 0x58, 0x1, 0x2, 0x1a, 0xa8, 0x13,
    0xfe, 0x70, 0x44, 0x5, 0xc9, 0x80, 0xa, 0x2c,
    0x0,

    /* U+2086 "₆" */
    0x0, 0x8a, 0x77, 0xe8, 0x3, 0x3e, 0xb1, 0x0,
    0x73, 0x40, 0x25, 0xf5, 0x0, 0x50, 0xb, 0x68,
    0x20, 0x12, 0x88, 0x58, 0x7, 0xb4, 0x9, 0x37,
    0xfa, 0x88, 0x8, 0xa, 0x88, 0x5, 0x70, 0x40,
    0x28, 0xef, 0x80, 0x16, 0x0, 0x13, 0x88, 0x39,
    0x6, 0xe8, 0x8, 0x3, 0xe5, 0x0, 0x50, 0x84,
    0x10, 0x79, 0x40, 0x2f, 0x7b, 0x82, 0x28, 0x3d,
    0x18, 0x0, 0xa2, 0xc0,

    /* U+2087 "₇" */
    0x1f, 0xff, 0xe9, 0x0, 0xff, 0x8, 0xbf, 0xfd,
    0x60, 0x9, 0x0, 0xfb, 0xc1, 0x84, 0x3, 0xc6,
    0x81, 0x60, 0x1f, 0x40, 0x29, 0x0, 0x78, 0xd0,
    0x24, 0x3, 0xe8, 0x4, 0x30, 0xf, 0x1a, 0x7,
    0x80, 0x7d, 0x0, 0x68, 0x1, 0xe3, 0x40, 0x80,
    0xf, 0xa0, 0x9, 0x0, 0x3c, 0x68, 0x10, 0x1,
    0xc0,

    /* U+2088 "₈" */
    0x0, 0x46, 0xff, 0xb1, 0x40, 0x2c, 0x72, 0x0,
    0x1d, 0x38, 0x21, 0x83, 0xff, 0x18, 0x40, 0x18,
    0x2, 0x0, 0x64, 0x0, 0x46, 0x0, 0x30, 0x1,
    0x0, 0xd, 0xc, 0x36, 0x26, 0x1, 0xc4, 0x34,
    0x44, 0xec, 0x9, 0x0, 0x3e, 0x24, 0xcc, 0x4,
    0xb0, 0x81, 0x16, 0xcc, 0xb0, 0x11, 0x48, 0x14,
    0x2, 0x30, 0x1, 0x10, 0x11, 0x80, 0x64, 0x0,
    0x56, 0x21, 0x3f, 0xcc, 0x6, 0xa5, 0xec, 0x40,
    0x2, 0x8c, 0x0,

    /* U+2089 "₉" */
    0x0, 0x3e, 0xff, 0xac, 0xc0, 0x2b, 0x82, 0x0,
    0x26, 0x18, 0x32, 0x3, 0xfe, 0x90, 0x78, 0x68,
    0x1c, 0x1, 0x48, 0x19, 0x30, 0x28, 0x4, 0xa0,
    0x6, 0x10, 0x50, 0x8, 0xc0, 0x2, 0x80, 0x6c,
    0x3, 0x20, 0x14, 0x88, 0x4f, 0xf2, 0x0, 0x18,
    0x7d, 0x88, 0x56, 0x0, 0x6, 0x3, 0x3b, 0xd5,
    0x80, 0x80, 0x1c, 0x76, 0x81, 0x0, 0x15, 0xfe,
    0x20, 0x51, 0x80, 0x71, 0x3f, 0x28, 0x0,

    /* U+208A "₊" */
    0x0, 0xd3, 0xee, 0x1, 0xff, 0xd9, 0xcf, 0xf9,
    0x82, 0x3f, 0xea, 0x0, 0xff, 0xb3, 0xfe, 0x60,
    0x8f, 0xfa, 0x80, 0x3f, 0xfc, 0x0,

    /* U+208B "₋" */
    0x0, 0xff, 0x67, 0xff, 0xea, 0x0, 0xff, 0x0,

    /* U+208C "₌" */
    0xcf, 0xff, 0xd4, 0x1, 0xfe, 0xcf, 0xff, 0xd4,
    0x1, 0xfe, 0xcf, 0xff, 0xd4, 0x1, 0xfe,

    /* U+208D "₍" */
    0x0, 0xca, 0x1, 0xaa, 0x86, 0x0, 0x85, 0x0,
    0x8d, 0xc2, 0x4c, 0x20, 0xd, 0x80, 0x90, 0x28,
    0x0, 0x80, 0x7, 0x0, 0x78, 0x0, 0x40, 0x6,
    0x4, 0x1, 0xff, 0xc3, 0x20, 0x20, 0xb, 0x40,
    0x4, 0x0, 0x40, 0x2, 0x0, 0x5, 0x42, 0xc0,
    0x28, 0x2, 0x80, 0x1, 0x48, 0x3a, 0x0, 0x1a,
    0x1, 0x80, 0x27, 0xd2,

    /* U+208E "₎" */
    0x4, 0x0, 0xcf, 0x6e, 0x1, 0x8, 0x42, 0x80,
    0x19, 0x81, 0x42, 0x0, 0x80, 0x4, 0x80, 0x5,
    0x81, 0x80, 0x2c, 0x1, 0x20, 0x3, 0x80, 0x1c,
    0x0, 0x60, 0x2, 0x0, 0xff, 0x84, 0x0, 0x40,
    0x2, 0x0, 0x28, 0x1, 0x40, 0x1a, 0x6, 0x20,
    0x48, 0x12, 0x0, 0xe0, 0x25, 0x8, 0x30, 0xf0,
    0x6, 0x86, 0x10, 0x1, 0x78, 0xc0, 0x20,

    /* U+20A3 "₣" */
    0x0, 0x2f, 0xff, 0xff, 0x6, 0xc0, 0x3f, 0xf9,
    0x47, 0x33, 0xfe, 0xf0, 0xe, 0x66, 0xff, 0x90,
    0x3, 0xff, 0xfe, 0x1, 0xff, 0xc3, 0x77, 0xff,
    0x8, 0x7, 0x8a, 0x23, 0xf8, 0x80, 0x3f, 0xf9,
    0x6b, 0xff, 0xfc, 0x60, 0x1f, 0xfd, 0x73, 0x5c,
    0x0, 0x32, 0xae, 0x10, 0xf, 0x45, 0x30, 0x0,
    0xea, 0xb1, 0x0, 0x7f, 0xf2, 0xef, 0xe8, 0x0,
    0xbf, 0xf8, 0xc0, 0x3f, 0xfd, 0xa0,

    /* U+20A4 "₤" */
    0x0, 0xf2, 0xdf, 0x7f, 0xb6, 0x48, 0x3, 0xe2,
    0xda, 0x41, 0x0, 0x13, 0x6b, 0x0, 0x70, 0xf9,
    0x0, 0xbc, 0xb9, 0x0, 0x25, 0x0, 0x34, 0x90,
    0x17, 0xc3, 0x46, 0xb0, 0x2, 0x0, 0x33, 0x0,
    0x38, 0x40, 0x34, 0x80, 0xc, 0x40, 0x4, 0x20,
    0x26, 0x1, 0xe6, 0x44, 0x0, 0x42, 0x0, 0x20,
    0xf, 0xa6, 0xec, 0x20, 0x1, 0x0, 0x8, 0x7,
    0xff, 0x42, 0x7f, 0x40, 0x5, 0xff, 0xca, 0x1,
    0xc2, 0x30, 0x4, 0x23, 0xc0, 0x1e, 0x8e, 0xe0,
    0x5, 0xdd, 0xca, 0x1, 0xff, 0xca, 0x9f, 0xf0,
    0x5, 0xff, 0xca, 0x1, 0xc2, 0x30, 0x6, 0x11,
    0xc0, 0x1e, 0x8e, 0xe0, 0x80, 0x37, 0xbb, 0x28,
    0x7, 0xfc, 0x60, 0x1f, 0xfc, 0x11, 0x0, 0x8,
    0x7, 0xff, 0x1, 0x40, 0x8, 0x1, 0xff, 0x1b,
    0xd8, 0x0, 0x59, 0xbf, 0xc9, 0x70, 0x20, 0x5,
    0x99, 0xff, 0x70, 0x7, 0xff, 0x14,

    /* U+20A6 "₦" */
    0x0, 0x8b, 0xfe, 0x30, 0xf, 0xf4, 0xff, 0x94,
    0x3, 0xfd, 0xc0, 0x1f, 0xfc, 0xc2, 0x90, 0xf,
    0xfe, 0x63, 0x20, 0x7, 0xff, 0x32, 0x84, 0x3,
    0xff, 0x90, 0x28, 0x3, 0x60, 0x1f, 0xfc, 0x99,
    0x0, 0x2a, 0x80, 0x3f, 0xf8, 0x24, 0xab, 0x0,
    0x5, 0xd4, 0x1, 0x6a, 0xbf, 0x0, 0x31, 0x54,
    0x95, 0x54, 0x0, 0x54, 0xa0, 0x1, 0xaa, 0xf1,
    0x80, 0x1a, 0xa9, 0x20, 0x1f, 0xfc, 0xd8, 0xff,
    0x68, 0x0, 0x7f, 0xe9, 0x0, 0xb7, 0xfe, 0x60,
    0x5, 0x7f, 0xb4, 0x3, 0xfc, 0xc8, 0x0, 0x90,
    0xf, 0xf4, 0x7f, 0xb4, 0x0, 0x3f, 0xf9, 0x0,
    0x9, 0xff, 0x30, 0x2, 0xbf, 0xda, 0x1, 0xff,
    0xcd, 0xaa, 0xa0, 0x2, 0xaa, 0xf2, 0x0, 0x6,
    0x8c, 0x0, 0xd5, 0x49, 0x25, 0x58, 0x0, 0x2a,
    0xbe, 0xa1, 0x1, 0x25, 0x0, 0x62, 0xa9, 0x0,
    0x3f, 0xf8, 0x23, 0x60, 0x8, 0x50, 0xf, 0xfe,
    0x42, 0xa8, 0x0, 0x60, 0x1f, 0xfc, 0x9b, 0x10,
    0xf, 0xfe, 0x58, 0xd8, 0x7, 0xff, 0x31, 0x54,
    0x1, 0xff, 0xcc, 0xb1, 0x0, 0xf0,

    /* U+20A7 "₧" */
    0x6f, 0xff, 0xb6, 0x4c, 0x3, 0xff, 0x90, 0x4d,
    0x92, 0x1, 0x91, 0x6, 0x1, 0xf2, 0xd5, 0x52,
    0xc0, 0x6, 0x90, 0x0, 0xdd, 0xb8, 0x3, 0xe2,
    0x55, 0x9a, 0x74, 0x0, 0xc4, 0x1, 0xff, 0xc6,
    0x27, 0x0, 0x50, 0x7, 0xff, 0x1e, 0xc0, 0xf,
    0xfc, 0x0, 0x2f, 0xf8, 0x3, 0xfe, 0x10, 0xf,
    0xfe, 0x50, 0x80, 0x13, 0x2c, 0x0, 0x59, 0x8d,
    0x0, 0xff, 0x90, 0x1, 0x86, 0xa0, 0x11, 0x98,
    0x80, 0x3f, 0xc5, 0x0, 0x5, 0x0, 0xff, 0xe0,
    0x12, 0xac, 0xd3, 0xa0, 0x6, 0x20, 0xf, 0xfe,
    0x2, 0xd5, 0x52, 0xc0, 0x6, 0x90, 0xf, 0xfe,
    0x31, 0x36, 0x48, 0x7, 0xff, 0x9, 0xff, 0xf6,
    0xc9, 0x80, 0x7f, 0xff, 0xc0, 0x3f, 0xfc, 0x2,
    0x0, 0x30, 0xf, 0xfe, 0x41, 0x0, 0xe3, 0xc0,
    0x7, 0xff, 0x16, 0x0, 0x7, 0xe, 0x1, 0xff,
    0xc5, 0x5a, 0x30, 0xc,

    /* U+20A8 "₨" */
    0x5f, 0xff, 0xed, 0x94, 0x0, 0xff, 0xe8, 0x13,
    0x5e, 0x8, 0x7, 0xff, 0x1c, 0xe6, 0x74, 0x3a,
    0x0, 0xf, 0xc4, 0x3, 0xff, 0x8c, 0xcd, 0xcf,
    0x17, 0x82, 0x3, 0x20, 0x1f, 0xfc, 0xe3, 0xa0,
    0x3, 0x0, 0x7f, 0xf3, 0xd0, 0x40, 0x44, 0x1,
    0x35, 0xf7, 0xfb, 0x64, 0x80, 0x3f, 0xf8, 0xe6,
    0x5, 0xb2, 0x82, 0x0, 0x26, 0xd7, 0x0, 0xff,
    0xe1, 0x8, 0x80, 0x4, 0x1e, 0x40, 0x51, 0x52,
    0x80, 0x8, 0x60, 0xf, 0xfe, 0xd, 0x80, 0x14,
    0x18, 0x81, 0x35, 0xd5, 0xae, 0x80, 0x16, 0x1,
    0xfe, 0x15, 0xc5, 0x0, 0x40, 0x78, 0x3, 0x80,
    0x39, 0x54, 0x62, 0x1, 0x97, 0xff, 0xba, 0x8c,
    0x6, 0xc8, 0x4, 0x0, 0x40, 0x1e, 0xac, 0xc0,
    0x7, 0xff, 0x5, 0xfd, 0x0, 0x16, 0x0, 0x88,
    0x10, 0x7, 0xfc, 0x73, 0x3a, 0x4, 0x1, 0x42,
    0x1, 0x1c, 0x80, 0x1f, 0x7a, 0x98, 0x40, 0x3e,
    0x66, 0xe7, 0x90, 0x4, 0x0, 0x73, 0x6a, 0x80,
    0x5, 0x67, 0xa8, 0x80, 0x3f, 0xe7, 0x10, 0x53,
    0x0, 0xe2, 0xaf, 0xb8, 0x40, 0x2, 0xea, 0x0,
    0x7f, 0xd2, 0x0, 0x80, 0xf, 0xc8, 0xf7, 0xcc,
    0x0, 0xa0, 0xf, 0xf9, 0xc4, 0x11, 0x0, 0x2,
    0x20, 0x80, 0x70, 0xc9, 0x80, 0x98, 0x7, 0xfd,
    0x0, 0x8, 0x1, 0xdd, 0x60, 0x7, 0xcc, 0x1,
    0xff, 0xc2, 0x62, 0x3, 0x41, 0x20, 0x26, 0x0,
    0xe2, 0x50, 0x1, 0x0, 0x7f, 0xf0, 0x20, 0x1,
    0x21, 0x20, 0x9, 0xc7, 0x56, 0x9d, 0x0, 0x38,
    0x80, 0x7f, 0xf0, 0x14, 0x80, 0x95, 0x28, 0x40,
    0xe2, 0xa5, 0x80, 0xd, 0x0, 0x1f, 0xfc, 0x28,
    0x0, 0x40, 0x2f, 0xc1, 0x88, 0x0, 0x9b, 0x24,
    0x0,

    /* U+20A9 "₩" */
    0xe, 0xff, 0x0, 0x7a, 0xbf, 0xca, 0x1, 0xcf,
    0xfe, 0x90, 0x2, 0x80, 0x10, 0x3, 0x98, 0x1,
    0xa0, 0x1d, 0xa0, 0xc, 0x0, 0x18, 0x0, 0xc0,
    0x38, 0xc0, 0x6, 0x1, 0xce, 0x0, 0x40, 0x6,
    0x0, 0x34, 0x3, 0x10, 0x4, 0xa0, 0x1c, 0x40,
    0x22, 0x0, 0x28, 0x1, 0xc0, 0x33, 0x80, 0x42,
    0x20, 0x8, 0xc0, 0x8, 0x1, 0x9, 0x1, 0x0,
    0x6d, 0x4, 0x0, 0x28, 0x4, 0xa0, 0xd, 0x0,
    0xc8, 0x0, 0x30, 0x8, 0xc0, 0x88, 0x6, 0x1,
    0x78, 0x1, 0x0, 0x11, 0xec, 0x0, 0xcf, 0xf9,
    0x1, 0x88, 0x23, 0xfe, 0x60, 0x6, 0x79, 0x80,
    0x7f, 0xf3, 0x2a, 0xa0, 0x0, 0xd5, 0x18, 0x1,
    0x4e, 0x0, 0x9a, 0x80, 0x2, 0x55, 0x8, 0x8a,
    0xa4, 0x1, 0x55, 0x70, 0x12, 0xd0, 0x1, 0x54,
    0x40, 0xe, 0x55, 0x8, 0x4, 0x60, 0x3, 0xd,
    0x7, 0x2, 0x0, 0x28, 0x68, 0x1, 0xc0, 0x28,
    0xff, 0x38, 0x3, 0x3d, 0x41, 0x7f, 0xc0, 0x9,
    0xf7, 0x0, 0x6f, 0xf8, 0xc0, 0x3f, 0xf9, 0x95,
    0x58, 0x40, 0x5c, 0x1, 0x55, 0x30, 0x2, 0x0,
    0xb, 0x55, 0x11, 0x15, 0x64, 0x1, 0xe0, 0x15,
    0x5a, 0x80, 0x2, 0x0, 0xe5, 0x58, 0x40, 0x36,
    0x0, 0x3c, 0x14, 0x2, 0x30, 0x6, 0x0, 0x10,
    0x3, 0xf2, 0x80, 0x10, 0xc, 0x3, 0x10, 0x20,
    0x10, 0x7, 0xf1, 0x80, 0x8, 0x34, 0x3, 0x30,
    0x8, 0x20, 0x7, 0xf8, 0xc0, 0x27, 0x0, 0xc6,
    0x1, 0x78, 0x7, 0xf9, 0x0, 0x22, 0x0, 0xda,
    0x1, 0x20, 0x7, 0xfb, 0x40, 0x6, 0x1, 0xce,
    0x0, 0x12, 0x0, 0xe0,

    /* U+20AA "₪" */
    0xdf, 0xff, 0xed, 0x80, 0xe, 0x6f, 0xf3, 0x80,
    0x7f, 0x89, 0xf4, 0x40, 0x3f, 0xd3, 0x55, 0xcc,
    0x0, 0x28, 0x0, 0xff, 0x3a, 0xaf, 0x4d, 0x80,
    0x18, 0x3, 0xff, 0x8a, 0x86, 0x0, 0x30, 0xf,
    0xfe, 0x2, 0xcc, 0x88, 0x14, 0x0, 0xc0, 0x1f,
    0xfc, 0xf, 0x66, 0x8, 0x7, 0xff, 0xfc, 0x3,
    0xff, 0xa7, 0xae, 0xf0, 0x0, 0x40, 0x3f, 0xf8,
    0x49, 0x10, 0x20, 0x7, 0x0, 0x8, 0x3, 0xff,
    0x88, 0x4c, 0x0, 0x70, 0xf, 0xe4, 0x55, 0xe8,
    0xc0, 0x1, 0x90, 0x7, 0xf4, 0x55, 0x73, 0x88,
    0xf, 0x0, 0x7f, 0xf1, 0x49, 0xbc, 0x80,

    /* U+20AB "₫" */
    0x0, 0xff, 0x8b, 0xfd, 0x80, 0x1f, 0xe4, 0xff,
    0xb4, 0x0, 0x7f, 0xeb, 0x0, 0xff, 0xe6, 0xad,
    0x55, 0x0, 0x2, 0xaa, 0x40, 0x7, 0xc2, 0xab,
    0x80, 0x2, 0xaa, 0x30, 0xf, 0xfe, 0x53, 0x67,
    0xfb, 0xa8, 0x80, 0x3f, 0x87, 0x24, 0xc0, 0x2,
    0xbb, 0x40, 0x1f, 0xb4, 0xc0, 0xd, 0x30, 0xa0,
    0xe0, 0x1f, 0x31, 0x80, 0xec, 0xb3, 0xd6, 0x8,
    0x7, 0xd0, 0x0, 0xa2, 0x0, 0xc7, 0x60, 0x1e,
    0x31, 0x2, 0x40, 0xf, 0x38, 0x7, 0x94, 0x0,
    0x80, 0x1f, 0xfc, 0x21, 0x0, 0x78, 0x7, 0xff,
    0xb, 0xc0, 0x3f, 0xf8, 0xbe, 0x1, 0xff, 0xc5,
    0x20, 0x7, 0x0, 0x7f, 0xf0, 0x9c, 0x0, 0x80,
    0x1f, 0xfc, 0x22, 0x20, 0x1a, 0x0, 0x79, 0x0,
    0x3e, 0xb0, 0x5, 0x10, 0x6, 0x39, 0x0, 0xf9,
    0x8c, 0x7, 0x69, 0xdd, 0x78, 0x1, 0xfd, 0xa6,
    0x0, 0x58, 0x82, 0x4, 0x80, 0x7e, 0x1c, 0x93,
    0x0, 0xb, 0x6b, 0x8, 0x7, 0xf3, 0x67, 0xfb,
    0xa4, 0x83, 0xbf, 0x0, 0x3f, 0xf9, 0x4f, 0xff,
    0xff, 0xc1, 0xe0, 0xf, 0xfe, 0x4a, 0xd5, 0x7f,
    0xf0, 0x80, 0x0,

    /* U+20AC "€" */
    0x0, 0xf8, 0xa3, 0x3b, 0xfd, 0xb6, 0x60, 0x1e,
    0x8d, 0x73, 0x10, 0x1, 0x23, 0x0, 0x75, 0xb8,
    0x0, 0xde, 0x61, 0xd1, 0xc0, 0x33, 0xa0, 0x2,
    0xf2, 0x19, 0xe2, 0xc8, 0x3, 0x40, 0x2, 0x90,
    0x3, 0xfc, 0xa0, 0x3, 0x50, 0xf, 0xfb, 0x0,
    0x16, 0x1, 0xfc, 0xfd, 0xc6, 0x0, 0x47, 0x77,
    0x20, 0x5, 0xe2, 0x20, 0xc, 0x23, 0xc0, 0x1a,
    0x3f, 0xc8, 0x0, 0xbf, 0xfe, 0x40, 0xf, 0xfe,
    0x3b, 0xf7, 0x10, 0x1, 0x7d, 0xdc, 0x80, 0x17,
    0x88, 0x80, 0x30, 0x8f, 0x0, 0x68, 0xff, 0x20,
    0x2, 0xff, 0xf9, 0x0, 0x3f, 0x84, 0x3, 0xff,
    0x80, 0x40, 0x2, 0x0, 0xff, 0xe0, 0x60, 0x2,
    0xc0, 0x3f, 0xf8, 0xa, 0x20, 0x6a, 0x1, 0xff,
    0xc0, 0x90, 0x5, 0x28, 0x7, 0xfc, 0xe8, 0x0,
    0xac, 0x86, 0x79, 0xc3, 0x0, 0xeb, 0x70, 0x1,
    0xbc, 0xc3, 0x1b, 0x0, 0x7a, 0x35, 0xcc, 0x40,
    0x2, 0x82,

    /* U+20B1 "₱" */
    0x0, 0x9b, 0xff, 0xfb, 0xad, 0xc4, 0x3, 0xff,
    0x8e, 0x29, 0x1c, 0xe0, 0x1f, 0xf1, 0xcc, 0xf4,
    0x31, 0x0, 0x22, 0x0, 0x1a, 0x3f, 0xd2, 0x0,
    0x39, 0x9e, 0x86, 0x20, 0x9, 0xff, 0xf0, 0x7,
    0xff, 0x2e, 0xaa, 0x50, 0x2, 0x55, 0x7f, 0x40,
    0x0, 0x6a, 0xa2, 0x55, 0x60, 0x0, 0x95, 0x7f,
    0x98, 0x0, 0x2a, 0xb4, 0x7f, 0xa4, 0x0, 0xdf,
    0xff, 0xdc, 0x1, 0x7f, 0xc0, 0x1f, 0xfc, 0xba,
    0xa9, 0x40, 0x9, 0x55, 0xf9, 0x0, 0x27, 0xaa,
    0x89, 0x55, 0x80, 0x7, 0x33, 0xe2, 0xd8, 0x40,
    0x2, 0xc2, 0xac, 0x1, 0xe3, 0x99, 0xe8, 0x72,
    0x0, 0x35, 0x0, 0x7f, 0xf1, 0x44, 0xdf, 0x64,
    0x3, 0xfe, 0x6f, 0xff, 0x76, 0x41, 0x0, 0x7f,
    0xff, 0xc0, 0x3f, 0xff, 0xe0, 0x1f, 0xfd, 0xc0,

    /* U+20B9 "₹" */
    0x8, 0xcc, 0xff, 0xe0, 0xc8, 0x31, 0x9f, 0xff,
    0x4, 0x49, 0x51, 0x6, 0x61, 0x0, 0xc2, 0x89,
    0x59, 0x5d, 0xd9, 0x8e, 0xc3, 0x0, 0xae, 0xe3,
    0x0, 0xf8, 0xf0, 0x80, 0x58, 0x3, 0x9, 0x9f,
    0xc8, 0x0, 0xd3, 0x31, 0x6, 0x67, 0xe6, 0x0,
    0x26, 0x62, 0x44, 0x80, 0x3f, 0xf8, 0x3a, 0x17,
    0x7f, 0x98, 0x0, 0x77, 0x66, 0x14, 0x4f, 0xca,
    0x0, 0x44, 0x80, 0x3f, 0xd, 0x98, 0x2, 0x80,
    0x34, 0x4c, 0xd5, 0x9c, 0x80, 0x7, 0x20, 0xc,
    0xcd, 0x94, 0xc0, 0x27, 0x80, 0xe, 0x50, 0x8,
    0x49, 0x23, 0x60, 0x3, 0xd6, 0x40, 0x2, 0xdb,
    0x72, 0x0, 0xfd, 0x82, 0x7, 0x40, 0x1f, 0xf0,
    0xe8, 0x1, 0x60, 0x3, 0xfe, 0x3a, 0x0, 0x3a,
    0x80, 0x7f, 0xcb, 0x0, 0xa, 0x40, 0xf, 0xf9,
    0xd8, 0x1, 0x44, 0x1, 0xff, 0x4a, 0x0, 0xf8,
    0x80, 0x7f, 0xd4, 0x40, 0x5a, 0x1, 0xff, 0xf,
    0x88, 0x1d, 0x0, 0x40,

    /* U+20BA "₺" */
    0x0, 0xd5, 0xfe, 0x50, 0xf, 0xfe, 0xb9, 0x49,
    0x80, 0x7f, 0xf0, 0x32, 0xf5, 0x9c, 0x3, 0xff,
    0x80, 0xc8, 0x0, 0x70, 0xf, 0x8a, 0x14, 0x2,
    0x18, 0xe3, 0x0, 0xe2, 0xad, 0x70, 0x9, 0xf9,
    0xc4, 0x3, 0xca, 0xa0, 0xe, 0xd0, 0x3a, 0x30,
    0xf, 0xb, 0xf2, 0x80, 0x33, 0x25, 0x70, 0xe,
    0x5e, 0x81, 0x0, 0x98, 0xc0, 0x58, 0x3, 0x88,
    0xa, 0x54, 0x2, 0x29, 0xe2, 0x7, 0xdd, 0x29,
    0xde, 0xb0, 0x5, 0x1a, 0xc0, 0x17, 0x11, 0xd,
    0x10, 0x0, 0x10, 0x1, 0x0, 0x7f, 0x8a, 0x39,
    0x0, 0x3f, 0x10, 0x0, 0x9b, 0x5c, 0x40, 0x3f,
    0x98, 0x0, 0xc2, 0x1, 0xff, 0x11, 0x0, 0x48,
    0x3, 0xff, 0x81, 0x60, 0x6, 0x0, 0xff, 0xe0,
    0x1b, 0x0, 0x24, 0x3, 0xfe, 0x5c, 0x0, 0x40,
    0x80, 0x7e, 0xea, 0xea, 0x0, 0x33, 0x80, 0x7f,
    0x22, 0x88, 0x2, 0x24, 0x3, 0xfe, 0x13, 0x8e,
    0x70, 0xc,

    /* U+20BC "₼" */
    0x0, 0xfd, 0xdf, 0xe0, 0xf, 0xff, 0x4a, 0x8,
    0x1, 0x44, 0x3, 0xfc, 0x33, 0xf6, 0x1, 0x57,
    0x51, 0x0, 0x7c, 0x7e, 0xc0, 0x1f, 0x2e, 0xa8,
    0x7, 0x16, 0x8, 0x1d, 0x8, 0x2, 0xd0, 0x1,
    0x48, 0x1, 0xbc, 0x0, 0xd8, 0xa0, 0x12, 0x5c,
    0x80, 0x28, 0x40, 0xc, 0x40, 0x72, 0x1, 0xf3,
    0x30, 0x6, 0x40, 0x14, 0x0, 0xf0, 0xf, 0xe8,
    0x0, 0x30, 0x9, 0x81, 0x18, 0x7, 0xf0, 0xa8,
    0x9, 0xa0, 0x1, 0x0, 0x3f, 0xed, 0x0, 0x21,
    0x0, 0x38, 0x3, 0xfe, 0x30, 0x7, 0x78, 0x0,
    0x40, 0x3f, 0xe7, 0x0, 0x18, 0x4, 0x60, 0x1f,
    0xfe, 0x90,

    /* U+20BD "₽" */
    0x0, 0x93, 0xff, 0xfb, 0xb2, 0x8, 0x3, 0xff,
    0x8a, 0x26, 0xfb, 0x20, 0x1f, 0xc5, 0x33, 0xd0,
    0xe4, 0x0, 0x6a, 0x0, 0xfc, 0xcd, 0xe7, 0x8d,
    0xa0, 0x2, 0xa8, 0x3, 0xff, 0x88, 0xb0, 0x0,
    0x90, 0xf, 0xfe, 0x2b, 0x0, 0xc, 0x3, 0xff,
    0x8a, 0x20, 0x1f, 0xfd, 0xd6, 0x0, 0x18, 0x7,
    0xff, 0x11, 0x24, 0x1, 0x40, 0x6c, 0xcd, 0x0,
    0x33, 0x79, 0xe3, 0x2c, 0x0, 0x6c, 0x17, 0x32,
    0x60, 0x1, 0x4c, 0xf4, 0x39, 0x80, 0x17, 0x0,
    0x3f, 0xf8, 0x62, 0x6d, 0x94, 0x1, 0x47, 0xfa,
    0xc0, 0x9, 0xff, 0xee, 0xc9, 0x30, 0xf, 0xfe,
    0x69, 0xbb, 0xb4, 0x0, 0xce, 0xf9, 0x80, 0x3f,
    0xae, 0x20, 0xc0, 0x2, 0x88, 0xd2, 0x1, 0xff,
    0xd2, 0x8f, 0xf5, 0x80, 0x13, 0xff, 0x80, 0x3f,
    0xff, 0x80,

    /* U+20C1 "⃁" */
    0x0, 0xfe, 0x24, 0x0, 0xff, 0xe3, 0x9e, 0xe0,
    0x4, 0x24, 0x1, 0xff, 0xc2, 0xe0, 0xc, 0x5e,
    0x80, 0x1f, 0xfc, 0x23, 0x0, 0xd8, 0x20, 0x1f,
    0xfc, 0x81, 0x0, 0xff, 0xff, 0x80, 0x7f, 0xf6,
    0x85, 0x22, 0xd8, 0x3, 0xff, 0x80, 0x20, 0xb,
    0xde, 0xb7, 0x42, 0x0, 0xff, 0x2e, 0xf0, 0x0,
    0x88, 0x1, 0x1a, 0x0, 0x44, 0xb3, 0x9e, 0x20,
    0x44, 0x0, 0x85, 0xa7, 0x3f, 0x0, 0x29, 0xda,
    0x63, 0x0, 0x85, 0x60, 0x1, 0x12, 0xc6, 0x1,
    0xce, 0x0, 0x14, 0x80, 0x3, 0x53, 0x80, 0x62,
    0x59, 0xc7, 0x0, 0x35, 0x6f, 0x5b, 0x88, 0x7,
    0xaf, 0xb6, 0x98, 0xcc, 0x0, 0x85, 0x20, 0xf,
    0xf1, 0x8, 0x0, 0x51, 0x0, 0x1e, 0x26, 0x10,
    0xa0, 0xc, 0x6f, 0x5b, 0xd6, 0x0, 0x15, 0x8c,
    0xfd, 0x90, 0x82, 0x0, 0x6f, 0xe4, 0x29, 0x0,
    0x6d, 0xa7, 0x30, 0x9, 0x5c, 0x2, 0x20, 0x8,
    0x9a, 0x71, 0xc4, 0xc0, 0x51, 0xef, 0xa8, 0x3,
    0x14, 0x67, 0xec, 0xb1, 0xa0, 0x56, 0xf5, 0xc2,
    0x8, 0x7, 0x43, 0x98, 0x4, 0x4c, 0x62, 0xa4,
    0x1, 0xfe, 0x41, 0x48, 0xbe, 0xd9, 0x0, 0xff,
    0xe1, 0x67, 0x5b, 0xa0, 0x80, 0x40,

    /* U+2105 "℅" */
    0x0, 0xe1, 0x0, 0xff, 0xe3, 0xd, 0x7f, 0x7c,
    0x88, 0x7, 0xff, 0x8, 0x7d, 0x40, 0x81, 0xb0,
    0x3, 0xff, 0x85, 0x2, 0x7f, 0xbc, 0x24, 0xe0,
    0x1c, 0x80, 0x1f, 0x38, 0x40, 0x0, 0x64, 0x30,
    0x3, 0x1d, 0xe0, 0x7, 0x8, 0x81, 0x40, 0x27,
    0xfb, 0x0, 0xdc, 0x16, 0x1, 0xff, 0xc6, 0x72,
    0x37, 0x0, 0xe1, 0x0, 0x18, 0x4, 0x4a, 0x60,
    0x1, 0x80, 0xf0, 0xf, 0x88, 0x10, 0x2, 0xba,
    0x90, 0x5, 0x3, 0x18, 0x7, 0xd6, 0x12, 0xc4,
    0xec, 0x1e, 0xa, 0x83, 0x20, 0x1f, 0x99, 0x42,
    0x76, 0x1, 0x94, 0x6c, 0x2c, 0x3, 0xfd, 0x56,
    0xa8, 0xd7, 0x21, 0x2, 0x8a, 0x1, 0xff, 0x25,
    0x5c, 0xa0, 0x1b, 0x5, 0x0, 0x7f, 0xf1, 0xb8,
    0x24, 0x40, 0x2, 0x40, 0x1f, 0xfc, 0x17, 0x23,
    0x60, 0x3c, 0xed, 0xfb, 0x20, 0xf, 0xe2, 0x80,
    0xf0, 0x4c, 0x31, 0x31, 0x4c, 0x10, 0xf, 0xd2,
    0xe, 0x61, 0x20, 0xdd, 0x9c, 0x63, 0x60, 0x1f,
    0x2a, 0xc, 0x1, 0x90, 0x48, 0x5, 0x0, 0xa0,
    0x1e, 0x1b, 0xa, 0x0, 0x38, 0x8, 0x6, 0x50,
    0xf, 0xd0, 0x2a, 0x80, 0x1f, 0xfc, 0x54, 0x60,
    0xb0, 0x9, 0xc0, 0x40, 0x32, 0x80, 0x7c, 0xc7,
    0x22, 0x1, 0x19, 0x4, 0x80, 0x50, 0xa, 0x1,
    0xc5, 0x8c, 0x1, 0xd2, 0xd, 0xd9, 0xc6, 0x30,
    0x1, 0xff, 0xc1, 0x4c, 0x31, 0x31, 0x4c, 0x20,
    0xf, 0xfe, 0x11, 0xe7, 0x6f, 0xd9, 0x0, 0x0,

    /* U+2113 "ℓ" */
    0x0, 0xf8, 0xd0, 0x80, 0x3f, 0x16, 0xe5, 0xee,
    0x8, 0x7, 0xe, 0x10, 0x4, 0x78, 0x1, 0xd2,
    0x20, 0xb8, 0x60, 0x4a, 0x1, 0x94, 0x1, 0x67,
    0x0, 0xc, 0x0, 0xc4, 0x2, 0x20, 0x70, 0x1,
    0x0, 0x42, 0x0, 0x30, 0xf, 0xfe, 0x1b, 0x80,
    0x4, 0x3, 0xf8, 0xc0, 0x1a, 0x1, 0xfd, 0x60,
    0x4, 0x0, 0xfc, 0x46, 0x2, 0x60, 0x1f, 0xa0,
    0x1, 0x20, 0x1f, 0x95, 0x40, 0x2e, 0x1, 0xf1,
    0x50, 0x2, 0xc0, 0x3f, 0xe7, 0x50, 0x8, 0x92,
    0x0, 0x33, 0x40, 0x4, 0xbb, 0x6c, 0x1, 0x4c,
    0x80, 0x3f, 0xc4, 0xc0, 0x1c, 0xcc, 0x8a, 0x0,
    0xfe, 0x39, 0x75, 0x0, 0x18, 0x7, 0xf8, 0x80,
    0x44, 0x1, 0xfc, 0x80, 0x9, 0x0, 0xfe, 0xb0,
    0x3, 0xc1, 0x80, 0x7c, 0x52, 0x0, 0x7c, 0x30,
    0xf, 0x9a, 0xc8, 0x3, 0xfe, 0x4d, 0xd5, 0x90,
    0x0,

    /* U+2116 "№" */
    0x8c, 0xc4, 0x0, 0x7f, 0x66, 0x24, 0x3, 0x1d,
    0x77, 0xf5, 0x98, 0x0, 0xce, 0x72, 0x0, 0xf8,
    0x4c, 0xca, 0x1, 0x2e, 0x28, 0x80, 0xa6, 0x30,
    0x7, 0x48, 0x7, 0xff, 0x4, 0xa8, 0x6, 0xb2,
    0x88, 0x24, 0x80, 0x32, 0x18, 0x7, 0xff, 0x2,
    0x80, 0x18, 0xa6, 0xbe, 0x0, 0xb0, 0xe, 0xf0,
    0xf, 0xfe, 0x1, 0x81, 0x10, 0x2, 0x23, 0x5,
    0x0, 0x88, 0xd, 0x0, 0x3f, 0xe7, 0x6, 0x0,
    0xe6, 0x1, 0x0, 0xa0, 0x1, 0x0, 0x1f, 0xf0,
    0x80, 0x7f, 0x18, 0x4, 0xcc, 0x3, 0x50, 0xf,
    0xf0, 0x83, 0x80, 0x70, 0x81, 0x80, 0x68, 0x0,
    0x40, 0x7, 0xf9, 0x40, 0xc4, 0x3, 0x28, 0x38,
    0x6, 0x17, 0x2, 0x60, 0xf, 0xed, 0x0, 0x50,
    0x80, 0x28, 0x43, 0xc0, 0x3a, 0x40, 0x10, 0x1,
    0xfc, 0x8c, 0x9, 0xdc, 0xf5, 0x4, 0x50, 0xe,
    0x18, 0x1, 0x70, 0xf, 0xe9, 0x81, 0x1, 0x0,
    0x3d, 0x80, 0x7c, 0xe2, 0x12, 0x20, 0x1f, 0xcf,
    0xd9, 0x79, 0xf0, 0x1, 0xfd, 0x0, 0x32, 0x1,
    0xff, 0x1a, 0x18, 0x7, 0xfc, 0xc4, 0xe, 0x20,
    0x1e, 0x2a, 0xaf, 0xe3, 0x0, 0xfd, 0x0, 0x8,
    0x0, 0xf3, 0x2a, 0xff, 0x30, 0x7, 0xe5, 0x20,
    0x62, 0x0, 0xe6, 0x77, 0xfe, 0x60, 0xf, 0xe9,
    0x0, 0x40, 0x7, 0x14, 0x47, 0xf1, 0x80, 0x7f,
    0x21, 0x82, 0x0, 0x7f, 0xf3, 0xbc, 0x3, 0xff,
    0xa0, 0x68, 0x1, 0xff, 0xd0, 0x80, 0xf, 0xfe,
    0x81, 0xa8, 0x7, 0xff, 0x10,

    /* U+2122 "™" */
    0x2f, 0xfe, 0xd0, 0xee, 0x0, 0x6c, 0xf1, 0x2a,
    0xa0, 0xa5, 0x48, 0x0, 0x54, 0x0, 0x46, 0x1,
    0x2a, 0x8c, 0x95, 0x0, 0x3, 0xc0, 0xa, 0x10,
    0xf, 0xf9, 0xd0, 0x41, 0x98, 0x1, 0xff, 0x72,
    0x32, 0x6, 0x80, 0x7f, 0xf0, 0x3a, 0xb9, 0x80,
    0x3f, 0xf8, 0x2a, 0x4b, 0x40, 0x1f, 0xfc, 0x25,
    0x22, 0x0, 0x7a, 0xe8, 0x2, 0x84, 0x8, 0x90,
    0x78, 0x10,

    /* U+2126 "Ω" */
    0x0, 0xe1, 0x8c, 0xff, 0x76, 0x38, 0x80, 0x7f,
    0x47, 0x39, 0x80, 0x4, 0xe3, 0x9c, 0x3, 0xea,
    0x70, 0x2, 0x3c, 0xb9, 0x80, 0x22, 0x40, 0x3a,
    0x14, 0x7, 0x2e, 0x1a, 0x32, 0xc4, 0x19, 0xc0,
    0x22, 0x70, 0x6, 0x18, 0x7, 0x26, 0x80, 0x20,
    0x40, 0x14, 0x0, 0x62, 0x0, 0xf8, 0xd8, 0x1,
    0x20, 0x5, 0x0, 0x50, 0x7, 0xf5, 0x0, 0x14,
    0x0, 0x40, 0x3, 0x0, 0xfe, 0x30, 0x1, 0x1,
    0x0, 0x8, 0x3, 0xfe, 0x10, 0x1, 0x8, 0x7,
    0xff, 0x8, 0xc0, 0x3f, 0xf9, 0x22, 0x1, 0xff,
    0xc6, 0x11, 0x0, 0xc, 0x3, 0xfe, 0x30, 0x1,
    0x90, 0x0, 0x40, 0x3f, 0xe1, 0x0, 0x8, 0x20,
    0x0, 0x80, 0x3f, 0x8c, 0x0, 0x80, 0xd, 0x0,
    0x28, 0x7, 0xf2, 0x0, 0x38, 0x0, 0xc2, 0x14,
    0x1, 0xfd, 0x40, 0x2a, 0x1, 0x40, 0x13, 0x80,
    0x7c, 0xe4, 0x10, 0x1, 0x99, 0x2, 0x18, 0x3,
    0x9a, 0x1, 0x18, 0x0, 0x2c, 0xcc, 0x0, 0x4e,
    0xa8, 0x26, 0xc8, 0x3, 0x19, 0x80, 0x73, 0x28,
    0x0, 0x8b, 0x3, 0x8, 0x2, 0x89, 0x90, 0x80,
    0x7e, 0x10, 0xf0, 0xf, 0xc0,

    /* U+212E "℮" */
    0x0, 0xf8, 0x8c, 0x40, 0x3f, 0xe1, 0x9f, 0xdc,
    0xee, 0x40, 0x7, 0xe5, 0xe6, 0x65, 0x5c, 0xa3,
    0xe9, 0x80, 0x73, 0x51, 0xf4, 0xaa, 0x35, 0x61,
    0xe9, 0x0, 0x47, 0x21, 0xa2, 0x1, 0xc7, 0x23,
    0xc0, 0x17, 0x80, 0x7f, 0xf0, 0xd, 0x1, 0xc,
    0x3, 0xff, 0x83, 0xc1, 0xa0, 0x1f, 0xfc, 0x24,
    0x5, 0x0, 0xa6, 0x23, 0xeb, 0x0, 0x8, 0x8,
    0x4, 0xef, 0xf8, 0xc0, 0x21, 0x10, 0x5, 0xdf,
    0xff, 0xf0, 0xb0, 0x7, 0xff, 0x13, 0xc0, 0x3f,
    0xf8, 0x8a, 0x20, 0x1f, 0xfc, 0x48, 0x0, 0xff,
    0xe2, 0x32, 0x84, 0x80, 0x7c, 0x54, 0x20, 0x1a,
    0x95, 0xf5, 0xcc, 0x8d, 0xaf, 0x50, 0x3, 0xd5,
    0x41, 0x8c, 0xdc, 0x96, 0x9e, 0x10, 0xf, 0x2e,
    0x6d, 0xd5, 0xf6, 0xb0, 0x6,

    /* U+215B "⅛" */
    0x0, 0xcb, 0x42, 0x1, 0xff, 0xc3, 0x15, 0xbf,
    0xa5, 0x30, 0xf, 0xfe, 0x1d, 0x51, 0x0, 0x3f,
    0xe8, 0x50, 0xf, 0xa, 0x44, 0x0, 0x3f, 0x8d,
    0xe8, 0x40, 0x3a, 0xad, 0xc8, 0x3, 0xfb, 0x82,
    0x44, 0x3, 0xff, 0x8a, 0xe4, 0x6c, 0x1, 0xff,
    0xc5, 0x28, 0xf, 0x0, 0xff, 0xe3, 0x48, 0x31,
    0x80, 0x7f, 0xf1, 0x55, 0x6, 0x40, 0x3f, 0xf8,
    0xd6, 0x16, 0x1, 0xff, 0xc6, 0x91, 0x45, 0x5,
    0xbf, 0xf6, 0xb8, 0x7, 0xf8, 0xd8, 0x24, 0x1e,
    0x90, 0x0, 0x51, 0x80, 0x19, 0xe2, 0x4, 0x1e,
    0x10, 0x41, 0x0, 0x7d, 0xee, 0x6, 0xa0, 0x11,
    0x3b, 0x81, 0x8c, 0x9c, 0x8, 0x1, 0x22, 0x10,
    0x0, 0x20, 0xf, 0xc, 0x87, 0x0, 0x8, 0x1,
    0xa0, 0x2, 0x0, 0x10, 0x7, 0xac, 0x14, 0xc0,
    0x28, 0x7, 0x98, 0xf0, 0x35, 0x0, 0xe4, 0x51,
    0xb0, 0xc, 0xea, 0xc, 0xe4, 0x3c, 0x1, 0xe9,
    0x8, 0x10, 0xd, 0x6a, 0xc, 0xe4, 0x38, 0x40,
    0x1a, 0x8, 0xd8, 0x3, 0x22, 0x3, 0x26, 0x34,
    0x86, 0x0, 0x22, 0x70, 0xe0, 0xe, 0x20, 0x1,
    0x80, 0x4c, 0xc, 0x1, 0x1a, 0xb9, 0x0, 0x71,
    0x0, 0x24, 0x41, 0x50, 0x18, 0x2, 0x1a, 0x80,
    0xf, 0x22, 0x1, 0xbb, 0xe8, 0x6, 0x0, 0x3f,
    0xf8, 0x37, 0x6, 0x0, 0x16, 0xc2,

    /* U+215C "⅜" */
    0x0, 0x36, 0x7f, 0xba, 0x8c, 0x3, 0xff, 0x8b,
    0x32, 0x30, 0x0, 0xae, 0x20, 0x7, 0xff, 0xc,
    0x98, 0x1b, 0xbf, 0x4, 0x3c, 0x3, 0xe7, 0x40,
    0xf, 0x1d, 0xda, 0x4, 0xd, 0x40, 0x3f, 0x1c,
    0x58, 0x80, 0x70, 0xa2, 0x4, 0x0, 0x88, 0x19,
    0x0, 0xf7, 0x4, 0x88, 0x7, 0xe4, 0xff, 0x58,
    0x41, 0x0, 0x74, 0x12, 0x30, 0x7, 0xf2, 0x6e,
    0xa4, 0x26, 0x0, 0x31, 0xb8, 0x48, 0x7, 0xc2,
    0x44, 0x2, 0x23, 0x38, 0x30, 0x6, 0xe0, 0x92,
    0x0, 0xf9, 0x37, 0x44, 0x1, 0xc2, 0x1, 0x41,
    0x1b, 0x0, 0x7e, 0x70, 0x7, 0x10, 0x23, 0x1,
    0x80, 0xd, 0xc3, 0x86, 0x77, 0xfa, 0xcc, 0x0,
    0x50, 0x7, 0xbf, 0x62, 0x1e, 0x0, 0xe0, 0x83,
    0xc6, 0x20, 0x14, 0xc4, 0x0, 0x3d, 0xa0, 0x81,
    0x36, 0x98, 0x39, 0x1b, 0xb1, 0x4, 0xfe, 0x88,
    0x48, 0x4, 0x97, 0xdf, 0xb2, 0x40, 0x50, 0x1c,
    0x1a, 0x4, 0xc0, 0x4c, 0x4, 0x1, 0xff, 0x70,
    0x41, 0x6, 0x81, 0x0, 0x44, 0x4, 0x1, 0xfe,
    0x73, 0x33, 0x80, 0x18, 0x43, 0x62, 0x94, 0x20,
    0x3, 0xf8, 0xa0, 0x3c, 0x2, 0x1d, 0x2, 0x75,
    0x7, 0x50, 0xf, 0xee, 0x7, 0x30, 0x8, 0xf0,
    0xd, 0xd4, 0x1e, 0x0, 0x3f, 0x39, 0x94, 0x0,
    0x6f, 0x4, 0xc8, 0xaa, 0x3, 0x90, 0x7, 0x8a,
    0x3, 0x80, 0x38, 0x80, 0xc0, 0x26, 0x0, 0x30,
    0x7, 0x8d, 0x1c, 0xc0, 0x38, 0x81, 0x90, 0x6,
    0x0, 0xc, 0x1, 0xe1, 0xb8, 0x0, 0xf4, 0x0,
    0xdf, 0xf2, 0x3, 0x10, 0x7, 0xff, 0xd, 0x35,
    0x44, 0x0, 0x73, 0x20,

    /* U+215D "⅝" */
    0x6, 0xff, 0xf8, 0x80, 0x3f, 0xf8, 0x9c, 0x1,
    0xff, 0xcc, 0x20, 0x5f, 0xfe, 0x20, 0xf, 0x1d,
    0x90, 0x7, 0xcc, 0x1a, 0x1, 0xff, 0xc0, 0xe4,
    0x40, 0x7, 0xc4, 0x17, 0xdf, 0xd4, 0x40, 0x1e,
    0x82, 0x46, 0x0, 0xf8, 0x40, 0xcc, 0x42, 0xb8,
    0x20, 0x18, 0xdc, 0x24, 0x3, 0xf7, 0x5f, 0x6e,
    0xac, 0x6, 0x40, 0x37, 0x4, 0x10, 0x7, 0xe1,
    0x41, 0x0, 0x21, 0x81, 0x80, 0x4e, 0x46, 0xe0,
    0x1f, 0x97, 0xb8, 0x20, 0x1f, 0x8a, 0x3, 0x80,
    0x3f, 0x9c, 0x45, 0x62, 0xc, 0x61, 0xa0, 0xe,
    0x8, 0x22, 0x57, 0x7f, 0x51, 0x0, 0xa, 0x1,
    0x7b, 0xe4, 0xd, 0x81, 0xcc, 0x9c, 0xb5, 0x44,
    0x5, 0x74, 0xc0, 0xf, 0x68, 0x20, 0x4f, 0x80,
    0x50, 0x1c, 0x10, 0x0, 0xbf, 0xb0, 0x4, 0x80,
    0x49, 0x7d, 0xfb, 0x0, 0x9, 0x7, 0x30, 0x60,
    0x44, 0x2, 0x28, 0x38, 0x7, 0xf9, 0x90, 0xa0,
    0x0, 0xc0, 0xc0, 0x13, 0x3, 0x0, 0x7f, 0xc,
    0x84, 0x80, 0x50, 0x5, 0x8f, 0x66, 0x10, 0x1,
    0xfd, 0x40, 0xc8, 0x1, 0x15, 0x1, 0xc2, 0x4,
    0x98, 0x7, 0xe5, 0x41, 0x90, 0xc, 0xb4, 0x8,
    0xe8, 0x12, 0xc0, 0x1f, 0xd, 0x85, 0x0, 0x75,
    0x83, 0x5c, 0x5b, 0x84, 0x80, 0x7d, 0x62, 0xa8,
    0x1, 0x84, 0x41, 0xe0, 0x16, 0x80, 0x4, 0x3,
    0xd8, 0x56, 0x1, 0xc2, 0x20, 0xb2, 0x2, 0x80,
    0x0, 0x80, 0x79, 0xb4, 0x40, 0x3d, 0x0, 0x5b,
    0xfa, 0x41, 0x20, 0x1f, 0xfc, 0x46, 0xb4, 0x10,
    0x14, 0xb6, 0x0,

    /* U+215E "⅞" */
    0x9f, 0xff, 0xe1, 0x0, 0xff, 0xe5, 0x8, 0x7,
    0xff, 0x2, 0x7f, 0xfc, 0x61, 0x0, 0x1d, 0x6c,
    0x1, 0xff, 0xc0, 0x63, 0x17, 0x0, 0xcc, 0x96,
    0x1, 0xff, 0xc, 0x5, 0x80, 0x62, 0x90, 0xe0,
    0xf, 0xfa, 0x4, 0xd4, 0x3, 0x48, 0x39, 0x80,
    0x7f, 0x89, 0x82, 0x0, 0x33, 0x21, 0x40, 0x7,
    0xfd, 0xc0, 0x88, 0x0, 0x86, 0x43, 0x80, 0x3f,
    0xe5, 0x30, 0x90, 0xd, 0x60, 0xc6, 0x1, 0xff,
    0x58, 0x31, 0x0, 0x4a, 0xa1, 0x90, 0x3b, 0xef,
    0xd9, 0x10, 0xa, 0x4, 0x20, 0x2, 0x1b, 0xa,
    0x4, 0xc4, 0x10, 0x26, 0xc1, 0x0, 0x65, 0xe0,
    0x80, 0x56, 0x2a, 0x81, 0x20, 0x3b, 0xf2, 0x4,
    0xc0, 0x4, 0x41, 0x80, 0x48, 0xa3, 0x60, 0x2,
    0x6, 0x20, 0x62, 0xd, 0x0, 0xfd, 0x41, 0x62,
    0x0, 0x20, 0x20, 0x8, 0xc0, 0x80, 0x3e, 0x91,
    0x45, 0x0, 0xa4, 0x16, 0x9f, 0x4, 0x52, 0x1,
    0xe3, 0x60, 0xa0, 0xc, 0x8e, 0xb, 0x6, 0x1a,
    0x20, 0x1e, 0xe0, 0x91, 0x0, 0xd0, 0xe0, 0xae,
    0x61, 0x86, 0x1, 0xd0, 0x46, 0xc0, 0x18, 0x9c,
    0x26, 0xa3, 0x10, 0x3c, 0x3, 0x1b, 0x87, 0x0,
    0x73, 0x0, 0x14, 0x2, 0x30, 0x20, 0xc, 0x29,
    0x4, 0x1, 0xcc, 0x0, 0x81, 0x3, 0x60, 0x20,
    0xc, 0x56, 0xe0, 0x1e, 0x26, 0x4, 0xef, 0xc1,
    0x8, 0x0, 0xff, 0xe1, 0x4d, 0x18, 0x0, 0x57,
    0x10,

    /* U+2202 "∂" */
    0x0, 0x85, 0x62, 0xa9, 0x2a, 0x20, 0x1f, 0x3f,
    0x53, 0xaa, 0x9a, 0xb9, 0xc0, 0x3d, 0xe0, 0x10,
    0x88, 0x2, 0x8a, 0x0, 0xec, 0x8d, 0xfe, 0xe9,
    0x80, 0xb, 0x0, 0x19, 0x1c, 0x80, 0x21, 0x9a,
    0x0, 0x39, 0x0, 0x7f, 0xca, 0xc0, 0xb, 0x0,
    0xff, 0xe0, 0x40, 0x1, 0x80, 0x3f, 0xf8, 0x2,
    0xc0, 0x4, 0x0, 0xc5, 0x3b, 0xfe, 0xc7, 0x1d,
    0x0, 0x18, 0x5, 0x1a, 0xc4, 0x0, 0x38, 0xf1,
    0x0, 0x68, 0x2, 0x1c, 0x0, 0x91, 0x2e, 0x43,
    0x40, 0x6, 0x3, 0x70, 0x5, 0x5b, 0xb4, 0x6c,
    0x80, 0x42, 0x12, 0x0, 0x85, 0x0, 0xe6, 0x70,
    0x1, 0x82, 0x80, 0x1c, 0x3, 0xe9, 0x0, 0x88,
    0x0, 0x60, 0x1f, 0x84, 0x2, 0x10, 0x3, 0x0,
    0x7f, 0xc6, 0x1, 0x8, 0x7, 0xe1, 0x0, 0x30,
    0x80, 0x1c, 0x3, 0xf2, 0x80, 0xc, 0x80, 0x6,
    0x1, 0xfb, 0x0, 0x18, 0xa, 0x0, 0x60, 0xf,
    0x98, 0x5, 0x2, 0x40, 0x10, 0x40, 0x1d, 0x22,
    0x12, 0x0, 0x36, 0x1, 0xc6, 0x11, 0x1d, 0x30,
    0x1b, 0x80, 0x52, 0xa0, 0x33, 0xdc, 0xc5, 0x2,
    0xd0, 0xe, 0xaa, 0x10, 0x7, 0x3e, 0x88, 0x7,
    0x97, 0x75, 0x75, 0x9f, 0x0, 0x18,

    /* U+2206 "∆" */
    0x0, 0xfe, 0x2f, 0xf7, 0x0, 0x7f, 0xf1, 0xa8,
    0x0, 0x2a, 0x1, 0xff, 0xc5, 0x70, 0xa, 0x40,
    0x3f, 0xf8, 0x8e, 0x0, 0x10, 0x33, 0x0, 0x7f,
    0xf0, 0xe8, 0x1, 0x40, 0xa, 0x0, 0xff, 0xe1,
    0x21, 0x3, 0x21, 0x3, 0x0, 0x7f, 0xf0, 0xbc,
    0x1, 0x61, 0x60, 0x6, 0x0, 0xff, 0xe0, 0x12,
    0x2, 0x10, 0x38, 0x2, 0xc0, 0x3f, 0xf8, 0x16,
    0x0, 0xf0, 0x0, 0xa8, 0x12, 0x0, 0x7f, 0x85,
    0x80, 0x90, 0x2, 0x90, 0x7, 0x0, 0x7f, 0x98,
    0x1, 0x40, 0x18, 0xc8, 0x14, 0x40, 0x3f, 0xa4,
    0x0, 0xc0, 0x1d, 0x40, 0x6, 0x0, 0xfc, 0xa2,
    0xc, 0x20, 0x1c, 0xc0, 0x9, 0x0, 0xfd, 0x20,
    0xa, 0x0, 0xf0, 0xa8, 0xa, 0x0, 0x78, 0xcc,
    0x6, 0x60, 0xf, 0xb8, 0x1, 0xe0, 0x1e, 0x90,
    0x4, 0x80, 0x7e, 0x42, 0x4, 0x20, 0xc, 0x2a,
    0x2, 0xa0, 0x1f, 0xd4, 0x0, 0xa0, 0xd, 0x20,
    0x9, 0x0, 0xff, 0x30, 0x1, 0x80, 0x33, 0x0,
    0x18, 0x3, 0xfc, 0x2a, 0x2, 0xa0, 0x6, 0x10,
    0x27, 0x66, 0xff, 0x80, 0x29, 0x0, 0x58, 0x0,
    0xa6, 0x7f, 0xf8, 0xa, 0x0, 0x33, 0x21, 0x0,
    0x7f, 0xf1, 0xe8,

    /* U+220F "∏" */
    0x2f, 0xff, 0xfe, 0x26, 0x0, 0x7f, 0xf1, 0x44,
    0x2, 0x29, 0x9f, 0xf4, 0x0, 0x78, 0x59, 0xbf,
    0xe0, 0xf, 0xff, 0xf8, 0x7, 0xff, 0xfc, 0x3,
    0xff, 0xfe, 0x1, 0xff, 0xff, 0x0, 0xff, 0xff,
    0x80, 0x7f, 0xf3, 0xb, 0x76, 0x0, 0xff, 0xe,
    0xeb, 0x0,

    /* U+2211 "∑" */
    0xaf, 0xff, 0xfe, 0x1d, 0x0, 0x80, 0x7f, 0xf0,
    0xc4, 0x30, 0x2, 0x89, 0x9f, 0xfb, 0xc1, 0xd4,
    0x1, 0xac, 0xdf, 0xf2, 0x0, 0x28, 0xc1, 0x60,
    0x3, 0xff, 0x85, 0xa2, 0xe, 0xa0, 0x1f, 0xfc,
    0x11, 0xd0, 0x5, 0x18, 0x7, 0xff, 0x4, 0xe8,
    0x1, 0xa2, 0x1, 0xff, 0xc1, 0x57, 0x1, 0xd0,
    0xf, 0xfe, 0x14, 0x28, 0x1c, 0x80, 0x7f, 0xf0,
    0xa8, 0xc1, 0x98, 0x1, 0xff, 0xc2, 0xd1, 0x9,
    0x40, 0xf, 0xfe, 0x8, 0xe8, 0x2, 0x88, 0x3,
    0xff, 0x82, 0x72, 0x3, 0xc0, 0x1f, 0xfc, 0x2b,
    0x0, 0x48, 0x7, 0xff, 0x6, 0xc8, 0x1d, 0x40,
    0x3f, 0xf8, 0x12, 0x80, 0x90, 0x1, 0xff, 0xc0,
    0x66, 0x1, 0x58, 0x7, 0xff, 0x1, 0x24, 0x7,
    0xc0, 0x3f, 0xf8, 0x5, 0x60, 0xd, 0x20, 0xf,
    0xf8, 0x7c, 0x1, 0x26, 0x1, 0xff, 0xc0, 0xd2,
    0x6, 0x60, 0x7, 0xff, 0x2, 0x4c, 0x12, 0x40,
    0x3f, 0xf8, 0xe, 0xc0, 0x54, 0x1, 0xff, 0xc0,
    0x48, 0x0, 0x41, 0x91, 0x7f, 0xf0, 0x3c, 0x2,
    0xad, 0xdf, 0xfe, 0x6, 0x0, 0x7f, 0xf1, 0xa7,
    0x33, 0xff, 0x8a,

    /* U+2212 "−" */
    0x16, 0x6f, 0xfe, 0x9, 0xcc, 0xff, 0xf0, 0x20,
    0x3, 0xff, 0x82, 0x60,

    /* U+221A "√" */
    0x0, 0xff, 0xe1, 0xc6, 0x60, 0xc0, 0x3f, 0xf8,
    0x42, 0xe6, 0x46, 0x1, 0xff, 0xc2, 0x70, 0x3,
    0x0, 0x7f, 0xf0, 0xe8, 0x1, 0x40, 0x1f, 0xfc,
    0x22, 0x30, 0x22, 0x0, 0x7f, 0xf0, 0x94, 0x1,
    0x40, 0x1f, 0xfc, 0x3a, 0x0, 0x30, 0x7, 0xff,
    0x8, 0xc8, 0x10, 0x40, 0x3f, 0xf8, 0x54, 0x0,
    0xe0, 0xf, 0xfe, 0x1b, 0x80, 0xa8, 0x6, 0x33,
    0x22, 0xc, 0x3, 0x90, 0x41, 0xc0, 0x3b, 0x31,
    0x76, 0xc2, 0x0, 0xdc, 0x0, 0xa0, 0xf, 0xf5,
    0x0, 0x42, 0xa0, 0x46, 0x1, 0xdb, 0xac, 0x0,
    0x30, 0x4, 0xe0, 0xa, 0x0, 0xf1, 0x10, 0xd8,
    0x5, 0x0, 0x14, 0x0, 0x60, 0xf, 0xea, 0x0,
    0x70, 0x11, 0x82, 0x8, 0x7, 0xf1, 0x90, 0x28,
    0x28, 0x3, 0x80, 0x3f, 0xeb, 0x0, 0x35, 0x0,
    0x14, 0x3, 0xfe, 0x70, 0x4, 0x10, 0x30, 0x7,
    0xff, 0x0, 0x54, 0x4, 0x1, 0x40, 0x1f, 0xfc,
    0x1e, 0x0, 0x88, 0xc0, 0x3f, 0xf8, 0x28, 0x40,
    0xa, 0x0, 0xff, 0xe1, 0xd0, 0x1, 0x80, 0x3f,
    0xf8, 0x6f, 0xfe, 0x10, 0xf, 0xc0,

    /* U+221E "∞" */
    0x0, 0xf0, 0x99, 0x0, 0x7f, 0xf0, 0x8, 0xc8,
    0x3, 0xfc, 0xbb, 0xd9, 0xbf, 0x64, 0x1, 0xe1,
    0x9f, 0xdc, 0xde, 0x80, 0xf, 0xaa, 0x84, 0x1,
    0x93, 0x58, 0x3, 0x1f, 0xb0, 0x6, 0x17, 0xd2,
    0x0, 0xd4, 0xa0, 0x53, 0x98, 0x80, 0x4, 0xa8,
    0x0, 0xb4, 0x41, 0xaf, 0x6d, 0x0, 0xb0, 0x40,
    0xa, 0xa0, 0x3c, 0x63, 0x33, 0xe9, 0x5, 0x8,
    0x70, 0x85, 0xca, 0x12, 0x5b, 0x80, 0xd0, 0x2,
    0x0, 0x1c, 0x20, 0x18, 0xbc, 0x1, 0x6c, 0x61,
    0x28, 0x1, 0xd0, 0x40, 0x86, 0x62, 0x4, 0x20,
    0xf, 0x13, 0x82, 0xc0, 0x1b, 0x0, 0x7d, 0x60,
    0xa, 0x40, 0x6, 0x80, 0x7e, 0x90, 0x0, 0x84,
    0x0, 0x7e, 0x70, 0x2, 0xf0, 0x0, 0x80, 0x3f,
    0xa, 0x80, 0x5, 0x0, 0x3f, 0x8, 0x0, 0xcc,
    0x0, 0x70, 0xf, 0xec, 0x0, 0x20, 0x7, 0xf8,
    0x40, 0x39, 0xc0, 0x3f, 0xbc, 0x0, 0xe0, 0x1f,
    0xe1, 0x0, 0x10, 0x0, 0x80, 0x3f, 0x98, 0x0,
    0x46, 0x1, 0xf8, 0x40, 0x5, 0x80, 0xc, 0x0,
    0xfc, 0xe0, 0x1a, 0x0, 0x3f, 0x20, 0x1, 0x10,
    0x20, 0xa2, 0x1, 0xe1, 0x80, 0x48, 0x4, 0x50,
    0xf, 0xa4, 0x1, 0x41, 0x0, 0xa, 0x0, 0xe1,
    0xd0, 0x4, 0xb9, 0x5, 0x18, 0x7, 0x39, 0x82,
    0x18, 0x31, 0x82, 0x62, 0x8, 0x97, 0xcc, 0x24,
    0x83, 0x80, 0x18, 0xe4, 0x27, 0x30, 0x0, 0x90,
    0xb, 0x4c, 0xe, 0xfb, 0x94, 0x20, 0xec, 0x0,
    0x3b, 0x0, 0x46, 0xf6, 0x30, 0xe, 0x10, 0x4,
    0x39, 0x2, 0x1, 0x8a, 0xe0, 0x3, 0x26, 0xa8,
    0x7, 0x37, 0x98, 0x7, 0x9f, 0xb2, 0xed, 0xba,
    0x40, 0xf, 0x15, 0x75, 0xd6, 0x7c, 0x88, 0x4,

    /* U+222B "∫" */
    0x0, 0xfc, 0x28, 0xa6, 0x1, 0xf1, 0x5f, 0x5d,
    0x62, 0x80, 0x70, 0xe2, 0x0, 0x66, 0x0, 0xe8,
    0x10, 0x2b, 0xee, 0x18, 0x7, 0x38, 0x3, 0xd0,
    0x44, 0x1, 0xe1, 0x1, 0x20, 0xf, 0xc2, 0x0,
    0x30, 0xf, 0xff, 0xf8, 0x7, 0xff, 0xfc, 0x3,
    0xff, 0xfe, 0x1, 0xff, 0xd6, 0x10, 0xf, 0xe3,
    0x0, 0xff, 0xe0, 0x50, 0x1, 0x40, 0x3d, 0x10,
    0xb7, 0x0, 0x50, 0x7, 0x99, 0xd0, 0x0, 0xe6,
    0x1, 0xe5, 0x22, 0x2d, 0xc0, 0x7, 0x80,

    /* U+2248 "≈" */
    0x0, 0x35, 0xe5, 0xb0, 0x7, 0xc2, 0x5, 0xb2,
    0x86, 0x93, 0xcc, 0x1, 0x8f, 0x6, 0x88, 0x0,
    0x20, 0x1, 0x9e, 0xa9, 0xbc, 0x20, 0xf2, 0xaf,
    0xef, 0xb3, 0x1, 0x56, 0x40, 0x21, 0x3c, 0x50,
    0x9, 0x32, 0xd0, 0x2, 0x6c, 0x4, 0x10, 0xf,
    0x25, 0xff, 0x7c, 0x88, 0x6, 0x24, 0x20, 0xe,
    0x10, 0xe, 0x6e, 0xdb, 0xdd, 0x28, 0x7, 0x9c,
    0x5a, 0x44, 0x2, 0x2a, 0xd6, 0x11, 0x1d, 0x40,
    0x70, 0x14, 0x4c, 0x10, 0x14, 0xf7, 0x31, 0x40,
    0x1f, 0x3a, 0xec, 0xfb, 0x66, 0x1, 0xd0, 0x2c,
    0xc0, 0xe, 0x4c, 0xb7, 0x68, 0xd7, 0x0,

    /* U+2260 "≠" */
    0x0, 0xff, 0xe6, 0x64, 0x0, 0x7f, 0xcc, 0x62,
    0x1, 0xfe, 0x18, 0x18, 0x0, 0xff, 0x40, 0xc8,
    0x80, 0x37, 0xff, 0xe6, 0x8, 0xff, 0x18, 0x7,
    0xff, 0xa, 0xe2, 0x39, 0x0, 0xe2, 0x31, 0x33,
    0xbf, 0x28, 0x73, 0xbe, 0x10, 0xe, 0x81, 0x72,
    0x0, 0xfe, 0x27, 0x18, 0x0, 0xf3, 0xcc, 0xdc,
    0x5, 0x33, 0xe1, 0xa6, 0x68, 0xc0, 0xd9, 0xbc,
    0x42, 0x1, 0xff, 0xc0, 0x1c, 0xf8, 0x6, 0xff,
    0xfc, 0x40, 0x30, 0x30, 0x1, 0xfe, 0x80, 0x81,
    0x0, 0xff, 0x43, 0xb0, 0x7, 0xf8,

    /* U+2264 "≤" */
    0x0, 0xff, 0xe6, 0x8c, 0x60, 0x7, 0xf1, 0xd7,
    0x39, 0x0, 0x7c, 0xdb, 0x8a, 0x0, 0x20, 0xc,
    0x53, 0xf2, 0x40, 0x2d, 0x98, 0x0, 0x25, 0xeb,
    0x0, 0x12, 0xba, 0x4c, 0x1, 0xb6, 0x80, 0x51,
    0xd6, 0xa0, 0x1c, 0x40, 0x4, 0xf7, 0x10, 0xf,
    0xa0, 0x41, 0x37, 0x18, 0x40, 0x3c, 0xfd, 0x46,
    0x7, 0x3d, 0x6a, 0x1, 0xe5, 0xcd, 0x60, 0x2,
    0x57, 0xc9, 0x80, 0x71, 0x4f, 0xc9, 0x0, 0x1b,
    0x40, 0x3f, 0x36, 0xda, 0x0, 0x7f, 0xf0, 0x12,
    0xf6, 0x40, 0x3f, 0xf8, 0x4, 0xe0, 0xcd, 0xff,
    0xc1, 0x9, 0x9f, 0xfe, 0x8, 0x7, 0xff, 0x8,

    /* U+2265 "≥" */
    0x30, 0xf, 0xfe, 0xe, 0xe9, 0x84, 0x3, 0xfe,
    0x29, 0xea, 0x30, 0xf, 0xd0, 0x60, 0x5, 0xcd,
    0x61, 0x0, 0xe6, 0xcd, 0x72, 0x2, 0x9e, 0xa3,
    0x0, 0xe2, 0x8d, 0xc6, 0x10, 0x5c, 0xd6, 0x0,
    0xf1, 0xcf, 0x5a, 0x81, 0x4b, 0x80, 0x7e, 0x11,
    0x0, 0x7f, 0x24, 0xfd, 0x20, 0x1c, 0xb8, 0x0,
    0xa3, 0xad, 0x80, 0xd, 0x98, 0x60, 0x6c, 0xd7,
    0x10, 0x29, 0xf9, 0x30, 0xa, 0xc, 0x0, 0xb9,
    0xac, 0x1, 0xf1, 0x4f, 0x51, 0x80, 0x7e, 0xdd,
    0x30, 0x80, 0x7f, 0x8c, 0x3, 0xff, 0x82, 0xac,
    0xdf, 0xfc, 0x0, 0xa9, 0x9f, 0xfe, 0x0, 0x80,
    0x7f, 0xf0, 0x80,

    /* U+25A0 "■" */
    0x8b, 0xbf, 0xfe, 0x10, 0x1a, 0x27, 0xff, 0x8,
    0x3, 0xff, 0xfe, 0x1, 0xff, 0xff, 0x0, 0xff,
    0xf7, 0x80,

    /* U+25CA "◊" */
    0x0, 0xf1, 0xe6, 0x10, 0x3, 0xff, 0x81, 0xe6,
    0x69, 0x0, 0xff, 0x90, 0xc0, 0x4, 0xc0, 0x1f,
    0xe9, 0x1, 0x10, 0x40, 0x7, 0xf3, 0x10, 0x4c,
    0x0, 0xb8, 0x7, 0xe8, 0x1, 0x76, 0x20, 0x81,
    0x0, 0xf3, 0x88, 0x40, 0x2, 0x40, 0x10, 0x1,
    0xc3, 0x0, 0x4c, 0x0, 0x43, 0x6, 0x20, 0xd,
    0x0, 0x8, 0x0, 0xde, 0x0, 0x90, 0x8, 0x98,
    0xd, 0x40, 0x31, 0xa0, 0x22, 0x0, 0x12, 0x0,
    0x80, 0xf, 0x48, 0x2, 0x40, 0x90, 0xd, 0x0,
    0x3c, 0x4a, 0x4, 0x84, 0x40, 0x32, 0x0, 0xf0,
    0xa0, 0xa, 0x4, 0x80, 0x20, 0x3, 0xd2, 0x21,
    0x0, 0x4, 0x40, 0x29, 0x80, 0x61, 0x70, 0x26,
    0x0, 0xa4, 0x1, 0x0, 0x1a, 0x0, 0x10, 0x1,
    0x89, 0x81, 0x10, 0x0, 0x26, 0x3, 0x50, 0xe,
    0x80, 0x4, 0x80, 0x20, 0x1, 0xe0, 0x1e, 0x17,
    0x2, 0x52, 0x50, 0x53, 0x0, 0xfa, 0x4, 0x2e,
    0x40, 0x10, 0x1, 0xfd, 0x0, 0x28, 0xc, 0x40,
    0x1f, 0xcc, 0x40, 0x14, 0x0, 0x7f, 0xd2, 0x0,
    0x81, 0x0, 0xe0,

    /* U+25CB "○" */
    0x0, 0xc5, 0x3b, 0xdb, 0x48, 0x1, 0xf4, 0x69,
    0xdd, 0x41, 0xdd, 0x0, 0x74, 0xb6, 0x53, 0x22,
    0xce, 0xb5, 0x80, 0x48, 0xd8, 0x60, 0x1c, 0x5a,
    0xce, 0x0, 0x87, 0x20, 0xf, 0x86, 0x24, 0x0,
    0x74, 0x1, 0xfc, 0xa2, 0x86, 0x4, 0x1, 0xfe,
    0x32, 0x10, 0xf, 0xfe, 0x11, 0x1, 0x0, 0x7f,
    0x8d, 0x41, 0x2c, 0x3, 0xf9, 0x44, 0xc2, 0x18,
    0xc0, 0x3e, 0x1b, 0x90, 0x1, 0xbe, 0xa0, 0x7,
    0x16, 0x2b, 0x80, 0x51, 0x37, 0x67, 0x56, 0xad,
    0x4b, 0x0, 0xe7, 0xe3, 0xb8, 0xa3, 0xc9, 0x0,
    0x80,

    /* U+25CF "●" */
    0x0, 0xc5, 0x3b, 0xdb, 0x48, 0x1, 0xf3, 0xeb,
    0x10, 0x92, 0xdd, 0x84, 0x3, 0x44, 0x0, 0x3e,
    0x4c, 0x0, 0x91, 0xc0, 0x3f, 0x8a, 0x40, 0x10,
    0x1, 0xff, 0x30, 0x81, 0x80, 0x7f, 0xf0, 0x1c,
    0xc0, 0x3f, 0xf8, 0x3c, 0x20, 0x1f, 0xfc, 0x22,
    0x0, 0xff, 0xe0, 0xf0, 0x20, 0x7, 0xff, 0x1,
    0xc2, 0x0, 0x3f, 0xe6, 0x10, 0x38, 0x0, 0xfe,
    0x39, 0x0, 0x9e, 0x40, 0x3e, 0x5c, 0x0, 0xe6,
    0xe7, 0x32, 0x36, 0xca, 0x0, 0x80,

    /* U+EE01 "" */
    0x7, 0xda, 0x1, 0x82, 0x55, 0x0, 0x61, 0x15,
    0xb4, 0xa0, 0x24, 0xb0, 0x7, 0xff, 0x8e, 0xbf,
    0x44, 0x94, 0x9, 0xc8, 0x40, 0xa, 0x1f, 0x38,
    0x60,

    /* U+EE02 "" */
    0x4f, 0xe0, 0x2, 0x7f, 0x0, 0x7f, 0xf9, 0x13,
    0xb8, 0x0, 0x4e, 0xe0,

    /* U+F6C3 "" */
    0x6, 0xbb, 0x10, 0x72, 0x20, 0x40, 0x40, 0x2,
    0xa, 0x2, 0x46, 0x60, 0x60, 0x60, 0x28, 0x5,
    0xcf, 0x0, 0x0,

    /* U+FB01 "ﬁ" */
    0x0, 0xe1, 0x7c, 0xff, 0x75, 0xb9, 0x0, 0x78,
    0xfe, 0xc, 0x0, 0x29, 0x10, 0x0, 0xf6, 0x88,
    0xa, 0xb3, 0xc, 0x34, 0x3, 0x9c, 0x40, 0xfa,
    0xa6, 0x59, 0xcc, 0x1, 0xd8, 0x0, 0x80, 0xe,
    0x11, 0x0, 0x73, 0x80, 0x14, 0x3, 0xff, 0x80,
    0x20, 0x1f, 0xfc, 0x8, 0xff, 0x10, 0x3, 0xbf,
    0xd0, 0x0, 0xbf, 0xf1, 0x80, 0x7f, 0xf1, 0x27,
    0x30, 0x40, 0xb, 0xcc, 0x48, 0x7, 0x84, 0xcc,
    0x1, 0x29, 0x98, 0x40, 0x3f, 0xff, 0xe0, 0x1f,
    0xff, 0xf0, 0xf, 0xff, 0xa0,

    /* U+FB02 "ﬂ" */
    0x0, 0xf3, 0xe7, 0xfb, 0xb2, 0x9c, 0xc0, 0x38,
    0x76, 0xc, 0x0, 0x26, 0xb1, 0x94, 0x1, 0xac,
    0x80, 0xd, 0x10, 0x63, 0x0, 0xf0, 0xa8, 0x3,
    0x65, 0xdd, 0x3e, 0x1, 0xe5, 0x0, 0x29, 0x0,
    0x7f, 0xc2, 0x0, 0x20, 0xf, 0xfe, 0x1, 0x80,
    0x7f, 0xf0, 0x7f, 0xd2, 0x0, 0x7f, 0xf8, 0x40,
    0x3f, 0xf9, 0x59, 0x87, 0x0, 0x36, 0x64, 0x20,
    0x1e, 0x33, 0x70, 0x0, 0x4c, 0xe0, 0xf, 0xff,
    0xf8, 0x7, 0xff, 0xfc, 0x3, 0xff, 0xe8,

    /* U+FB03 "ﬃ" */
    0x0, 0xf3, 0xe7, 0xfb, 0x84, 0x2, 0x3a, 0xef,
    0xf6, 0xd2, 0x80, 0x78, 0x76, 0xc, 0x0, 0x20,
    0x14, 0x62, 0x88, 0x0, 0x96, 0x90, 0x3, 0xac,
    0x80, 0xd, 0xe, 0x20, 0xae, 0x0, 0x58, 0x83,
    0x98, 0x20, 0x6, 0x15, 0x0, 0x6c, 0xbc, 0x0,
    0x20, 0x1, 0x54, 0x77, 0x46, 0x70, 0x7, 0x28,
    0x1, 0x48, 0x3, 0x9, 0x1, 0x28, 0x7, 0x8,
    0x7, 0x8, 0x0, 0x80, 0x38, 0x80, 0xe, 0x1,
    0xff, 0xc0, 0x30, 0xf, 0xfe, 0x57, 0xfa, 0x40,
    0xf, 0xff, 0xd8, 0x0, 0x5f, 0xf8, 0x40, 0x7f,
    0xd8, 0x1, 0xff, 0xce, 0xcc, 0x38, 0x1, 0xb3,
    0x3a, 0x40, 0x9, 0x99, 0x8, 0x7, 0x8c, 0xdc,
    0x0, 0x13, 0x3e, 0x50, 0x0, 0x99, 0xc0, 0x1f,
    0xff, 0xf0, 0xf, 0xff, 0xf8, 0x7, 0xff, 0xfc,
    0x3, 0xff, 0xfe, 0x1, 0xff, 0xd3,

    /* U+FB04 "ﬄ" */
    0x0, 0xf3, 0xe7, 0xfb, 0x84, 0x2, 0x6b, 0xef,
    0xf6, 0xd3, 0xa0, 0x80, 0x61, 0xd8, 0x30, 0x0,
    0x80, 0x57, 0x28, 0x20, 0x2, 0x58, 0xbd, 0x0,
    0xd6, 0x40, 0x6, 0x87, 0x10, 0x84, 0x0, 0x2c,
    0x41, 0xd0, 0x3, 0xc2, 0xa0, 0xd, 0x97, 0x80,
    0x3, 0x0, 0x2e, 0x9d, 0xd1, 0x40, 0x1e, 0x50,
    0x2, 0x90, 0x6, 0x21, 0x3, 0x40, 0xf, 0xf8,
    0x40, 0x4, 0x1, 0xc2, 0x0, 0x60, 0xf, 0xfe,
    0x1, 0x80, 0x7f, 0xf2, 0xbf, 0xd2, 0x0, 0x7f,
    0xfe, 0xc0, 0x2, 0xff, 0xc8, 0x1, 0xff, 0xd3,
    0xcc, 0x38, 0x1, 0xb3, 0x3a, 0x40, 0x9, 0x99,
    0x20, 0x7, 0x8c, 0xdc, 0x0, 0x13, 0x3e, 0x50,
    0x0, 0x99, 0xc0, 0x1f, 0xff, 0xf0, 0xf, 0xff,
    0xf8, 0x7, 0xff, 0xfc, 0x3, 0xff, 0xfe, 0x1,
    0xff, 0xd3,

    /* U+FEFF "﻿" */

    /* U+FFFC "￼" */
    0x8c, 0xcc, 0x21, 0x79, 0x92, 0x5, 0xe6, 0x4a,
    0xb, 0x99, 0x58, 0x16, 0x66, 0x83, 0x3f, 0x2,
    0x19, 0xc4, 0xa, 0x67, 0x80, 0xcf, 0x28, 0x9,
    0x9e, 0x20, 0x7, 0x7f, 0x88, 0x3f, 0xf3, 0x7,
    0x7f, 0xcc, 0xd, 0xff, 0x70, 0x1f, 0xfb, 0x80,
    0x3f, 0xfa, 0xb8, 0x82, 0x1, 0xff, 0xcd, 0x14,
    0xd7, 0xb0, 0xf, 0xfe, 0x7d, 0xb8, 0x88, 0x3,
    0xff, 0x9e, 0x22, 0xae, 0x10, 0xf, 0xfe, 0x68,
    0xf5, 0x80, 0x7f, 0xfc, 0x8c, 0x80, 0x38, 0xcc,
    0x20, 0x12, 0x26, 0x10, 0xf, 0x90, 0x80, 0x4,
    0x48, 0xd1, 0x0, 0x27, 0x66, 0xf4, 0x80, 0xdd,
    0xee, 0x70, 0xf, 0x55, 0x0, 0x76, 0x8, 0xc0,
    0x3, 0x6f, 0xfd, 0x6c, 0xe0, 0xd, 0xfe, 0x38,
    0x0, 0xff, 0x19, 0x4e, 0x8, 0x20, 0x40, 0x1,
    0x11, 0x60, 0x18, 0x40, 0x40, 0x3f, 0x87, 0x20,
    0x3, 0x18, 0x8, 0x4, 0x22, 0x0, 0x7e, 0xf1,
    0xe8, 0x7, 0xff, 0x2c, 0x40, 0x11, 0x34, 0x7a,
    0x20, 0x1f, 0xf6, 0x20, 0x81, 0x1, 0x0, 0x4c,
    0xc0, 0x3, 0xa2, 0x24, 0x50, 0xac, 0x80, 0x3,
    0xe0, 0x29, 0xaf, 0x60, 0x4, 0x3e, 0x32, 0x83,
    0x90, 0x3, 0x99, 0xb8, 0x1c, 0x96, 0x4e, 0x1,
    0x0, 0x16, 0xf1, 0x80, 0x16, 0x27, 0x79, 0xe1,
    0x88, 0xa3, 0xb8, 0x36, 0x41, 0x83, 0xe7, 0x66,
    0x0, 0xc7, 0x33, 0x8, 0x5, 0x1b, 0xab, 0x30,
    0x7, 0x6e, 0xd4, 0x80, 0x2, 0xac, 0xb4, 0x0,
    0x9, 0xe8, 0x7, 0xff, 0xca, 0xb4, 0x40, 0x3f,
    0xf9, 0xa3, 0xb6, 0x24, 0x1, 0xff, 0xcf, 0x21,
    0x9e, 0x10, 0xf, 0xfe, 0x68, 0xf4, 0x90, 0x80,
    0x7f, 0xf3, 0xc4, 0xc0, 0x3f, 0xfa, 0xb5, 0x76,
    0x10, 0xab, 0xb9, 0x2, 0xae, 0xe4, 0x4, 0xbb,
    0xa8, 0xa, 0xed, 0x40, 0x19, 0x12, 0x30, 0x54,
    0x48, 0x81, 0x13, 0x10, 0x12, 0x26, 0x1, 0x44,
    0x80, 0x17, 0xff, 0x88, 0x3f, 0xf3, 0x7, 0x7f,
    0xcc, 0xd, 0xff, 0x70, 0x1f, 0xfe, 0xa0,

    /* U+FFFD "�" */
    0x0, 0xff, 0xff, 0x80, 0x7f, 0xff, 0xc0, 0x3f,
    0xff, 0xe0, 0x1f, 0xfd, 0xa1, 0x0, 0xff, 0xe8,
    0xb7, 0x18, 0x7, 0xff, 0x3d, 0xa4, 0x34, 0xc0,
    0x3f, 0xf9, 0xab, 0x20, 0x1, 0xd2, 0x0, 0xff,
    0xe5, 0xad, 0x0, 0x61, 0xc2, 0x0, 0xff, 0xe4,
    0xad, 0x0, 0x78, 0x70, 0x80, 0x3f, 0xf8, 0xe9,
    0x40, 0x1f, 0x87, 0x8, 0x3, 0xff, 0x8a, 0x96,
    0x1, 0xfe, 0x1c, 0x20, 0xf, 0xfe, 0x1a, 0x58,
    0x7, 0xff, 0x0, 0x70, 0x80, 0x3f, 0xf8, 0x29,
    0x60, 0x18, 0x5a, 0xae, 0x54, 0x3, 0xe, 0x10,
    0x7, 0xfc, 0x96, 0x1, 0x93, 0xa5, 0x51, 0xab,
    0x48, 0x2, 0x1c, 0x10, 0xf, 0xe3, 0xb0, 0xe,
    0xb0, 0x8, 0x80, 0x5, 0xc0, 0x18, 0x70, 0x40,
    0x3e, 0x3c, 0x0, 0xe5, 0x0, 0xb7, 0x56, 0x0,
    0x32, 0x0, 0xc5, 0x82, 0x1, 0xc7, 0x80, 0x1e,
    0x78, 0x85, 0x10, 0x20, 0x80, 0x18, 0x3, 0x8b,
    0x4, 0x2, 0x3c, 0x0, 0xf8, 0x9d, 0xca, 0x1,
    0x8, 0x1, 0x80, 0x3c, 0x58, 0x20, 0x7a, 0x1,
    0xff, 0xc2, 0xa0, 0x1, 0x90, 0x7, 0xc5, 0x82,
    0x20, 0xf, 0xfe, 0x8, 0xe2, 0x80, 0xf0, 0x7,
    0xf0, 0x88, 0xb0, 0x40, 0x3f, 0xec, 0x30, 0x4f,
    0x20, 0xf, 0xc7, 0x80, 0x2, 0xc1, 0x0, 0xfe,
    0x52, 0x2, 0xb1, 0x0, 0xfc, 0x78, 0x1, 0x8b,
    0x4, 0x3, 0xf9, 0x11, 0x40, 0x1f, 0xc7, 0xa0,
    0x1e, 0x2c, 0x10, 0xf, 0x96, 0xec, 0xe0, 0x1f,
    0x8b, 0x44, 0x3, 0xe2, 0xd1, 0x0, 0xf3, 0x6e,
    0xa4, 0x3, 0xe2, 0xc1, 0x0, 0xfe, 0x3d, 0x0,
    0xf0, 0x91, 0xc, 0x3, 0xc5, 0x82, 0x1, 0xff,
    0x1e, 0x0, 0x70, 0x99, 0x88, 0x3, 0x8b, 0x4,
    0x3, 0xff, 0x82, 0x78, 0x1, 0x9b, 0x31, 0x0,
    0x18, 0xb0, 0x40, 0x3f, 0xf8, 0x67, 0x80, 0x1f,
    0xe2, 0xc1, 0x0, 0xff, 0xe2, 0x9d, 0x80, 0x7e,
    0x2c, 0x10, 0xf, 0xfe, 0x3a, 0x58, 0x7, 0x87,
    0xc4, 0x3, 0xff, 0x92, 0x96, 0x1, 0x87, 0x8,
    0x3, 0xff, 0x96, 0x96, 0x0, 0x1c, 0x20, 0xf,
    0xfe, 0x6a, 0x50, 0xe1, 0x0, 0x7f, 0xf3, 0xd7,
    0x88, 0x3, 0xff, 0xfe, 0x1, 0xff, 0xd4
};


/*---------------------
 *  GLYPH DESCRIPTION
 *--------------------*/

static const lv_font_fmt_txt_glyph_dsc_t glyph_dsc[] = {
    {.bitmap_index = 0, .adv_w = 0, .box_w = 0, .box_h = 0, .ofs_x = 0, .ofs_y = 0} /* id = 0 reserved */,
    {.bitmap_index = 0, .adv_w = 127, .box_w = 0, .box_h = 0, .ofs_x = 0, .ofs_y = 0},
    {.bitmap_index = 0, .adv_w = 132, .box_w = 4, .box_h = 22, .ofs_x = 2, .ofs_y = 0},
    {.bitmap_index = 33, .adv_w = 164, .box_w = 7, .box_h = 8, .ofs_x = 2, .ofs_y = 15},
    {.bitmap_index = 57, .adv_w = 315, .box_w = 19, .box_h = 22, .ofs_x = 1, .ofs_y = 0},
    {.bitmap_index = 209, .adv_w = 288, .box_w = 16, .box_h = 30, .ofs_x = 1, .ofs_y = -3},
    {.bitmap_index = 377, .adv_w = 375, .box_w = 22, .box_h = 22, .ofs_x = 1, .ofs_y = 0},
    {.bitmap_index = 562, .adv_w = 319, .box_w = 19, .box_h = 22, .ofs_x = 1, .ofs_y = 0},
    {.bitmap_index = 737, .adv_w = 90, .box_w = 3, .box_h = 8, .ofs_x = 1, .ofs_y = 15},
    {.bitmap_index = 749, .adv_w = 175, .box_w = 9, .box_h = 34, .ofs_x = 2, .ofs_y = -8},
    {.bitmap_index = 864, .adv_w = 178, .box_w = 9, .box_h = 34, .ofs_x = 0, .ofs_y = -8},
    {.bitmap_index = 981, .adv_w = 221, .box_w = 14, .box_h = 14, .ofs_x = 0, .ofs_y = 8},
    {.bitmap_index = 1058, .adv_w = 291, .box_w = 16, .box_h = 17, .ofs_x = 1, .ofs_y = 2},
    {.bitmap_index = 1100, .adv_w = 101, .box_w = 5, .box_h = 8, .ofs_x = 0, .ofs_y = -5},
    {.bitmap_index = 1118, .adv_w = 142, .box_w = 9, .box_h = 3, .ofs_x = 0, .ofs_y = 8},
    {.bitmap_index = 1126, .adv_w = 135, .box_w = 4, .box_h = 4, .ofs_x = 2, .ofs_y = 0},
    {.bitmap_index = 1135, .adv_w = 211, .box_w = 13, .box_h = 25, .ofs_x = 0, .ofs_y = -3},
    {.bitmap_index = 1235, .adv_w = 288, .box_w = 16, .box_h = 22, .ofs_x = 1, .ofs_y = 0},
    {.bitmap_index = 1363, .adv_w = 288, .box_w = 10, .box_h = 22, .ofs_x = 2, .ofs_y = 0},
    {.bitmap_index = 1398, .adv_w = 288, .box_w = 16, .box_h = 22, .ofs_x = 1, .ofs_y = 0},
    {.bitmap_index = 1523, .adv_w = 288, .box_w = 15, .box_h = 22, .ofs_x = 1, .ofs_y = 0},
    {.bitmap_index = 1661, .adv_w = 288, .box_w = 18, .box_h = 22, .ofs_x = 0, .ofs_y = 0},
    {.bitmap_index = 1764, .adv_w = 288, .box_w = 15, .box_h = 22, .ofs_x = 2, .ofs_y = 0},
    {.bitmap_index = 1891, .adv_w = 288, .box_w = 15, .box_h = 22, .ofs_x = 2, .ofs_y = 0},
    {.bitmap_index = 2028, .adv_w = 288, .box_w = 16, .box_h = 22, .ofs_x = 1, .ofs_y = 0},
    {.bitmap_index = 2132, .adv_w = 288, .box_w = 16, .box_h = 22, .ofs_x = 1, .ofs_y = 0},
    {.bitmap_index = 2290, .adv_w = 288, .box_w = 15, .box_h = 22, .ofs_x = 1, .ofs_y = 0},
    {.bitmap_index = 2430, .adv_w = 124, .box_w = 4, .box_h = 17, .ofs_x = 2, .ofs_y = 0},
    {.bitmap_index = 2451, .adv_w = 108, .box_w = 6, .box_h = 22, .ofs_x = 0, .ofs_y = -5},
    {.bitmap_index = 2492, .adv_w = 260, .box_w = 13, .box_h = 14, .ofs_x = 1, .ofs_y = 3},
    {.bitmap_index = 2565, .adv_w = 281, .box_w = 14, .box_h = 9, .ofs_x = 2, .ofs_y = 6},
    {.bitmap_index = 2595, .adv_w = 268, .box_w = 14, .box_h = 14, .ofs_x = 2, .ofs_y = 3},
    {.bitmap_index = 2672, .adv_w = 242, .box_w = 13, .box_h = 22, .ofs_x = 1, .ofs_y = 0},
    {.bitmap_index = 2777, .adv_w = 460, .box_w = 27, .box_h = 28, .ofs_x = 1, .ofs_y = -6},
    {.bitmap_index = 3077, .adv_w = 334, .box_w = 21, .box_h = 22, .ofs_x = 0, .ofs_y = 0},
    {.bitmap_index = 3235, .adv_w = 319, .box_w = 17, .box_h = 22, .ofs_x = 2, .ofs_y = 0},
    {.bitmap_index = 3365, .adv_w = 333, .box_w = 19, .box_h = 22, .ofs_x = 1, .ofs_y = 0},
    {.bitmap_index = 3516, .adv_w = 336, .box_w = 18, .box_h = 22, .ofs_x = 2, .ofs_y = 0},
    {.bitmap_index = 3629, .adv_w = 291, .box_w = 16, .box_h = 22, .ofs_x = 2, .ofs_y = 0},
    {.bitmap_index = 3679, .adv_w = 283, .box_w = 15, .box_h = 22, .ofs_x = 2, .ofs_y = 0},
    {.bitmap_index = 3718, .adv_w = 349, .box_w = 19, .box_h = 22, .ofs_x = 1, .ofs_y = 0},
    {.bitmap_index = 3865, .adv_w = 365, .box_w = 19, .box_h = 22, .ofs_x = 2, .ofs_y = 0},
    {.bitmap_index = 3904, .adv_w = 139, .box_w = 4, .box_h = 22, .ofs_x = 2, .ofs_y = 0},
    {.bitmap_index = 3912, .adv_w = 283, .box_w = 16, .box_h = 22, .ofs_x = 0, .ofs_y = 0},
    {.bitmap_index = 3977, .adv_w = 321, .box_w = 19, .box_h = 22, .ofs_x = 2, .ofs_y = 0},
    {.bitmap_index = 4117, .adv_w = 276, .box_w = 15, .box_h = 22, .ofs_x = 2, .ofs_y = 0},
    {.bitmap_index = 4142, .adv_w = 447, .box_w = 24, .box_h = 22, .ofs_x = 2, .ofs_y = 0},
    {.bitmap_index = 4313, .adv_w = 365, .box_w = 19, .box_h = 22, .ofs_x = 2, .ofs_y = 0},
    {.bitmap_index = 4428, .adv_w = 352, .box_w = 20, .box_h = 22, .ofs_x = 1, .ofs_y = 0},
    {.bitmap_index = 4590, .adv_w = 323, .box_w = 18, .box_h = 22, .ofs_x = 2, .ofs_y = 0},
    {.bitmap_index = 4678, .adv_w = 352, .box_w = 20, .box_h = 26, .ofs_x = 1, .ofs_y = -4},
    {.bitmap_index = 4858, .adv_w = 316, .box_w = 18, .box_h = 22, .ofs_x = 2, .ofs_y = 0},
    {.bitmap_index = 4985, .adv_w = 304, .box_w = 17, .box_h = 22, .ofs_x = 1, .ofs_y = 0},
    {.bitmap_index = 5141, .adv_w = 306, .box_w = 19, .box_h = 22, .ofs_x = 0, .ofs_y = 0},
    {.bitmap_index = 5177, .adv_w = 332, .box_w = 17, .box_h = 22, .ofs_x = 2, .ofs_y = 0},
    {.bitmap_index = 5249, .adv_w = 326, .box_w = 20, .box_h = 22, .ofs_x = 0, .ofs_y = 0},
    {.bitmap_index = 5409, .adv_w = 454, .box_w = 28, .box_h = 22, .ofs_x = 0, .ofs_y = 0},
    {.bitmap_index = 5658, .adv_w = 321, .box_w = 20, .box_h = 22, .ofs_x = 0, .ofs_y = 0},
    {.bitmap_index = 5827, .adv_w = 308, .box_w = 19, .box_h = 22, .ofs_x = 0, .ofs_y = 0},
    {.bitmap_index = 5938, .adv_w = 307, .box_w = 17, .box_h = 22, .ofs_x = 1, .ofs_y = 0},
    {.bitmap_index = 6047, .adv_w = 136, .box_w = 7, .box_h = 31, .ofs_x = 2, .ofs_y = -5},
    {.bitmap_index = 6073, .adv_w = 210, .box_w = 13, .box_h = 25, .ofs_x = 0, .ofs_y = -3},
    {.bitmap_index = 6175, .adv_w = 136, .box_w = 7, .box_h = 31, .ofs_x = 0, .ofs_y = -5},
    {.bitmap_index = 6201, .adv_w = 214, .box_w = 12, .box_h = 11, .ofs_x = 1, .ofs_y = 11},
    {.bitmap_index = 6257, .adv_w = 231, .box_w = 15, .box_h = 3, .ofs_x = 0, .ofs_y = -2},
    {.bitmap_index = 6268, .adv_w = 158, .box_w = 8, .box_h = 5, .ofs_x = 0, .ofs_y = 19},
    {.bitmap_index = 6287, .adv_w = 279, .box_w = 15, .box_h = 17, .ofs_x = 1, .ofs_y = 0},
    {.bitmap_index = 6394, .adv_w = 288, .box_w = 15, .box_h = 23, .ofs_x = 2, .ofs_y = 0},
    {.bitmap_index = 6498, .adv_w = 268, .box_w = 15, .box_h = 17, .ofs_x = 1, .ofs_y = 0},
    {.bitmap_index = 6603, .adv_w = 289, .box_w = 15, .box_h = 23, .ofs_x = 1, .ofs_y = 0},
    {.bitmap_index = 6707, .adv_w = 272, .box_w = 15, .box_h = 17, .ofs_x = 1, .ofs_y = 0},
    {.bitmap_index = 6811, .adv_w = 178, .box_w = 12, .box_h = 24, .ofs_x = 0, .ofs_y = 0},
    {.bitmap_index = 6871, .adv_w = 288, .box_w = 15, .box_h = 23, .ofs_x = 1, .ofs_y = -6},
    {.bitmap_index = 7011, .adv_w = 282, .box_w = 14, .box_h = 23, .ofs_x = 2, .ofs_y = 0},
    {.bitmap_index = 7065, .adv_w = 125, .box_w = 4, .box_h = 22, .ofs_x = 2, .ofs_y = 0},
    {.bitmap_index = 7081, .adv_w = 123, .box_w = 8, .box_h = 28, .ofs_x = -2, .ofs_y = -6},
    {.bitmap_index = 7124, .adv_w = 260, .box_w = 15, .box_h = 23, .ofs_x = 2, .ofs_y = 0},
    {.bitmap_index = 7215, .adv_w = 125, .box_w = 4, .box_h = 23, .ofs_x = 2, .ofs_y = 0},
    {.bitmap_index = 7224, .adv_w = 449, .box_w = 24, .box_h = 17, .ofs_x = 2, .ofs_y = 0},
    {.bitmap_index = 7308, .adv_w = 283, .box_w = 14, .box_h = 17, .ofs_x = 2, .ofs_y = 0},
    {.bitmap_index = 7356, .adv_w = 292, .box_w = 16, .box_h = 17, .ofs_x = 1, .ofs_y = 0},
    {.bitmap_index = 7472, .adv_w = 288, .box_w = 15, .box_h = 23, .ofs_x = 2, .ofs_y = -6},
    {.bitmap_index = 7578, .adv_w = 291, .box_w = 15, .box_h = 23, .ofs_x = 1, .ofs_y = -6},
    {.bitmap_index = 7685, .adv_w = 174, .box_w = 9, .box_h = 17, .ofs_x = 2, .ofs_y = 0},
    {.bitmap_index = 7715, .adv_w = 264, .box_w = 14, .box_h = 17, .ofs_x = 1, .ofs_y = 0},
    {.bitmap_index = 7826, .adv_w = 168, .box_w = 10, .box_h = 21, .ofs_x = 0, .ofs_y = 0},
    {.bitmap_index = 7874, .adv_w = 282, .box_w = 14, .box_h = 17, .ofs_x = 2, .ofs_y = 0},
    {.bitmap_index = 7920, .adv_w = 248, .box_w = 15, .box_h = 17, .ofs_x = 0, .ofs_y = 0},
    {.bitmap_index = 8022, .adv_w = 385, .box_w = 24, .box_h = 17, .ofs_x = 0, .ofs_y = 0},
    {.bitmap_index = 8197, .adv_w = 254, .box_w = 16, .box_h = 17, .ofs_x = 0, .ofs_y = 0},
    {.bitmap_index = 8310, .adv_w = 242, .box_w = 15, .box_h = 23, .ofs_x = 0, .ofs_y = -6},
    {.bitmap_index = 8443, .adv_w = 254, .box_w = 14, .box_h = 17, .ofs_x = 1, .ofs_y = 0},
    {.bitmap_index = 8521, .adv_w = 173, .box_w = 10, .box_h = 31, .ofs_x = 1, .ofs_y = -6},
    {.bitmap_index = 8624, .adv_w = 125, .box_w = 4, .box_h = 27, .ofs_x = 2, .ofs_y = -5},
    {.bitmap_index = 8635, .adv_w = 173, .box_w = 10, .box_h = 31, .ofs_x = 0, .ofs_y = -6},
    {.bitmap_index = 8734, .adv_w = 348, .box_w = 18, .box_h = 6, .ofs_x = 2, .ofs_y = 6},
    {.bitmap_index = 8785, .adv_w = 127, .box_w = 0, .box_h = 0, .ofs_x = 0, .ofs_y = 0},
    {.bitmap_index = 8785, .adv_w = 125, .box_w = 4, .box_h = 23, .ofs_x = 2, .ofs_y = -6},
    {.bitmap_index = 8815, .adv_w = 280, .box_w = 15, .box_h = 25, .ofs_x = 1, .ofs_y = -4},
    {.bitmap_index = 8941, .adv_w = 298, .box_w = 17, .box_h = 22, .ofs_x = 1, .ofs_y = 0},
    {.bitmap_index = 9062, .adv_w = 365, .box_w = 21, .box_h = 22, .ofs_x = 1, .ofs_y = -1},
    {.bitmap_index = 9241, .adv_w = 269, .box_w = 17, .box_h = 22, .ofs_x = 0, .ofs_y = 0},
    {.bitmap_index = 9362, .adv_w = 123, .box_w = 4, .box_h = 27, .ofs_x = 2, .ofs_y = -5},
    {.bitmap_index = 9381, .adv_w = 314, .box_w = 17, .box_h = 31, .ofs_x = 1, .ofs_y = -9},
    {.bitmap_index = 9604, .adv_w = 214, .box_w = 11, .box_h = 4, .ofs_x = 1, .ofs_y = 20},
    {.bitmap_index = 9625, .adv_w = 402, .box_w = 23, .box_h = 23, .ofs_x = 1, .ofs_y = 0},
    {.bitmap_index = 9854, .adv_w = 229, .box_w = 11, .box_h = 12, .ofs_x = 2, .ofs_y = 11},
    {.bitmap_index = 9919, .adv_w = 240, .box_w = 13, .box_h = 13, .ofs_x = 1, .ofs_y = 2},
    {.bitmap_index = 9998, .adv_w = 284, .box_w = 14, .box_h = 7, .ofs_x = 1, .ofs_y = 6},
    {.bitmap_index = 10016, .adv_w = 142, .box_w = 9, .box_h = 3, .ofs_x = 0, .ofs_y = 8},
    {.bitmap_index = 10024, .adv_w = 403, .box_w = 23, .box_h = 23, .ofs_x = 1, .ofs_y = 0},
    {.bitmap_index = 10241, .adv_w = 235, .box_w = 11, .box_h = 3, .ofs_x = 2, .ofs_y = 20},
    {.bitmap_index = 10250, .adv_w = 191, .box_w = 8, .box_h = 8, .ofs_x = 2, .ofs_y = 15},
    {.bitmap_index = 10281, .adv_w = 274, .box_w = 15, .box_h = 20, .ofs_x = 1, .ofs_y = 0},
    {.bitmap_index = 10338, .adv_w = 188, .box_w = 10, .box_h = 13, .ofs_x = 1, .ofs_y = 10},
    {.bitmap_index = 10396, .adv_w = 188, .box_w = 11, .box_h = 13, .ofs_x = 0, .ofs_y = 10},
    {.bitmap_index = 10465, .adv_w = 161, .box_w = 8, .box_h = 5, .ofs_x = 1, .ofs_y = 19},
    {.bitmap_index = 10485, .adv_w = 290, .box_w = 14, .box_h = 23, .ofs_x = 2, .ofs_y = -6},
    {.bitmap_index = 10543, .adv_w = 251, .box_w = 13, .box_h = 22, .ofs_x = 1, .ofs_y = 0},
    {.bitmap_index = 10606, .adv_w = 134, .box_w = 4, .box_h = 4, .ofs_x = 2, .ofs_y = 10},
    {.bitmap_index = 10615, .adv_w = 127, .box_w = 6, .box_h = 7, .ofs_x = 1, .ofs_y = -7},
    {.bitmap_index = 10636, .adv_w = 188, .box_w = 7, .box_h = 13, .ofs_x = 1, .ofs_y = 10},
    {.bitmap_index = 10657, .adv_w = 233, .box_w = 12, .box_h = 13, .ofs_x = 1, .ofs_y = 10},
    {.bitmap_index = 10729, .adv_w = 240, .box_w = 13, .box_h = 13, .ofs_x = 1, .ofs_y = 2},
    {.bitmap_index = 10810, .adv_w = 375, .box_w = 22, .box_h = 23, .ofs_x = 1, .ofs_y = 0},
    {.bitmap_index = 10966, .adv_w = 397, .box_w = 23, .box_h = 23, .ofs_x = 1, .ofs_y = 0},
    {.bitmap_index = 11134, .adv_w = 398, .box_w = 23, .box_h = 23, .ofs_x = 1, .ofs_y = 0},
    {.bitmap_index = 11329, .adv_w = 243, .box_w = 13, .box_h = 23, .ofs_x = 1, .ofs_y = -6},
    {.bitmap_index = 11433, .adv_w = 334, .box_w = 21, .box_h = 29, .ofs_x = 0, .ofs_y = 0},
    {.bitmap_index = 11623, .adv_w = 334, .box_w = 21, .box_h = 29, .ofs_x = 0, .ofs_y = 0},
    {.bitmap_index = 11814, .adv_w = 334, .box_w = 21, .box_h = 29, .ofs_x = 0, .ofs_y = 0},
    {.bitmap_index = 12012, .adv_w = 334, .box_w = 21, .box_h = 29, .ofs_x = 0, .ofs_y = 0},
    {.bitmap_index = 12212, .adv_w = 334, .box_w = 21, .box_h = 28, .ofs_x = 0, .ofs_y = 0},
    {.bitmap_index = 12406, .adv_w = 334, .box_w = 21, .box_h = 31, .ofs_x = 0, .ofs_y = 0},
    {.bitmap_index = 12617, .adv_w = 479, .box_w = 31, .box_h = 22, .ofs_x = -1, .ofs_y = 0},
    {.bitmap_index = 12803, .adv_w = 333, .box_w = 19, .box_h = 28, .ofs_x = 1, .ofs_y = -6},
    {.bitmap_index = 12986, .adv_w = 291, .box_w = 16, .box_h = 29, .ofs_x = 2, .ofs_y = 0},
    {.bitmap_index = 13069, .adv_w = 291, .box_w = 16, .box_h = 29, .ofs_x = 2, .ofs_y = 0},
    {.bitmap_index = 13149, .adv_w = 291, .box_w = 16, .box_h = 29, .ofs_x = 2, .ofs_y = 0},
    {.bitmap_index = 13236, .adv_w = 291, .box_w = 16, .box_h = 28, .ofs_x = 2, .ofs_y = 0},
    {.bitmap_index = 13321, .adv_w = 139, .box_w = 7, .box_h = 29, .ofs_x = -1, .ofs_y = 0},
    {.bitmap_index = 13352, .adv_w = 139, .box_w = 8, .box_h = 29, .ofs_x = 2, .ofs_y = 0},
    {.bitmap_index = 13388, .adv_w = 139, .box_w = 11, .box_h = 29, .ofs_x = -1, .ofs_y = 0},
    {.bitmap_index = 13434, .adv_w = 139, .box_w = 11, .box_h = 28, .ofs_x = -1, .ofs_y = 0},
    {.bitmap_index = 13477, .adv_w = 344, .box_w = 20, .box_h = 22, .ofs_x = 0, .ofs_y = 0},
    {.bitmap_index = 13617, .adv_w = 365, .box_w = 19, .box_h = 29, .ofs_x = 2, .ofs_y = 0},
    {.bitmap_index = 13776, .adv_w = 352, .box_w = 20, .box_h = 29, .ofs_x = 1, .ofs_y = 0},
    {.bitmap_index = 13970, .adv_w = 352, .box_w = 20, .box_h = 29, .ofs_x = 1, .ofs_y = 0},
    {.bitmap_index = 14164, .adv_w = 352, .box_w = 20, .box_h = 29, .ofs_x = 1, .ofs_y = 0},
    {.bitmap_index = 14366, .adv_w = 352, .box_w = 20, .box_h = 29, .ofs_x = 1, .ofs_y = 0},
    {.bitmap_index = 14571, .adv_w = 352, .box_w = 20, .box_h = 28, .ofs_x = 1, .ofs_y = 0},
    {.bitmap_index = 14769, .adv_w = 273, .box_w = 15, .box_h = 15, .ofs_x = 1, .ofs_y = 3},
    {.bitmap_index = 14866, .adv_w = 352, .box_w = 20, .box_h = 24, .ofs_x = 1, .ofs_y = -1},
    {.bitmap_index = 15068, .adv_w = 332, .box_w = 17, .box_h = 29, .ofs_x = 2, .ofs_y = 0},
    {.bitmap_index = 15174, .adv_w = 332, .box_w = 17, .box_h = 29, .ofs_x = 2, .ofs_y = 0},
    {.bitmap_index = 15278, .adv_w = 332, .box_w = 17, .box_h = 29, .ofs_x = 2, .ofs_y = 0},
    {.bitmap_index = 15388, .adv_w = 332, .box_w = 17, .box_h = 28, .ofs_x = 2, .ofs_y = 0},
    {.bitmap_index = 15495, .adv_w = 308, .box_w = 19, .box_h = 29, .ofs_x = 0, .ofs_y = 0},
    {.bitmap_index = 15640, .adv_w = 303, .box_w = 16, .box_h = 22, .ofs_x = 2, .ofs_y = 0},
    {.bitmap_index = 15725, .adv_w = 305, .box_w = 16, .box_h = 25, .ofs_x = 2, .ofs_y = 0},
    {.bitmap_index = 15865, .adv_w = 279, .box_w = 15, .box_h = 23, .ofs_x = 1, .ofs_y = 0},
    {.bitmap_index = 15999, .adv_w = 279, .box_w = 15, .box_h = 23, .ofs_x = 1, .ofs_y = 0},
    {.bitmap_index = 16133, .adv_w = 279, .box_w = 15, .box_h = 23, .ofs_x = 1, .ofs_y = 0},
    {.bitmap_index = 16270, .adv_w = 279, .box_w = 15, .box_h = 24, .ofs_x = 1, .ofs_y = 0},
    {.bitmap_index = 16416, .adv_w = 279, .box_w = 15, .box_h = 22, .ofs_x = 1, .ofs_y = 0},
    {.bitmap_index = 16555, .adv_w = 279, .box_w = 15, .box_h = 26, .ofs_x = 1, .ofs_y = 0},
    {.bitmap_index = 16705, .adv_w = 433, .box_w = 25, .box_h = 17, .ofs_x = 1, .ofs_y = 0},
    {.bitmap_index = 16879, .adv_w = 268, .box_w = 15, .box_h = 23, .ofs_x = 1, .ofs_y = -6},
    {.bitmap_index = 17009, .adv_w = 272, .box_w = 15, .box_h = 23, .ofs_x = 1, .ofs_y = 0},
    {.bitmap_index = 17140, .adv_w = 272, .box_w = 15, .box_h = 23, .ofs_x = 1, .ofs_y = 0},
    {.bitmap_index = 17271, .adv_w = 272, .box_w = 15, .box_h = 23, .ofs_x = 1, .ofs_y = 0},
    {.bitmap_index = 17405, .adv_w = 272, .box_w = 15, .box_h = 22, .ofs_x = 1, .ofs_y = 0},
    {.bitmap_index = 17541, .adv_w = 127, .box_w = 7, .box_h = 23, .ofs_x = -1, .ofs_y = 0},
    {.bitmap_index = 17569, .adv_w = 127, .box_w = 7, .box_h = 23, .ofs_x = 2, .ofs_y = 0},
    {.bitmap_index = 17596, .adv_w = 127, .box_w = 10, .box_h = 23, .ofs_x = -1, .ofs_y = 0},
    {.bitmap_index = 17635, .adv_w = 127, .box_w = 12, .box_h = 22, .ofs_x = -2, .ofs_y = 0},
    {.bitmap_index = 17677, .adv_w = 300, .box_w = 16, .box_h = 25, .ofs_x = 1, .ofs_y = 0},
    {.bitmap_index = 17842, .adv_w = 283, .box_w = 14, .box_h = 24, .ofs_x = 2, .ofs_y = 0},
    {.bitmap_index = 17930, .adv_w = 292, .box_w = 16, .box_h = 23, .ofs_x = 1, .ofs_y = 0},
    {.bitmap_index = 18075, .adv_w = 292, .box_w = 16, .box_h = 23, .ofs_x = 1, .ofs_y = 0},
    {.bitmap_index = 18219, .adv_w = 292, .box_w = 16, .box_h = 23, .ofs_x = 1, .ofs_y = 0},
    {.bitmap_index = 18365, .adv_w = 292, .box_w = 16, .box_h = 24, .ofs_x = 1, .ofs_y = 0},
    {.bitmap_index = 18521, .adv_w = 292, .box_w = 16, .box_h = 22, .ofs_x = 1, .ofs_y = 0},
    {.bitmap_index = 18670, .adv_w = 293, .box_w = 16, .box_h = 16, .ofs_x = 1, .ofs_y = 3},
    {.bitmap_index = 18733, .adv_w = 290, .box_w = 16, .box_h = 21, .ofs_x = 1, .ofs_y = -2},
    {.bitmap_index = 18883, .adv_w = 282, .box_w = 14, .box_h = 23, .ofs_x = 2, .ofs_y = 0},
    {.bitmap_index = 18954, .adv_w = 282, .box_w = 14, .box_h = 23, .ofs_x = 2, .ofs_y = 0},
    {.bitmap_index = 19025, .adv_w = 282, .box_w = 14, .box_h = 23, .ofs_x = 2, .ofs_y = 0},
    {.bitmap_index = 19102, .adv_w = 282, .box_w = 14, .box_h = 22, .ofs_x = 2, .ofs_y = 0},
    {.bitmap_index = 19181, .adv_w = 242, .box_w = 15, .box_h = 29, .ofs_x = 0, .ofs_y = -6},
    {.bitmap_index = 19339, .adv_w = 295, .box_w = 15, .box_h = 29, .ofs_x = 2, .ofs_y = -6},
    {.bitmap_index = 19454, .adv_w = 242, .box_w = 15, .box_h = 28, .ofs_x = 0, .ofs_y = -6},
    {.bitmap_index = 19620, .adv_w = 334, .box_w = 21, .box_h = 28, .ofs_x = 0, .ofs_y = 0},
    {.bitmap_index = 19795, .adv_w = 279, .box_w = 15, .box_h = 22, .ofs_x = 1, .ofs_y = 0},
    {.bitmap_index = 19918, .adv_w = 334, .box_w = 21, .box_h = 28, .ofs_x = 0, .ofs_y = 0},
    {.bitmap_index = 20113, .adv_w = 279, .box_w = 15, .box_h = 23, .ofs_x = 1, .ofs_y = 0},
    {.bitmap_index = 20252, .adv_w = 334, .box_w = 21, .box_h = 28, .ofs_x = 0, .ofs_y = -6},
    {.bitmap_index = 20448, .adv_w = 279, .box_w = 15, .box_h = 23, .ofs_x = 1, .ofs_y = -6},
    {.bitmap_index = 20588, .adv_w = 333, .box_w = 19, .box_h = 30, .ofs_x = 1, .ofs_y = 0},
    {.bitmap_index = 20771, .adv_w = 268, .box_w = 15, .box_h = 23, .ofs_x = 1, .ofs_y = 0},
    {.bitmap_index = 20902, .adv_w = 333, .box_w = 19, .box_h = 30, .ofs_x = 1, .ofs_y = 0},
    {.bitmap_index = 21091, .adv_w = 268, .box_w = 15, .box_h = 23, .ofs_x = 1, .ofs_y = 0},
    {.bitmap_index = 21225, .adv_w = 333, .box_w = 19, .box_h = 29, .ofs_x = 1, .ofs_y = 0},
    {.bitmap_index = 21401, .adv_w = 268, .box_w = 15, .box_h = 22, .ofs_x = 1, .ofs_y = 0},
    {.bitmap_index = 21528, .adv_w = 333, .box_w = 19, .box_h = 30, .ofs_x = 1, .ofs_y = 0},
    {.bitmap_index = 21717, .adv_w = 268, .box_w = 15, .box_h = 23, .ofs_x = 1, .ofs_y = 0},
    {.bitmap_index = 21853, .adv_w = 336, .box_w = 18, .box_h = 29, .ofs_x = 2, .ofs_y = 0},
    {.bitmap_index = 22004, .adv_w = 326, .box_w = 20, .box_h = 23, .ofs_x = 1, .ofs_y = 0},
    {.bitmap_index = 22143, .adv_w = 344, .box_w = 20, .box_h = 22, .ofs_x = 0, .ofs_y = 0},
    {.bitmap_index = 22283, .adv_w = 306, .box_w = 18, .box_h = 23, .ofs_x = 1, .ofs_y = 0},
    {.bitmap_index = 22417, .adv_w = 291, .box_w = 16, .box_h = 28, .ofs_x = 2, .ofs_y = 0},
    {.bitmap_index = 22484, .adv_w = 272, .box_w = 15, .box_h = 22, .ofs_x = 1, .ofs_y = 0},
    {.bitmap_index = 22604, .adv_w = 291, .box_w = 16, .box_h = 28, .ofs_x = 2, .ofs_y = 0},
    {.bitmap_index = 22688, .adv_w = 272, .box_w = 15, .box_h = 23, .ofs_x = 1, .ofs_y = 0},
    {.bitmap_index = 22823, .adv_w = 291, .box_w = 16, .box_h = 28, .ofs_x = 2, .ofs_y = 0},
    {.bitmap_index = 22899, .adv_w = 272, .box_w = 15, .box_h = 22, .ofs_x = 1, .ofs_y = 0},
    {.bitmap_index = 23025, .adv_w = 291, .box_w = 16, .box_h = 28, .ofs_x = 2, .ofs_y = -6},
    {.bitmap_index = 23104, .adv_w = 272, .box_w = 15, .box_h = 23, .ofs_x = 1, .ofs_y = -6},
    {.bitmap_index = 23238, .adv_w = 291, .box_w = 16, .box_h = 29, .ofs_x = 2, .ofs_y = 0},
    {.bitmap_index = 23325, .adv_w = 272, .box_w = 15, .box_h = 23, .ofs_x = 1, .ofs_y = 0},
    {.bitmap_index = 23459, .adv_w = 349, .box_w = 19, .box_h = 30, .ofs_x = 1, .ofs_y = 0},
    {.bitmap_index = 23643, .adv_w = 288, .box_w = 15, .box_h = 29, .ofs_x = 1, .ofs_y = -6},
    {.bitmap_index = 23813, .adv_w = 349, .box_w = 19, .box_h = 29, .ofs_x = 1, .ofs_y = 0},
    {.bitmap_index = 24001, .adv_w = 288, .box_w = 15, .box_h = 29, .ofs_x = 1, .ofs_y = -6},
    {.bitmap_index = 24173, .adv_w = 349, .box_w = 19, .box_h = 29, .ofs_x = 1, .ofs_y = 0},
    {.bitmap_index = 24345, .adv_w = 288, .box_w = 15, .box_h = 28, .ofs_x = 1, .ofs_y = -6},
    {.bitmap_index = 24507, .adv_w = 349, .box_w = 19, .box_h = 30, .ofs_x = 1, .ofs_y = -8},
    {.bitmap_index = 24695, .adv_w = 288, .box_w = 15, .box_h = 33, .ofs_x = 1, .ofs_y = -6},
    {.bitmap_index = 24865, .adv_w = 365, .box_w = 19, .box_h = 29, .ofs_x = 2, .ofs_y = 0},
    {.bitmap_index = 24943, .adv_w = 282, .box_w = 14, .box_h = 29, .ofs_x = 2, .ofs_y = 0},
    {.bitmap_index = 25030, .adv_w = 359, .box_w = 23, .box_h = 22, .ofs_x = 0, .ofs_y = 0},
    {.bitmap_index = 25094, .adv_w = 290, .box_w = 16, .box_h = 23, .ofs_x = 0, .ofs_y = 0},
    {.bitmap_index = 25167, .adv_w = 139, .box_w = 12, .box_h = 29, .ofs_x = -2, .ofs_y = 0},
    {.bitmap_index = 25217, .adv_w = 127, .box_w = 12, .box_h = 24, .ofs_x = -2, .ofs_y = 0},
    {.bitmap_index = 25264, .adv_w = 139, .box_w = 11, .box_h = 28, .ofs_x = -1, .ofs_y = 0},
    {.bitmap_index = 25292, .adv_w = 127, .box_w = 12, .box_h = 22, .ofs_x = -2, .ofs_y = 0},
    {.bitmap_index = 25319, .adv_w = 139, .box_w = 11, .box_h = 28, .ofs_x = -1, .ofs_y = 0},
    {.bitmap_index = 25363, .adv_w = 127, .box_w = 10, .box_h = 23, .ofs_x = -1, .ofs_y = 0},
    {.bitmap_index = 25402, .adv_w = 139, .box_w = 6, .box_h = 28, .ofs_x = 0, .ofs_y = -6},
    {.bitmap_index = 25430, .adv_w = 125, .box_w = 7, .box_h = 28, .ofs_x = -1, .ofs_y = -6},
    {.bitmap_index = 25477, .adv_w = 139, .box_w = 5, .box_h = 28, .ofs_x = 2, .ofs_y = 0},
    {.bitmap_index = 25499, .adv_w = 127, .box_w = 4, .box_h = 17, .ofs_x = 2, .ofs_y = 0},
    {.bitmap_index = 25505, .adv_w = 422, .box_w = 22, .box_h = 22, .ofs_x = 2, .ofs_y = 0},
    {.bitmap_index = 25582, .adv_w = 247, .box_w = 12, .box_h = 28, .ofs_x = 2, .ofs_y = -6},
    {.bitmap_index = 25647, .adv_w = 283, .box_w = 19, .box_h = 29, .ofs_x = 0, .ofs_y = 0},
    {.bitmap_index = 25757, .adv_w = 129, .box_w = 11, .box_h = 29, .ofs_x = -2, .ofs_y = -6},
    {.bitmap_index = 25820, .adv_w = 321, .box_w = 19, .box_h = 29, .ofs_x = 2, .ofs_y = -7},
    {.bitmap_index = 26001, .adv_w = 260, .box_w = 15, .box_h = 30, .ofs_x = 2, .ofs_y = -7},
    {.bitmap_index = 26126, .adv_w = 285, .box_w = 15, .box_h = 17, .ofs_x = 2, .ofs_y = 0},
    {.bitmap_index = 26212, .adv_w = 276, .box_w = 15, .box_h = 29, .ofs_x = 2, .ofs_y = 0},
    {.bitmap_index = 26266, .adv_w = 125, .box_w = 7, .box_h = 30, .ofs_x = 2, .ofs_y = 0},
    {.bitmap_index = 26298, .adv_w = 276, .box_w = 15, .box_h = 30, .ofs_x = 2, .ofs_y = -8},
    {.bitmap_index = 26358, .adv_w = 125, .box_w = 5, .box_h = 31, .ofs_x = 1, .ofs_y = -8},
    {.bitmap_index = 26387, .adv_w = 276, .box_w = 15, .box_h = 22, .ofs_x = 2, .ofs_y = 0},
    {.bitmap_index = 26437, .adv_w = 162, .box_w = 9, .box_h = 23, .ofs_x = 2, .ofs_y = 0},
    {.bitmap_index = 26468, .adv_w = 276, .box_w = 15, .box_h = 22, .ofs_x = 2, .ofs_y = 0},
    {.bitmap_index = 26512, .adv_w = 180, .box_w = 9, .box_h = 23, .ofs_x = 2, .ofs_y = 0},
    {.bitmap_index = 26540, .adv_w = 276, .box_w = 17, .box_h = 22, .ofs_x = 0, .ofs_y = 0},
    {.bitmap_index = 26595, .adv_w = 139, .box_w = 9, .box_h = 23, .ofs_x = 0, .ofs_y = 0},
    {.bitmap_index = 26626, .adv_w = 365, .box_w = 19, .box_h = 29, .ofs_x = 2, .ofs_y = 0},
    {.bitmap_index = 26775, .adv_w = 283, .box_w = 14, .box_h = 23, .ofs_x = 2, .ofs_y = 0},
    {.bitmap_index = 26849, .adv_w = 365, .box_w = 19, .box_h = 30, .ofs_x = 2, .ofs_y = -8},
    {.bitmap_index = 27008, .adv_w = 283, .box_w = 14, .box_h = 25, .ofs_x = 2, .ofs_y = -8},
    {.bitmap_index = 27092, .adv_w = 365, .box_w = 19, .box_h = 29, .ofs_x = 2, .ofs_y = 0},
    {.bitmap_index = 27247, .adv_w = 283, .box_w = 14, .box_h = 23, .ofs_x = 2, .ofs_y = 0},
    {.bitmap_index = 27326, .adv_w = 283, .box_w = 18, .box_h = 24, .ofs_x = -2, .ofs_y = 0},
    {.bitmap_index = 27410, .adv_w = 355, .box_w = 18, .box_h = 28, .ofs_x = 2, .ofs_y = -6},
    {.bitmap_index = 27555, .adv_w = 290, .box_w = 14, .box_h = 23, .ofs_x = 2, .ofs_y = -6},
    {.bitmap_index = 27631, .adv_w = 352, .box_w = 20, .box_h = 28, .ofs_x = 1, .ofs_y = 0},
    {.bitmap_index = 27809, .adv_w = 292, .box_w = 16, .box_h = 22, .ofs_x = 1, .ofs_y = 0},
    {.bitmap_index = 27941, .adv_w = 352, .box_w = 20, .box_h = 28, .ofs_x = 1, .ofs_y = 0},
    {.bitmap_index = 28137, .adv_w = 292, .box_w = 16, .box_h = 23, .ofs_x = 1, .ofs_y = 0},
    {.bitmap_index = 28285, .adv_w = 352, .box_w = 20, .box_h = 29, .ofs_x = 1, .ofs_y = 0},
    {.bitmap_index = 28489, .adv_w = 292, .box_w = 16, .box_h = 23, .ofs_x = 1, .ofs_y = 0},
    {.bitmap_index = 28643, .adv_w = 488, .box_w = 28, .box_h = 22, .ofs_x = 1, .ofs_y = 0},
    {.bitmap_index = 28777, .adv_w = 465, .box_w = 27, .box_h = 17, .ofs_x = 1, .ofs_y = 0},
    {.bitmap_index = 28958, .adv_w = 316, .box_w = 18, .box_h = 29, .ofs_x = 2, .ofs_y = 0},
    {.bitmap_index = 29119, .adv_w = 174, .box_w = 10, .box_h = 23, .ofs_x = 2, .ofs_y = 0},
    {.bitmap_index = 29172, .adv_w = 316, .box_w = 18, .box_h = 30, .ofs_x = 2, .ofs_y = -8},
    {.bitmap_index = 29340, .adv_w = 174, .box_w = 10, .box_h = 25, .ofs_x = 1, .ofs_y = -8},
    {.bitmap_index = 29401, .adv_w = 316, .box_w = 18, .box_h = 29, .ofs_x = 2, .ofs_y = 0},
    {.bitmap_index = 29566, .adv_w = 174, .box_w = 11, .box_h = 23, .ofs_x = 1, .ofs_y = 0},
    {.bitmap_index = 29624, .adv_w = 304, .box_w = 17, .box_h = 29, .ofs_x = 1, .ofs_y = 0},
    {.bitmap_index = 29811, .adv_w = 264, .box_w = 14, .box_h = 23, .ofs_x = 1, .ofs_y = 0},
    {.bitmap_index = 29947, .adv_w = 304, .box_w = 17, .box_h = 29, .ofs_x = 1, .ofs_y = 0},
    {.bitmap_index = 30140, .adv_w = 264, .box_w = 14, .box_h = 23, .ofs_x = 1, .ofs_y = 0},
    {.bitmap_index = 30280, .adv_w = 304, .box_w = 17, .box_h = 28, .ofs_x = 1, .ofs_y = -6},
    {.bitmap_index = 30468, .adv_w = 264, .box_w = 14, .box_h = 23, .ofs_x = 1, .ofs_y = -6},
    {.bitmap_index = 30605, .adv_w = 304, .box_w = 17, .box_h = 29, .ofs_x = 1, .ofs_y = 0},
    {.bitmap_index = 30797, .adv_w = 264, .box_w = 14, .box_h = 23, .ofs_x = 1, .ofs_y = 0},
    {.bitmap_index = 30938, .adv_w = 306, .box_w = 19, .box_h = 28, .ofs_x = 0, .ofs_y = -6},
    {.bitmap_index = 31003, .adv_w = 168, .box_w = 11, .box_h = 28, .ofs_x = 0, .ofs_y = -6},
    {.bitmap_index = 31082, .adv_w = 306, .box_w = 19, .box_h = 29, .ofs_x = 0, .ofs_y = 0},
    {.bitmap_index = 31158, .adv_w = 178, .box_w = 12, .box_h = 26, .ofs_x = 0, .ofs_y = 0},
    {.bitmap_index = 31237, .adv_w = 306, .box_w = 19, .box_h = 22, .ofs_x = 0, .ofs_y = 0},
    {.bitmap_index = 31291, .adv_w = 168, .box_w = 11, .box_h = 21, .ofs_x = -1, .ofs_y = 0},
    {.bitmap_index = 31359, .adv_w = 332, .box_w = 17, .box_h = 29, .ofs_x = 2, .ofs_y = 0},
    {.bitmap_index = 31472, .adv_w = 282, .box_w = 14, .box_h = 24, .ofs_x = 2, .ofs_y = 0},
    {.bitmap_index = 31557, .adv_w = 332, .box_w = 17, .box_h = 28, .ofs_x = 2, .ofs_y = 0},
    {.bitmap_index = 31647, .adv_w = 282, .box_w = 14, .box_h = 22, .ofs_x = 2, .ofs_y = 0},
    {.bitmap_index = 31710, .adv_w = 332, .box_w = 17, .box_h = 28, .ofs_x = 2, .ofs_y = 0},
    {.bitmap_index = 31816, .adv_w = 282, .box_w = 14, .box_h = 23, .ofs_x = 2, .ofs_y = 0},
    {.bitmap_index = 31894, .adv_w = 332, .box_w = 17, .box_h = 31, .ofs_x = 2, .ofs_y = 0},
    {.bitmap_index = 32013, .adv_w = 282, .box_w = 14, .box_h = 26, .ofs_x = 2, .ofs_y = 0},
    {.bitmap_index = 32104, .adv_w = 332, .box_w = 17, .box_h = 29, .ofs_x = 2, .ofs_y = 0},
    {.bitmap_index = 32218, .adv_w = 282, .box_w = 15, .box_h = 23, .ofs_x = 2, .ofs_y = 0},
    {.bitmap_index = 32305, .adv_w = 332, .box_w = 17, .box_h = 28, .ofs_x = 2, .ofs_y = -6},
    {.bitmap_index = 32409, .adv_w = 282, .box_w = 14, .box_h = 23, .ofs_x = 2, .ofs_y = -6},
    {.bitmap_index = 32485, .adv_w = 454, .box_w = 28, .box_h = 29, .ofs_x = 0, .ofs_y = 0},
    {.bitmap_index = 32777, .adv_w = 385, .box_w = 24, .box_h = 23, .ofs_x = 0, .ofs_y = 0},
    {.bitmap_index = 32989, .adv_w = 308, .box_w = 19, .box_h = 29, .ofs_x = 0, .ofs_y = 0},
    {.bitmap_index = 33140, .adv_w = 242, .box_w = 15, .box_h = 29, .ofs_x = 0, .ofs_y = -6},
    {.bitmap_index = 33304, .adv_w = 308, .box_w = 19, .box_h = 28, .ofs_x = 0, .ofs_y = 0},
    {.bitmap_index = 33453, .adv_w = 307, .box_w = 17, .box_h = 29, .ofs_x = 1, .ofs_y = 0},
    {.bitmap_index = 33594, .adv_w = 254, .box_w = 14, .box_h = 23, .ofs_x = 1, .ofs_y = 0},
    {.bitmap_index = 33696, .adv_w = 307, .box_w = 17, .box_h = 28, .ofs_x = 1, .ofs_y = 0},
    {.bitmap_index = 33831, .adv_w = 254, .box_w = 14, .box_h = 22, .ofs_x = 1, .ofs_y = 0},
    {.bitmap_index = 33930, .adv_w = 307, .box_w = 17, .box_h = 29, .ofs_x = 1, .ofs_y = 0},
    {.bitmap_index = 34077, .adv_w = 254, .box_w = 14, .box_h = 23, .ofs_x = 1, .ofs_y = 0},
    {.bitmap_index = 34185, .adv_w = 127, .box_w = 9, .box_h = 24, .ofs_x = 2, .ofs_y = 0},
    {.bitmap_index = 34220, .adv_w = 354, .box_w = 20, .box_h = 22, .ofs_x = 1, .ofs_y = 0},
    {.bitmap_index = 34374, .adv_w = 175, .box_w = 12, .box_h = 31, .ofs_x = -1, .ofs_y = -6},
    {.bitmap_index = 34459, .adv_w = 352, .box_w = 22, .box_h = 25, .ofs_x = 1, .ofs_y = 0},
    {.bitmap_index = 34651, .adv_w = 293, .box_w = 18, .box_h = 19, .ofs_x = 1, .ofs_y = 0},
    {.bitmap_index = 34790, .adv_w = 356, .box_w = 23, .box_h = 24, .ofs_x = 2, .ofs_y = 0},
    {.bitmap_index = 34908, .adv_w = 317, .box_w = 19, .box_h = 19, .ofs_x = 2, .ofs_y = 0},
    {.bitmap_index = 34992, .adv_w = 129, .box_w = 11, .box_h = 29, .ofs_x = -2, .ofs_y = -6},
    {.bitmap_index = 35055, .adv_w = 334, .box_w = 21, .box_h = 30, .ofs_x = 0, .ofs_y = 0},
    {.bitmap_index = 35258, .adv_w = 279, .box_w = 15, .box_h = 26, .ofs_x = 1, .ofs_y = 0},
    {.bitmap_index = 35407, .adv_w = 479, .box_w = 31, .box_h = 29, .ofs_x = -1, .ofs_y = 0},
    {.bitmap_index = 35625, .adv_w = 433, .box_w = 25, .box_h = 23, .ofs_x = 1, .ofs_y = 0},
    {.bitmap_index = 35831, .adv_w = 352, .box_w = 20, .box_h = 31, .ofs_x = 1, .ofs_y = -1},
    {.bitmap_index = 36064, .adv_w = 290, .box_w = 16, .box_h = 25, .ofs_x = 1, .ofs_y = -2},
    {.bitmap_index = 36236, .adv_w = 304, .box_w = 17, .box_h = 30, .ofs_x = 1, .ofs_y = -8},
    {.bitmap_index = 36435, .adv_w = 264, .box_w = 14, .box_h = 25, .ofs_x = 1, .ofs_y = -8},
    {.bitmap_index = 36582, .adv_w = 306, .box_w = 19, .box_h = 31, .ofs_x = 0, .ofs_y = -9},
    {.bitmap_index = 36655, .adv_w = 168, .box_w = 10, .box_h = 29, .ofs_x = 0, .ofs_y = -8},
    {.bitmap_index = 36733, .adv_w = 129, .box_w = 8, .box_h = 23, .ofs_x = -2, .ofs_y = -6},
    {.bitmap_index = 36761, .adv_w = 270, .box_w = 15, .box_h = 17, .ofs_x = 1, .ofs_y = 0},
    {.bitmap_index = 36863, .adv_w = 103, .box_w = 6, .box_h = 8, .ofs_x = 0, .ofs_y = 16},
    {.bitmap_index = 36885, .adv_w = 241, .box_w = 11, .box_h = 5, .ofs_x = 2, .ofs_y = 19},
    {.bitmap_index = 36910, .adv_w = 228, .box_w = 10, .box_h = 5, .ofs_x = 2, .ofs_y = 19},
    {.bitmap_index = 36935, .adv_w = 235, .box_w = 11, .box_h = 3, .ofs_x = 2, .ofs_y = 20},
    {.bitmap_index = 36944, .adv_w = 219, .box_w = 10, .box_h = 4, .ofs_x = 2, .ofs_y = 19},
    {.bitmap_index = 36964, .adv_w = 125, .box_w = 4, .box_h = 4, .ofs_x = 2, .ofs_y = 19},
    {.bitmap_index = 36973, .adv_w = 172, .box_w = 8, .box_h = 8, .ofs_x = 1, .ofs_y = 18},
    {.bitmap_index = 37004, .adv_w = 139, .box_w = 7, .box_h = 8, .ofs_x = 0, .ofs_y = -7},
    {.bitmap_index = 37031, .adv_w = 242, .box_w = 12, .box_h = 5, .ofs_x = 1, .ofs_y = 19},
    {.bitmap_index = 37059, .adv_w = 191, .box_w = 12, .box_h = 5, .ofs_x = 1, .ofs_y = 19},
    {.bitmap_index = 37090, .adv_w = 151, .box_w = 7, .box_h = 7, .ofs_x = 1, .ofs_y = -7},
    {.bitmap_index = 37113, .adv_w = 0, .box_w = 8, .box_h = 5, .ofs_x = -14, .ofs_y = 19},
    {.bitmap_index = 37131, .adv_w = 0, .box_w = 8, .box_h = 5, .ofs_x = -11, .ofs_y = 19},
    {.bitmap_index = 37150, .adv_w = 0, .box_w = 12, .box_h = 5, .ofs_x = -14, .ofs_y = 19},
    {.bitmap_index = 37178, .adv_w = 0, .box_w = 6, .box_h = 7, .ofs_x = -11, .ofs_y = 19},
    {.bitmap_index = 37200, .adv_w = 0, .box_w = 13, .box_h = 5, .ofs_x = -16, .ofs_y = 19},
    {.bitmap_index = 37230, .adv_w = 0, .box_w = 5, .box_h = 4, .ofs_x = -12, .ofs_y = -5},
    {.bitmap_index = 37241, .adv_w = 132, .box_w = 5, .box_h = 6, .ofs_x = 2, .ofs_y = 19},
    {.bitmap_index = 37257, .adv_w = 259, .box_w = 14, .box_h = 7, .ofs_x = 1, .ofs_y = 20},
    {.bitmap_index = 37297, .adv_w = 334, .box_w = 21, .box_h = 25, .ofs_x = 0, .ofs_y = 0},
    {.bitmap_index = 37477, .adv_w = 134, .box_w = 4, .box_h = 4, .ofs_x = 2, .ofs_y = 10},
    {.bitmap_index = 37486, .adv_w = 316, .box_w = 21, .box_h = 25, .ofs_x = -2, .ofs_y = 0},
    {.bitmap_index = 37563, .adv_w = 390, .box_w = 24, .box_h = 25, .ofs_x = -2, .ofs_y = 0},
    {.bitmap_index = 37630, .adv_w = 164, .box_w = 10, .box_h = 25, .ofs_x = -2, .ofs_y = 0},
    {.bitmap_index = 37663, .adv_w = 357, .box_w = 22, .box_h = 25, .ofs_x = -1, .ofs_y = 0},
    {.bitmap_index = 37853, .adv_w = 333, .box_w = 24, .box_h = 25, .ofs_x = -3, .ofs_y = 0},
    {.bitmap_index = 38000, .adv_w = 346, .box_w = 21, .box_h = 25, .ofs_x = -1, .ofs_y = 0},
    {.bitmap_index = 38188, .adv_w = 166, .box_w = 13, .box_h = 26, .ofs_x = -2, .ofs_y = 0},
    {.bitmap_index = 38266, .adv_w = 334, .box_w = 21, .box_h = 22, .ofs_x = 0, .ofs_y = 0},
    {.bitmap_index = 38424, .adv_w = 319, .box_w = 17, .box_h = 22, .ofs_x = 2, .ofs_y = 0},
    {.bitmap_index = 38554, .adv_w = 285, .box_w = 15, .box_h = 22, .ofs_x = 2, .ofs_y = 0},
    {.bitmap_index = 38581, .adv_w = 361, .box_w = 22, .box_h = 22, .ofs_x = 0, .ofs_y = 0},
    {.bitmap_index = 38744, .adv_w = 291, .box_w = 16, .box_h = 22, .ofs_x = 2, .ofs_y = 0},
    {.bitmap_index = 38794, .adv_w = 307, .box_w = 17, .box_h = 22, .ofs_x = 1, .ofs_y = 0},
    {.bitmap_index = 38903, .adv_w = 365, .box_w = 19, .box_h = 22, .ofs_x = 2, .ofs_y = 0},
    {.bitmap_index = 38942, .adv_w = 349, .box_w = 19, .box_h = 22, .ofs_x = 1, .ofs_y = 0},
    {.bitmap_index = 39104, .adv_w = 139, .box_w = 4, .box_h = 22, .ofs_x = 2, .ofs_y = 0},
    {.bitmap_index = 39112, .adv_w = 321, .box_w = 19, .box_h = 22, .ofs_x = 2, .ofs_y = 0},
    {.bitmap_index = 39252, .adv_w = 336, .box_w = 21, .box_h = 22, .ofs_x = 0, .ofs_y = 0},
    {.bitmap_index = 39414, .adv_w = 447, .box_w = 24, .box_h = 22, .ofs_x = 2, .ofs_y = 0},
    {.bitmap_index = 39585, .adv_w = 365, .box_w = 19, .box_h = 22, .ofs_x = 2, .ofs_y = 0},
    {.bitmap_index = 39700, .adv_w = 293, .box_w = 16, .box_h = 22, .ofs_x = 1, .ofs_y = 0},
    {.bitmap_index = 39751, .adv_w = 352, .box_w = 20, .box_h = 22, .ofs_x = 1, .ofs_y = 0},
    {.bitmap_index = 39913, .adv_w = 365, .box_w = 19, .box_h = 22, .ofs_x = 2, .ofs_y = 0},
    {.bitmap_index = 39943, .adv_w = 323, .box_w = 18, .box_h = 22, .ofs_x = 2, .ofs_y = 0},
    {.bitmap_index = 40031, .adv_w = 293, .box_w = 17, .box_h = 22, .ofs_x = 1, .ofs_y = 0},
    {.bitmap_index = 40144, .adv_w = 306, .box_w = 19, .box_h = 22, .ofs_x = 0, .ofs_y = 0},
    {.bitmap_index = 40180, .adv_w = 308, .box_w = 19, .box_h = 22, .ofs_x = 0, .ofs_y = 0},
    {.bitmap_index = 40291, .adv_w = 367, .box_w = 21, .box_h = 22, .ofs_x = 1, .ofs_y = 0},
    {.bitmap_index = 40447, .adv_w = 321, .box_w = 20, .box_h = 22, .ofs_x = 0, .ofs_y = 0},
    {.bitmap_index = 40616, .adv_w = 354, .box_w = 20, .box_h = 22, .ofs_x = 1, .ofs_y = 0},
    {.bitmap_index = 40711, .adv_w = 341, .box_w = 19, .box_h = 22, .ofs_x = 1, .ofs_y = 0},
    {.bitmap_index = 40868, .adv_w = 139, .box_w = 11, .box_h = 28, .ofs_x = -1, .ofs_y = 0},
    {.bitmap_index = 40911, .adv_w = 308, .box_w = 19, .box_h = 28, .ofs_x = 0, .ofs_y = 0},
    {.bitmap_index = 41060, .adv_w = 290, .box_w = 17, .box_h = 25, .ofs_x = 1, .ofs_y = 0},
    {.bitmap_index = 41202, .adv_w = 276, .box_w = 15, .box_h = 25, .ofs_x = 1, .ofs_y = 0},
    {.bitmap_index = 41344, .adv_w = 290, .box_w = 14, .box_h = 31, .ofs_x = 2, .ofs_y = -6},
    {.bitmap_index = 41429, .adv_w = 166, .box_w = 7, .box_h = 25, .ofs_x = 3, .ofs_y = 0},
    {.bitmap_index = 41474, .adv_w = 280, .box_w = 14, .box_h = 26, .ofs_x = 2, .ofs_y = 0},
    {.bitmap_index = 41611, .adv_w = 290, .box_w = 17, .box_h = 17, .ofs_x = 1, .ofs_y = 0},
    {.bitmap_index = 41719, .adv_w = 303, .box_w = 16, .box_h = 28, .ofs_x = 2, .ofs_y = -6},
    {.bitmap_index = 41869, .adv_w = 257, .box_w = 16, .box_h = 23, .ofs_x = 0, .ofs_y = -6},
    {.bitmap_index = 41980, .adv_w = 290, .box_w = 16, .box_h = 25, .ofs_x = 1, .ofs_y = 0},
    {.bitmap_index = 42142, .adv_w = 276, .box_w = 15, .box_h = 17, .ofs_x = 1, .ofs_y = 0},
    {.bitmap_index = 42252, .adv_w = 265, .box_w = 15, .box_h = 29, .ofs_x = 1, .ofs_y = -7},
    {.bitmap_index = 42391, .adv_w = 290, .box_w = 14, .box_h = 23, .ofs_x = 2, .ofs_y = -6},
    {.bitmap_index = 42446, .adv_w = 292, .box_w = 16, .box_h = 22, .ofs_x = 1, .ofs_y = 0},
    {.bitmap_index = 42586, .adv_w = 166, .box_w = 7, .box_h = 17, .ofs_x = 3, .ofs_y = 0},
    {.bitmap_index = 42608, .adv_w = 285, .box_w = 15, .box_h = 17, .ofs_x = 2, .ofs_y = 0},
    {.bitmap_index = 42694, .adv_w = 284, .box_w = 17, .box_h = 24, .ofs_x = 0, .ofs_y = 0},
    {.bitmap_index = 42845, .adv_w = 290, .box_w = 14, .box_h = 23, .ofs_x = 2, .ofs_y = -6},
    {.bitmap_index = 42903, .adv_w = 248, .box_w = 15, .box_h = 17, .ofs_x = 0, .ofs_y = 0},
    {.bitmap_index = 43005, .adv_w = 251, .box_w = 14, .box_h = 29, .ofs_x = 1, .ofs_y = -7},
    {.bitmap_index = 43153, .adv_w = 292, .box_w = 16, .box_h = 17, .ofs_x = 1, .ofs_y = 0},
    {.bitmap_index = 43269, .adv_w = 305, .box_w = 19, .box_h = 17, .ofs_x = 0, .ofs_y = 0},
    {.bitmap_index = 43329, .adv_w = 290, .box_w = 15, .box_h = 23, .ofs_x = 2, .ofs_y = -6},
    {.bitmap_index = 43437, .adv_w = 276, .box_w = 15, .box_h = 23, .ofs_x = 1, .ofs_y = -6},
    {.bitmap_index = 43562, .adv_w = 290, .box_w = 17, .box_h = 17, .ofs_x = 1, .ofs_y = 0},
    {.bitmap_index = 43681, .adv_w = 267, .box_w = 15, .box_h = 17, .ofs_x = 1, .ofs_y = 0},
    {.bitmap_index = 43727, .adv_w = 280, .box_w = 14, .box_h = 17, .ofs_x = 2, .ofs_y = 0},
    {.bitmap_index = 43814, .adv_w = 361, .box_w = 21, .box_h = 24, .ofs_x = 1, .ofs_y = -7},
    {.bitmap_index = 43971, .adv_w = 284, .box_w = 17, .box_h = 24, .ofs_x = 1, .ofs_y = -6},
    {.bitmap_index = 44126, .adv_w = 359, .box_w = 21, .box_h = 24, .ofs_x = 1, .ofs_y = -7},
    {.bitmap_index = 44258, .adv_w = 422, .box_w = 24, .box_h = 17, .ofs_x = 1, .ofs_y = 0},
    {.bitmap_index = 44418, .adv_w = 166, .box_w = 11, .box_h = 22, .ofs_x = -1, .ofs_y = 0},
    {.bitmap_index = 44471, .adv_w = 280, .box_w = 14, .box_h = 22, .ofs_x = 2, .ofs_y = 0},
    {.bitmap_index = 44590, .adv_w = 292, .box_w = 16, .box_h = 25, .ofs_x = 1, .ofs_y = 0},
    {.bitmap_index = 44739, .adv_w = 280, .box_w = 14, .box_h = 25, .ofs_x = 2, .ofs_y = 0},
    {.bitmap_index = 44856, .adv_w = 422, .box_w = 24, .box_h = 25, .ofs_x = 1, .ofs_y = 0},
    {.bitmap_index = 45052, .adv_w = 297, .box_w = 17, .box_h = 22, .ofs_x = 1, .ofs_y = 0},
    {.bitmap_index = 45194, .adv_w = 273, .box_w = 19, .box_h = 22, .ofs_x = -1, .ofs_y = 0},
    {.bitmap_index = 45303, .adv_w = 402, .box_w = 24, .box_h = 17, .ofs_x = 1, .ofs_y = 0},
    {.bitmap_index = 45449, .adv_w = 291, .box_w = 16, .box_h = 29, .ofs_x = 2, .ofs_y = 0},
    {.bitmap_index = 45532, .adv_w = 291, .box_w = 16, .box_h = 28, .ofs_x = 2, .ofs_y = 0},
    {.bitmap_index = 45617, .adv_w = 384, .box_w = 23, .box_h = 22, .ofs_x = 0, .ofs_y = 0},
    {.bitmap_index = 45734, .adv_w = 285, .box_w = 15, .box_h = 29, .ofs_x = 2, .ofs_y = 0},
    {.bitmap_index = 45791, .adv_w = 345, .box_w = 19, .box_h = 22, .ofs_x = 1, .ofs_y = 0},
    {.bitmap_index = 45942, .adv_w = 304, .box_w = 17, .box_h = 22, .ofs_x = 1, .ofs_y = 0},
    {.bitmap_index = 46098, .adv_w = 139, .box_w = 4, .box_h = 22, .ofs_x = 2, .ofs_y = 0},
    {.bitmap_index = 46106, .adv_w = 139, .box_w = 11, .box_h = 28, .ofs_x = -1, .ofs_y = 0},
    {.bitmap_index = 46149, .adv_w = 283, .box_w = 16, .box_h = 22, .ofs_x = 0, .ofs_y = 0},
    {.bitmap_index = 46214, .adv_w = 549, .box_w = 33, .box_h = 22, .ofs_x = 0, .ofs_y = 0},
    {.bitmap_index = 46390, .adv_w = 553, .box_w = 32, .box_h = 22, .ofs_x = 2, .ofs_y = 0},
    {.bitmap_index = 46498, .adv_w = 417, .box_w = 24, .box_h = 22, .ofs_x = 0, .ofs_y = 0},
    {.bitmap_index = 46584, .adv_w = 321, .box_w = 19, .box_h = 29, .ofs_x = 2, .ofs_y = 0},
    {.bitmap_index = 46758, .adv_w = 365, .box_w = 18, .box_h = 29, .ofs_x = 2, .ofs_y = 0},
    {.bitmap_index = 46908, .adv_w = 322, .box_w = 19, .box_h = 29, .ofs_x = 1, .ofs_y = 0},
    {.bitmap_index = 47100, .adv_w = 365, .box_w = 18, .box_h = 28, .ofs_x = 2, .ofs_y = -6},
    {.bitmap_index = 47145, .adv_w = 334, .box_w = 21, .box_h = 22, .ofs_x = 0, .ofs_y = 0},
    {.bitmap_index = 47303, .adv_w = 323, .box_w = 17, .box_h = 22, .ofs_x = 2, .ofs_y = 0},
    {.bitmap_index = 47400, .adv_w = 319, .box_w = 17, .box_h = 22, .ofs_x = 2, .ofs_y = 0},
    {.bitmap_index = 47530, .adv_w = 285, .box_w = 15, .box_h = 22, .ofs_x = 2, .ofs_y = 0},
    {.bitmap_index = 47557, .adv_w = 385, .box_w = 24, .box_h = 28, .ofs_x = 0, .ofs_y = -6},
    {.bitmap_index = 47698, .adv_w = 291, .box_w = 16, .box_h = 22, .ofs_x = 2, .ofs_y = 0},
    {.bitmap_index = 47748, .adv_w = 465, .box_w = 29, .box_h = 22, .ofs_x = 0, .ofs_y = 0},
    {.bitmap_index = 47964, .adv_w = 304, .box_w = 17, .box_h = 22, .ofs_x = 1, .ofs_y = 0},
    {.bitmap_index = 48115, .adv_w = 365, .box_w = 18, .box_h = 22, .ofs_x = 2, .ofs_y = 0},
    {.bitmap_index = 48232, .adv_w = 365, .box_w = 18, .box_h = 28, .ofs_x = 2, .ofs_y = 0},
    {.bitmap_index = 48384, .adv_w = 329, .box_w = 19, .box_h = 22, .ofs_x = 2, .ofs_y = 0},
    {.bitmap_index = 48519, .adv_w = 363, .box_w = 20, .box_h = 22, .ofs_x = 0, .ofs_y = 0},
    {.bitmap_index = 48629, .adv_w = 447, .box_w = 24, .box_h = 22, .ofs_x = 2, .ofs_y = 0},
    {.bitmap_index = 48800, .adv_w = 365, .box_w = 19, .box_h = 22, .ofs_x = 2, .ofs_y = 0},
    {.bitmap_index = 48839, .adv_w = 352, .box_w = 20, .box_h = 22, .ofs_x = 1, .ofs_y = 0},
    {.bitmap_index = 49001, .adv_w = 365, .box_w = 19, .box_h = 22, .ofs_x = 2, .ofs_y = 0},
    {.bitmap_index = 49031, .adv_w = 323, .box_w = 18, .box_h = 22, .ofs_x = 2, .ofs_y = 0},
    {.bitmap_index = 49119, .adv_w = 333, .box_w = 19, .box_h = 22, .ofs_x = 1, .ofs_y = 0},
    {.bitmap_index = 49270, .adv_w = 306, .box_w = 19, .box_h = 22, .ofs_x = 0, .ofs_y = 0},
    {.bitmap_index = 49306, .adv_w = 322, .box_w = 19, .box_h = 22, .ofs_x = 1, .ofs_y = 0},
    {.bitmap_index = 49456, .adv_w = 395, .box_w = 23, .box_h = 25, .ofs_x = 1, .ofs_y = -1},
    {.bitmap_index = 49629, .adv_w = 321, .box_w = 20, .box_h = 22, .ofs_x = 0, .ofs_y = 0},
    {.bitmap_index = 49798, .adv_w = 375, .box_w = 21, .box_h = 28, .ofs_x = 2, .ofs_y = -6},
    {.bitmap_index = 49854, .adv_w = 351, .box_w = 18, .box_h = 22, .ofs_x = 2, .ofs_y = 0},
    {.bitmap_index = 49922, .adv_w = 482, .box_w = 26, .box_h = 22, .ofs_x = 2, .ofs_y = 0},
    {.bitmap_index = 49972, .adv_w = 496, .box_w = 28, .box_h = 28, .ofs_x = 2, .ofs_y = -6},
    {.bitmap_index = 50048, .adv_w = 389, .box_w = 23, .box_h = 22, .ofs_x = 0, .ofs_y = 0},
    {.bitmap_index = 50152, .adv_w = 443, .box_w = 23, .box_h = 22, .ofs_x = 2, .ofs_y = 0},
    {.bitmap_index = 50253, .adv_w = 321, .box_w = 17, .box_h = 22, .ofs_x = 2, .ofs_y = 0},
    {.bitmap_index = 50340, .adv_w = 345, .box_w = 18, .box_h = 22, .ofs_x = 2, .ofs_y = 0},
    {.bitmap_index = 50493, .adv_w = 458, .box_w = 26, .box_h = 22, .ofs_x = 2, .ofs_y = 0},
    {.bitmap_index = 50681, .adv_w = 326, .box_w = 17, .box_h = 22, .ofs_x = 1, .ofs_y = 0},
    {.bitmap_index = 50806, .adv_w = 279, .box_w = 15, .box_h = 17, .ofs_x = 1, .ofs_y = 0},
    {.bitmap_index = 50913, .adv_w = 283, .box_w = 16, .box_h = 25, .ofs_x = 1, .ofs_y = 0},
    {.bitmap_index = 51076, .adv_w = 293, .box_w = 15, .box_h = 17, .ofs_x = 2, .ofs_y = 0},
    {.bitmap_index = 51163, .adv_w = 215, .box_w = 12, .box_h = 17, .ofs_x = 2, .ofs_y = 0},
    {.bitmap_index = 51184, .adv_w = 309, .box_w = 19, .box_h = 22, .ofs_x = 0, .ofs_y = -5},
    {.bitmap_index = 51276, .adv_w = 272, .box_w = 15, .box_h = 17, .ofs_x = 1, .ofs_y = 0},
    {.bitmap_index = 51380, .adv_w = 392, .box_w = 25, .box_h = 17, .ofs_x = 0, .ofs_y = 0},
    {.bitmap_index = 51535, .adv_w = 260, .box_w = 14, .box_h = 17, .ofs_x = 1, .ofs_y = 0},
    {.bitmap_index = 51638, .adv_w = 296, .box_w = 15, .box_h = 17, .ofs_x = 2, .ofs_y = 0},
    {.bitmap_index = 51713, .adv_w = 296, .box_w = 15, .box_h = 22, .ofs_x = 2, .ofs_y = 0},
    {.bitmap_index = 51815, .adv_w = 277, .box_w = 15, .box_h = 17, .ofs_x = 2, .ofs_y = 0},
    {.bitmap_index = 51901, .adv_w = 296, .box_w = 17, .box_h = 17, .ofs_x = 0, .ofs_y = 0},
    {.bitmap_index = 51983, .adv_w = 380, .box_w = 20, .box_h = 17, .ofs_x = 2, .ofs_y = 0},
    {.bitmap_index = 52096, .adv_w = 295, .box_w = 15, .box_h = 17, .ofs_x = 2, .ofs_y = 0},
    {.bitmap_index = 52127, .adv_w = 292, .box_w = 16, .box_h = 17, .ofs_x = 1, .ofs_y = 0},
    {.bitmap_index = 52243, .adv_w = 296, .box_w = 15, .box_h = 17, .ofs_x = 2, .ofs_y = 0},
    {.bitmap_index = 52266, .adv_w = 288, .box_w = 15, .box_h = 23, .ofs_x = 2, .ofs_y = -6},
    {.bitmap_index = 52372, .adv_w = 268, .box_w = 15, .box_h = 17, .ofs_x = 1, .ofs_y = 0},
    {.bitmap_index = 52477, .adv_w = 246, .box_w = 15, .box_h = 17, .ofs_x = 0, .ofs_y = 0},
    {.bitmap_index = 52506, .adv_w = 242, .box_w = 15, .box_h = 23, .ofs_x = 0, .ofs_y = -6},
    {.bitmap_index = 52639, .adv_w = 372, .box_w = 21, .box_h = 30, .ofs_x = 1, .ofs_y = -6},
    {.bitmap_index = 52803, .adv_w = 254, .box_w = 16, .box_h = 17, .ofs_x = 0, .ofs_y = 0},
    {.bitmap_index = 52916, .adv_w = 304, .box_w = 17, .box_h = 22, .ofs_x = 2, .ofs_y = -5},
    {.bitmap_index = 52962, .adv_w = 279, .box_w = 14, .box_h = 17, .ofs_x = 1, .ofs_y = 0},
    {.bitmap_index = 53012, .adv_w = 414, .box_w = 22, .box_h = 17, .ofs_x = 2, .ofs_y = 0},
    {.bitmap_index = 53051, .adv_w = 424, .box_w = 24, .box_h = 22, .ofs_x = 2, .ofs_y = -5},
    {.bitmap_index = 53114, .adv_w = 318, .box_w = 19, .box_h = 17, .ofs_x = 0, .ofs_y = 0},
    {.bitmap_index = 53194, .adv_w = 398, .box_w = 20, .box_h = 17, .ofs_x = 2, .ofs_y = 0},
    {.bitmap_index = 53272, .adv_w = 278, .box_w = 14, .box_h = 17, .ofs_x = 2, .ofs_y = 0},
    {.bitmap_index = 53334, .adv_w = 276, .box_w = 15, .box_h = 17, .ofs_x = 1, .ofs_y = 0},
    {.bitmap_index = 53444, .adv_w = 418, .box_w = 23, .box_h = 17, .ofs_x = 2, .ofs_y = 0},
    {.bitmap_index = 53584, .adv_w = 281, .box_w = 16, .box_h = 17, .ofs_x = 0, .ofs_y = 0},
    {.bitmap_index = 53673, .adv_w = 272, .box_w = 15, .box_h = 24, .ofs_x = 1, .ofs_y = 0},
    {.bitmap_index = 53805, .adv_w = 272, .box_w = 15, .box_h = 22, .ofs_x = 1, .ofs_y = 0},
    {.bitmap_index = 53941, .adv_w = 282, .box_w = 17, .box_h = 31, .ofs_x = -1, .ofs_y = -6},
    {.bitmap_index = 54059, .adv_w = 215, .box_w = 12, .box_h = 24, .ofs_x = 2, .ofs_y = 0},
    {.bitmap_index = 54107, .adv_w = 276, .box_w = 15, .box_h = 17, .ofs_x = 1, .ofs_y = 0},
    {.bitmap_index = 54216, .adv_w = 264, .box_w = 14, .box_h = 17, .ofs_x = 1, .ofs_y = 0},
    {.bitmap_index = 54327, .adv_w = 125, .box_w = 4, .box_h = 22, .ofs_x = 2, .ofs_y = 0},
    {.bitmap_index = 54343, .adv_w = 127, .box_w = 12, .box_h = 22, .ofs_x = -2, .ofs_y = 0},
    {.bitmap_index = 54385, .adv_w = 123, .box_w = 8, .box_h = 28, .ofs_x = -2, .ofs_y = -6},
    {.bitmap_index = 54428, .adv_w = 434, .box_w = 27, .box_h = 17, .ofs_x = 0, .ofs_y = 0},
    {.bitmap_index = 54560, .adv_w = 441, .box_w = 25, .box_h = 17, .ofs_x = 2, .ofs_y = 0},
    {.bitmap_index = 54644, .adv_w = 290, .box_w = 17, .box_h = 24, .ofs_x = -1, .ofs_y = 0},
    {.bitmap_index = 54728, .adv_w = 277, .box_w = 15, .box_h = 24, .ofs_x = 2, .ofs_y = 0},
    {.bitmap_index = 54843, .adv_w = 296, .box_w = 15, .box_h = 24, .ofs_x = 2, .ofs_y = 0},
    {.bitmap_index = 54948, .adv_w = 242, .box_w = 15, .box_h = 30, .ofs_x = 0, .ofs_y = -6},
    {.bitmap_index = 55113, .adv_w = 296, .box_w = 15, .box_h = 23, .ofs_x = 2, .ofs_y = -6},
    {.bitmap_index = 55155, .adv_w = 450, .box_w = 24, .box_h = 22, .ofs_x = 2, .ofs_y = 0},
    {.bitmap_index = 55248, .adv_w = 395, .box_w = 21, .box_h = 17, .ofs_x = 2, .ofs_y = 0},
    {.bitmap_index = 55323, .adv_w = 321, .box_w = 20, .box_h = 22, .ofs_x = -1, .ofs_y = 0},
    {.bitmap_index = 55436, .adv_w = 278, .box_w = 17, .box_h = 24, .ofs_x = -1, .ofs_y = 0},
    {.bitmap_index = 55532, .adv_w = 459, .box_w = 25, .box_h = 22, .ofs_x = 2, .ofs_y = 0},
    {.bitmap_index = 55713, .adv_w = 382, .box_w = 21, .box_h = 17, .ofs_x = 2, .ofs_y = 0},
    {.bitmap_index = 55841, .adv_w = 309, .box_w = 20, .box_h = 22, .ofs_x = 0, .ofs_y = 0},
    {.bitmap_index = 55999, .adv_w = 274, .box_w = 17, .box_h = 17, .ofs_x = 0, .ofs_y = 0},
    {.bitmap_index = 56110, .adv_w = 451, .box_w = 25, .box_h = 22, .ofs_x = 3, .ofs_y = 0},
    {.bitmap_index = 56281, .adv_w = 387, .box_w = 22, .box_h = 17, .ofs_x = 2, .ofs_y = 0},
    {.bitmap_index = 56409, .adv_w = 437, .box_w = 23, .box_h = 22, .ofs_x = 2, .ofs_y = 0},
    {.bitmap_index = 56557, .adv_w = 377, .box_w = 20, .box_h = 17, .ofs_x = 2, .ofs_y = 0},
    {.bitmap_index = 56671, .adv_w = 577, .box_w = 32, .box_h = 22, .ofs_x = 2, .ofs_y = 0},
    {.bitmap_index = 56847, .adv_w = 500, .box_w = 27, .box_h = 17, .ofs_x = 2, .ofs_y = 0},
    {.bitmap_index = 56977, .adv_w = 265, .box_w = 14, .box_h = 37, .ofs_x = 1, .ofs_y = -7},
    {.bitmap_index = 57159, .adv_w = 247, .box_w = 13, .box_h = 32, .ofs_x = 1, .ofs_y = -7},
    {.bitmap_index = 57314, .adv_w = 354, .box_w = 20, .box_h = 22, .ofs_x = 1, .ofs_y = 0},
    {.bitmap_index = 57409, .adv_w = 359, .box_w = 21, .box_h = 24, .ofs_x = 1, .ofs_y = -7},
    {.bitmap_index = 57541, .adv_w = 349, .box_w = 19, .box_h = 22, .ofs_x = 1, .ofs_y = 0},
    {.bitmap_index = 57702, .adv_w = 291, .box_w = 16, .box_h = 17, .ofs_x = 1, .ofs_y = 0},
    {.bitmap_index = 57818, .adv_w = 323, .box_w = 20, .box_h = 22, .ofs_x = 0, .ofs_y = 0},
    {.bitmap_index = 57977, .adv_w = 257, .box_w = 17, .box_h = 17, .ofs_x = 0, .ofs_y = 0},
    {.bitmap_index = 58087, .adv_w = 323, .box_w = 20, .box_h = 28, .ofs_x = 0, .ofs_y = 0},
    {.bitmap_index = 58289, .adv_w = 257, .box_w = 18, .box_h = 22, .ofs_x = -1, .ofs_y = 0},
    {.bitmap_index = 58441, .adv_w = 595, .box_w = 36, .box_h = 28, .ofs_x = 1, .ofs_y = -6},
    {.bitmap_index = 58760, .adv_w = 534, .box_w = 32, .box_h = 23, .ofs_x = 1, .ofs_y = -6},
    {.bitmap_index = 59029, .adv_w = 349, .box_w = 19, .box_h = 27, .ofs_x = 1, .ofs_y = -2},
    {.bitmap_index = 59204, .adv_w = 290, .box_w = 16, .box_h = 21, .ofs_x = 1, .ofs_y = -2},
    {.bitmap_index = 59338, .adv_w = 448, .box_w = 24, .box_h = 29, .ofs_x = 2, .ofs_y = 0},
    {.bitmap_index = 59538, .adv_w = 393, .box_w = 22, .box_h = 24, .ofs_x = 1, .ofs_y = 0},
    {.bitmap_index = 59716, .adv_w = 450, .box_w = 24, .box_h = 28, .ofs_x = 2, .ofs_y = 0},
    {.bitmap_index = 59839, .adv_w = 395, .box_w = 21, .box_h = 22, .ofs_x = 2, .ofs_y = 0},
    {.bitmap_index = 59944, .adv_w = 333, .box_w = 18, .box_h = 28, .ofs_x = 1, .ofs_y = -6},
    {.bitmap_index = 60078, .adv_w = 274, .box_w = 15, .box_h = 23, .ofs_x = 1, .ofs_y = -6},
    {.bitmap_index = 60183, .adv_w = 320, .box_w = 18, .box_h = 21, .ofs_x = 1, .ofs_y = 0},
    {.bitmap_index = 60321, .adv_w = 0, .box_w = 12, .box_h = 6, .ofs_x = -15, .ofs_y = 18},
    {.bitmap_index = 60342, .adv_w = 0, .box_w = 13, .box_h = 4, .ofs_x = -15, .ofs_y = 20},
    {.bitmap_index = 60367, .adv_w = 0, .box_w = 5, .box_h = 5, .ofs_x = -11, .ofs_y = 20},
    {.bitmap_index = 60379, .adv_w = 0, .box_w = 5, .box_h = 5, .ofs_x = -10, .ofs_y = 20},
    {.bitmap_index = 60391, .adv_w = 0, .box_w = 31, .box_h = 28, .ofs_x = -24, .ofs_y = -5},
    {.bitmap_index = 60584, .adv_w = 0, .box_w = 30, .box_h = 29, .ofs_x = -24, .ofs_y = -6},
    {.bitmap_index = 60792, .adv_w = 386, .box_w = 21, .box_h = 34, .ofs_x = 2, .ofs_y = -6},
    {.bitmap_index = 60986, .adv_w = 315, .box_w = 17, .box_h = 28, .ofs_x = 2, .ofs_y = -6},
    {.bitmap_index = 61132, .adv_w = 321, .box_w = 20, .box_h = 22, .ofs_x = -1, .ofs_y = 0},
    {.bitmap_index = 61245, .adv_w = 278, .box_w = 17, .box_h = 26, .ofs_x = -1, .ofs_y = 0},
    {.bitmap_index = 61348, .adv_w = 327, .box_w = 18, .box_h = 22, .ofs_x = 2, .ofs_y = 0},
    {.bitmap_index = 61449, .adv_w = 291, .box_w = 15, .box_h = 23, .ofs_x = 2, .ofs_y = -6},
    {.bitmap_index = 61564, .adv_w = 281, .box_w = 15, .box_h = 28, .ofs_x = 2, .ofs_y = 0},
    {.bitmap_index = 61605, .adv_w = 228, .box_w = 12, .box_h = 22, .ofs_x = 2, .ofs_y = 0},
    {.bitmap_index = 61637, .adv_w = 285, .box_w = 17, .box_h = 22, .ofs_x = 0, .ofs_y = 0},
    {.bitmap_index = 61686, .adv_w = 215, .box_w = 15, .box_h = 17, .ofs_x = -1, .ofs_y = 0},
    {.bitmap_index = 61729, .adv_w = 311, .box_w = 16, .box_h = 27, .ofs_x = 2, .ofs_y = -5},
    {.bitmap_index = 61841, .adv_w = 258, .box_w = 13, .box_h = 22, .ofs_x = 2, .ofs_y = -5},
    {.bitmap_index = 61926, .adv_w = 489, .box_w = 31, .box_h = 28, .ofs_x = 0, .ofs_y = -6},
    {.bitmap_index = 62169, .adv_w = 408, .box_w = 25, .box_h = 23, .ofs_x = 0, .ofs_y = -6},
    {.bitmap_index = 62340, .adv_w = 304, .box_w = 17, .box_h = 28, .ofs_x = 1, .ofs_y = -6},
    {.bitmap_index = 62502, .adv_w = 260, .box_w = 14, .box_h = 23, .ofs_x = 1, .ofs_y = -6},
    {.bitmap_index = 62619, .adv_w = 359, .box_w = 20, .box_h = 28, .ofs_x = 2, .ofs_y = -6},
    {.bitmap_index = 62772, .adv_w = 302, .box_w = 17, .box_h = 23, .ofs_x = 2, .ofs_y = -6},
    {.bitmap_index = 62879, .adv_w = 323, .box_w = 18, .box_h = 22, .ofs_x = 2, .ofs_y = 0},
    {.bitmap_index = 63011, .adv_w = 288, .box_w = 16, .box_h = 17, .ofs_x = 2, .ofs_y = 0},
    {.bitmap_index = 63104, .adv_w = 334, .box_w = 21, .box_h = 22, .ofs_x = 0, .ofs_y = 0},
    {.bitmap_index = 63253, .adv_w = 266, .box_w = 18, .box_h = 24, .ofs_x = -1, .ofs_y = 0},
    {.bitmap_index = 63384, .adv_w = 419, .box_w = 26, .box_h = 22, .ofs_x = 1, .ofs_y = 0},
    {.bitmap_index = 63525, .adv_w = 353, .box_w = 22, .box_h = 17, .ofs_x = 0, .ofs_y = 0},
    {.bitmap_index = 63631, .adv_w = 384, .box_w = 21, .box_h = 28, .ofs_x = 2, .ofs_y = -6},
    {.bitmap_index = 63692, .adv_w = 310, .box_w = 17, .box_h = 23, .ofs_x = 2, .ofs_y = -6},
    {.bitmap_index = 63742, .adv_w = 500, .box_w = 29, .box_h = 22, .ofs_x = 2, .ofs_y = 0},
    {.bitmap_index = 63797, .adv_w = 365, .box_w = 20, .box_h = 17, .ofs_x = 2, .ofs_y = 0},
    {.bitmap_index = 63838, .adv_w = 524, .box_w = 30, .box_h = 27, .ofs_x = 2, .ofs_y = -5},
    {.bitmap_index = 63971, .adv_w = 445, .box_w = 25, .box_h = 22, .ofs_x = 2, .ofs_y = -5},
    {.bitmap_index = 64084, .adv_w = 380, .box_w = 22, .box_h = 22, .ofs_x = 1, .ofs_y = 0},
    {.bitmap_index = 64275, .adv_w = 309, .box_w = 18, .box_h = 17, .ofs_x = 1, .ofs_y = 0},
    {.bitmap_index = 64417, .adv_w = 333, .box_w = 19, .box_h = 28, .ofs_x = 1, .ofs_y = -6},
    {.bitmap_index = 64579, .adv_w = 268, .box_w = 15, .box_h = 23, .ofs_x = 1, .ofs_y = -6},
    {.bitmap_index = 64693, .adv_w = 306, .box_w = 19, .box_h = 28, .ofs_x = 0, .ofs_y = -6},
    {.bitmap_index = 64747, .adv_w = 246, .box_w = 15, .box_h = 23, .ofs_x = 0, .ofs_y = -6},
    {.bitmap_index = 64792, .adv_w = 308, .box_w = 19, .box_h = 22, .ofs_x = 0, .ofs_y = 0},
    {.bitmap_index = 64903, .adv_w = 257, .box_w = 16, .box_h = 23, .ofs_x = 0, .ofs_y = -6},
    {.bitmap_index = 65014, .adv_w = 308, .box_w = 19, .box_h = 22, .ofs_x = 0, .ofs_y = 0},
    {.bitmap_index = 65125, .adv_w = 257, .box_w = 16, .box_h = 23, .ofs_x = 0, .ofs_y = -6},
    {.bitmap_index = 65241, .adv_w = 326, .box_w = 20, .box_h = 28, .ofs_x = 0, .ofs_y = -6},
    {.bitmap_index = 65422, .adv_w = 267, .box_w = 17, .box_h = 23, .ofs_x = 0, .ofs_y = -6},
    {.bitmap_index = 65550, .adv_w = 459, .box_w = 27, .box_h = 28, .ofs_x = 0, .ofs_y = -6},
    {.bitmap_index = 65630, .adv_w = 343, .box_w = 21, .box_h = 22, .ofs_x = 0, .ofs_y = -5},
    {.bitmap_index = 65695, .adv_w = 367, .box_w = 20, .box_h = 28, .ofs_x = 2, .ofs_y = -6},
    {.bitmap_index = 65783, .adv_w = 294, .box_w = 17, .box_h = 23, .ofs_x = 1, .ofs_y = -6},
    {.bitmap_index = 65855, .adv_w = 348, .box_w = 18, .box_h = 22, .ofs_x = 2, .ofs_y = 0},
    {.bitmap_index = 65932, .adv_w = 283, .box_w = 14, .box_h = 17, .ofs_x = 2, .ofs_y = 0},
    {.bitmap_index = 65997, .adv_w = 348, .box_w = 17, .box_h = 22, .ofs_x = 2, .ofs_y = 0},
    {.bitmap_index = 66057, .adv_w = 282, .box_w = 14, .box_h = 24, .ofs_x = 2, .ofs_y = 0},
    {.bitmap_index = 66113, .adv_w = 396, .box_w = 23, .box_h = 22, .ofs_x = 0, .ofs_y = 0},
    {.bitmap_index = 66273, .adv_w = 304, .box_w = 19, .box_h = 17, .ofs_x = -1, .ofs_y = 0},
    {.bitmap_index = 66401, .adv_w = 396, .box_w = 23, .box_h = 28, .ofs_x = 0, .ofs_y = -6},
    {.bitmap_index = 66575, .adv_w = 304, .box_w = 19, .box_h = 23, .ofs_x = -1, .ofs_y = -6},
    {.bitmap_index = 66714, .adv_w = 139, .box_w = 4, .box_h = 22, .ofs_x = 2, .ofs_y = 0},
    {.bitmap_index = 66722, .adv_w = 465, .box_w = 29, .box_h = 28, .ofs_x = 0, .ofs_y = 0},
    {.bitmap_index = 66978, .adv_w = 392, .box_w = 25, .box_h = 22, .ofs_x = 0, .ofs_y = 0},
    {.bitmap_index = 67166, .adv_w = 323, .box_w = 18, .box_h = 27, .ofs_x = 2, .ofs_y = -5},
    {.bitmap_index = 67319, .adv_w = 279, .box_w = 15, .box_h = 21, .ofs_x = 2, .ofs_y = -4},
    {.bitmap_index = 67428, .adv_w = 384, .box_w = 23, .box_h = 28, .ofs_x = 0, .ofs_y = -6},
    {.bitmap_index = 67579, .adv_w = 316, .box_w = 19, .box_h = 23, .ofs_x = 0, .ofs_y = -6},
    {.bitmap_index = 67700, .adv_w = 365, .box_w = 18, .box_h = 28, .ofs_x = 2, .ofs_y = -6},
    {.bitmap_index = 67763, .adv_w = 290, .box_w = 14, .box_h = 23, .ofs_x = 2, .ofs_y = -6},
    {.bitmap_index = 67819, .adv_w = 389, .box_w = 21, .box_h = 28, .ofs_x = 2, .ofs_y = -6},
    {.bitmap_index = 67899, .adv_w = 315, .box_w = 17, .box_h = 23, .ofs_x = 2, .ofs_y = -6},
    {.bitmap_index = 67970, .adv_w = 351, .box_w = 18, .box_h = 28, .ofs_x = 2, .ofs_y = -6},
    {.bitmap_index = 68058, .adv_w = 279, .box_w = 14, .box_h = 23, .ofs_x = 1, .ofs_y = -6},
    {.bitmap_index = 68125, .adv_w = 468, .box_w = 26, .box_h = 28, .ofs_x = 2, .ofs_y = -6},
    {.bitmap_index = 68344, .adv_w = 400, .box_w = 23, .box_h = 23, .ofs_x = 2, .ofs_y = -6},
    {.bitmap_index = 68507, .adv_w = 139, .box_w = 4, .box_h = 22, .ofs_x = 2, .ofs_y = 0},
    {.bitmap_index = 68515, .adv_w = 334, .box_w = 21, .box_h = 28, .ofs_x = 0, .ofs_y = 0},
    {.bitmap_index = 68710, .adv_w = 279, .box_w = 15, .box_h = 23, .ofs_x = 1, .ofs_y = 0},
    {.bitmap_index = 68849, .adv_w = 334, .box_w = 21, .box_h = 28, .ofs_x = 0, .ofs_y = 0},
    {.bitmap_index = 69043, .adv_w = 279, .box_w = 15, .box_h = 22, .ofs_x = 1, .ofs_y = 0},
    {.bitmap_index = 69182, .adv_w = 479, .box_w = 31, .box_h = 22, .ofs_x = -1, .ofs_y = 0},
    {.bitmap_index = 69368, .adv_w = 433, .box_w = 25, .box_h = 17, .ofs_x = 1, .ofs_y = 0},
    {.bitmap_index = 69542, .adv_w = 291, .box_w = 16, .box_h = 28, .ofs_x = 2, .ofs_y = 0},
    {.bitmap_index = 69626, .adv_w = 272, .box_w = 15, .box_h = 24, .ofs_x = 1, .ofs_y = 0},
    {.bitmap_index = 69767, .adv_w = 354, .box_w = 20, .box_h = 22, .ofs_x = 1, .ofs_y = 0},
    {.bitmap_index = 69922, .adv_w = 270, .box_w = 15, .box_h = 17, .ofs_x = 1, .ofs_y = 0},
    {.bitmap_index = 70024, .adv_w = 354, .box_w = 20, .box_h = 28, .ofs_x = 1, .ofs_y = 0},
    {.bitmap_index = 70215, .adv_w = 270, .box_w = 15, .box_h = 22, .ofs_x = 1, .ofs_y = 0},
    {.bitmap_index = 70350, .adv_w = 465, .box_w = 29, .box_h = 28, .ofs_x = 0, .ofs_y = 0},
    {.bitmap_index = 70608, .adv_w = 392, .box_w = 25, .box_h = 22, .ofs_x = 0, .ofs_y = 0},
    {.bitmap_index = 70804, .adv_w = 304, .box_w = 17, .box_h = 29, .ofs_x = 1, .ofs_y = 0},
    {.bitmap_index = 70989, .adv_w = 260, .box_w = 14, .box_h = 22, .ofs_x = 1, .ofs_y = 0},
    {.bitmap_index = 71123, .adv_w = 298, .box_w = 16, .box_h = 22, .ofs_x = 1, .ofs_y = 0},
    {.bitmap_index = 71250, .adv_w = 298, .box_w = 16, .box_h = 23, .ofs_x = 1, .ofs_y = -6},
    {.bitmap_index = 71382, .adv_w = 365, .box_w = 18, .box_h = 28, .ofs_x = 2, .ofs_y = 0},
    {.bitmap_index = 71517, .adv_w = 296, .box_w = 15, .box_h = 22, .ofs_x = 2, .ofs_y = 0},
    {.bitmap_index = 71610, .adv_w = 365, .box_w = 18, .box_h = 28, .ofs_x = 2, .ofs_y = 0},
    {.bitmap_index = 71763, .adv_w = 296, .box_w = 15, .box_h = 22, .ofs_x = 2, .ofs_y = 0},
    {.bitmap_index = 71871, .adv_w = 352, .box_w = 20, .box_h = 28, .ofs_x = 1, .ofs_y = 0},
    {.bitmap_index = 72069, .adv_w = 292, .box_w = 16, .box_h = 22, .ofs_x = 1, .ofs_y = 0},
    {.bitmap_index = 72218, .adv_w = 349, .box_w = 19, .box_h = 22, .ofs_x = 1, .ofs_y = 0},
    {.bitmap_index = 72379, .adv_w = 291, .box_w = 16, .box_h = 17, .ofs_x = 1, .ofs_y = 0},
    {.bitmap_index = 72495, .adv_w = 349, .box_w = 19, .box_h = 28, .ofs_x = 1, .ofs_y = 0},
    {.bitmap_index = 72692, .adv_w = 291, .box_w = 16, .box_h = 22, .ofs_x = 1, .ofs_y = 0},
    {.bitmap_index = 72840, .adv_w = 345, .box_w = 18, .box_h = 29, .ofs_x = 2, .ofs_y = 0},
    {.bitmap_index = 73028, .adv_w = 276, .box_w = 15, .box_h = 22, .ofs_x = 1, .ofs_y = 0},
    {.bitmap_index = 73170, .adv_w = 322, .box_w = 19, .box_h = 28, .ofs_x = 1, .ofs_y = 0},
    {.bitmap_index = 73338, .adv_w = 242, .box_w = 15, .box_h = 28, .ofs_x = 0, .ofs_y = -6},
    {.bitmap_index = 73488, .adv_w = 322, .box_w = 19, .box_h = 28, .ofs_x = 1, .ofs_y = 0},
    {.bitmap_index = 73674, .adv_w = 242, .box_w = 15, .box_h = 28, .ofs_x = 0, .ofs_y = -6},
    {.bitmap_index = 73840, .adv_w = 322, .box_w = 19, .box_h = 29, .ofs_x = 1, .ofs_y = 0},
    {.bitmap_index = 74034, .adv_w = 242, .box_w = 16, .box_h = 31, .ofs_x = 0, .ofs_y = -6},
    {.bitmap_index = 74213, .adv_w = 351, .box_w = 18, .box_h = 28, .ofs_x = 2, .ofs_y = 0},
    {.bitmap_index = 74317, .adv_w = 279, .box_w = 14, .box_h = 22, .ofs_x = 1, .ofs_y = 0},
    {.bitmap_index = 74400, .adv_w = 285, .box_w = 15, .box_h = 28, .ofs_x = 2, .ofs_y = -6},
    {.bitmap_index = 74444, .adv_w = 215, .box_w = 12, .box_h = 23, .ofs_x = 2, .ofs_y = -6},
    {.bitmap_index = 74479, .adv_w = 443, .box_w = 23, .box_h = 28, .ofs_x = 2, .ofs_y = 0},
    {.bitmap_index = 74622, .adv_w = 398, .box_w = 20, .box_h = 22, .ofs_x = 2, .ofs_y = 0},
    {.bitmap_index = 74736, .adv_w = 302, .box_w = 18, .box_h = 28, .ofs_x = 0, .ofs_y = -6},
    {.bitmap_index = 74824, .adv_w = 235, .box_w = 15, .box_h = 23, .ofs_x = 0, .ofs_y = -6},
    {.bitmap_index = 74905, .adv_w = 332, .box_w = 21, .box_h = 28, .ofs_x = 0, .ofs_y = -6},
    {.bitmap_index = 75114, .adv_w = 272, .box_w = 17, .box_h = 23, .ofs_x = 0, .ofs_y = -6},
    {.bitmap_index = 75261, .adv_w = 321, .box_w = 20, .box_h = 22, .ofs_x = 0, .ofs_y = 0},
    {.bitmap_index = 75428, .adv_w = 254, .box_w = 16, .box_h = 17, .ofs_x = 0, .ofs_y = 0},
    {.bitmap_index = 75541, .adv_w = 318, .box_w = 17, .box_h = 22, .ofs_x = 1, .ofs_y = 0},
    {.bitmap_index = 75633, .adv_w = 289, .box_w = 15, .box_h = 24, .ofs_x = 1, .ofs_y = 0},
    {.bitmap_index = 75741, .adv_w = 421, .box_w = 25, .box_h = 22, .ofs_x = 1, .ofs_y = 0},
    {.bitmap_index = 75876, .adv_w = 441, .box_w = 25, .box_h = 25, .ofs_x = 1, .ofs_y = 0},
    {.bitmap_index = 76050, .adv_w = 406, .box_w = 24, .box_h = 22, .ofs_x = 0, .ofs_y = 0},
    {.bitmap_index = 76212, .adv_w = 331, .box_w = 20, .box_h = 17, .ofs_x = 0, .ofs_y = 0},
    {.bitmap_index = 76334, .adv_w = 275, .box_w = 15, .box_h = 27, .ofs_x = 1, .ofs_y = -5},
    {.bitmap_index = 76458, .adv_w = 258, .box_w = 15, .box_h = 22, .ofs_x = 1, .ofs_y = -5},
    {.bitmap_index = 76562, .adv_w = 497, .box_w = 29, .box_h = 22, .ofs_x = 1, .ofs_y = 0},
    {.bitmap_index = 76740, .adv_w = 414, .box_w = 25, .box_h = 17, .ofs_x = 0, .ofs_y = 0},
    {.bitmap_index = 76885, .adv_w = 511, .box_w = 28, .box_h = 22, .ofs_x = 2, .ofs_y = 0},
    {.bitmap_index = 77001, .adv_w = 425, .box_w = 24, .box_h = 17, .ofs_x = 2, .ofs_y = 0},
    {.bitmap_index = 77105, .adv_w = 318, .box_w = 18, .box_h = 22, .ofs_x = 1, .ofs_y = 0},
    {.bitmap_index = 77248, .adv_w = 264, .box_w = 15, .box_h = 17, .ofs_x = 1, .ofs_y = 0},
    {.bitmap_index = 77348, .adv_w = 364, .box_w = 22, .box_h = 22, .ofs_x = 0, .ofs_y = 0},
    {.bitmap_index = 77462, .adv_w = 328, .box_w = 18, .box_h = 17, .ofs_x = 1, .ofs_y = 0},
    {.bitmap_index = 77555, .adv_w = 345, .box_w = 18, .box_h = 22, .ofs_x = 2, .ofs_y = 0},
    {.bitmap_index = 77715, .adv_w = 276, .box_w = 15, .box_h = 17, .ofs_x = 1, .ofs_y = 0},
    {.bitmap_index = 77825, .adv_w = 385, .box_w = 23, .box_h = 28, .ofs_x = 0, .ofs_y = -6},
    {.bitmap_index = 77977, .adv_w = 317, .box_w = 19, .box_h = 23, .ofs_x = 0, .ofs_y = -6},
    {.bitmap_index = 78098, .adv_w = 334, .box_w = 21, .box_h = 28, .ofs_x = 0, .ofs_y = -6},
    {.bitmap_index = 78294, .adv_w = 279, .box_w = 15, .box_h = 23, .ofs_x = 1, .ofs_y = -6},
    {.bitmap_index = 78434, .adv_w = 447, .box_w = 24, .box_h = 29, .ofs_x = 2, .ofs_y = 0},
    {.bitmap_index = 78642, .adv_w = 449, .box_w = 24, .box_h = 23, .ofs_x = 2, .ofs_y = 0},
    {.bitmap_index = 78760, .adv_w = 454, .box_w = 28, .box_h = 29, .ofs_x = 0, .ofs_y = 0},
    {.bitmap_index = 79042, .adv_w = 385, .box_w = 24, .box_h = 23, .ofs_x = 0, .ofs_y = 0},
    {.bitmap_index = 79247, .adv_w = 454, .box_w = 28, .box_h = 29, .ofs_x = 0, .ofs_y = 0},
    {.bitmap_index = 79531, .adv_w = 385, .box_w = 24, .box_h = 23, .ofs_x = 0, .ofs_y = 0},
    {.bitmap_index = 79737, .adv_w = 454, .box_w = 28, .box_h = 28, .ofs_x = 0, .ofs_y = 0},
    {.bitmap_index = 80028, .adv_w = 385, .box_w = 24, .box_h = 22, .ofs_x = 0, .ofs_y = 0},
    {.bitmap_index = 80244, .adv_w = 331, .box_w = 18, .box_h = 22, .ofs_x = 2, .ofs_y = 0},
    {.bitmap_index = 80393, .adv_w = 334, .box_w = 21, .box_h = 28, .ofs_x = 0, .ofs_y = -6},
    {.bitmap_index = 80581, .adv_w = 279, .box_w = 15, .box_h = 22, .ofs_x = 1, .ofs_y = -5},
    {.bitmap_index = 80714, .adv_w = 334, .box_w = 21, .box_h = 31, .ofs_x = 0, .ofs_y = 0},
    {.bitmap_index = 80915, .adv_w = 279, .box_w = 15, .box_h = 26, .ofs_x = 1, .ofs_y = 0},
    {.bitmap_index = 81060, .adv_w = 334, .box_w = 21, .box_h = 31, .ofs_x = 0, .ofs_y = 0},
    {.bitmap_index = 81273, .adv_w = 279, .box_w = 18, .box_h = 26, .ofs_x = 1, .ofs_y = 0},
    {.bitmap_index = 81444, .adv_w = 334, .box_w = 21, .box_h = 31, .ofs_x = 0, .ofs_y = 0},
    {.bitmap_index = 81657, .adv_w = 279, .box_w = 17, .box_h = 26, .ofs_x = -1, .ofs_y = 0},
    {.bitmap_index = 81823, .adv_w = 334, .box_w = 21, .box_h = 32, .ofs_x = 0, .ofs_y = 0},
    {.bitmap_index = 82047, .adv_w = 279, .box_w = 17, .box_h = 28, .ofs_x = 1, .ofs_y = 0},
    {.bitmap_index = 82227, .adv_w = 334, .box_w = 21, .box_h = 32, .ofs_x = 0, .ofs_y = 0},
    {.bitmap_index = 82451, .adv_w = 279, .box_w = 15, .box_h = 27, .ofs_x = 1, .ofs_y = 0},
    {.bitmap_index = 82613, .adv_w = 334, .box_w = 21, .box_h = 35, .ofs_x = 0, .ofs_y = -6},
    {.bitmap_index = 82840, .adv_w = 279, .box_w = 15, .box_h = 28, .ofs_x = 1, .ofs_y = -5},
    {.bitmap_index = 83003, .adv_w = 334, .box_w = 21, .box_h = 31, .ofs_x = 0, .ofs_y = 0},
    {.bitmap_index = 83217, .adv_w = 279, .box_w = 15, .box_h = 26, .ofs_x = 1, .ofs_y = 0},
    {.bitmap_index = 83367, .adv_w = 334, .box_w = 21, .box_h = 31, .ofs_x = 0, .ofs_y = 0},
    {.bitmap_index = 83580, .adv_w = 279, .box_w = 15, .box_h = 26, .ofs_x = 1, .ofs_y = 0},
    {.bitmap_index = 83732, .adv_w = 334, .box_w = 21, .box_h = 34, .ofs_x = 0, .ofs_y = 0},
    {.bitmap_index = 83960, .adv_w = 279, .box_w = 15, .box_h = 29, .ofs_x = 1, .ofs_y = 0},
    {.bitmap_index = 84122, .adv_w = 334, .box_w = 21, .box_h = 32, .ofs_x = 0, .ofs_y = 0},
    {.bitmap_index = 84345, .adv_w = 279, .box_w = 15, .box_h = 28, .ofs_x = 1, .ofs_y = 0},
    {.bitmap_index = 84508, .adv_w = 334, .box_w = 21, .box_h = 34, .ofs_x = 0, .ofs_y = -6},
    {.bitmap_index = 84732, .adv_w = 279, .box_w = 15, .box_h = 28, .ofs_x = 1, .ofs_y = -5},
    {.bitmap_index = 84896, .adv_w = 291, .box_w = 16, .box_h = 28, .ofs_x = 2, .ofs_y = -6},
    {.bitmap_index = 84972, .adv_w = 272, .box_w = 15, .box_h = 22, .ofs_x = 1, .ofs_y = -5},
    {.bitmap_index = 85100, .adv_w = 291, .box_w = 16, .box_h = 31, .ofs_x = 2, .ofs_y = 0},
    {.bitmap_index = 85191, .adv_w = 272, .box_w = 15, .box_h = 26, .ofs_x = 1, .ofs_y = 0},
    {.bitmap_index = 85332, .adv_w = 291, .box_w = 16, .box_h = 29, .ofs_x = 2, .ofs_y = 0},
    {.bitmap_index = 85422, .adv_w = 272, .box_w = 15, .box_h = 24, .ofs_x = 1, .ofs_y = 0},
    {.bitmap_index = 85564, .adv_w = 291, .box_w = 18, .box_h = 31, .ofs_x = 2, .ofs_y = 0},
    {.bitmap_index = 85671, .adv_w = 272, .box_w = 18, .box_h = 26, .ofs_x = 1, .ofs_y = 0},
    {.bitmap_index = 85842, .adv_w = 291, .box_w = 19, .box_h = 31, .ofs_x = -1, .ofs_y = 0},
    {.bitmap_index = 85950, .adv_w = 272, .box_w = 18, .box_h = 26, .ofs_x = -2, .ofs_y = 0},
    {.bitmap_index = 86119, .adv_w = 291, .box_w = 16, .box_h = 32, .ofs_x = 2, .ofs_y = 0},
    {.bitmap_index = 86232, .adv_w = 272, .box_w = 17, .box_h = 28, .ofs_x = 1, .ofs_y = 0},
    {.bitmap_index = 86410, .adv_w = 291, .box_w = 16, .box_h = 32, .ofs_x = 2, .ofs_y = 0},
    {.bitmap_index = 86518, .adv_w = 272, .box_w = 15, .box_h = 27, .ofs_x = 1, .ofs_y = 0},
    {.bitmap_index = 86678, .adv_w = 291, .box_w = 16, .box_h = 35, .ofs_x = 2, .ofs_y = -6},
    {.bitmap_index = 86791, .adv_w = 272, .box_w = 15, .box_h = 28, .ofs_x = 1, .ofs_y = -5},
    {.bitmap_index = 86949, .adv_w = 139, .box_w = 6, .box_h = 31, .ofs_x = 2, .ofs_y = 0},
    {.bitmap_index = 86982, .adv_w = 127, .box_w = 6, .box_h = 26, .ofs_x = 2, .ofs_y = 0},
    {.bitmap_index = 87016, .adv_w = 139, .box_w = 4, .box_h = 28, .ofs_x = 2, .ofs_y = -6},
    {.bitmap_index = 87035, .adv_w = 125, .box_w = 4, .box_h = 28, .ofs_x = 2, .ofs_y = -6},
    {.bitmap_index = 87062, .adv_w = 352, .box_w = 20, .box_h = 27, .ofs_x = 1, .ofs_y = -5},
    {.bitmap_index = 87250, .adv_w = 292, .box_w = 16, .box_h = 22, .ofs_x = 1, .ofs_y = -5},
    {.bitmap_index = 87391, .adv_w = 352, .box_w = 20, .box_h = 31, .ofs_x = 1, .ofs_y = 0},
    {.bitmap_index = 87595, .adv_w = 292, .box_w = 16, .box_h = 26, .ofs_x = 1, .ofs_y = 0},
    {.bitmap_index = 87750, .adv_w = 352, .box_w = 20, .box_h = 31, .ofs_x = 1, .ofs_y = 0},
    {.bitmap_index = 87970, .adv_w = 292, .box_w = 18, .box_h = 26, .ofs_x = 1, .ofs_y = 0},
    {.bitmap_index = 88153, .adv_w = 352, .box_w = 20, .box_h = 31, .ofs_x = 1, .ofs_y = 0},
    {.bitmap_index = 88372, .adv_w = 292, .box_w = 18, .box_h = 26, .ofs_x = -1, .ofs_y = 0},
    {.bitmap_index = 88554, .adv_w = 352, .box_w = 20, .box_h = 33, .ofs_x = 1, .ofs_y = 0},
    {.bitmap_index = 88787, .adv_w = 292, .box_w = 17, .box_h = 28, .ofs_x = 1, .ofs_y = 0},
    {.bitmap_index = 88975, .adv_w = 352, .box_w = 20, .box_h = 32, .ofs_x = 1, .ofs_y = 0},
    {.bitmap_index = 89202, .adv_w = 292, .box_w = 16, .box_h = 27, .ofs_x = 1, .ofs_y = 0},
    {.bitmap_index = 89374, .adv_w = 352, .box_w = 20, .box_h = 34, .ofs_x = 1, .ofs_y = -5},
    {.bitmap_index = 89602, .adv_w = 292, .box_w = 16, .box_h = 28, .ofs_x = 1, .ofs_y = -5},
    {.bitmap_index = 89773, .adv_w = 352, .box_w = 22, .box_h = 29, .ofs_x = 1, .ofs_y = 0},
    {.bitmap_index = 89993, .adv_w = 293, .box_w = 18, .box_h = 23, .ofs_x = 1, .ofs_y = 0},
    {.bitmap_index = 90158, .adv_w = 352, .box_w = 22, .box_h = 29, .ofs_x = 1, .ofs_y = 0},
    {.bitmap_index = 90378, .adv_w = 293, .box_w = 18, .box_h = 23, .ofs_x = 1, .ofs_y = 0},
    {.bitmap_index = 90543, .adv_w = 352, .box_w = 22, .box_h = 31, .ofs_x = 1, .ofs_y = 0},
    {.bitmap_index = 90773, .adv_w = 293, .box_w = 18, .box_h = 26, .ofs_x = 1, .ofs_y = 0},
    {.bitmap_index = 90951, .adv_w = 352, .box_w = 22, .box_h = 29, .ofs_x = 1, .ofs_y = 0},
    {.bitmap_index = 91184, .adv_w = 293, .box_w = 18, .box_h = 24, .ofs_x = 1, .ofs_y = 0},
    {.bitmap_index = 91360, .adv_w = 352, .box_w = 22, .box_h = 30, .ofs_x = 1, .ofs_y = -5},
    {.bitmap_index = 91579, .adv_w = 293, .box_w = 18, .box_h = 25, .ofs_x = 1, .ofs_y = -6},
    {.bitmap_index = 91746, .adv_w = 332, .box_w = 17, .box_h = 27, .ofs_x = 2, .ofs_y = -5},
    {.bitmap_index = 91843, .adv_w = 282, .box_w = 14, .box_h = 22, .ofs_x = 2, .ofs_y = -5},
    {.bitmap_index = 91913, .adv_w = 332, .box_w = 17, .box_h = 31, .ofs_x = 2, .ofs_y = 0},
    {.bitmap_index = 92027, .adv_w = 282, .box_w = 14, .box_h = 26, .ofs_x = 2, .ofs_y = 0},
    {.bitmap_index = 92110, .adv_w = 356, .box_w = 23, .box_h = 29, .ofs_x = 2, .ofs_y = 0},
    {.bitmap_index = 92258, .adv_w = 317, .box_w = 19, .box_h = 23, .ofs_x = 2, .ofs_y = 0},
    {.bitmap_index = 92369, .adv_w = 356, .box_w = 23, .box_h = 29, .ofs_x = 2, .ofs_y = 0},
    {.bitmap_index = 92516, .adv_w = 317, .box_w = 19, .box_h = 23, .ofs_x = 2, .ofs_y = 0},
    {.bitmap_index = 92626, .adv_w = 356, .box_w = 23, .box_h = 31, .ofs_x = 2, .ofs_y = 0},
    {.bitmap_index = 92782, .adv_w = 317, .box_w = 19, .box_h = 26, .ofs_x = 2, .ofs_y = 0},
    {.bitmap_index = 92906, .adv_w = 356, .box_w = 23, .box_h = 29, .ofs_x = 2, .ofs_y = 0},
    {.bitmap_index = 93067, .adv_w = 317, .box_w = 19, .box_h = 23, .ofs_x = 2, .ofs_y = 0},
    {.bitmap_index = 93176, .adv_w = 356, .box_w = 23, .box_h = 30, .ofs_x = 2, .ofs_y = -6},
    {.bitmap_index = 93323, .adv_w = 317, .box_w = 19, .box_h = 24, .ofs_x = 2, .ofs_y = -5},
    {.bitmap_index = 93434, .adv_w = 308, .box_w = 19, .box_h = 29, .ofs_x = 0, .ofs_y = 0},
    {.bitmap_index = 93580, .adv_w = 242, .box_w = 15, .box_h = 29, .ofs_x = 0, .ofs_y = -6},
    {.bitmap_index = 93738, .adv_w = 308, .box_w = 19, .box_h = 28, .ofs_x = 0, .ofs_y = -6},
    {.bitmap_index = 93874, .adv_w = 242, .box_w = 15, .box_h = 24, .ofs_x = 0, .ofs_y = -7},
    {.bitmap_index = 94020, .adv_w = 308, .box_w = 19, .box_h = 31, .ofs_x = 0, .ofs_y = 0},
    {.bitmap_index = 94176, .adv_w = 242, .box_w = 15, .box_h = 33, .ofs_x = 0, .ofs_y = -6},
    {.bitmap_index = 94348, .adv_w = 308, .box_w = 19, .box_h = 29, .ofs_x = 0, .ofs_y = 0},
    {.bitmap_index = 94503, .adv_w = 242, .box_w = 15, .box_h = 30, .ofs_x = 0, .ofs_y = -6},
    {.bitmap_index = 94671, .adv_w = 370, .box_w = 29, .box_h = 24, .ofs_x = -7, .ofs_y = 0},
    {.bitmap_index = 94901, .adv_w = 261, .box_w = 0, .box_h = 0, .ofs_x = 0, .ofs_y = 0},
    {.bitmap_index = 94901, .adv_w = 522, .box_w = 0, .box_h = 0, .ofs_x = 0, .ofs_y = 0},
    {.bitmap_index = 94901, .adv_w = 261, .box_w = 0, .box_h = 0, .ofs_x = 0, .ofs_y = 0},
    {.bitmap_index = 94901, .adv_w = 522, .box_w = 0, .box_h = 0, .ofs_x = 0, .ofs_y = 0},
    {.bitmap_index = 94901, .adv_w = 174, .box_w = 0, .box_h = 0, .ofs_x = 0, .ofs_y = 0},
    {.bitmap_index = 94901, .adv_w = 131, .box_w = 0, .box_h = 0, .ofs_x = 0, .ofs_y = 0},
    {.bitmap_index = 94901, .adv_w = 87, .box_w = 0, .box_h = 0, .ofs_x = 0, .ofs_y = 0},
    {.bitmap_index = 94901, .adv_w = 288, .box_w = 0, .box_h = 0, .ofs_x = 0, .ofs_y = 0},
    {.bitmap_index = 94901, .adv_w = 140, .box_w = 0, .box_h = 0, .ofs_x = 0, .ofs_y = 0},
    {.bitmap_index = 94901, .adv_w = 105, .box_w = 0, .box_h = 0, .ofs_x = 0, .ofs_y = 0},
    {.bitmap_index = 94901, .adv_w = 52, .box_w = 0, .box_h = 0, .ofs_x = 0, .ofs_y = 0},
    {.bitmap_index = 94901, .adv_w = 0, .box_w = 0, .box_h = 0, .ofs_x = 0, .ofs_y = 0},
    {.bitmap_index = 94901, .adv_w = 141, .box_w = 9, .box_h = 3, .ofs_x = 0, .ofs_y = 8},
    {.bitmap_index = 94909, .adv_w = 141, .box_w = 9, .box_h = 3, .ofs_x = 0, .ofs_y = 8},
    {.bitmap_index = 94917, .adv_w = 336, .box_w = 17, .box_h = 3, .ofs_x = 2, .ofs_y = 10},
    {.bitmap_index = 94929, .adv_w = 400, .box_w = 22, .box_h = 3, .ofs_x = 2, .ofs_y = 10},
    {.bitmap_index = 94941, .adv_w = 400, .box_w = 22, .box_h = 3, .ofs_x = 2, .ofs_y = 10},
    {.bitmap_index = 94953, .adv_w = 234, .box_w = 15, .box_h = 7, .ofs_x = 0, .ofs_y = -6},
    {.bitmap_index = 94979, .adv_w = 103, .box_w = 5, .box_h = 8, .ofs_x = 1, .ofs_y = 17},
    {.bitmap_index = 94996, .adv_w = 103, .box_w = 6, .box_h = 8, .ofs_x = 0, .ofs_y = 15},
    {.bitmap_index = 95018, .adv_w = 102, .box_w = 5, .box_h = 8, .ofs_x = 0, .ofs_y = -5},
    {.bitmap_index = 95037, .adv_w = 103, .box_w = 5, .box_h = 8, .ofs_x = 1, .ofs_y = 15},
    {.bitmap_index = 95057, .adv_w = 181, .box_w = 10, .box_h = 8, .ofs_x = 1, .ofs_y = 17},
    {.bitmap_index = 95092, .adv_w = 183, .box_w = 11, .box_h = 8, .ofs_x = 0, .ofs_y = 15},
    {.bitmap_index = 95131, .adv_w = 177, .box_w = 10, .box_h = 9, .ofs_x = 0, .ofs_y = -5},
    {.bitmap_index = 95172, .adv_w = 283, .box_w = 16, .box_h = 22, .ofs_x = 1, .ofs_y = 0},
    {.bitmap_index = 95209, .adv_w = 292, .box_w = 16, .box_h = 28, .ofs_x = 1, .ofs_y = -6},
    {.bitmap_index = 95272, .adv_w = 173, .box_w = 7, .box_h = 7, .ofs_x = 2, .ofs_y = 8},
    {.bitmap_index = 95293, .adv_w = 241, .box_w = 11, .box_h = 4, .ofs_x = 2, .ofs_y = 0},
    {.bitmap_index = 95314, .adv_w = 343, .box_w = 18, .box_h = 4, .ofs_x = 2, .ofs_y = 0},
    {.bitmap_index = 95349, .adv_w = 96, .box_w = 4, .box_h = 4, .ofs_x = 1, .ofs_y = 8},
    {.bitmap_index = 95358, .adv_w = 491, .box_w = 29, .box_h = 22, .ofs_x = 1, .ofs_y = 0},
    {.bitmap_index = 95591, .adv_w = 90, .box_w = 3, .box_h = 8, .ofs_x = 1, .ofs_y = 15},
    {.bitmap_index = 95603, .adv_w = 164, .box_w = 7, .box_h = 8, .ofs_x = 2, .ofs_y = 15},
    {.bitmap_index = 95627, .adv_w = 154, .box_w = 8, .box_h = 13, .ofs_x = 1, .ofs_y = 2},
    {.bitmap_index = 95673, .adv_w = 154, .box_w = 8, .box_h = 13, .ofs_x = 1, .ofs_y = 2},
    {.bitmap_index = 95718, .adv_w = 264, .box_w = 13, .box_h = 22, .ofs_x = 2, .ofs_y = 0},
    {.bitmap_index = 95787, .adv_w = 233, .box_w = 14, .box_h = 20, .ofs_x = 0, .ofs_y = 1},
    {.bitmap_index = 95870, .adv_w = 188, .box_w = 10, .box_h = 13, .ofs_x = 1, .ofs_y = 10},
    {.bitmap_index = 95926, .adv_w = 188, .box_w = 11, .box_h = 13, .ofs_x = 0, .ofs_y = 10},
    {.bitmap_index = 95972, .adv_w = 188, .box_w = 10, .box_h = 13, .ofs_x = 1, .ofs_y = 10},
    {.bitmap_index = 96029, .adv_w = 188, .box_w = 10, .box_h = 13, .ofs_x = 1, .ofs_y = 10},
    {.bitmap_index = 96089, .adv_w = 188, .box_w = 11, .box_h = 13, .ofs_x = 0, .ofs_y = 10},
    {.bitmap_index = 96138, .adv_w = 188, .box_w = 10, .box_h = 13, .ofs_x = 1, .ofs_y = 10},
    {.bitmap_index = 96205, .adv_w = 188, .box_w = 10, .box_h = 13, .ofs_x = 1, .ofs_y = 10},
    {.bitmap_index = 96268, .adv_w = 206, .box_w = 11, .box_h = 11, .ofs_x = 1, .ofs_y = 10},
    {.bitmap_index = 96290, .adv_w = 190, .box_w = 10, .box_h = 3, .ofs_x = 1, .ofs_y = 15},
    {.bitmap_index = 96298, .adv_w = 190, .box_w = 10, .box_h = 6, .ofs_x = 1, .ofs_y = 13},
    {.bitmap_index = 96313, .adv_w = 124, .box_w = 6, .box_h = 20, .ofs_x = 1, .ofs_y = 6},
    {.bitmap_index = 96367, .adv_w = 124, .box_w = 6, .box_h = 20, .ofs_x = 1, .ofs_y = 6},
    {.bitmap_index = 96425, .adv_w = 216, .box_w = 11, .box_h = 13, .ofs_x = 1, .ofs_y = 10},
    {.bitmap_index = 96458, .adv_w = 188, .box_w = 10, .box_h = 13, .ofs_x = 1, .ofs_y = -6},
    {.bitmap_index = 96514, .adv_w = 188, .box_w = 7, .box_h = 13, .ofs_x = 1, .ofs_y = -6},
    {.bitmap_index = 96535, .adv_w = 188, .box_w = 10, .box_h = 13, .ofs_x = 1, .ofs_y = -6},
    {.bitmap_index = 96593, .adv_w = 188, .box_w = 11, .box_h = 13, .ofs_x = 0, .ofs_y = -6},
    {.bitmap_index = 96662, .adv_w = 188, .box_w = 11, .box_h = 13, .ofs_x = 0, .ofs_y = -6},
    {.bitmap_index = 96708, .adv_w = 188, .box_w = 10, .box_h = 13, .ofs_x = 1, .ofs_y = -6},
    {.bitmap_index = 96765, .adv_w = 188, .box_w = 10, .box_h = 13, .ofs_x = 1, .ofs_y = -6},
    {.bitmap_index = 96825, .adv_w = 188, .box_w = 11, .box_h = 13, .ofs_x = 0, .ofs_y = -6},
    {.bitmap_index = 96874, .adv_w = 188, .box_w = 10, .box_h = 13, .ofs_x = 1, .ofs_y = -6},
    {.bitmap_index = 96941, .adv_w = 188, .box_w = 10, .box_h = 13, .ofs_x = 1, .ofs_y = -6},
    {.bitmap_index = 97004, .adv_w = 206, .box_w = 11, .box_h = 11, .ofs_x = 1, .ofs_y = -6},
    {.bitmap_index = 97026, .adv_w = 190, .box_w = 10, .box_h = 3, .ofs_x = 1, .ofs_y = -1},
    {.bitmap_index = 97034, .adv_w = 190, .box_w = 10, .box_h = 6, .ofs_x = 1, .ofs_y = -3},
    {.bitmap_index = 97049, .adv_w = 124, .box_w = 6, .box_h = 19, .ofs_x = 1, .ofs_y = -9},
    {.bitmap_index = 97101, .adv_w = 124, .box_w = 6, .box_h = 19, .ofs_x = 1, .ofs_y = -9},
    {.bitmap_index = 97156, .adv_w = 283, .box_w = 17, .box_h = 22, .ofs_x = 0, .ofs_y = 0},
    {.bitmap_index = 97218, .adv_w = 298, .box_w = 17, .box_h = 22, .ofs_x = 1, .ofs_y = 0},
    {.bitmap_index = 97344, .adv_w = 406, .box_w = 25, .box_h = 22, .ofs_x = 0, .ofs_y = 0},
    {.bitmap_index = 97494, .adv_w = 420, .box_w = 23, .box_h = 22, .ofs_x = 2, .ofs_y = 0},
    {.bitmap_index = 97618, .adv_w = 542, .box_w = 31, .box_h = 22, .ofs_x = 2, .ofs_y = 0},
    {.bitmap_index = 97851, .adv_w = 379, .box_w = 24, .box_h = 22, .ofs_x = 0, .ofs_y = 0},
    {.bitmap_index = 98071, .adv_w = 395, .box_w = 21, .box_h = 17, .ofs_x = 2, .ofs_y = 0},
    {.bitmap_index = 98158, .adv_w = 296, .box_w = 18, .box_h = 28, .ofs_x = 1, .ofs_y = -5},
    {.bitmap_index = 98313, .adv_w = 288, .box_w = 16, .box_h = 22, .ofs_x = 1, .ofs_y = 0},
    {.bitmap_index = 98443, .adv_w = 375, .box_w = 23, .box_h = 22, .ofs_x = 0, .ofs_y = 0},
    {.bitmap_index = 98555, .adv_w = 265, .box_w = 16, .box_h = 23, .ofs_x = 0, .ofs_y = 0},
    {.bitmap_index = 98687, .adv_w = 285, .box_w = 17, .box_h = 22, .ofs_x = 0, .ofs_y = 0},
    {.bitmap_index = 98817, .adv_w = 338, .box_w = 19, .box_h = 17, .ofs_x = 1, .ofs_y = 0},
    {.bitmap_index = 98907, .adv_w = 340, .box_w = 21, .box_h = 22, .ofs_x = 0, .ofs_y = 0},
    {.bitmap_index = 99021, .adv_w = 389, .box_w = 22, .box_h = 24, .ofs_x = 1, .ofs_y = -1},
    {.bitmap_index = 99187, .adv_w = 378, .box_w = 22, .box_h = 25, .ofs_x = 1, .ofs_y = -1},
    {.bitmap_index = 99387, .adv_w = 244, .box_w = 13, .box_h = 26, .ofs_x = 1, .ofs_y = -1},
    {.bitmap_index = 99508, .adv_w = 527, .box_w = 29, .box_h = 23, .ofs_x = 2, .ofs_y = 0},
    {.bitmap_index = 99713, .adv_w = 320, .box_w = 17, .box_h = 9, .ofs_x = 1, .ofs_y = 14},
    {.bitmap_index = 99771, .adv_w = 341, .box_w = 19, .box_h = 22, .ofs_x = 1, .ofs_y = 0},
    {.bitmap_index = 99928, .adv_w = 326, .box_w = 17, .box_h = 19, .ofs_x = 2, .ofs_y = -1},
    {.bitmap_index = 100037, .adv_w = 394, .box_w = 22, .box_h = 23, .ofs_x = 1, .ofs_y = 0},
    {.bitmap_index = 100219, .adv_w = 438, .box_w = 25, .box_h = 22, .ofs_x = 1, .ofs_y = 0},
    {.bitmap_index = 100439, .adv_w = 436, .box_w = 25, .box_h = 22, .ofs_x = 1, .ofs_y = 0},
    {.bitmap_index = 100650, .adv_w = 411, .box_w = 23, .box_h = 22, .ofs_x = 1, .ofs_y = 0},
    {.bitmap_index = 100843, .adv_w = 292, .box_w = 16, .box_h = 25, .ofs_x = 1, .ofs_y = -1},
    {.bitmap_index = 101009, .adv_w = 361, .box_w = 22, .box_h = 22, .ofs_x = 0, .ofs_y = 0},
    {.bitmap_index = 101172, .adv_w = 356, .box_w = 18, .box_h = 27, .ofs_x = 2, .ofs_y = -4},
    {.bitmap_index = 101214, .adv_w = 300, .box_w = 18, .box_h = 28, .ofs_x = 1, .ofs_y = -5},
    {.bitmap_index = 101369, .adv_w = 293, .box_w = 14, .box_h = 3, .ofs_x = 2, .ofs_y = 10},
    {.bitmap_index = 101381, .adv_w = 305, .box_w = 19, .box_h = 24, .ofs_x = 0, .ofs_y = -1},
    {.bitmap_index = 101531, .adv_w = 527, .box_w = 30, .box_h = 19, .ofs_x = 1, .ofs_y = -1},
    {.bitmap_index = 101763, .adv_w = 131, .box_w = 13, .box_h = 32, .ofs_x = -2, .ofs_y = -7},
    {.bitmap_index = 101834, .adv_w = 289, .box_w = 16, .box_h = 12, .ofs_x = 1, .ofs_y = 4},
    {.bitmap_index = 101921, .adv_w = 281, .box_w = 14, .box_h = 18, .ofs_x = 2, .ofs_y = 2},
    {.bitmap_index = 101999, .adv_w = 260, .box_w = 14, .box_h = 18, .ofs_x = 0, .ofs_y = 0},
    {.bitmap_index = 102087, .adv_w = 268, .box_w = 14, .box_h = 18, .ofs_x = 2, .ofs_y = 0},
    {.bitmap_index = 102178, .adv_w = 309, .box_w = 16, .box_h = 15, .ofs_x = 2, .ofs_y = 0},
    {.bitmap_index = 102196, .adv_w = 258, .box_w = 16, .box_h = 23, .ofs_x = 0, .ofs_y = 0},
    {.bitmap_index = 102343, .adv_w = 309, .box_w = 15, .box_h = 14, .ofs_x = 2, .ofs_y = 2},
    {.bitmap_index = 102424, .adv_w = 309, .box_w = 15, .box_h = 14, .ofs_x = 2, .ofs_y = 2},
    {.bitmap_index = 102494, .adv_w = 147, .box_w = 5, .box_h = 18, .ofs_x = 2, .ofs_y = 2},
    {.bitmap_index = 102519, .adv_w = 164, .box_w = 8, .box_h = 8, .ofs_x = 1, .ofs_y = 9},
    {.bitmap_index = 102531, .adv_w = 129, .box_w = 5, .box_h = 7, .ofs_x = 1, .ofs_y = -3},
    {.bitmap_index = 102550, .adv_w = 284, .box_w = 16, .box_h = 24, .ofs_x = 0, .ofs_y = 0},
    {.bitmap_index = 102627, .adv_w = 291, .box_w = 16, .box_h = 24, .ofs_x = 0, .ofs_y = 0},
    {.bitmap_index = 102698, .adv_w = 437, .box_w = 25, .box_h = 24, .ofs_x = 0, .ofs_y = 0},
    {.bitmap_index = 102816, .adv_w = 437, .box_w = 25, .box_h = 24, .ofs_x = 0, .ofs_y = 0},
    {.bitmap_index = 102930, .adv_w = 0, .box_w = 0, .box_h = 0, .ofs_x = 0, .ofs_y = 0},
    {.bitmap_index = 102930, .adv_w = 525, .box_w = 31, .box_h = 30, .ofs_x = 1, .ofs_y = -7},
    {.bitmap_index = 103201, .adv_w = 525, .box_w = 31, .box_h = 43, .ofs_x = 1, .ofs_y = -9}
};

/*---------------------
 *  CHARACTER MAPPING
 *--------------------*/

static const uint16_t unicode_list_2[] = {
    0x0, 0x3, 0x11, 0x12, 0x20, 0x21, 0x61, 0x6b,
    0x6c, 0x6d, 0x6e, 0x6f, 0x70, 0x89, 0x8a, 0x8b,
    0x8c, 0xa8, 0xca, 0x12d, 0x137, 0x138, 0x13a, 0x149,
    0x14a, 0x14b, 0x14c, 0x14d, 0x14e, 0x164, 0x171, 0x172,
    0x174, 0x17a, 0x180, 0x194, 0x1f5, 0x1f6, 0x1f7, 0x1f8,
    0x1f9, 0x1fa, 0x1fb, 0x1fd
};

static const uint8_t glyph_id_ofs_list_5[] = {
    0, 1, 0, 0, 0, 2
};

static const uint16_t unicode_list_8[] = {
    0x0, 0x1, 0x3e, 0x3f, 0x80, 0x81, 0x82, 0x83,
    0x84, 0x85, 0x9e
};

static const uint16_t unicode_list_10[] = {
    0x0, 0xb3, 0xb4, 0xb5, 0xb6, 0xb7, 0xb8, 0xb9,
    0xba, 0xbb, 0xbc, 0xbd, 0xbe, 0xc3, 0xc4, 0xc6,
    0xc7, 0xc8, 0xca, 0xcb, 0xcc, 0xcd, 0xce, 0xcf,
    0xd0, 0xd1, 0xd3, 0xd4, 0xd5, 0xd8, 0xd9, 0xda,
    0xe3, 0xe5, 0xe6, 0xec, 0xed, 0xef, 0xf7, 0x123
};

static const uint16_t unicode_list_12[] = {
    0x0, 0x1, 0x3, 0x4, 0x5, 0x6, 0x7, 0x8,
    0x9, 0xe, 0x16, 0x17, 0x19, 0x1a, 0x1e, 0x62,
    0x70, 0x73, 0x7f, 0x83, 0x8b, 0xb8, 0xb9, 0xba,
    0xbb, 0x15f, 0x163, 0x16c, 0x16e, 0x16f, 0x177, 0x17b,
    0x188, 0x1a5, 0x1bd, 0x1c1, 0x1c2, 0x4fd, 0x527, 0x528,
    0x52c, 0xcd5e, 0xcd5f, 0xd620, 0xda5e, 0xda5f, 0xda60, 0xda61,
    0xde5c, 0xdf59, 0xdf5a
};

/*Collect the unicode lists and glyph_id offsets*/
static const lv_font_fmt_txt_cmap_t cmaps[] =
{
    {
        .range_start = 32, .range_length = 95, .glyph_id_start = 1,
        .unicode_list = NULL, .glyph_id_ofs_list = NULL, .list_length = 0, .type = LV_FONT_FMT_TXT_CMAP_FORMAT0_TINY
    },
    {
        .range_start = 160, .range_length = 224, .glyph_id_start = 96,
        .unicode_list = NULL, .glyph_id_ofs_list = NULL, .list_length = 0, .type = LV_FONT_FMT_TXT_CMAP_FORMAT0_TINY
    },
    {
        .range_start = 399, .range_length = 510, .glyph_id_start = 320,
        .unicode_list = unicode_list_2, .glyph_id_ofs_list = NULL, .list_length = 44, .type = LV_FONT_FMT_TXT_CMAP_SPARSE_TINY
    },
    {
        .range_start = 910, .range_length = 20, .glyph_id_start = 364,
        .unicode_list = NULL, .glyph_id_ofs_list = NULL, .list_length = 0, .type = LV_FONT_FMT_TXT_CMAP_FORMAT0_TINY
    },
    {
        .range_start = 931, .range_length = 44, .glyph_id_start = 384,
        .unicode_list = NULL, .glyph_id_ofs_list = NULL, .list_length = 0, .type = LV_FONT_FMT_TXT_CMAP_FORMAT0_TINY
    },
    {
        .range_start = 977, .range_length = 6, .glyph_id_start = 428,
        .unicode_list = NULL, .glyph_id_ofs_list = glyph_id_ofs_list_5, .list_length = 6, .type = LV_FONT_FMT_TXT_CMAP_FORMAT0_FULL
    },
    {
        .range_start = 1024, .range_length = 135, .glyph_id_start = 431,
        .unicode_list = NULL, .glyph_id_ofs_list = NULL, .list_length = 0, .type = LV_FONT_FMT_TXT_CMAP_FORMAT0_TINY
    },
    {
        .range_start = 1160, .range_length = 140, .glyph_id_start = 566,
        .unicode_list = NULL, .glyph_id_ofs_list = NULL, .list_length = 0, .type = LV_FONT_FMT_TXT_CMAP_FORMAT0_TINY
    },
    {
        .range_start = 7680, .range_length = 159, .glyph_id_start = 706,
        .unicode_list = unicode_list_8, .glyph_id_ofs_list = NULL, .list_length = 11, .type = LV_FONT_FMT_TXT_CMAP_SPARSE_TINY
    },
    {
        .range_start = 7840, .range_length = 90, .glyph_id_start = 717,
        .unicode_list = NULL, .glyph_id_ofs_list = NULL, .list_length = 0, .type = LV_FONT_FMT_TXT_CMAP_FORMAT0_TINY
    },
    {
        .range_start = 8013, .range_length = 292, .glyph_id_start = 807,
        .unicode_list = unicode_list_10, .glyph_id_ofs_list = NULL, .list_length = 40, .type = LV_FONT_FMT_TXT_CMAP_SPARSE_TINY
    },
    {
        .range_start = 8308, .range_length = 27, .glyph_id_start = 847,
        .unicode_list = NULL, .glyph_id_ofs_list = NULL, .list_length = 0, .type = LV_FONT_FMT_TXT_CMAP_FORMAT0_TINY
    },
    {
        .range_start = 8355, .range_length = 57179, .glyph_id_start = 874,
        .unicode_list = unicode_list_12, .glyph_id_ofs_list = NULL, .list_length = 51, .type = LV_FONT_FMT_TXT_CMAP_SPARSE_TINY
    }
};

/*-----------------
 *    KERNING
 *----------------*/


/*Map glyph_ids to kern left classes*/
static const uint8_t kern_left_class_mapping[] =
{
    0, 1, 0, 2, 0, 0, 0, 0,
    2, 3, 0, 0, 0, 4, 0, 4,
    5, 0, 0, 0, 0, 0, 0, 0,
    0, 0, 0, 0, 0, 0, 0, 0,
    0, 0, 6, 7, 8, 9, 10, 11,
    0, 12, 12, 13, 14, 15, 12, 12,
    9, 16, 17, 18, 0, 19, 13, 20,
    21, 22, 23, 24, 25, 0, 0, 0,
    0, 0, 26, 27, 28, 0, 29, 30,
    0, 31, 0, 0, 32, 0, 31, 31,
    33, 27, 0, 34, 0, 35, 0, 36,
    37, 38, 36, 39, 40, 0, 0, 0,
    0, 0, 0, 0, 0, 0, 0, 0,
    0, 0, 0, 0, 0, 0, 0, 0,
    0, 0, 0, 0, 0, 0, 0, 0,
    0, 0, 0, 0, 0, 0, 0, 0,
    6, 6, 6, 6, 6, 6, 0, 8,
    10, 10, 10, 10, 12, 12, 12, 12,
    9, 12, 9, 9, 9, 9, 9, 0,
    0, 13, 13, 13, 13, 23, 0, 0,
    26, 26, 26, 26, 26, 26, 0, 28,
    29, 29, 29, 29, 0, 0, 0, 0,
    0, 31, 33, 33, 33, 33, 33, 0,
    0, 0, 0, 0, 0, 36, 27, 36,
    6, 26, 6, 26, 6, 26, 8, 28,
    8, 28, 8, 28, 8, 28, 9, 0,
    9, 0, 10, 29, 10, 29, 10, 29,
    10, 29, 10, 29, 0, 0, 0, 0,
    0, 0, 0, 0, 12, 31, 0, 0,
    12, 0, 12, 0, 12, 0, 12, 0,
    12, 0, 0, 0, 13, 0, 14, 0,
    0, 15, 0, 15, 0, 15, 0, 15,
    0, 0, 0, 12, 31, 12, 31, 12,
    31, 31, 0, 0, 9, 33, 9, 33,
    9, 33, 0, 0, 0, 34, 0, 34,
    0, 34, 0, 0, 0, 0, 0, 0,
    0, 0, 19, 0, 19, 0, 19, 0,
    13, 0, 13, 0, 13, 0, 13, 0,
    13, 0, 13, 0, 21, 0, 23, 36,
    23, 24, 39, 24, 39, 24, 39, 0,
    9, 0, 0, 0, 0, 0, 0, 6,
    26, 0, 0, 0, 0, 0, 0, 19,
    0, 0, 41, 42, 0, 0, 0, 0,
    0, 0, 0, 0, 0, 0, 0, 0,
    0, 0, 0, 0, 0, 0, 6, 0,
    10, 12, 12, 9, 23, 0, 0, 6,
    7, 43, 44, 10, 24, 12, 9, 12,
    14, 6, 12, 12, 45, 9, 0, 16,
    46, 19, 23, 47, 22, 48, 0, 12,
    23, 0, 0, 31, 0, 0, 49, 0,
    36, 50, 0, 51, 31, 0, 52, 0,
    53, 0, 36, 54, 33, 0, 55, 56,
    57, 58, 59, 60, 0, 61, 62, 0,
    0, 33, 0, 0, 0, 0, 0, 10,
    10, 63, 43, 0, 0, 12, 12, 13,
    64, 64, 65, 14, 0, 66, 12, 6,
    67, 7, 43, 68, 10, 22, 69, 12,
    0, 14, 12, 12, 12, 9, 0, 16,
    8, 19, 66, 0, 22, 12, 12, 12,
    70, 64, 12, 64, 71, 72, 73, 26,
    74, 75, 76, 77, 29, 38, 28, 0,
    0, 78, 0, 0, 0, 33, 0, 27,
    28, 79, 36, 27, 38, 80, 0, 0,
    81, 82, 0, 82, 27, 83, 0, 29,
    29, 0, 76, 84, 0, 0, 0, 0,
    82, 82, 0, 0, 0, 36, 0, 0,
    0, 64, 82, 0, 0, 6, 0, 0,
    0, 0, 0, 0, 0, 0, 0, 0,
    0, 0, 33, 20, 36, 20, 36, 0,
    0, 0, 0, 0, 0, 0, 0, 0,
    28, 0, 0, 0, 0, 0, 0, 0,
    0, 0, 0, 0, 0, 27, 43, 76,
    43, 0, 0, 0, 22, 38, 0, 0,
    14, 0, 14, 0, 14, 0, 14, 0,
    12, 0, 0, 0, 0, 0, 0, 0,
    8, 28, 19, 0, 23, 36, 23, 0,
    22, 38, 0, 0, 0, 0, 0, 0,
    0, 31, 0, 0, 0, 0, 12, 22,
    38, 0, 0, 0, 0, 0, 0, 12,
    0, 0, 0, 12, 0, 12, 6, 26,
    6, 26, 0, 0, 10, 29, 9, 29,
    0, 29, 22, 38, 0, 0, 0, 0,
    0, 0, 0, 0, 9, 33, 0, 0,
    0, 33, 0, 27, 66, 36, 66, 36,
    66, 36, 0, 0, 43, 76, 0, 0,
    0, 76, 22, 38, 0, 0, 0, 0,
    0, 0, 0, 0, 0, 0, 0, 0,
    0, 0, 0, 0, 0, 0, 0, 0,
    0, 0, 6, 26, 12, 31, 21, 0,
    21, 0, 21, 0, 0, 6, 26, 6,
    26, 6, 26, 6, 26, 6, 26, 6,
    26, 6, 26, 6, 26, 6, 26, 6,
    26, 6, 26, 6, 26, 10, 29, 10,
    29, 10, 29, 10, 29, 10, 29, 10,
    29, 10, 29, 10, 29, 12, 0, 12,
    0, 9, 33, 9, 33, 9, 33, 9,
    33, 9, 33, 9, 33, 9, 33, 0,
    0, 0, 0, 0, 0, 0, 33, 0,
    0, 13, 0, 13, 0, 0, 0, 0,
    0, 0, 0, 0, 0, 0, 0, 23,
    36, 23, 36, 23, 36, 23, 36, 9,
    0, 0, 0, 0, 0, 0, 0, 0,
    0, 0, 0, 0, 0, 0, 0, 0,
    0, 0, 2, 2, 4, 2, 2, 2,
    4, 0, 0, 0, 4, 4, 0, 0,
    2, 2, 0, 0, 0, 0, 0, 0,
    0, 0, 0, 0, 0, 0, 0, 0,
    0, 0, 0, 0, 0, 0, 0, 0,
    0, 0, 0, 0, 0, 0, 0, 0,
    0, 0, 0, 0, 0, 0, 0, 0,
    0, 0, 0, 0, 0, 0, 0, 0,
    0, 0, 0, 0, 0, 0, 0, 0,
    0, 0, 0, 0, 44, 0, 0, 0,
    0, 0, 0, 0, 0, 0, 0, 0,
    0, 0, 0, 0, 0, 0, 0, 0,
    0, 0, 0, 0, 0
};

/*Map glyph_ids to kern right classes*/
static const uint8_t kern_right_class_mapping[] =
{
    0, 1, 0, 2, 0, 0, 0, 3,
    2, 0, 4, 5, 0, 6, 7, 6,
    8, 0, 0, 0, 0, 0, 0, 0,
    9, 0, 0, 0, 0, 0, 0, 0,
    10, 0, 11, 0, 12, 0, 0, 0,
    12, 0, 0, 13, 0, 0, 0, 0,
    12, 0, 12, 0, 14, 15, 16, 17,
    18, 19, 20, 21, 0, 0, 22, 0,
    0, 0, 23, 0, 24, 24, 24, 25,
    24, 0, 0, 0, 0, 0, 26, 26,
    27, 26, 24, 28, 29, 30, 31, 32,
    33, 34, 32, 35, 0, 0, 36, 0,
    0, 0, 0, 0, 0, 0, 0, 0,
    0, 0, 0, 37, 0, 7, 0, 0,
    0, 0, 0, 0, 0, 0, 0, 0,
    0, 0, 0, 38, 0, 0, 0, 0,
    11, 11, 11, 11, 11, 11, 39, 12,
    0, 0, 0, 0, 0, 0, 0, 0,
    0, 0, 12, 12, 12, 12, 12, 0,
    12, 16, 16, 16, 16, 20, 0, 0,
    23, 23, 23, 23, 23, 23, 40, 24,
    24, 24, 24, 24, 0, 0, 0, 0,
    0, 26, 27, 27, 27, 27, 27, 0,
    41, 31, 31, 31, 31, 32, 0, 32,
    11, 23, 11, 23, 11, 23, 12, 24,
    12, 24, 12, 24, 12, 24, 0, 24,
    0, 0, 0, 24, 0, 24, 0, 24,
    0, 24, 0, 24, 12, 24, 12, 24,
    12, 24, 12, 24, 0, 0, 0, 0,
    0, 0, 0, 0, 0, 0, 0, 0,
    0, 0, 0, 0, 13, 0, 0, 0,
    0, 0, 0, 0, 0, 0, 0, 0,
    0, 0, 0, 0, 26, 0, 26, 0,
    26, 26, 0, 0, 12, 27, 12, 27,
    12, 27, 12, 24, 0, 0, 0, 0,
    0, 0, 14, 29, 14, 29, 14, 29,
    14, 29, 15, 0, 15, 0, 0, 0,
    16, 31, 16, 31, 16, 31, 16, 31,
    16, 31, 16, 31, 18, 0, 20, 32,
    20, 21, 35, 21, 35, 21, 35, 0,
    0, 0, 12, 24, 42, 31, 0, 11,
    23, 0, 0, 12, 0, 14, 29, 15,
    0, 0, 0, 43, 0, 0, 0, 0,
    0, 0, 0, 0, 0, 0, 0, 0,
    0, 0, 0, 0, 0, 0, 11, 0,
    0, 0, 0, 12, 20, 0, 0, 11,
    0, 0, 44, 0, 21, 0, 12, 0,
    0, 11, 0, 0, 45, 12, 0, 0,
    46, 0, 20, 47, 19, 48, 0, 0,
    20, 24, 0, 26, 0, 31, 24, 49,
    32, 50, 51, 52, 26, 53, 54, 0,
    55, 0, 32, 56, 27, 57, 58, 59,
    24, 60, 31, 61, 0, 62, 63, 0,
    31, 27, 31, 0, 0, 0, 0, 0,
    0, 15, 0, 12, 0, 0, 0, 13,
    64, 0, 15, 0, 0, 65, 0, 11,
    0, 0, 0, 66, 0, 19, 0, 0,
    0, 0, 64, 0, 0, 12, 0, 0,
    12, 15, 65, 0, 19, 0, 67, 0,
    0, 0, 0, 68, 69, 0, 0, 23,
    70, 71, 26, 72, 24, 34, 73, 26,
    26, 26, 74, 26, 26, 27, 26, 26,
    24, 75, 32, 24, 34, 26, 76, 26,
    26, 77, 78, 26, 79, 26, 80, 24,
    24, 0, 26, 24, 29, 0, 0, 0,
    74, 26, 0, 26, 26, 32, 81, 12,
    82, 0, 0, 0, 0, 11, 0, 0,
    0, 83, 0, 0, 0, 0, 0, 0,
    0, 12, 27, 17, 32, 17, 32, 12,
    24, 12, 84, 12, 24, 12, 85, 12,
    24, 0, 0, 0, 0, 0, 0, 0,
    0, 26, 0, 0, 0, 86, 0, 87,
    0, 0, 0, 0, 19, 34, 0, 0,
    0, 26, 0, 81, 0, 0, 15, 88,
    0, 26, 0, 26, 0, 71, 12, 24,
    12, 24, 15, 0, 20, 32, 20, 0,
    19, 34, 15, 0, 67, 76, 89, 90,
    0, 0, 91, 92, 0, 0, 0, 19,
    34, 0, 0, 64, 74, 0, 26, 0,
    26, 67, 76, 0, 26, 0, 11, 23,
    11, 23, 0, 0, 0, 24, 93, 24,
    0, 24, 19, 34, 0, 0, 0, 0,
    0, 26, 0, 26, 12, 27, 12, 24,
    12, 27, 0, 0, 65, 32, 65, 32,
    65, 32, 67, 76, 0, 26, 0, 26,
    0, 26, 19, 34, 0, 0, 94, 24,
    24, 24, 95, 96, 97, 98, 64, 0,
    0, 99, 12, 24, 100, 101, 102, 0,
    64, 74, 11, 23, 0, 26, 18, 0,
    18, 0, 18, 0, 0, 11, 23, 11,
    23, 11, 23, 11, 23, 11, 23, 11,
    23, 11, 23, 11, 23, 11, 23, 11,
    23, 11, 23, 11, 23, 0, 24, 0,
    24, 0, 24, 0, 24, 0, 24, 0,
    24, 0, 24, 0, 24, 0, 0, 0,
    0, 12, 27, 12, 27, 12, 27, 12,
    27, 12, 27, 12, 27, 12, 27, 12,
    24, 12, 24, 12, 24, 12, 27, 12,
    24, 16, 31, 16, 31, 0, 31, 0,
    31, 0, 31, 0, 31, 0, 31, 20,
    32, 20, 32, 20, 32, 20, 32, 0,
    0, 0, 0, 0, 0, 0, 0, 0,
    0, 0, 0, 0, 0, 0, 7, 7,
    7, 0, 2, 103, 6, 2, 2, 2,
    6, 0, 0, 104, 6, 6, 0, 0,
    2, 2, 0, 0, 0, 0, 0, 0,
    0, 0, 0, 0, 0, 0, 0, 0,
    0, 0, 0, 0, 0, 0, 0, 0,
    0, 0, 0, 0, 0, 0, 0, 0,
    0, 0, 0, 0, 0, 0, 0, 0,
    0, 0, 0, 0, 0, 0, 0, 0,
    0, 0, 0, 0, 0, 0, 0, 0,
    0, 0, 0, 0, 44, 0, 0, 0,
    0, 0, 0, 0, 0, 0, 0, 0,
    0, 0, 0, 0, 0, 0, 0, 0,
    0, 0, 0, 0, 0
};

/*Kern values between classes*/
static const int8_t kern_class_values[] =
{
    0, 0, 0, 0, 0, 0, 0, 0,
    0, 0, 0, 0, 0, 0, -8, 0,
    0, 0, 0, 0, 0, 0, 0, 0,
    0, 0, 0, 0, 0, 0, 0, 0,
    0, 0, 0, 0, 0, 0, 0, 0,
    0, 0, 0, 0, 0, 0, 0, 0,
    0, 0, 0, 0, 0, 0, 0, 0,
    0, 0, 0, 0, 0, 0, 0, 0,
    0, 0, 0, 0, 0, 0, 0, 0,
    0, 0, 0, 0, 0, 0, 0, 0,
    0, 0, 0, 0, 0, 0, 0, 0,
    0, 0, 0, 0, 0, 0, 0, 0,
    0, 0, 0, 0, 0, 0, 0, 0,
    0, -21, 0, 0, 0, 0, 0, 0,
    0, 0, 0, 0, 0, 0, 0, 0,
    0, 0, 0, 0, 0, 0, 0, 0,
    0, 0, 0, 0, 0, 0, 0, 0,
    0, 0, 0, 0, 0, 0, 0, 0,
    0, 0, 0, -24, 0, 0, 0, 0,
    0, 0, 0, 0, 0, 0, 0, 0,
    0, 0, 0, 0, 0, 0, 0, 0,
    0, 0, 0, 0, 0, 0, 0, 0,
    0, 0, 0, 0, 0, 0, 0, 0,
    0, 0, 0, 0, 0, 0, 0, 0,
    0, 0, 0, 0, 0, 0, 0, 0,
    0, 0, 0, 0, 0, 0, -21, 0,
    0, 0, 0, 0, 0, 0, 0, 0,
    0, 0, 0, 0, 0, 0, 0, 0,
    4, 4, 0, 4, 0, 0, 0, 0,
    0, 0, 0, 0, 0, 0, 0, 0,
    0, 0, 0, 0, 0, 0, 0, 0,
    0, 0, 0, 0, 0, 0, 0, 0,
    0, 0, 0, 0, 0, 0, 0, 0,
    0, 0, 0, 0, 0, 0, 0, 0,
    0, 0, 0, 0, 0, 0, 0, 0,
    0, 0, 0, 0, 0, 0, 0, 0,
    0, 0, 0, 0, 0, 0, 0, 0,
    0, 0, 0, 0, 0, 0, 0, 0,
    0, 0, 0, 0, 0, 0, 0, 0,
    0, -34, 0, 0, 0, 0, 0, 0,
    0, 0, 0, 0, 0, 0, 0, 0,
    0, 0, 0, 0, 0, 0, 0, 0,
    0, 0, 0, 0, 0, 0, 0, 0,
    0, 0, 0, 0, 0, 0, 0, 0,
    0, 0, 0, 0, 0, 0, 0, 0,
    0, 0, 0, 0, 0, 0, 0, 0,
    0, 0, 0, 0, 0, 0, 0, 0,
    0, 0, 0, 0, 0, 0, 0, 0,
    0, 0, 0, 0, 0, 0, 0, 0,
    0, 0, 0, 0, 0, 0, 0, 0,
    0, 0, 0, 0, 0, 0, 0, 0,
    0, 0, 0, 0, 0, 0, -34, 0,
    0, 0, 0, 0, 0, 0, 0, -45,
    0, 0, 0, 0, 0, 0, 0, 0,
    0, 0, 0, 0, 0, 0, 0, 0,
    0, 0, 0, 0, 0, 0, 0, 0,
    0, 0, 0, 0, 0, 0, 0, 0,
    0, 0, 0, 0, 0, 0, 0, 0,
    0, 0, 0, 0, 0, 0, 0, 0,
    0, 0, 0, 0, 0, 0, 0, 0,
    0, 0, 0, 0, 0, 0, 0, 0,
    0, 0, 0, 0, 0, 0, 0, 0,
    0, 0, 0, 0, 0, 0, 0, 0,
    0, 0, 0, 0, 0, 0, 0, 0,
    0, 0, 0, 0, 0, 0, 0, 0,
    0, -24, 0, 0, 0, 0, 0, 0,
    0, -12, 0, -2, 0, 0, -26, -3,
    -17, -14, 0, -19, 0, 0, 0, 0,
    0, 0, -2, 0, 0, -3, -2, -10,
    -7, 0, 2, 0, 0, 0, 0, 0,
    0, -4, -24, 0, 0, 0, -5, -9,
    0, 0, 0, 0, 0, 0, 3, 0,
    0, 0, 0, -11, 0, 0, 0, 3,
    0, 4, -11, -12, 0, 0, 0, 0,
    0, 4, -11, -23, 0, 0, 0, 0,
    0, 0, 0, 0, 0, 0, 0, -19,
    -35, -27, -11, -7, -3, 0, -28, 0,
    -11, 0, 0, -35, -23, 0, -24, 0,
    0, 0, 0, 0, 0, 0, 0, 0,
    0, 0, 0, 0, 0, 0, -5, 0,
    -5, 0, 0, -11, 0, 0, 0, 0,
    0, 0, 0, 0, 0, 0, 0, 0,
    0, 0, 0, 0, 0, 0, 0, 0,
    0, 0, 0, 0, 0, 0, 0, 0,
    0, 0, 0, 0, 0, 0, 0, 0,
    0, 0, 0, 0, 0, 0, 0, 0,
    -3, 0, 0, 0, 0, 0, 0, 0,
    0, 0, 0, 0, 0, 0, 0, 0,
    0, 0, 2, 0, 0, 0, 0, 0,
    0, 0, 0, 0, 0, 0, 0, 0,
    0, 0, 0, -5, 0, 0, 0, 0,
    0, 0, 0, -5, 0, 0, 0, 0,
    0, 0, 0, 0, 0, 0, -6, 0,
    0, 0, 0, 0, 0, -2, 0, 0,
    0, 0, 0, 0, 0, 0, 0, 0,
    0, 0, 0, -3, 0, 0, 0, 0,
    0, 0, 0, 0, 0, 0, 0, 0,
    0, 0, 0, 0, 0, 0, 0, 0,
    0, 0, 0, 0, 0, 0, 0, 0,
    0, 0, 0, 0, 0, 0, 0, 0,
    0, 0, 0, 0, 0, 0, 0, 0,
    0, 0, 0, 0, 0, 0, 0, 0,
    0, 0, 0, -4, 0, 0, 0, 0,
    0, 0, 0, 0, 0, 0, 0, 0,
    0, 0, 0, 0, 0, -20, 0, 0,
    0, 0, -4, 0, 0, 0, -5, 0,
    -4, 0, -4, -9, -5, 0, 0, 0,
    0, 0, 0, 0, 0, 0, 0, 0,
    0, 0, 0, 0, 0, 0, -7, 0,
    0, 0, 0, -4, -3, -3, 0, 0,
    0, 0, 0, 0, 0, 0, -4, 0,
    0, 0, 0, 0, 0, 0, 0, -6,
    0, -7, 0, -6, 0, 0, 0, 0,
    0, 0, 0, 0, 0, 0, 0, 0,
    0, 0, 0, 0, 0, 0, 0, 0,
    0, 0, 0, 0, 0, 0, 0, 0,
    0, 0, 0, -6, 0, 0, 0, 0,
    0, 0, 0, 0, 0, 0, 0, 0,
    0, 0, 0, 0, 0, 0, 4, 0,
    0, 0, 0, 0, 0, 0, 0, -4,
    -4, 0, -4, 0, 0, 0, -3, -5,
    -4, 0, 0, 0, 0, 0, 0, 0,
    0, 0, 0, 0, 0, 0, 0, 0,
    0, 0, 0, 0, 0, 0, 0, 0,
    0, 0, -4, 0, 0, 0, 0, 0,
    0, 0, 0, 0, 0, 0, 0, 0,
    0, 0, 0, 0, 0, 0, 0, 0,
    0, 0, 0, 0, 0, 0, 0, 0,
    0, 0, 0, 0, 0, 0, 0, 0,
    0, 0, 0, 0, 0, 0, 0, 0,
    0, 0, 0, 0, 0, -47, 0, 0,
    0, 0, -34, 0, -53, 0, 4, 0,
    0, 0, 0, 0, 0, 0, -7, -4,
    0, 0, -4, -5, 0, 0, -4, -5,
    0, 0, 0, 0, 0, 0, 0, 0,
    0, 0, 0, -34, 0, 0, 0, 0,
    0, 0, 0, 0, 0, 0, 0, 0,
    0, 0, -4, 0, 0, 0, 0, 0,
    0, 0, 0, 0, 0, 0, 0, 0,
    0, 0, 0, 0, 0, 0, 0, 0,
    0, 0, 0, 0, 0, 0, 0, 0,
    0, 0, 0, 0, 0, 0, 0, 0,
    0, 0, 0, 0, 0, 0, 0, 0,
    0, 0, 0, 0, 0, 0, 0, 0,
    0, 0, 4, 0, 0, 0, -6, 0,
    0, 0, 3, -6, 0, 0, 0, 0,
    0, 0, 0, 0, 0, 0, 0, 0,
    0, 0, 0, 0, 0, 0, 0, 0,
    0, 0, 0, 4, 0, 0, 0, 0,
    0, 0, 0, 0, 0, 0, 0, 0,
    0, 0, 0, 0, 0, 0, 0, 3,
    0, 4, -6, 0, 0, 0, 0, 4,
    0, 3, 0, -5, 0, 0, 0, 0,
    0, 0, 0, 0, 0, 0, 0, 0,
    -6, -5, -6, 0, 0, 0, -6, 0,
    -6, 0, 0, -6, 0, 0, 0, 0,
    0, 0, 0, 0, 0, 0, 0, 0,
    0, 0, -4, 0, 0, 0, 0, 0,
    0, 0, 0, 0, 0, 0, 0, 0,
    0, 0, 0, 0, 0, 0, 0, 0,
    0, 0, 0, 0, 0, 0, 0, 0,
    0, 0, 0, -4, 0, 0, 0, 0,
    0, 0, 0, 0, 0, 0, 0, 0,
    0, 0, 0, 0, 0, 0, 0, 0,
    0, 0, 0, 0, 0, 0, 0, 0,
    0, 0, 0, 0, 0, 0, 0, 0,
    0, 0, 0, 0, 0, 0, 0, 0,
    0, 0, 0, 0, 0, 0, 0, 0,
    0, 0, 0, 0, 0, 0, 0, 0,
    0, 0, 0, 0, 0, 0, -13, 0,
    0, 0, 0, -6, 0, 0, 0, 0,
    0, 0, 0, 0, 0, 0, 0, -5,
    0, -5, -5, 0, 0, 0, -5, -8,
    -13, 0, 0, 0, 0, 0, 0, 0,
    0, 0, 0, 0, 0, 0, -12, 0,
    0, 0, 0, 0, 0, 0, 0, 0,
    0, 0, -5, -15, 0, 0, 0, 0,
    0, 0, 0, 0, 0, -8, 0, 0,
    0, 0, -14, -19, 0, 0, 0, 0,
    0, -16, 0, -9, -11, 0, 0, -19,
    0, -12, 0, 0, -6, 0, 0, -10,
    0, -10, 0, 0, -11, -3, 0, 0,
    0, 0, 0, 0, 0, 0, 0, 0,
    0, 0, 4, -13, 0, 0, -55, -11,
    -35, -29, 0, -48, 0, 0, 0, 0,
    0, 0, 0, 0, 0, 0, -9, -27,
    -18, 0, 0, 0, 0, 0, 0, 0,
    0, 0, 0, 4, 0, 0, 0, 0,
    0, 0, 0, 0, 0, 0, 0, 0,
    0, 0, 0, 0, 0, 0, 0, 0,
    0, 0, 0, 0, 0, 0, 0, 0,
    0, 0, 0, 0, 0, 0, 0, 0,
    0, 0, 0, 0, 0, 0, 0, 0,
    0, 0, 0, 0, 0, 0, 0, 0,
    0, 0, 0, 0, 0, 0, 0, 0,
    0, 0, 0, 0, 0, -65, 0, 0,
    0, 0, -28, 0, -40, 0, 0, 0,
    0, 0, -6, 0, -5, 0, -2, -3,
    0, 0, -3, 0, 0, 3, 0, 3,
    0, 0, 0, 0, 0, 0, -19, 0,
    0, 0, 0, -28, 0, 0, 0, 0,
    0, -2, 0, 0, 0, 0, -7, 0,
    0, -5, -3, 0, 0, 0, 0, -11,
    0, -18, 0, 0, 0, 0, 0, -11,
    0, -8, 0, 0, 0, 0, 0, 0,
    0, 0, 0, 0, 0, 0, 0, 0,
    0, 0, 0, 0, 0, -6, 0, 0,
    0, 0, 0, 0, 0, 0, 0, 0,
    0, 0, 0, 0, 0, 0, 0, 0,
    0, 0, 0, 0, 0, 0, -9, 0,
    -6, -4, 0, -7, 0, 0, 0, 0,
    0, 0, 0, 0, 0, 0, 0, 0,
    0, 0, 0, 0, 0, 0, 0, 0,
    0, 0, 0, 0, 0, 0, 0, 0,
    0, 0, 0, 0, 0, 0, 0, 0,
    0, 0, 0, 0, 0, 0, 0, 0,
    0, 0, 0, 0, 0, 0, 0, 0,
    0, 0, 0, 0, 0, 0, 0, 0,
    0, 0, 0, 0, 0, 0, 0, 0,
    0, 0, 0, 0, 0, 0, 0, 0,
    0, 0, 0, 0, 0, 0, 0, 0,
    0, 0, 0, 0, 0, 0, 0, 0,
    0, 0, 0, 0, 0, 0, -16, 0,
    -4, 0, 0, -10, 0, 0, 0, 0,
    0, 0, 0, 0, 0, 0, 0, 0,
    0, 0, 0, 0, 0, 0, 0, 0,
    0, 0, 0, 0, 0, 0, 0, 0,
    0, 0, 0, 0, 0, 0, 0, 0,
    0, 0, 0, 0, 0, 0, 0, 0,
    0, 0, 0, 0, 0, 0, 0, 0,
    0, 0, 0, 0, 0, 0, 0, 0,
    0, 0, 0, 0, 0, 0, 0, 0,
    0, 0, 0, 0, 0, 0, 0, 0,
    0, 0, 0, 0, 0, 0, 0, 0,
    -8, 0, 0, 0, 0, -44, -46, 0,
    0, 0, -16, -6, -48, -3, 3, 0,
    3, 3, 0, 3, 0, 0, -23, -20,
    0, -22, -20, -15, -23, 0, -19, -14,
    -11, -15, -12, 0, -66, -43, -36, -23,
    -19, 0, 0, -16, 0, 0, -16, 0,
    0, -11, -26, 0, 0, -31, 0, 0,
    -24, -31, -20, -20, -30, -28, -32, -11,
    0, -18, 0, 3, 0, -6, -19, -28,
    -26, -26, -16, -26, 0, -26, -26, -27,
    -26, -26, 0, -21, -8, -25, -21, -15,
    0, -26, -20, -30, -5, -30, 0, -22,
    0, -17, -27, 3, -22, -3, 0, 0,
    0, 0, 0, 4, 0, -45, -7, 0,
    0, 0, -15, -3, 0, 0, 0, 0,
    0, 0, 0, 0, 0, 3, -9, -9,
    0, 0, -9, -6, 0, 0, -6, -2,
    0, 0, 0, 4, 0, 0, 0, 0,
    0, 0, 0, -15, 0, 0, 0, 0,
    0, 0, 0, 0, 0, 0, 0, 0,
    0, 0, -9, 0, 0, 0, 0, 0,
    0, 0, 0, 0, 0, 0, 0, 0,
    0, 0, 0, 0, 0, 0, 0, 0,
    0, 0, 0, 0, 0, 0, 0, 0,
    0, 0, 0, 0, 0, 0, 0, 0,
    0, 0, 0, 0, 0, 0, 0, 0,
    0, 0, 0, 3, 0, -25, -12, 0,
    0, 0, -9, 0, 0, 0, 3, 0,
    0, 0, 0, 0, 0, 2, -7, -6,
    0, 0, -6, -4, 0, 0, -4, 0,
    0, 0, 0, 3, 0, 0, 0, 0,
    0, 0, 0, -9, 0, 0, 0, 0,
    0, 0, 0, 0, 0, 0, 0, 0,
    0, 0, -6, 0, 0, 0, 0, 0,
    0, 0, 0, 0, 0, 0, 0, 0,
    0, 0, 0, 0, 0, 0, 0, 0,
    0, 0, 0, 0, 0, 0, 0, 0,
    0, 0, 0, 0, 0, 0, 0, 0,
    0, 0, 0, 0, 0, 0, 0, 0,
    0, 0, 0, 0, 0, 0, -9, 0,
    0, 0, 0, -5, 0, 0, 0, 0,
    3, 0, 0, 0, 0, 0, 0, -5,
    0, 0, -4, 0, 0, 0, -4, -6,
    0, 0, 0, 0, 0, 0, 0, 0,
    0, 0, 0, 0, 0, 0, -9, 0,
    0, -3, 0, 0, -4, 0, 3, 0,
    0, 0, -5, -6, -5, -5, -4, 3,
    0, 4, 0, 0, 0, -5, 0, 0,
    0, 3, -8, -9, 0, 0, 0, 0,
    0, 0, 0, 0, 0, 0, 0, -8,
    0, -9, -8, -12, -5, 0, 3, 0,
    2, 0, 0, 0, -8, -3, 0, 0,
    0, 0, -6, 4, -10, -42, -10, 0,
    0, 0, -19, -6, -19, -3, 3, -19,
    4, 3, 3, 4, 0, 4, -15, -13,
    -4, -8, -13, -8, -12, -4, -8, -4,
    0, -5, -6, 4, -16, -10, -19, -13,
    -13, 0, 0, -19, 0, 0, -10, 0,
    -4, -4, -12, 3, -5, -8, 0, 0,
    -5, -14, -13, -5, -11, -8, -11, 0,
    0, 0, 0, 0, 0, 0, 0, 0,
    0, 0, 0, 0, 0, 0, 0, 0,
    0, 0, 0, 0, 0, 0, 0, 0,
    0, 0, 0, 0, 0, 0, 0, 0,
    0, 0, 0, 0, 0, 0, 0, -9,
    0, 0, 0, 0, 0, 0, 0, 0,
    0, 0, 3, -5, 0, 0, 0, 0,
    0, 0, 0, 0, 0, 0, 0, -4,
    0, 0, -4, 0, 0, 0, -4, -5,
    -5, 0, 0, 0, 0, 0, 0, 0,
    0, 0, 0, 3, 0, 0, -11, 0,
    0, 0, 0, 0, 0, 0, 0, 0,
    0, 0, -4, 0, 0, -6, 0, 0,
    0, 0, 0, 0, 0, 0, 0, 0,
    0, 0, 0, 0, 0, 0, 0, 0,
    0, 0, 0, 0, 0, 0, 0, 0,
    0, 0, 0, 0, 0, 0, 0, 0,
    0, 0, 0, 0, 0, 0, 0, 0,
    0, 0, 0, 0, 0, 0, 0, 0,
    0, 0, 0, 0, -4, 0, 0, -4,
    0, 0, 0, 0, 0, 0, 0, 0,
    0, 0, 0, 0, 0, 0, 0, 0,
    0, 0, 0, 0, 0, 0, 0, 0,
    0, 0, 0, 0, 0, 0, 0, 0,
    0, 0, 0, 0, 0, 0, 0, 0,
    0, 0, 0, 0, 0, 0, 0, 0,
    0, 0, 0, 0, 0, 0, 0, 0,
    0, 0, 0, 0, 0, 0, 0, 0,
    0, 0, 0, 0, 0, 0, 0, 0,
    0, 0, 0, 0, 0, 0, 0, 0,
    0, 0, 0, 0, 0, 0, 0, 0,
    0, -13, 0, 0, 0, 0, 0, 0,
    0, 0, 0, 0, 0, 0, 0, 0,
    0, 0, 0, 0, 0, 0, 0, 0,
    0, 0, 0, 0, 0, 0, 0, -3,
    0, 0, 0, 0, 0, 0, 0, 0,
    0, 0, -13, 0, 0, 0, 0, 0,
    0, 0, 0, 0, 0, 0, 0, 0,
    0, 0, 0, 0, 0, 0, 0, 0,
    0, 0, 0, 0, 0, 0, 0, 0,
    0, 0, -3, 0, 0, 0, 0, 0,
    0, -3, 0, 0, -3, 0, 0, -3,
    0, 0, 0, 0, 0, 0, 0, -3,
    0, -5, 0, 0, -9, 0, -13, 0,
    0, -6, 0, 0, 0, 0, 0, 0,
    0, 0, 0, 0, 0, 0, 0, 0,
    0, 0, 0, 0, 0, 0, 0, 0,
    0, 0, 0, 0, 0, 0, 0, -2,
    0, -3, -3, 0, 0, 0, 0, 0,
    0, 0, -6, 0, 0, 0, 0, 0,
    0, 0, 0, 0, 0, 0, 0, 0,
    0, 0, 0, -4, 0, 0, 0, 0,
    0, 0, 0, 0, 0, 0, 0, -4,
    0, -3, -16, 0, 0, 0, 0, 0,
    0, 0, 0, 0, 0, 0, 0, -4,
    0, 0, 0, 0, 0, 0, 0, 0,
    0, 0, 0, 0, -4, 0, -6, 0,
    0, -2, 0, 0, 0, 0, 0, 0,
    0, 0, 0, 0, 0, 0, 0, 0,
    0, 0, 0, 0, 0, 0, 0, 0,
    0, 0, 0, 0, 0, 0, 0, 0,
    0, 0, 0, 0, 0, 0, 0, 0,
    0, 0, -2, 0, 0, 0, 0, 0,
    0, 0, 0, 0, 0, 0, 0, 0,
    0, 0, 0, 0, 0, 0, 0, 0,
    0, 0, 0, 0, 0, 0, 0, 0,
    0, 0, 0, 0, 0, 0, 0, 0,
    0, 0, 0, 0, 0, 0, 0, 0,
    0, 0, 0, 0, 0, 0, 0, 0,
    0, 0, 0, 0, 0, 0, -2, 0,
    0, -3, 0, 0, 0, 0, 0, 0,
    0, 0, 0, 0, 0, 0, 0, 0,
    0, 0, 0, 0, 0, 0, 0, 0,
    0, 0, 0, 0, 0, 0, 0, -3,
    0, 0, 0, 0, 0, 0, 0, 0,
    0, 0, -3, 0, 0, 0, 0, 0,
    0, 0, 0, 0, 0, 0, 0, 0,
    0, 0, 0, 0, 0, 0, 0, 0,
    0, 0, 0, 0, 0, 0, 0, 0,
    0, 0, -2, 0, 0, 0, 0, 0,
    0, 0, 0, 0, 0, 0, 0, 0,
    0, 0, 0, 0, 0, 0, 0, 0,
    0, 0, 0, 0, 0, 0, -16, 0,
    0, 3, 0, 4, 0, 0, 0, 0,
    0, 0, 0, 0, 0, 0, 0, 0,
    0, 0, 0, 0, 0, 4, 0, -5,
    0, 0, 0, 0, 0, 0, 0, 0,
    0, 0, 0, 4, 0, 0, 0, 0,
    0, 0, 3, 0, 0, 0, 0, 0,
    0, 0, 0, 0, 0, 0, 0, 0,
    0, 0, -5, 0, 0, 0, 0, 0,
    0, 0, 0, 0, 0, 0, 0, 0,
    0, 0, 0, 0, 0, 0, 0, 0,
    0, 0, 0, 0, 0, 0, 0, 0,
    0, 0, 0, 0, 0, 0, 0, 0,
    0, 0, 0, 0, 0, 0, 3, 0,
    0, -21, 0, 0, 0, 0, 0, 0,
    0, 0, 0, 0, 0, 0, 0, 0,
    0, 0, 0, 0, 0, 0, 0, 0,
    0, 0, 0, 0, 0, 0, 0, 0,
    0, 0, 0, 0, 0, 0, 0, 0,
    0, 0, -21, 0, 0, 0, 0, 0,
    0, 0, 0, 0, 0, 0, 0, 0,
    0, 0, 0, 0, 0, 0, 0, 0,
    0, 0, 0, 0, 0, 0, 0, 0,
    0, 0, -13, 0, 0, 0, 0, 0,
    0, 0, 0, 0, 0, 0, 0, 0,
    0, 0, 0, 0, 0, 0, 0, 0,
    0, 0, 0, 0, 0, 0, -16, 0,
    0, 0, 0, 0, 0, 0, 0, 0,
    0, 0, 0, 0, 0, 0, 0, 0,
    0, 0, 0, 0, 0, 0, 0, -4,
    0, 0, 0, 0, 0, 0, 0, 0,
    0, 0, 0, 0, 0, 0, 0, 0,
    0, 0, 0, 0, 0, 0, 0, 0,
    0, 0, 0, 0, 0, 0, 0, 0,
    0, 0, -4, 0, 0, 0, 0, 0,
    0, 0, 0, 0, 0, 0, 0, 0,
    0, 0, 0, 0, 0, 0, 0, 0,
    0, 0, 0, 0, 0, 0, 0, 0,
    0, 0, 0, 0, 0, 0, 0, 0,
    0, 0, 0, 0, 0, 0, 0, 0,
    0, -27, 0, 0, 0, 0, 0, 0,
    0, 0, 0, 0, 0, 0, 0, 0,
    0, 0, 0, 0, 0, 0, 0, 0,
    0, 0, 0, 0, 0, 0, 0, -3,
    0, -4, -3, 0, 0, 0, 0, 0,
    0, 0, -27, 0, 0, 0, 0, 0,
    0, 0, 0, 0, 0, 0, 0, 0,
    0, 0, 0, -4, 0, 0, 0, 0,
    0, 0, 0, 0, 0, 0, 0, -14,
    0, -3, -4, 0, 0, 0, 0, 0,
    0, -3, 0, 0, -3, 0, 0, -4,
    0, 0, 0, 0, 0, 0, 0, -2,
    0, 0, 0, 0, -4, 0, -16, 0,
    0, 3, 0, 0, 0, -25, 0, 0,
    0, 0, 0, 0, 0, 0, 0, 0,
    0, 0, 0, 0, 0, 0, -8, -4,
    3, 0, -4, 0, 0, 10, 0, 4,
    3, 0, 0, 0, 0, 0, 0, 0,
    0, 0, 3, 0, 0, 0, 0, 0,
    0, 0, 0, 0, 0, 0, 0, 0,
    0, 0, -4, 0, 0, 0, 0, 0,
    0, 0, 0, 0, 0, 0, 0, 0,
    0, 0, 0, 0, 0, 0, 0, 0,
    0, 0, 0, 0, 0, 0, 0, 0,
    0, 0, 0, 0, 0, 0, 0, 0,
    0, 0, 0, 0, 0, 0, 3, 0,
    0, 0, 0, 0, 0, 0, 0, 0,
    0, 0, 0, 0, 0, 0, 0, 0,
    0, 0, 0, 0, 0, 0, 0, 0,
    0, 0, -4, 0, 0, 0, 0, 0,
    0, 0, 0, 0, 0, 0, 0, 0,
    0, 0, 0, 0, 0, 0, 0, 0,
    0, 0, 0, 0, 0, 0, 0, 0,
    0, 0, 0, 0, 0, 0, 0, 0,
    0, 0, 0, 0, 0, 0, 0, 0,
    0, 0, 0, 0, 0, 0, 0, 0,
    0, 0, 0, 0, 0, 0, 0, 0,
    0, 0, 0, 0, 0, 0, 0, 0,
    0, 0, 0, 0, 0, 0, 0, 0,
    0, 3, 0, 0, 0, -21, 0, 0,
    0, 0, 0, 0, 0, 0, 0, 0,
    0, 0, 0, 0, 0, 0, -3, -3,
    3, 0, -3, 0, 0, 0, 0, 0,
    0, 0, 0, 0, 0, 0, 0, 0,
    0, 0, 3, 0, 0, 0, 0, 0,
    0, -2, 0, 0, 0, 0, 0, 0,
    2, -4, -3, 2, 0, 0, 0, 0,
    0, 0, 0, 0, 0, 0, 0, -11,
    0, -8, 0, 0, 0, 0, 0, 0,
    0, 0, 0, -3, 0, 0, 0, 0,
    0, 0, 0, 0, 0, 0, 0, 0,
    0, 0, 0, 0, 0, 0, 3, 0,
    0, 0, 0, 0, 0, -25, 0, 0,
    0, 0, 0, 0, 0, 0, 0, 0,
    0, 0, 0, 0, 0, 0, 0, 0,
    0, 0, 0, 0, 0, 0, 0, 0,
    0, 0, 0, 0, 0, 0, 0, 0,
    0, 0, 0, 0, 0, 0, 0, 0,
    0, 0, 0, 0, 0, 0, 0, 0,
    0, 0, 0, 0, 0, 0, 0, 0,
    0, 0, 0, 0, 0, 0, 0, 0,
    0, 0, 0, 0, 0, 0, 0, 0,
    0, 0, 0, 0, 0, 0, 0, 0,
    0, 0, 0, 0, 0, 0, 0, 0,
    0, 0, 0, 0, 0, 0, 0, 0,
    0, 0, 0, 0, 0, 0, 0, 0,
    0, 0, 0, 0, 0, 0, 0, 0,
    0, 0, 0, 0, 0, 0, 0, -4,
    0, 0, -4, 0, 0, 0, 0, 0,
    0, 0, 0, 0, 0, 0, 0, 0,
    0, 0, 0, 0, 0, 0, 0, 0,
    0, 0, 0, 0, 0, 0, 0, 0,
    0, 0, -4, 0, 0, 0, 0, 0,
    0, 0, 0, 0, 0, 0, 0, 0,
    0, 0, 0, 0, 0, 0, 0, 0,
    0, 0, 0, -3, 0, 0, 0, 0,
    0, 0, 0, 0, 0, 0, 0, 0,
    0, 0, 0, 0, 0, 0, 0, 0,
    0, 0, 0, 0, 0, 0, 0, 0,
    0, 0, 0, 0, 0, 0, 0, 0,
    0, 0, 0, 0, 0, 0, 0, -3,
    0, 0, -3, 0, 0, 0, 0, 0,
    0, 0, 0, 0, 0, 0, 0, 0,
    0, 0, 0, 0, 0, 0, 0, 0,
    0, 0, 0, 0, 0, 0, 0, 0,
    0, 0, -3, 0, 0, 0, 0, 0,
    0, 0, 0, 0, 0, 0, 0, 0,
    0, 0, 0, 0, 0, 0, 0, 0,
    0, 0, 0, 0, 0, 0, 0, 0,
    0, 0, 0, 0, 0, 0, 0, 0,
    0, 0, 0, 0, 0, 0, 0, 0,
    0, 0, 0, 0, 0, 0, 0, 0,
    0, 0, 0, 0, -4, 0, 0, -4,
    0, 0, 0, 0, 0, 0, 0, 0,
    0, 0, 0, 0, 0, 0, 0, 0,
    0, 0, 0, 0, 0, 0, 0, 0,
    0, 0, 0, 0, 0, 0, 0, 0,
    0, 0, 0, 0, 0, 0, 0, 0,
    0, 0, 0, 0, 0, 0, 0, 0,
    0, 0, 0, 0, 0, 0, 0, 0,
    0, 0, 0, 0, 0, 0, 0, 0,
    0, 0, 0, 0, 0, 0, 0, 0,
    0, 0, 0, 0, 0, 0, 0, 0,
    0, 0, 0, 0, 0, 0, 0, 0,
    0, -3, 0, 0, 0, 0, 0, 0,
    0, 0, 0, 0, 0, 0, 0, 0,
    0, 0, 0, 0, 0, 0, 0, 0,
    0, 0, 0, 0, 0, 0, 0, -3,
    0, 0, 0, 0, 0, 0, 0, 0,
    0, 0, -3, 0, 0, 0, 0, 0,
    0, 0, 0, 0, 0, 0, 0, 0,
    0, 0, 0, 0, 0, 0, 0, 0,
    0, 0, 0, 0, 0, 0, 0, 0,
    0, 0, -2, 0, 0, 0, 0, 0,
    0, 0, 0, 0, 0, 0, 0, 0,
    0, 0, 0, 0, 0, 0, 0, 0,
    0, 0, 0, 0, 0, 0, -3, 0,
    0, -21, 0, 0, 0, 0, 0, 0,
    0, 0, -24, 0, 0, 0, 0, 0,
    0, 0, 0, 0, 0, 0, -10, -12,
    0, -4, -12, 0, -16, 0, 0, 0,
    2, 0, 0, 0, 0, 0, 0, 0,
    0, 0, -21, -24, 0, 0, 0, 0,
    0, 0, 0, 0, 0, 0, 0, 0,
    0, 0, -12, 0, 0, 0, 0, 0,
    0, 0, 0, 0, 0, 0, 0, 0,
    0, 0, 0, 0, 0, 0, 0, 0,
    0, 0, 0, 0, 0, 0, 0, 0,
    0, 0, 0, 0, 0, 0, 0, 0,
    0, 0, 0, 0, 0, 0, -21, 0,
    0, 0, 0, 0, 0, -78, -83, 0,
    0, 0, -39, -13, 0, -9, 1, 0,
    1, 1, 0, 1, 0, 0, -42, -38,
    0, -41, -38, -29, -43, 0, -36, -28,
    -23, -30, -24, 0, -115, -77, -65, -43,
    -36, 0, 0, -39, 0, 0, -32, 0,
    0, -23, -48, 0, 0, -56, 0, 0,
    -45, -57, -38, -37, -55, -52, -59, -22,
    0, -35, 0, 1, 0, -13, -37, -52,
    -47, -48, -30, -49, 0, -48, -47, -50,
    -48, -48, 0, -39, -17, -47, -39, -30,
    0, -49, -39, -54, -13, -55, 0, -41,
    0, -32, -49, 1, -42, -9, 0, 0,
    0, -24, 0, 0, 0, 0, 0, 0,
    0, -12, 0, 0, 0, 0, 0, 0,
    0, 0, 0, 0, 0, 0, 0, 0,
    0, 0, 0, 0, 0, 0, 0, 0,
    0, 0, 0, 0, 0, 0, 0, 0,
    0, 0, 0, 0, 0, 0, 0, 0,
    0, 0, 0, 0, 0, 0, 0, 0,
    0, 0, 0, 0, 0, 0, 0, 0,
    0, 0, 0, 0, 0, 0, 0, 0,
    0, 0, 0, 0, 0, 0, 0, 0,
    0, 0, 0, 0, 0, 0, 0, 0,
    0, 0, 0, 0, 0, 0, 0, 0,
    0, 0, 0, 0, 0, 0, -24, 0,
    0, 0, 0, 0, 0, 0, 0, 0,
    0, 0, 0, -3, 0, 0, 0, 0,
    0, 0, 0, 0, 0, 0, 0, 0,
    0, 0, 0, 0, 0, 0, 0, 0,
    0, 0, 0, 0, 0, 0, 0, 0,
    0, 0, 0, 0, 0, 0, 0, 0,
    0, 0, 0, 0, 0, 0, 3, 0,
    0, 0, 0, 0, 0, 0, 0, 0,
    0, 0, 0, 0, 0, 0, 0, 0,
    0, 0, 0, 0, 0, 0, 0, 0,
    0, 0, 0, 0, 0, 0, 0, 0,
    0, 0, 0, 0, 0, 0, 0, 0,
    0, 0, 0, 0, 0, 0, 0, 0,
    0, 0, 0, 0, 0, 0, 0, 0,
    0, 0, 0, -5, 0, 0, 0, 0,
    0, 0, 0, 0, 0, 0, 0, 0,
    0, 0, 0, 0, 0, 0, 0, 0,
    0, 0, 0, 0, 0, 0, 0, 0,
    0, 0, 0, 0, 0, 0, -12, 0,
    0, 0, 0, 0, 0, 0, 3, 0,
    0, 0, 0, 0, 0, 0, 0, 0,
    0, 0, 0, 0, 0, 0, 0, 0,
    0, 0, 0, 0, 0, 0, 0, 0,
    0, 0, 0, 0, 0, 0, 0, 0,
    0, 0, 0, 0, 0, 0, 0, 0,
    0, 0, 0, 0, 0, 0, 0, 0,
    0, 0, 0, 0, 0, 0, 0, 0,
    0, 0, -6, 0, 0, 0, 0, 0,
    0, 0, -9, -9, 0, 0, 0, 0,
    0, 0, 0, 0, 0, 0, 0, 0,
    0, 0, 0, 0, 0, 0, 0, 0,
    0, 0, 0, -6, 0, 0, 0, 0,
    0, 0, 0, 0, 0, 0, -6, 0,
    0, 0, 0, 0, 0, 0, 0, 0,
    0, 0, 0, 0, 0, 0, 0, 0,
    0, 0, 0, 0, 0, 0, 0, 0,
    0, 0, 0, 0, 0, 0, 0, 0,
    0, 0, 0, 0, 0, 0, 0, 0,
    0, 0, 0, 0, 0, 0, 0, 0,
    0, 0, 0, 0, 0, -45, 0, 0,
    0, 0, -10, 0, 0, 0, 0, 0,
    0, 0, 0, 0, 0, 0, 0, 0,
    0, 0, 0, 0, 0, 0, 0, 0,
    0, 0, 0, 0, 0, 0, 0, 0,
    0, 0, 0, -10, 0, 0, 0, 0,
    0, 0, 0, 0, 0, 0, 0, 0,
    0, -3, 0, 0, 0, 0, 0, 0,
    0, 0, 0, 0, 0, 0, 0, 0,
    0, 0, 0, 0, 0, 0, 0, 0,
    0, 0, 0, 0, 0, 0, 0, 0,
    0, 0, 0, 0, 0, 0, 0, 0,
    0, 0, 0, 0, 0, 0, 0, 0,
    0, 0, 0, 0, 0, 0, 0, 0,
    0, 0, 0, 0, 0, 0, 0, 0,
    0, 0, 0, 0, 0, 0, 0, 0,
    0, 0, 0, 0, 0, 0, 0, 0,
    0, 0, 0, 0, 0, 0, 0, 0,
    0, 0, 0, 0, 0, 0, 0, 0,
    0, 0, 0, 0, 0, 0, 3, 0,
    0, 0, 0, 0, 0, 0, 0, 0,
    0, 0, 0, 0, 0, 0, 0, 0,
    0, 0, 0, 0, 0, 0, 0, 0,
    0, 0, 0, 0, 0, 0, 0, 0,
    0, 0, 0, 0, 0, 0, 0, 0,
    0, 0, 0, 0, 0, 0, 0, 0,
    0, 0, 0, 0, 0, 0, 0, 0,
    0, 0, 0, 0, 0, 0, 0, 0,
    0, 0, 0, 0, 0, 0, 0, 0,
    0, 0, 0, 0, 0, 0, 0, 0,
    0, 0, 0, 0, 0, 0, 0, 0,
    0, 0, 0, 0, 0, 0, 0, 0,
    0, 0, 0, 0, 0, 0, 0, 0,
    0, 0, 0, -4, 0, 0, 0, 0,
    0, 0, 0, 0, 0, 0, 0, 0,
    0, 0, -13, 0, 0, 0, 0, 0,
    0, 0, 0, 0, 0, 0, 0, 0,
    0, 0, 0, 0, 0, 0, 0, 0,
    0, 0, 0, 0, 0, 0, 0, 0,
    0, 0, 0, 0, 0, 0, 0, 0,
    0, 0, 0, 0, 0, 0, 0, 0,
    0, 0, 0, 0, 0, 0, 0, -7,
    0, -3, -8, 0, 0, 0, -7, -6,
    0, 0, 0, 0, 0, 0, 0, 0,
    0, 0, 0, 0, 0, 0, 0, 0,
    0, -4, -5, 0, -4, -5, 0, -3,
    -5, 0, -7, -6, -10, -9, -7, 0,
    0, 0, 0, 0, 0, 0, 0, 0,
    0, 0, 0, 0, 0, 0, 0, 0,
    0, 0, 0, 0, 0, 0, 0, 0,
    0, 0, 0, 0, 0, 0, 0, 0,
    0, 0, 0, 0, 0, 0, 0, 0,
    0, -8, 0, 0, 0, 0, 0, 0,
    0, 0, 0, 0, 0, 0, 0, 0,
    0, 0, 0, 0, 0, 0, 0, -3,
    0, 0, 0, 0, 0, 0, -3, -7,
    0, 0, 0, 0, 0, 0, 0, 0,
    0, 0, -8, 0, 0, 0, 0, 0,
    0, 0, 0, 0, -4, 0, 3, 0,
    -4, 0, -3, -12, -5, 0, 0, 0,
    0, 0, 0, 0, 0, 0, 0, 0,
    0, 0, 0, 0, 0, 0, 0, 0,
    0, 0, 0, 0, 0, 0, 0, 0,
    0, 0, 0, 0, 0, 0, 0, 0,
    0, 0, 0, 0, 0, 0, -8, 0,
    0, -19, 0, 0, 0, 0, 0, 0,
    0, 0, 0, 0, 0, 0, 0, 0,
    0, 0, 0, 0, 0, 0, 0, 0,
    -5, 0, 0, 0, 0, 0, -3, -12,
    0, 0, 0, 0, 0, 0, 0, 0,
    0, 0, -19, 0, 0, 0, 0, 0,
    0, 0, 0, 0, -4, 0, 3, 0,
    -4, 0, 0, -45, 0, 0, 0, 0,
    0, 0, 0, 0, 0, 0, 0, 0,
    0, 0, 0, 0, 0, 0, 0, 0,
    0, 0, 0, 0, 0, 0, 0, 0,
    0, 0, 0, 0, 0, 0, 0, 0,
    0, 0, 0, 0, 0, 0, -19, 0,
    0, 0, 0, 0, 0, 0, 0, 0,
    0, 0, 0, 0, 0, 0, 0, 0,
    0, 0, 0, 0, 0, 0, 0, -5,
    0, 0, 0, 0, 0, 0, 0, 0,
    0, 0, 0, 0, 0, 0, 0, 0,
    0, 0, 0, 0, 0, 0, 0, 0,
    0, 0, 0, 0, 0, 0, 3, 0,
    0, 0, -5, 0, 0, 0, 0, 0,
    0, 0, 0, 0, 0, 0, 0, 0,
    0, 0, 0, 0, 0, 0, 0, 0,
    0, 0, 0, 0, 0, 0, 0, 0,
    0, 0, 0, 0, 0, 0, 0, 0,
    0, 0, 0, 0, 0, 0, 0, 0,
    0, -6, 0, 0, 0, 0, 0, 0,
    0, 0, 0, 0, 0, 0, 0, 0,
    0, 0, 0, 0, 0, 0, 0, 0,
    0, 0, 0, 0, 0, 0, 0, -2,
    0, -3, -3, 0, 0, 0, 0, 0,
    0, 0, -6, 0, 0, 0, 0, 0,
    0, 0, 0, 0, 0, 0, 0, 0,
    0, 0, 0, -4, 0, 0, 0, 0,
    0, 0, 0, 0, 0, 0, 0, -4,
    0, -3, -17, 0, 0, 0, 0, 0,
    0, 0, 0, 0, 0, 0, 0, -4,
    0, 0, 0, 0, 0, 0, 0, 0,
    0, 0, 0, 0, -4, 0, -6, 0,
    0, 0, 0, 0, 0, 0, 0, 0,
    0, 0, 0, 0, 0, 0, 0, 0,
    0, 0, 0, 0, 0, 0, 0, 0,
    0, 0, 0, 0, 0, 0, 0, 0,
    0, 0, 0, 0, 0, 0, 0, 0,
    0, 0, 0, 0, 0, 0, 0, 0,
    0, 0, 0, 0, 0, 0, 0, 0,
    0, 0, 0, 0, 0, 0, 0, 0,
    0, 0, 0, 0, 0, 0, 0, 0,
    0, 0, -9, 0, 0, 0, 0, 0,
    0, 0, 0, 0, 0, 0, 0, 0,
    0, 0, 0, 0, 0, 0, 0, 0,
    0, 0, 0, 0, 0, 0, 0, 0,
    0, 0, 0, 0, 0, 0, 0, 0,
    0, 0, 0, 0, 0, 0, 0, 0,
    0, 0, 0, 0, 0, 0, 0, 0,
    0, 0, 0, 0, 0, 0, 0, 0,
    0, 0, 0, 0, 0, 0, 0, 0,
    0, 0, 0, 0, 0, 0, 0, 0,
    0, 0, 0, 0, 0, 0, 0, 0,
    0, 0, 0, 2, 0, 0, 0, 0,
    0, 0, 0, 0, 0, 0, 0, 0,
    0, 0, 0, 0, 0, 0, 0, 0,
    0, 0, 0, 0, 0, 0, 0, 0,
    0, 0, 0, 0, 0, 0, 0, 0,
    0, 0, 0, 0, 0, 0, 0, 0,
    0, 2, 0, 0, 0, 0, 0, 0,
    0, 0, 0, 0, 0, 0, 0, 0,
    0, 0, 0, 0, 0, 0, 0, -5,
    2, 0, -4, 0, 0, 0, 0, 2,
    0, 0, 0, 0, 0, 0, 0, 0,
    0, 0, 2, 0, 0, 0, 0, 0,
    0, -4, 0, 0, 0, 0, 0, 0,
    2, 0, -5, 2, 0, 0, 0, 0,
    0, 0, 0, 0, 0, 0, 0, 0,
    0, 0, 0, 0, 0, 0, 0, 0,
    0, 0, 0, 0, 0, 0, 0, 0,
    0, 0, 0, 0, 0, 0, 0, 0,
    0, 0, 0, 0, 0, 0, 2, 0,
    0, 0, 0, 0, 0, 0, 0, 0,
    0, 0, 0, 0, 0, 0, 0, 0,
    0, 0, 0, 0, 0, 0, 0, 0,
    0, 0, 0, 0, 0, 0, 0, 0,
    0, 0, 0, 0, 0, 0, 0, 0,
    0, 0, 0, 0, 0, 0, 0, 0,
    0, 0, 0, 0, 0, 0, 0, 0,
    0, 0, 0, 0, 0, 0, 0, 0,
    0, 0, 0, 0, 0, 0, 0, 0,
    0, 0, -8, 0, 0, 0, 0, 0,
    0, 0, 0, 0, 0, 0, 0, 0,
    0, 0, 0, 0, 0, 0, 0, 0,
    0, 0, 0, 0, 0, 0, 0, 0,
    0, 0, 0, 0, 0, 0, 0, 0,
    0, 0, 0, 0, 0, 0, 0, 0,
    0, 0, 0, 0, 0, 0, 0, 0,
    0, 0, 0, 0, 0, 0, 0, 0,
    0, -4, -4, 0, 0, 0, 0, 0,
    0, 0, 0, 0, 0, 0, 0, 0,
    0, 0, 0, 0, 0, 0, 0, 0,
    0, 0, 0, 0, 0, 0, 0, 0,
    0, 0, 0, 0, 0, 0, 0, 0,
    0, 0, -17, 0, 0, 0, 0, 0,
    0, 0, 0, 0, 0, 0, 0, 0,
    0, 0, 0, 0, 0, 0, 0, 0,
    0, 0, 0, 0, 0, 0, 0, 0,
    0, 0, 0, 0, 0, 0, 0, 0,
    0, 0, 0, 0, 0, 0, 0, 0,
    0, 0, 0, 0, 0, 0, 0, 0,
    0, 0, 0, 0, 0, 0, 0, 0,
    0, -3, -3, 0, 0, 0, 0, 0,
    0, 0, 0, 0, 0, 0, 0, 0,
    0, 0, 0, 0, 0, 0, 0, 0,
    0, 0, 0, 0, 0, 0, 0, 0,
    0, 0, 0, 0, 0, 0, 0, 0,
    0, 0, 0, 0, 0, 0, 0, 0,
    0, 0, 0, 0, 0, 0, 0, 0,
    0, 0, 0, 0, 0, 0, 0, 0,
    0, 0, 0, 0, 0, 0, 0, 0,
    0, 0, 0, 0, 0, 0, 0, 0,
    0, 0, 0, 0, 0, 0, 0, 0,
    0, 0, 0, 0, 0, 0, 0, 0,
    0, 0, 0, 0, 0, 0, 0, -2,
    0, -3, -3, 0, 0, 0, 0, 0,
    0, 0, 0, 0, 0, 0, 0, 0,
    0, 0, 0, 0, 0, 0, 0, 0,
    0, 0, 0, 0, 0, 0, 0, 0,
    0, 0, 0, 0, 0, 0, 0, 0,
    0, 0, 0, 0, 0, 0, 0, 0,
    0, 0, 0, 0, 0, 0, 0, 0,
    0, 0, 0, 0, 0, 0, 0, 0,
    0, 0, 0, 0, 0, 0, 0, 0,
    0, -11, 0, 0, 0, 0, 0, 0,
    0, 0, 0, 0, 0, 0, -9, 0,
    -9, 0, -2, -9, 0, 0, 0, 0,
    0, -9, 0, 0, 0, 0, 0, -5,
    0, -3, 0, 0, 0, 0, 0, 0,
    0, 0, -11, 0, 0, 0, 0, 0,
    0, 0, 0, 0, 0, 0, 0, 0,
    0, 0, 0, 0, 0, 0, 0, 0,
    -4, 0, -6, -9, 0, 0, 0, 0,
    0, 0, -11, 0, 0, 0, 0, 0,
    0, -5, 0, 0, -6, 0, 0, -12,
    -6, 0, 0, 0, 0, 0, -9, -2,
    -5, 0, 0, -9, -11, 0, -11, 0,
    0, -13, 0, 0, 0, 0, 0, 0,
    0, 0, 0, 0, 0, 0, -53, 0,
    -11, 0, -3, -17, 0, 0, 0, 0,
    0, 0, 0, 0, 0, 0, 0, 0,
    0, -11, 0, 0, 0, 0, 0, 0,
    0, 0, -13, 0, 0, 0, 0, 0,
    0, 0, 0, 0, 0, 0, 0, 0,
    0, 0, 0, 0, 0, 0, 0, -2,
    -4, 0, -5, -12, 0, 0, 0, 0,
    0, 0, -10, 0, 0, 0, 0, 0,
    0, 0, 0, 0, 0, 0, 0, -10,
    -5, 0, -7, 0, 0, 0, -9, 0,
    -4, 0, 0, -19, -9, 0, -13, 0,
    0, 0, 0, 0, 0, 0, 0, 0,
    0, 0, 0, 0, 0, 0, -13, 0,
    0, 0, 0, 0, 0, 0, 0, 0,
    0, 0, 0, 0, 0, 0, 0, -3,
    0, 0, 0, 0, 0, 0, 0, 0,
    0, 0, 0, 0, 0, 0, 0, 0,
    0, 0, 0, 0, 0, 0, 0, 0,
    0, 0, 0, 0, 0, 0, 0, 0,
    0, 0, 0, -11, 0, 0, 0, 0,
    0, 0, -7, 0, 0, 0, 0, 0,
    0, -4, 0, 0, -4, 0, 0, -7,
    0, 0, -5, 0, 0, 0, 0, -2,
    0, 0, 0, 0, -6, 0, 0, 0,
    0, 0, 0, 0, 0, -81, -24, 0,
    0, 0, -18, -5, 0, 0, 4, 0,
    0, 0, 0, 4, 0, 0, -22, -13,
    0, -20, -13, 0, -9, 0, 0, 0,
    0, 0, 0, 0, 0, 0, 0, 0,
    0, 0, 0, -18, 0, 0, 0, 0,
    0, 0, 0, 0, 0, 0, 0, 0,
    0, 0, -13, 0, 0, 0, 0, -11,
    0, -16, 0, 4, 0, 0, -6, -17,
    -8, -14, 0, -5, 0, -7, 0, -9,
    -6, 0, 0, -10, 0, -7, -6, 0,
    0, -5, 0, -8, 0, -13, 0, 0,
    0, 0, -7, 3, 0, 0, 0, 0,
    0, 0, 0, 0, 0, 0, 0, 0,
    0, 0, 0, 0, 0, 0, -5, 0,
    -5, 0, -3, -5, 0, 0, 0, 0,
    0, 0, 0, 0, 0, 0, 0, 0,
    0, -3, 0, 0, 0, 0, 0, 0,
    0, 0, 0, 0, 0, 0, 0, 0,
    0, 0, 0, 0, 0, 0, 0, 0,
    0, 0, 0, 0, 0, 0, 0, 0,
    -4, 0, -5, -5, 0, 0, 0, 0,
    0, 0, -10, 0, 0, 0, 0, 0,
    0, 0, 0, 0, 0, 0, 0, -10,
    -5, 0, 0, 0, 0, 0, -5, 0,
    -4, 0, 0, -5, -10, 0, 0, 0,
    0, 0, 0, 0, 0, 0, 0, 0,
    0, 0, 3, -5, 0, 0, -6, 0,
    -6, 0, 0, -7, 0, 0, 0, 0,
    0, 0, 0, 0, 0, 0, 0, 0,
    0, 0, 0, 0, 0, 0, 0, 0,
    0, 0, 0, 3, 0, 0, 0, 0,
    0, 0, 0, 0, 0, 0, 0, 0,
    0, 0, 0, 0, 0, 0, 0, 3,
    0, 4, -6, -6, 0, 0, 0, 4,
    0, 3, 0, -6, 0, 0, 0, 0,
    0, 0, 0, 0, 0, 0, 0, 0,
    -6, -6, 0, -6, -5, 0, -7, 0,
    -7, 0, 0, -7, 0, -3, 0, 0,
    0, 0, 0, 0, 0, 0, 0, 0,
    -3, 0, 0, 0, 0, 0, -3, 0,
    -2, 0, -2, -3, 0, 0, 0, 0,
    0, 0, 0, 0, 0, 0, 0, 0,
    0, 0, 0, 0, 0, 0, 0, 0,
    0, 0, 0, 0, 0, 0, 0, 0,
    0, 0, 0, 0, 0, 0, 0, 0,
    0, 0, 0, 0, 0, 0, 0, -2,
    -3, 0, 0, -3, 0, 0, 0, 0,
    0, 0, 0, 0, 0, 0, 0, 0,
    0, 0, 0, 0, 0, 0, 0, 0,
    0, 0, 0, 0, 0, 0, -3, 0,
    -3, 0, 0, -3, 0, 0, 0, 0,
    0, 0, 0, 0, 0, 0, 0, 0,
    0, 0, 3, 0, 0, 0, -5, 0,
    -5, 0, 3, -5, 0, 0, 0, 0,
    0, 0, 0, 0, 0, 0, 0, 0,
    0, 0, 0, 0, 0, 0, 0, 0,
    0, 0, 0, 3, 0, 0, 0, 0,
    0, 0, 0, 0, 0, 0, 0, 0,
    0, 0, 0, 0, 0, 0, 0, 3,
    2, 4, -5, -5, -2, 0, 0, 4,
    0, 3, -5, -5, 0, 0, 0, 0,
    0, 0, 0, 0, 0, 0, 0, -5,
    -5, -5, -6, 0, 0, 0, -5, 0,
    -5, 0, 0, -5, -5, 0, 0, 0,
    0, 0, 0, 0, 0, 0, 0, 0,
    0, 0, 0, 0, 0, 0, -6, 0,
    0, 0, -5, -6, 0, 0, 0, 0,
    0, 0, 0, 0, 0, 0, 0, 0,
    0, 0, 0, 0, 0, 0, 0, 0,
    0, 0, 0, 0, 0, 0, 0, 0,
    0, 0, 0, 0, 0, 0, 0, 0,
    0, 0, 0, 0, 0, 0, 0, -5,
    -5, -6, 0, 0, 0, 0, 0, 0,
    0, -4, 0, 0, 0, 0, 0, 0,
    0, 0, 0, 0, 0, 0, 0, 0,
    0, 0, 0, 0, 0, 0, 0, 0,
    0, 0, 0, -6, 0, 0, 0, 0,
    0, 0, 0, 0, 0, 0, 0, 0,
    0, 0, 0, 0, 0, 0, -6, 0,
    0, 0, -6, 0, 0, 0, 0, 0,
    0, 0, 0, 0, 0, 0, 0, 0,
    0, 0, 0, 0, 0, 0, 0, 0,
    0, 0, 0, 0, 0, 0, 0, 0,
    0, 0, 0, 0, 0, 0, 0, 0,
    0, 0, 0, 0, 0, 0, 0, -6,
    -5, -6, 0, 0, 0, 0, 0, -6,
    0, -4, 0, 0, 0, 0, 0, 0,
    0, 0, 0, 0, 0, 0, 0, 0,
    0, 0, 0, 0, 0, 0, 0, 0,
    0, 0, 0, 0, 0, 0, 0, 0,
    0, 0, 0, 0, 0, 0, 0, 0,
    0, 0, 0, 0, 0, 0, -4, 0,
    0, 0, 0, -3, 0, 0, 0, 0,
    0, 0, 0, 0, 0, 0, 0, 0,
    0, 0, 0, 0, 0, 0, 0, 0,
    0, 0, 0, 0, 0, 0, 0, 0,
    0, 0, 0, 0, 0, 0, 0, 0,
    0, 0, 0, 0, 0, 0, 0, 0,
    0, 0, 0, 0, 0, 0, 0, 0,
    0, 0, 0, 0, 0, 0, 0, 0,
    0, 0, 0, 0, 0, 0, 0, 0,
    0, 0, 0, 0, 0, 0, 0, 0,
    0, 0, 0, 0, 0, 0, 0, 0,
    0, 0, 0, 0, 0, 0, 0, 0,
    0, 0, 0, 0, 0, 0, 0, 0,
    0, 0, 0, 0, 0, 0, 0, 0,
    0, -3, 0, 0, 0, 0, 0, 0,
    0, -3, 0, 0, 0, 0, 0, 0,
    0, 0, 0, 0, 0, 0, 0, 0,
    0, 0, 0, 0, 0, 0, 0, 0,
    0, 0, 0, 0, 0, 0, 0, 0,
    0, 0, 0, 0, 0, 0, 0, -4,
    0, 0, -4, 0, 0, 0, 0, 0,
    0, -2, 0, 0, -3, 0, 0, -3,
    0, 0, 0, 0, 0, 0, 0, 0,
    0, 0, 0, 0, -3, 0, 0, 0,
    0, -3, 0, 0, 0, 0, 0, 0,
    0, 0, 0, 0, 0, 0, 0, 0,
    0, 0, 0, 0, 0, 0, 0, 0,
    0, 0, 0, 0, 0, 0, 0, -2,
    0, 0, 0, 0, 0, 0, 0, 0,
    0, 0, -3, 0, 0, 0, 0, 0,
    0, 0, 0, 0, 0, 0, 0, 0,
    0, 0, 0, 0, 0, 0, 0, 0,
    0, 0, 0, 0, 0, 0, 0, 0,
    0, 0, -2, 0, 0, 0, 0, 0,
    0, -2, 0, 0, 0, 0, 0, -2,
    0, 0, 0, 0, 0, 0, 0, 0,
    0, 0, 0, 0, -2, 0, -3, 0,
    0, 0, 0, 0, 0, 0, 0, 0,
    0, 0, 0, 0, 0, 0, 0, 0,
    0, 0, 0, 0, 0, 0, 0, -4,
    0, 0, -4, 0, 0, 0, 0, 0,
    0, 0, 0, 0, 0, 0, 0, 0,
    0, 0, 0, 0, 0, 0, 0, 0,
    0, 0, 0, 0, 0, 0, 0, 0,
    0, 0, -4, 0, 0, 0, 0, 0,
    0, 0, 0, 0, 0, 0, 0, -11,
    0, -8, 0, 0, 0, 0, 0, 0,
    0, 0, 0, -4, 0, 0, 0, 0,
    0, 0, 0, 0, 0, 0, 0, 0,
    0, 0, 0, 0, 0, 0, 0, 0,
    0, 0, 0, 0, 0, 0, 0, 0,
    0, 0, 0, 0, 0, 0, 0, 0,
    0, 0, 0, 0, 0, 0, 0, 0,
    0, 0, 0, 0, 0, 0, 0, 0,
    0, 0, 0, 0, 0, 0, 0, 0,
    0, 0, 0, 0, 0, 0, 0, 0,
    0, 0, 0, 0, 0, 0, 0, 0,
    0, 0, 0, 0, 0, 0, 0, 0,
    0, 0, 0, 0, 0, 0, 0, 4,
    0, 0, -4, -4, -6, 0, 0, 0,
    0, 0, 0, 0, 0, 0, 0, -4,
    0, -4, 0, 0, 0, 0, 0, 0,
    0, 0, 0, 0, -4, 0, 0, 0,
    0, 0, 0, 0, 0, 0, 0, 0,
    0, 0, 0, 0, 0, 0, 0, 0,
    0, 0, 0, 0, 0, 0, 0, -3,
    0, 0, -4, 0, 0, 0, 0, 0,
    0, 0, 0, 0, 0, 0, 0, 0,
    0, 0, 0, 0, 0, 0, 0, 0,
    0, 0, 0, 0, 0, 0, 0, 0,
    0, 0, -3, 0, 0, 0, 0, 0,
    0, 0, 0, 0, 0, 0, 0, 0,
    0, 0, 0, 0, 0, 0, 0, 0,
    0, 0, 0, -4, 0, 0, 0, 0,
    0, 0, 0, 0, 0, 0, 0, 0,
    0, 0, 0, 0, 0, 0, 0, 0,
    0, 3, 0, 0, 0, 0, 0, 0,
    0, 0, 0, 0, 0, 0, 0, 0,
    0, 0, 0, 0, 0, 0, -3, -16,
    3, 0, -8, 0, 0, 0, 0, 2,
    0, 0, 0, 0, 0, 0, 0, 0,
    0, 0, 3, 0, 0, 0, 0, 0,
    0, -16, 0, 0, 0, 0, 0, 0,
    0, -17, -13, 0, -9, 0, 0, 0,
    0, 0, 0, 0, 0, 0, 0, -17,
    0, -16, 0, 0, 0, 0, 0, 0,
    0, 0, 0, -6, 2, 0, 0, 0,
    0, 0, 0, 0, 0, 0, 0, 2,
    0, 2, 0, 0, 0, 0, 3, 0,
    0, 0, 0, 0, 0, 0, 0, 0,
    0, 0, 0, 0, 0, 0, 0, 0,
    0, 0, 0, 0, 0, 0, 0, 0,
    0, 0, 0, 0, 0, 0, 0, 0,
    0, 0, 0, 0, 0, 0, 0, 0,
    0, 0, 0, 0, 0, 0, 0, 0,
    0, 0, 0, 0, 0, 0, 0, 0,
    0, 0, 0, 0, 0, 0, 0, 0,
    0, 0, 0, 0, 0, 0, 0, 4,
    0, 3, -3, -3, 0, 0, 0, 2,
    0, 0, 0, 0, 0, 0, 0, -3,
    0, -5, 0, 0, 0, 0, 0, 0,
    0, 0, 0, 0, -3, 0, 0, 0,
    0, 0, 0, 0, 0, 0, 0, 0,
    0, 0, 0, 0, 0, 0, 0, 0,
    0, 0, 0, 0, 0, 0, 0, 2,
    0, 0, 0, 0, 0, 0, 0, 0,
    0, 0, 0, 0, 0, 0, 0, 0,
    0, 0, 0, 0, 0, 0, 0, 0,
    0, 0, 0, 0, 0, 0, 0, 0,
    0, 0, 2, 0, 0, 0, 0, 0,
    0, 0, 0, 0, 0, 0, 0, 12,
    0, 5, -6, -2, 0, 0, 0, 0,
    0, 0, 0, 0, 0, 0, 0, -6,
    0, -6, 0, 0, 0, 0, 0, 0,
    0, 0, 0, 0, -6, 0, 0, 0,
    0, -27, 0, 0, 0, 0, 0, 0,
    0, 0, 0, 0, 0, 0, 0, 0,
    0, 0, 0, 0, 0, 0, 0, 0,
    0, 0, 0, 0, 0, 0, 0, -7,
    0, -2, 0, 0, 0, 0, 0, 0,
    0, 0, -27, 0, 0, 0, 0, 0,
    0, 0, 0, 0, 0, 0, 0, 0,
    0, 0, 0, 0, 0, 0, 0, 0,
    0, 0, 0, 0, 0, 0, 0, 0,
    0, 0, -14, -8, 0, 0, 0, 0,
    0, -10, 0, 0, -7, 0, 0, -35,
    0, -20, 0, 0, 0, 0, 0, -3,
    0, -3, 0, 0, -36, 0, -27, 0,
    0, 0, 0, 0, 0, 0, 0, 0,
    0, 0, 0, 0, 0, 0, 0, 0,
    0, 0, 0, 0, 0, 0, 0, 0,
    0, 0, 0, 0, 0, 0, 0, -2,
    0, -3, 0, 0, 0, 0, 0, 0,
    0, 0, 0, 0, 0, 0, 0, 0,
    0, 0, 0, 0, 0, 0, 0, 0,
    0, 0, 0, 0, 0, 0, 0, 0,
    0, 0, 0, 0, 0, 0, 0, -3,
    0, -3, 0, 0, 0, 0, 0, 0,
    0, 0, 0, 0, 0, 0, 0, 0,
    0, 0, 0, 0, 0, 0, 0, 0,
    0, 0, 0, 0, 0, 0, 0, 0,
    0, -8, 0, 0, 0, 0, 0, 0,
    0, 0, 0, 0, 0, 0, 0, 0,
    0, 0, 0, 0, 0, 0, 0, 0,
    0, 0, 0, 0, 0, 0, 0, 0,
    0, 0, 0, 0, 0, 0, 0, 0,
    0, 0, -8, 0, 0, 0, 0, 0,
    0, 0, 0, 0, 0, 0, 0, 0,
    0, 0, 0, 0, 0, 0, 0, 0,
    0, 0, 0, 0, 0, 0, 0, 0,
    0, 0, 0, 0, 0, 0, 0, 0,
    0, 0, 0, 0, 0, 0, 0, 0,
    0, 0, 0, 0, 0, 0, 0, 0,
    0, 0, 0, 0, 0, 0, -8, 0
};


/*Collect the kern class' data in one place*/
static const lv_font_fmt_txt_kern_classes_t kern_classes =
{
    .class_pair_values   = kern_class_values,
    .left_class_mapping  = kern_left_class_mapping,
    .right_class_mapping = kern_right_class_mapping,
    .left_class_cnt      = 84,
    .right_class_cnt     = 104,
};

/*--------------------
 *  ALL CUSTOM DATA
 *--------------------*/

#if LVGL_VERSION_MAJOR == 8
/*Store all the custom data of the font*/
static  lv_font_fmt_txt_glyph_cache_t cache;
#endif

#if LVGL_VERSION_MAJOR >= 8
static const lv_font_fmt_txt_dsc_t font_dsc = {
#else
static lv_font_fmt_txt_dsc_t font_dsc = {
#endif
    .glyph_bitmap = glyph_bitmap,
    .glyph_dsc = glyph_dsc,
    .cmaps = cmaps,
    .kern_dsc = &kern_classes,
    .kern_scale = 20,
    .cmap_num = 13,
    .bpp = 4,
    .kern_classes = 1,
    .bitmap_format = 1,
#if LVGL_VERSION_MAJOR == 8
    .cache = &cache
#endif
};



/*-----------------
 *  PUBLIC FONT
 *----------------*/

/*Initialize a public general font descriptor*/
#if LVGL_VERSION_MAJOR >= 8
const lv_font_t RobotoRegular_32 = {
#else
lv_font_t RobotoRegular_32 = {
#endif
    .get_glyph_dsc = lv_font_get_glyph_dsc_fmt_txt,    /*Function pointer to get glyph's data*/
    .get_glyph_bitmap = lv_font_get_bitmap_fmt_txt,    /*Function pointer to get glyph's bitmap*/
    .line_height = 43,          /*The maximum line height required by the font*/
    .base_line = 9,             /*Baseline measured from the bottom of the line*/
#if !(LVGL_VERSION_MAJOR == 6 && LVGL_VERSION_MINOR == 0)
    .subpx = LV_FONT_SUBPX_NONE,
#endif
#if LV_VERSION_CHECK(7, 4, 0) || LVGL_VERSION_MAJOR >= 8
    .underline_position = -2,
    .underline_thickness = 2,
#endif
    .dsc = &font_dsc,          /*The custom font data. Will be accessed by `get_glyph_bitmap/dsc` */
#if LV_VERSION_CHECK(8, 2, 0) || LVGL_VERSION_MAJOR >= 9
    .fallback = NULL,
#endif
    .user_data = NULL,
};



#endif /*#if ROBOTOREGULAR_32*/

